Guideline,ID,XLSM ID,Initial Status,Status,Judge Action,Judge Reason,DOCX Control Requirement,XLSM Control Requirement,Judgment Changed
Data Center and Physical Protection Guideline_v.2.0,1,1,Match,Match,skipped,Skipped second-pass adjudication because first-pass is an exact match.,Environmental safeguards must be considered for data center locations.,Environmental safeguards must be considered for data center locations.,False
Data Center and Physical Protection Guideline_v.2.0,1.1,1.1,Match,Match,skipped,Skipped second-pass adjudication because first-pass is an exact match.,Areas susceptible to flooding and floodplains must be avoided. (ENV01.01),Areas susceptible to flooding and floodplains must be avoided. (ENV01.01),False
Data Center and Physical Protection Guideline_v.2.0,1.10,1.10,Match,Match,skipped,Skipped second-pass adjudication because first-pass is an exact match.,Locations must be outside avalanche areas. (ENV10.01),Locations must be outside avalanche areas. (ENV10.01),False
Data Center and Physical Protection Guideline_v.2.0,1.11,1.11,Match,Match,skipped,Skipped second-pass adjudication because first-pass is an exact match.,Wildfire hazards must be avoided (ENV11.01),Wildfire hazards must be avoided (ENV11.01),False
Data Center and Physical Protection Guideline_v.2.0,1.2,1.2,Match,Match,skipped,Skipped second-pass adjudication because first-pass is an exact match.,Production and storage facilities or pipelines which are at risk of explosion must be avoided. (ENV02.01),Production and storage facilities or pipelines which are at risk of explosion must be avoided. (ENV02.01),False
Data Center and Physical Protection Guideline_v.2.0,1.3,1.3,Match,Match,skipped,Skipped second-pass adjudication because first-pass is an exact match.,Operating and storage facilities with harmful emissions or the release of pollutants must be avoided. (ENV03.01),Operating and storage facilities with harmful emissions or the release of pollutants must be avoided. (ENV03.01),False
Data Center and Physical Protection Guideline_v.2.0,1.4,1.4,Match,Match,skipped,Skipped second-pass adjudication because first-pass is an exact match.,Sources of electromagnetic interference must be avoided. (ENV04.01),Sources of electromagnetic interference must be avoided. (ENV04.01),False
Data Center and Physical Protection Guideline_v.2.0,1.5,1.5,Match,Match,skipped,Skipped second-pass adjudication because first-pass is an exact match.,Sources of vibration must be avoided. (ENV05.01),Sources of vibration must be avoided. (ENV05.01),False
Data Center and Physical Protection Guideline_v.2.0,1.6,1.6,Match,Match,skipped,Skipped second-pass adjudication because first-pass is an exact match.,"Transport routes with an increased volume of hazardous materials must be avoided. (ENV06.01, ENV06.01I)","Transport routes with an increased volume of hazardous materials must be avoided. (ENV06.01, ENV06.01I)",False
Data Center and Physical Protection Guideline_v.2.0,1.7,1.7,Match,Match,skipped,Skipped second-pass adjudication because first-pass is an exact match.,Properties in the neighborhood which are at risk of being attacked must be avoided. (ENV07.01),Properties in the neighborhood which are at risk of being attacked must be avoided. (ENV07.01),False
Data Center and Physical Protection Guideline_v.2.0,1.8,1.8,Match,Match,skipped,Skipped second-pass adjudication because first-pass is an exact match.,Locations in the vicinity of major events and access routes leading to them must be avoided. (ENV08.01),Locations in the vicinity of major events and access routes leading to them must be avoided. (ENV08.01),False
Data Center and Physical Protection Guideline_v.2.0,1.9,1.9,Match,Match,skipped,Skipped second-pass adjudication because first-pass is an exact match.,Locations must be protected against impairment by structures at risk of collapse. (ENV09.01),Locations must be protected against impairment by structures at risk of collapse. (ENV09.01),False
Data Center and Physical Protection Guideline_v.2.0,10,10,Match,Match,skipped,Skipped second-pass adjudication because first-pass is an exact match.,Dual site data centers must comply with the following criteria:,Dual site data centers must comply with the following criteria:,False
Data Center and Physical Protection Guideline_v.2.0,10.1,10.1,Match,Match,skipped,Skipped second-pass adjudication because first-pass is an exact match.,The size of the data center IT areas must not differ by more than 1/3. (DDC01.01),The size of the data center IT areas must not differ by more than 1/3. (DDC01.01),False
Data Center and Physical Protection Guideline_v.2.0,10.10,10.10,Match,Match,skipped,Skipped second-pass adjudication because first-pass is an exact match.,"In the CAB area, each data center must fulfil at least level 2. (DDC07.01)","In the CAB area, each data center must fulfil at least level 2. (DDC07.01)",False
Data Center and Physical Protection Guideline_v.2.0,10.11,10.11,Match,Match,skipped,Skipped second-pass adjudication because first-pass is an exact match.,"In the POW area, each data center must fulfil at least level 2. (DDC08.01)","In the POW area, each data center must fulfil at least level 2. (DDC08.01)",False
Data Center and Physical Protection Guideline_v.2.0,10.12,10.12,Match,Match,skipped,Skipped second-pass adjudication because first-pass is an exact match.,POW01.04: At least one of the two data centers must meet level 3 and thus must have a stationary back-up generator. (DDC08.02),POW01.04: At least one of the two data centers must meet level 3 and thus must have a stationary back-up generator. (DDC08.02),False
Data Center and Physical Protection Guideline_v.2.0,10.13,10.13,Match,Match,skipped,Skipped second-pass adjudication because first-pass is an exact match.,POW10.xx. At least one of the two data centers must fulfil the generator requirements in level 3 with the stationary back-up generator. (DDC08.03),POW10.xx. At least one of the two data centers must fulfil the generator requirements in level 3 with the stationary back-up generator. (DDC08.03),False
Data Center and Physical Protection Guideline_v.2.0,10.14,10.14,Match,Match,skipped,Skipped second-pass adjudication because first-pass is an exact match.,"In the ACV area, each data center must fulfil at least level 2. (DDC09.01)","In the ACV area, each data center must fulfil at least level 2. (DDC09.01)",False
Data Center and Physical Protection Guideline_v.2.0,10.15,10.15,Match,Match,skipped,Skipped second-pass adjudication because first-pass is an exact match.,"In the ORG area, each data center must fulfil at least level 2. (DDC10.01)","In the ORG area, each data center must fulfil at least level 2. (DDC10.01)",False
Data Center and Physical Protection Guideline_v.2.0,10.16,10.16,Match,Match,skipped,Skipped second-pass adjudication because first-pass is an exact match.,"In the DOC area, each data center must fulfil at least level 3. (DDC11.01)","In the DOC area, each data center must fulfil at least level 3. (DDC11.01)",False
Data Center and Physical Protection Guideline_v.2.0,10.2,10.2,Match,Match,skipped,Skipped second-pass adjudication because first-pass is an exact match.,"The data centers must be located in separate buildings and supplied separately with WAN connection, electricity, and cooling. (DDC02.01)","The data centers must be located in separate buildings and supplied separately with WAN connection, electricity, and cooling. (DDC02.01)",False
Data Center and Physical Protection Guideline_v.2.0,10.3,10.3,Match,Match,skipped,Skipped second-pass adjudication because first-pass is an exact match.,DC1 and DC2 must be interconnected via redundant data connection. (DDC03.01),DC1 and DC2 must be interconnected via redundant data connection. (DDC03.01),False
Data Center and Physical Protection Guideline_v.2.0,10.4,10.4,Match,Match,skipped,Skipped second-pass adjudication because first-pass is an exact match.,"In the CON area, each data center must fulfil at least level 2. (DDC04.01)","In the CON area, each data center must fulfil at least level 2. (DDC04.01)",False
Data Center and Physical Protection Guideline_v.2.0,10.5,10.5,Match,Match,skipped,Skipped second-pass adjudication because first-pass is an exact match.,CON04.01: Both data centers must fulfil at least level 3. (DDC04.02),CON04.01: Both data centers must fulfil at least level 3. (DDC04.02),False
Data Center and Physical Protection Guideline_v.2.0,10.6,10.6,Match,Match,skipped,Skipped second-pass adjudication because first-pass is an exact match.,CON04.02: Both data centers must fulfil at least level 3. (DDC04.03),CON04.02: Both data centers must fulfil at least level 3. (DDC04.03),False
Data Center and Physical Protection Guideline_v.2.0,10.7,10.7,Match,Match,skipped,Skipped second-pass adjudication because first-pass is an exact match.,CON04.05: Each data center must fulfil level 3. (DDC04.05),CON04.05: Each data center must fulfil level 3. (DDC04.05),False
Data Center and Physical Protection Guideline_v.2.0,10.8,10.8,Match,Match,skipped,Skipped second-pass adjudication because first-pass is an exact match.,"In the FIR area, each data center must fulfil at least level 2. (DDC05.01)","In the FIR area, each data center must fulfil at least level 2. (DDC05.01)",False
Data Center and Physical Protection Guideline_v.2.0,10.9,10.9,Match,Match,skipped,Skipped second-pass adjudication because first-pass is an exact match.,"In the SEC area, each data center must fulfil at least level 3. (DDC06.01)","In the SEC area, each data center must fulfil at least level 3. (DDC06.01)",False
Data Center and Physical Protection Guideline_v.2.0,11,11,Match,Match,skipped,Skipped second-pass adjudication because first-pass is an exact match.,It must be ensured that physical security perimeters and zone concepts are in place.,It must be ensured that physical security perimeters and zone concepts are in place.,False
Data Center and Physical Protection Guideline_v.2.0,11.1,11.1,Match,Match,skipped,Skipped second-pass adjudication because first-pass is an exact match.,Physical security perimeters must be defined and used following a risk-based approach.,Physical security perimeters must be defined and used following a risk-based approach.,False
Data Center and Physical Protection Guideline_v.2.0,11.2,11.2,Match,Match,skipped,Skipped second-pass adjudication because first-pass is an exact match.,"Physical security perimeters and zone concepts must be implemented, maintained, reviewed, and regularly tested following a risk-based approach to ensure separation and monitored transitions between the zones.","Physical security perimeters and zone concepts must be implemented, maintained, reviewed, and regularly tested following a risk-based approach to ensure separation and monitored transitions between the zones.",False
Data Center and Physical Protection Guideline_v.2.0,12,12,Match,Match,skipped,Skipped second-pass adjudication because first-pass is an exact match.,It must be ensured that physical security risk assessments are performed appropriately.,It must be ensured that physical security risk assessments are performed appropriately.,False
Data Center and Physical Protection Guideline_v.2.0,12.1,12.1,Match,Match,skipped,Skipped second-pass adjudication because first-pass is an exact match.,"Periodic physical security risk assessments must be carried out at least annually , follow relevant control requirements outlined in the ICT Risk Management Guideline, and additionally consider changes regarding local topography (natural hazards), urban threats (crime, civil unrest, terrorism) and general risks.","Periodic physical security risk assessments must be carried out at least annually, follow relevant control requirements outlined in the ICT Risk Management Guideline, and additionally consider changes regarding local topography (natural hazards), urban threats (crime, civil unrest, terrorism) and general risks.",False
Data Center and Physical Protection Guideline_v.2.0,12.2,12.2,Match,Match,skipped,Skipped second-pass adjudication because first-pass is an exact match.,"Prior to selecting a site, possible consequences resulting from the local topography and urban threats must be assessed.","Prior to selecting a site, possible consequences resulting from the local topography and urban threats must be assessed.",False
Data Center and Physical Protection Guideline_v.2.0,13,13,Match,Match,skipped,Skipped second-pass adjudication because first-pass is an exact match.,It must be ensured that physical security measures for buildings and rooms are defined and in place.,It must be ensured that physical security measures for buildings and rooms are defined and in place.,False
Data Center and Physical Protection Guideline_v.2.0,13.1,13.1,Match,Match,skipped,Skipped second-pass adjudication because first-pass is an exact match.,Physical protection against physical threats and malicious attacks must be designed and applied based on the overall ICT risk profile (including threat landscape) and the classification of the buildings and rooms.,Physical protection against physical threats and malicious attacks must be designed and applied based on the overall ICT risk profile (including threat landscape) and the classification of the buildings and rooms.,False
Data Center and Physical Protection Guideline_v.2.0,13.10,13.10,Match,Match,skipped,Skipped second-pass adjudication because first-pass is an exact match.,"Access to patch panels, network wiring closets/cable rooms must be protected against unauthorized entry.","Access to patch panels, network wiring closets/cable rooms must be protected against unauthorized entry.",False
Data Center and Physical Protection Guideline_v.2.0,13.11,13.11,Match,Match,skipped,Skipped second-pass adjudication because first-pass is an exact match.,Initiation of technical sweeps and physical inspections for unauthorized devices being attached to the cables should be performed considering a risk-based approach.,Initiation of technical sweeps and physical inspections for unauthorized devices being attached to the cables should be performed considering a risk-based approach.,False
Data Center and Physical Protection Guideline_v.2.0,13.12,13.12,Match,Match,skipped,Skipped second-pass adjudication because first-pass is an exact match.,An up-to-date documented patch list must be used to reduce the possibility of errors.,An up-to-date documented patch list must be used to reduce the possibility of errors.,False
Data Center and Physical Protection Guideline_v.2.0,13.13,13.13,Match,Match,skipped,Skipped second-pass adjudication because first-pass is an exact match.,Clear desk rules for papers and clear screen rules for information processing facilities must be in place.,Clear desk rules for papers and clear screen rules for information processing facilities must be in place.,False
Data Center and Physical Protection Guideline_v.2.0,13.14,13.14,Match,Match,skipped,Skipped second-pass adjudication because first-pass is an exact match.,Buildings and rooms where KRITIS related services are performed must have a security level that meets the KRITIS requirements for high availability.,Buildings and rooms where KRITIS related services are performed must have a security level that meets the KRITIS requirements for high availability.,False
Data Center and Physical Protection Guideline_v.2.0,13.15,13.15,Match,Match,skipped,Skipped second-pass adjudication because first-pass is an exact match.,Information processing facilities managed by the organization should be physically separated from those managed by external parties.,Information processing facilities managed by the organization should be physically separated from those managed by external parties.,False
Data Center and Physical Protection Guideline_v.2.0,13.16,13.16,Match,Match,skipped,Skipped second-pass adjudication because first-pass is an exact match.,"In multi-tenant buildings, enhanced physical access security must be provided to protect primary and relevant secondary assets from other tenants.","In multi-tenant buildings, enhanced physical access security must be provided to protect primary and relevant secondary assets from other tenants.",False
Data Center and Physical Protection Guideline_v.2.0,13.17,13.17,Match,Match,skipped,Skipped second-pass adjudication because first-pass is an exact match.,"The exterior roof, walls and flooring of the building should be of solid construction.","The exterior roof, walls and flooring of the building should be of solid construction.",False
Data Center and Physical Protection Guideline_v.2.0,13.2,13.2,Match,Match,skipped,Skipped second-pass adjudication because first-pass is an exact match.,"Where applicable, buildings should be unobtrusive and give minimum indication of their purpose, with no obvious signs, outside or inside the building, identifying the presence of information processing activities.","Where applicable, buildings should be unobtrusive and give minimum indication of their purpose, with no obvious signs, outside or inside the building, identifying the presence of information processing activities.",False
Data Center and Physical Protection Guideline_v.2.0,13.3,13.3,Match,Match,skipped,Skipped second-pass adjudication because first-pass is an exact match.,Electromagnetic shielding should also be considered as appropriate.,Electromagnetic shielding should also be considered as appropriate.,False
Data Center and Physical Protection Guideline_v.2.0,13.4,13.4,Match,Match,skipped,Skipped second-pass adjudication because first-pass is an exact match.,"All power and communication lines must be protected against unauthorized access, physical tampering, interception, flash burst, fire and/or damage.","All power and communication lines must be protected against unauthorized access, physical tampering, interception, flash burst, fire and/or damage.",False
Data Center and Physical Protection Guideline_v.2.0,13.5,13.5,Match,Match,skipped,Skipped second-pass adjudication because first-pass is an exact match.,"Adequate health monitoring, tamper detection and physical surveillance of access panels/cabling, critical bridge rooms, etc. must be performed regularly.","Adequate health monitoring, tamper detection and physical surveillance of access panels/cabling, critical bridge rooms, etc. must be performed regularly.",False
Data Center and Physical Protection Guideline_v.2.0,13.6,13.6,Match,Match,skipped,Skipped second-pass adjudication because first-pass is an exact match.,"Power and telecommunications lines into information processing facilities must be placed underground, where applicable.","Power and telecommunications lines into information processing facilities must be placed underground, where applicable.",False
Data Center and Physical Protection Guideline_v.2.0,13.7,13.7,Match,Match,skipped,Skipped second-pass adjudication because first-pass is an exact match.,Power and telecommunication lines must be separated to prevent interference.,Power and telecommunication lines must be separated to prevent interference.,False
Data Center and Physical Protection Guideline_v.2.0,13.8,13.8,Match,Match,skipped,Skipped second-pass adjudication because first-pass is an exact match.,Network cabling must be protected from unauthorized interception or damage (by using a conduit or by avoiding routes through public areas).,Network cabling must be protected from unauthorized interception or damage (by using a conduit or by avoiding routes through public areas).,False
Data Center and Physical Protection Guideline_v.2.0,13.9,13.9,Match,Match,skipped,Skipped second-pass adjudication because first-pass is an exact match.,Clearly identifiable cable and equipment markings must be used to minimize handling errors.,Clearly identifiable cable and equipment markings must be used to minimize handling errors.,False
Data Center and Physical Protection Guideline_v.2.0,14,14,Match,Match,skipped,Skipped second-pass adjudication because first-pass is an exact match.,It must be ensured that measures are defined and in place to protect against environmental threats.,It must be ensured that measures are defined and in place to protect against environmental threats.,False
Data Center and Physical Protection Guideline_v.2.0,14.1,14.1,Match,Match,skipped,Skipped second-pass adjudication because first-pass is an exact match.,Physical protection against natural disasters must be designed and applied following a risk-based approach.,Physical protection against natural disasters must be designed and applied following a risk-based approach.,False
Data Center and Physical Protection Guideline_v.2.0,14.2,14.2,Match,Match,skipped,Skipped second-pass adjudication because first-pass is an exact match.,Advice regarding environmental issues and how to deal with them should be obtained.,Advice regarding environmental issues and how to deal with them should be obtained.,False
Data Center and Physical Protection Guideline_v.2.0,14.3,14.3,Match,Match,skipped,Skipped second-pass adjudication because first-pass is an exact match.,"Environmental conditions, such as temperature and humidity, must be monitored for conditions which could adversely affect the operation of information processing facilities.","Environmental conditions, such as temperature and humidity, must be monitored for conditions which could adversely affect the operation of information processing facilities.",False
Data Center and Physical Protection Guideline_v.2.0,14.4,14.4,Match,Match,skipped,Skipped second-pass adjudication because first-pass is an exact match.,Lightning protection must be applied to all buildings and lightning protection filters must be fitted to all incoming power and communications lines.,Lightning protection must be applied to all buildings and lightning protection filters must be fitted to all incoming power and communications lines.,False
Data Center and Physical Protection Guideline_v.2.0,15,15,Match,Match,skipped,Skipped second-pass adjudication because first-pass is an exact match.,"It must be ensured that buildings, rooms and sensitive designated areas are monitored for unauthorized physical access and relevant events are logged.","It must be ensured that buildings, rooms and sensitive designated areas are monitored for unauthorized physical access and relevant events are logged.",False
Data Center and Physical Protection Guideline_v.2.0,15.1,15.1,Match,Match,skipped,Skipped second-pass adjudication because first-pass is an exact match.,"Buildings, rooms and sensitive designated areas must be continuously monitored for unauthorized physical access by surveillance systems, either managed internally or by a monitoring service provider.","Buildings, rooms and sensitive designated areas must be continuously monitored for unauthorized physical access by surveillance systems, either managed internally or by a monitoring service provider.",False
Data Center and Physical Protection Guideline_v.2.0,15.2,15.2,Match,Match,skipped,Skipped second-pass adjudication because first-pass is an exact match.,"In accordance with the applicable regulations, business needs and information security objectives, physical access logs must follow a retention period of 2 years.","In accordance with the applicable regulations, business needs and information security objectives, physical access logs must follow a retention period of 2 years.",False
Data Center and Physical Protection Guideline_v.2.0,15.3,15.3,Match,Match,skipped,Skipped second-pass adjudication because first-pass is an exact match.,"In accordance with the applicable regulations, business needs and information security objectives, CCTV logs must follow a minimum retention period of 3 days. If a longer retention period than 3 days is required due to the ""legitimate interest"" provision under Article 6 (1) (f) of the GDPR, it must be approved by the Data Protection Unit.","In accordance with the applicable regulations, business needs and information security objectives, CCTV logs must follow a minimum retention period of 3 days. If a longer retention period than 3 days is required due to the ""legitimate interest"" provision under Article 6 (1) (f) of the GDPR, it must be approved by the Data Protection Unit.",False
Data Center and Physical Protection Guideline_v.2.0,16,16,Match,Match,skipped,Skipped second-pass adjudication because first-pass is an exact match.,It must be ensured that physical access control measures are defined and in place.,It must be ensured that physical access control measures are defined and in place.,False
Data Center and Physical Protection Guideline_v.2.0,16.1,16.1,Match,Match,skipped,Skipped second-pass adjudication because first-pass is an exact match.,"People with access to buildings, rooms and sensitive designated areas must be identified and logged. The identification and logging process must follow a risk-based approach.","People with access to buildings, rooms and sensitive designated areas must be identified and logged. The identification and logging process must follow a risk-based approach.",False
Data Center and Physical Protection Guideline_v.2.0,16.2,16.2,Match,Match,skipped,Skipped second-pass adjudication because first-pass is an exact match.,Physical access rights to critical non-IT Assets must be granted based on the need-to-know and least privilege principles and on an ad-hoc basis.,Physical access rights to critical non-IT Assets must be granted based on the need-to-know and least privilege principles and on an ad-hoc basis.,False
Data Center and Physical Protection Guideline_v.2.0,16.3,16.3,Match,Match,skipped,Skipped second-pass adjudication because first-pass is an exact match.,"Physical access to buildings, rooms and sensitive designated areas must be monitored.","Physical access to buildings, rooms and sensitive designated areas must be monitored.",False
Data Center and Physical Protection Guideline_v.2.0,16.4,16.4,Match,Match,skipped,Skipped second-pass adjudication because first-pass is an exact match.,Physical access rights must be reviewed to ensure prompt revoking of unnecessary access rights.,Physical access rights must be reviewed to ensure prompt revoking of unnecessary access rights.,False
Data Center and Physical Protection Guideline_v.2.0,17,17,Match,Match,skipped,Skipped second-pass adjudication because first-pass is an exact match.,"Visitors must be treated specially with regard to physical access to buildings, rooms and sensitive designated areas, if relevant.","Visitors must be treated specially with regard to physical access to buildings, rooms and sensitive designated areas, if relevant.",False
Data Center and Physical Protection Guideline_v.2.0,17.1,17.1,Match,Match,skipped,Skipped second-pass adjudication because first-pass is an exact match.,Visitors must be authenticated by appropriate means.,Visitors must be authenticated by appropriate means.,False
Data Center and Physical Protection Guideline_v.2.0,17.2,17.2,Match,Match,skipped,Skipped second-pass adjudication because first-pass is an exact match.,The data and time of entry and departure of the visitors should be recorded.,The data and time of entry and departure of the visitors should be recorded.,False
Data Center and Physical Protection Guideline_v.2.0,17.3,17.3,Match,Match,skipped,Skipped second-pass adjudication because first-pass is an exact match.,"All visitors must be supervised within the buildings, rooms and, if relevant, sensitive designated areas, of DBG.","All visitors must be supervised within the buildings, rooms and, if relevant, sensitive designated areas, of DBG.",False
Data Center and Physical Protection Guideline_v.2.0,17.4,17.4,Match,Match,skipped,Skipped second-pass adjudication because first-pass is an exact match.,"Access for visitors must only be granted for specific, authorized purposes and with instructions on the area and on emergency procedures.","Access for visitors must only be granted for specific, authorized purposes and with instructions on the area and on emergency procedures.",False
Data Center and Physical Protection Guideline_v.2.0,18,18,Match,Match,skipped,Skipped second-pass adjudication because first-pass is an exact match.,It must be ensured that measures are in place to protect sensitive designated areas,It must be ensured that measures are in place to protect sensitive designated areas,False
Data Center and Physical Protection Guideline_v.2.0,18.1,18.1,Match,Match,skipped,Skipped second-pass adjudication because first-pass is an exact match.,Sensitive designated areas must be identified.,Sensitive designated areas must be identified.,False
Data Center and Physical Protection Guideline_v.2.0,18.2,18.2,Match,Match,skipped,Skipped second-pass adjudication because first-pass is an exact match.,"Specific protection measures to protect sensitive designated areas from attacks, accidents, and environmental threats and hazards must be defined and applied.","Specific protection measures to protect sensitive designated areas from attacks, accidents, and environmental threats and hazards must be defined and applied.",False
Data Center and Physical Protection Guideline_v.2.0,18.3,18.3,Match,Match,skipped,Skipped second-pass adjudication because first-pass is an exact match.,Arrangements for working in secure areas must cover employees and the external party users.,Arrangements for working in secure areas must cover employees and the external party users.,False
Data Center and Physical Protection Guideline_v.2.0,19,19,Match,Match,skipped,Skipped second-pass adjudication because first-pass is an exact match.,It must be ensured that measures are defined and in place for protecting equipment accordingly against threats.,It must be ensured that measures are defined and in place for protecting equipment accordingly against threats.,False
Data Center and Physical Protection Guideline_v.2.0,19.1,19.1,Match,Match,skipped,Skipped second-pass adjudication because first-pass is an exact match.,"Equipment must be sited and protected to reduce the risks from environmental threats and hazards, opportunities for unauthorized access and with consideration of reduction of viewing information by unauthorized personnel.","Equipment must be sited and protected to reduce the risks from environmental threats and hazards, opportunities for unauthorized access and with consideration of reduction of viewing information by unauthorized personnel.",False
Data Center and Physical Protection Guideline_v.2.0,19.10,19.10,Match,Match,skipped,Skipped second-pass adjudication because first-pass is an exact match.,"IT Assets and non-IT Assets must be secured, both within and outside the buildings and rooms, and results of risk assessments must be taken into account. The measures must also include appropriate protection to unattended IT Assets and non-IT Assets.","IT Assets and non-IT Assets must be secured, both within and outside the buildings and rooms, and results of risk assessments must be taken into account. The measures must also include appropriate protection to unattended IT Assets and non-IT Assets.",False
Data Center and Physical Protection Guideline_v.2.0,19.2,19.2,Match,Match,skipped,Skipped second-pass adjudication because first-pass is an exact match.,The equipment must be adequately managed. Risks arising from outdated ICT Systems must be regularly identified and evaluated (lifecycle management).,The equipment must be adequately managed. Risks arising from outdated ICT Systems must be regularly identified and evaluated (lifecycle management).,False
Data Center and Physical Protection Guideline_v.2.0,19.3,19.3,Match,Match,skipped,Skipped second-pass adjudication because first-pass is an exact match.,"Equipment must be correctly maintained (according to the maintenance documentation to ensure its continued availability and integrity) to ensure its availability, authenticity, integrity, and confidentiality.","Equipment must be correctly maintained (according to the maintenance documentation to ensure its continued availability and integrity) to ensure its availability, authenticity, integrity, and confidentiality.",False
Data Center and Physical Protection Guideline_v.2.0,19.4,19.4,Match,Match,skipped,Skipped second-pass adjudication because first-pass is an exact match.,Only authorized maintenance personnel should carry out repairs.,Only authorized maintenance personnel should carry out repairs.,False
Data Center and Physical Protection Guideline_v.2.0,19.5,19.5,Match,Match,skipped,Skipped second-pass adjudication because first-pass is an exact match.,"Records should be kept of all suspected or actual faults, and of all preventive and corrective maintenance.","Records should be kept of all suspected or actual faults, and of all preventive and corrective maintenance.",False
Data Center and Physical Protection Guideline_v.2.0,19.6,19.6,Match,Match,skipped,Skipped second-pass adjudication because first-pass is an exact match.,"A process should be established to ensure appropriate controls are implemented when equipment is scheduled for maintenance, considering whether this maintenance is performed by personnel on-site or external; where necessary, confidential and strictly confidential information must be cleared from the equipment, or the maintenance personnel must be sufficiently cleared.","A process should be established to ensure appropriate controls are implemented when equipment is scheduled for maintenance, considering whether this maintenance is performed by personnel on-site or external; where necessary, confidential and strictly confidential information must be cleared from the equipment, or the maintenance personnel must be sufficiently cleared.",False
Data Center and Physical Protection Guideline_v.2.0,19.7,19.7,Match,Match,skipped,Skipped second-pass adjudication because first-pass is an exact match.,"Before putting equipment back into operation, it should be inspected based on a risk-based approach.","Before putting equipment back into operation, it should be inspected based on a risk-based approach.",False
Data Center and Physical Protection Guideline_v.2.0,19.8,19.8,Match,Match,skipped,Skipped second-pass adjudication because first-pass is an exact match.,All remote access for maintenance purposes is subject to the same security requirements as all access to infrastructure of the respective legal entity.,All remote access for maintenance purposes is subject to the same security requirements as all access to infrastructure of the respective legal entity.,False
Data Center and Physical Protection Guideline_v.2.0,19.9,19.9,Match,Match,skipped,Skipped second-pass adjudication because first-pass is an exact match.,IT Assets and physical access control devices must be appropriately maintained.,IT Assets and physical access control devices must be appropriately maintained.,False
Data Center and Physical Protection Guideline_v.2.0,2,2,Match,Match,skipped,Skipped second-pass adjudication because first-pass is an exact match.,Data center locations must meet the following constructional criteria:,Data center locations must meet the following constructional criteria:,False
Data Center and Physical Protection Guideline_v.2.0,2.1,2.1,Match,Match,skipped,Skipped second-pass adjudication because first-pass is an exact match.,"Security areas must be in inconspicuous, unexposed position. (CON01.01)","Security areas must be in inconspicuous, unexposed position. (CON01.01)",False
Data Center and Physical Protection Guideline_v.2.0,2.10,2.10,Match,Match,skipped,Skipped second-pass adjudication because first-pass is an exact match.,Reserved areas must be provided if the concept of operation provides for the temporary use of technical installations. (CON01.11),Reserved areas must be provided if the concept of operation provides for the temporary use of technical installations. (CON01.11),False
Data Center and Physical Protection Guideline_v.2.0,2.11,2.11,Match,Match,skipped,Skipped second-pass adjudication because first-pass is an exact match.,Renting parts of the data center to a third party must be limited. (CON02.01),Renting parts of the data center to a third party must be limited. (CON02.01),False
Data Center and Physical Protection Guideline_v.2.0,2.12,2.12,Match,Match,skipped,Skipped second-pass adjudication because first-pass is an exact match.,Data center buildings must have a lightning protection system. (CON03.01),Data center buildings must have a lightning protection system. (CON03.01),False
Data Center and Physical Protection Guideline_v.2.0,2.13,2.13,Match,Match,skipped,Skipped second-pass adjudication because first-pass is an exact match.,Data center buildings must have a protective type of construction. (CON04.01),Data center buildings must have a protective type of construction. (CON04.01),False
Data Center and Physical Protection Guideline_v.2.0,2.14,2.14,Match,Match,skipped,Skipped second-pass adjudication because first-pass is an exact match.,IT zones must have intrusion resistant security boundaries. (CON04.02),IT zones must have intrusion resistant security boundaries. (CON04.02),False
Data Center and Physical Protection Guideline_v.2.0,2.15,2.15,Match,Match,skipped,Skipped second-pass adjudication because first-pass is an exact match.,Technical zones must be secured in accordance with EN 1627. (CON04.03),Technical zones must be secured in accordance with EN 1627. (CON04.03),False
Data Center and Physical Protection Guideline_v.2.0,2.16,2.16,Match,Match,skipped,Skipped second-pass adjudication because first-pass is an exact match.,Windows in the security area must be avoided. (CON04.04),Windows in the security area must be avoided. (CON04.04),False
Data Center and Physical Protection Guideline_v.2.0,2.17,2.17,Match,Match,skipped,Skipped second-pass adjudication because first-pass is an exact match.,All access possibilities for individuals to IT and technical rooms must be secured. (CON04.05),All access possibilities for individuals to IT and technical rooms must be secured. (CON04.05),False
Data Center and Physical Protection Guideline_v.2.0,2.18,2.18,Match,Match,skipped,Skipped second-pass adjudication because first-pass is an exact match.,Transfer points of supply networks and outdoor installations must be protected. (CON04.06),Transfer points of supply networks and outdoor installations must be protected. (CON04.06),False
Data Center and Physical Protection Guideline_v.2.0,2.19,2.19,Match,Match,skipped,Skipped second-pass adjudication because first-pass is an exact match.,A protective zone shell model must be implemented. (CON04.07A),A protective zone shell model must be implemented. (CON04.07A),False
Data Center and Physical Protection Guideline_v.2.0,2.2,2.2,Match,Match,skipped,Skipped second-pass adjudication because first-pass is an exact match.,Building areas with potential hazards must be avoided. (CON01.02),Building areas with potential hazards must be avoided. (CON01.02),False
Data Center and Physical Protection Guideline_v.2.0,2.20,2.20,Match,Match,skipped,Skipped second-pass adjudication because first-pass is an exact match.,Outer protection zone boundaries must be implemented. (CON04.08A),Outer protection zone boundaries must be implemented. (CON04.08A),False
Data Center and Physical Protection Guideline_v.2.0,2.21,2.21,Match,Match,skipped,Skipped second-pass adjudication because first-pass is an exact match.,Combustible finishing materials and furnishings must be avoided. (CON05.01),Combustible finishing materials and furnishings must be avoided. (CON05.01),False
Data Center and Physical Protection Guideline_v.2.0,2.22,2.22,Match,Match,skipped,Skipped second-pass adjudication because first-pass is an exact match.,"Doors, windows, and shutters must be secured against fire and smoke. (CON05.02)","Doors, windows, and shutters must be secured against fire and smoke. (CON05.02)",False
Data Center and Physical Protection Guideline_v.2.0,2.23,2.23,Match,Match,skipped,Skipped second-pass adjudication because first-pass is an exact match.,Fire stops must be properly executed. (CON05.03),Fire stops must be properly executed. (CON05.03),False
Data Center and Physical Protection Guideline_v.2.0,2.24,2.24,Match,Match,skipped,Skipped second-pass adjudication because first-pass is an exact match.,Compliance with temperature and humidity limits must be ensured in the case of ambient fires. (CON05.04),Compliance with temperature and humidity limits must be ensured in the case of ambient fires. (CON05.04),False
Data Center and Physical Protection Guideline_v.2.0,2.25,2.25,Match,Match,skipped,Skipped second-pass adjudication because first-pass is an exact match.,Lithium-Ion batteries must be protected from fire. (CON05.05),Lithium-Ion batteries must be protected from fire. (CON05.05),False
Data Center and Physical Protection Guideline_v.2.0,2.26,2.26,Match,Match,skipped,Skipped second-pass adjudication because first-pass is an exact match.,Photovoltaic systems must have additional protection. (CON05.06),Photovoltaic systems must have additional protection. (CON05.06),False
Data Center and Physical Protection Guideline_v.2.0,2.27,2.27,Match,Match,skipped,Skipped second-pass adjudication because first-pass is an exact match.,Critical rooms must have structural water protection. (CON06.01),Critical rooms must have structural water protection. (CON06.01),False
Data Center and Physical Protection Guideline_v.2.0,2.28,2.28,Match,Match,skipped,Skipped second-pass adjudication because first-pass is an exact match.,Liquid-carrying pipes must be protected against leaking water. (CON06.02),Liquid-carrying pipes must be protected against leaking water. (CON06.02),False
Data Center and Physical Protection Guideline_v.2.0,2.29,2.29,Match,Match,skipped,Skipped second-pass adjudication because first-pass is an exact match.,Escape routes must be marked and include emergency lighting. (CON08.01),Escape routes must be marked and include emergency lighting. (CON08.01),False
Data Center and Physical Protection Guideline_v.2.0,2.3,2.3,Match,Match,skipped,Skipped second-pass adjudication because first-pass is an exact match.,Contiguous security areas must exist. (CON01.03),Contiguous security areas must exist. (CON01.03),False
Data Center and Physical Protection Guideline_v.2.0,2.4,2.4,Match,Match,skipped,Skipped second-pass adjudication because first-pass is an exact match.,There must be a functional room layout with fire separation. (CON01.04),There must be a functional room layout with fire separation. (CON01.04),False
Data Center and Physical Protection Guideline_v.2.0,2.5,2.5,Match,Match,skipped,Skipped second-pass adjudication because first-pass is an exact match.,"Area, height, structural properties, and transportation routes must be sufficiently dimensioned. (CON01.05)","Area, height, structural properties, and transportation routes must be sufficiently dimensioned. (CON01.05)",False
Data Center and Physical Protection Guideline_v.2.0,2.6,2.6,Match,Match,skipped,Skipped second-pass adjudication because first-pass is an exact match.,Areas of responsibility for the technical and IT personnel must be physically separated. (CON01.06),Areas of responsibility for the technical and IT personnel must be physically separated. (CON01.06),False
Data Center and Physical Protection Guideline_v.2.0,2.7,2.7,Match,Match,skipped,Skipped second-pass adjudication because first-pass is an exact match.,Perimeter and front area must be secured. (CON01.08),Perimeter and front area must be secured. (CON01.08),False
Data Center and Physical Protection Guideline_v.2.0,2.8,2.8,Match,Match,skipped,Skipped second-pass adjudication because first-pass is an exact match.,Parking opportunities must not exist along the external walls of IT rooms. (CON01.09),Parking opportunities must not exist along the external walls of IT rooms. (CON01.09),False
Data Center and Physical Protection Guideline_v.2.0,2.9,2.9,Match,Match,skipped,Skipped second-pass adjudication because first-pass is an exact match.,Alternative access routes must be available. (CON01.10A),Alternative access routes must be available. (CON01.10A),False
Data Center and Physical Protection Guideline_v.2.0,3,3,Match,Match,skipped,Skipped second-pass adjudication because first-pass is an exact match.,The following criteria apply to fire protection and extinguishing system:,The following criteria apply to fire protection and extinguishing system:,False
Data Center and Physical Protection Guideline_v.2.0,3.1,3.1,Match,Match,skipped,Skipped second-pass adjudication because first-pass is an exact match.,Advanced and appropriate fire alarm systems must be used. (FIR01.01),Advanced and appropriate fire alarm systems must be used. (FIR01.01),False
Data Center and Physical Protection Guideline_v.2.0,3.10,3.10,Match,Match,skipped,Skipped second-pass adjudication because first-pass is an exact match.,Extinguishing batteries and oxygen reduction system must be monitored. (FIR02.02),Extinguishing batteries and oxygen reduction system must be monitored. (FIR02.02),False
Data Center and Physical Protection Guideline_v.2.0,3.11,3.11,Match,Match,skipped,Skipped second-pass adjudication because first-pass is an exact match.,Extinguishing batteries and oxygen reduction system must be positioned away from hazards. (FIR02.03),Extinguishing batteries and oxygen reduction system must be positioned away from hazards. (FIR02.03),False
Data Center and Physical Protection Guideline_v.2.0,3.12,3.12,Match,Match,skipped,Skipped second-pass adjudication because first-pass is an exact match.,Fire protection dampers must be controlled via a fire alarm system signal. (FIR02.04),Fire protection dampers must be controlled via a fire alarm system signal. (FIR02.04),False
Data Center and Physical Protection Guideline_v.2.0,3.13,3.13,Match,Match,skipped,Skipped second-pass adjudication because first-pass is an exact match.,Smoke and gas extraction systems must be controlled. (FIR02.05A),Smoke and gas extraction systems must be controlled. (FIR02.05A),False
Data Center and Physical Protection Guideline_v.2.0,3.14,3.14,Match,Match,skipped,Skipped second-pass adjudication because first-pass is an exact match.,"Fire alarm systems, fire extinguishing systems and fire protection shutters must be maintained at least on an annual basis. (FIR03.01)","Fire alarm systems, fire extinguishing systems and fire protection shutters must be maintained at least on an annual basis. (FIR03.01)",False
Data Center and Physical Protection Guideline_v.2.0,3.2,3.2,Match,Match,skipped,Skipped second-pass adjudication because first-pass is an exact match.,IT and technical areas must be monitored for fire. (FIR01.02),IT and technical areas must be monitored for fire. (FIR01.02),False
Data Center and Physical Protection Guideline_v.2.0,3.3,3.3,Match,Match,skipped,Skipped second-pass adjudication because first-pass is an exact match.,Adjacent rooms must be monitored for fire. (FIR01.03),Adjacent rooms must be monitored for fire. (FIR01.03),False
Data Center and Physical Protection Guideline_v.2.0,3.4,3.4,Match,Match,skipped,Skipped second-pass adjudication because first-pass is an exact match.,The security area (incl. IT rooms) must have sufficient smoke detector density. (FIR01.04),The security area (incl. IT rooms) must have sufficient smoke detector density. (FIR01.04),False
Data Center and Physical Protection Guideline_v.2.0,3.5,3.5,Match,Match,skipped,Skipped second-pass adjudication because first-pass is an exact match.,Smoke detector types must be relative to the form of room use. (FIR01.05),Smoke detector types must be relative to the form of room use. (FIR01.05),False
Data Center and Physical Protection Guideline_v.2.0,3.6,3.6,Match,Match,skipped,Skipped second-pass adjudication because first-pass is an exact match.,Very early fire detection systems must be used. (FIR01.06),Very early fire detection systems must be used. (FIR01.06),False
Data Center and Physical Protection Guideline_v.2.0,3.7,3.7,Match,Match,skipped,Skipped second-pass adjudication because first-pass is an exact match.,CO2 portable fire extinguisher must be installed. (FIR01.07),CO2 portable fire extinguisher must be installed. (FIR01.07),False
Data Center and Physical Protection Guideline_v.2.0,3.8,3.8,Match,Match,skipped,Skipped second-pass adjudication because first-pass is an exact match.,Technical rooms must be protected from fire. (FIR01.08),Technical rooms must be protected from fire. (FIR01.08),False
Data Center and Physical Protection Guideline_v.2.0,3.9,3.9,Match,Match,skipped,Skipped second-pass adjudication because first-pass is an exact match.,IT rooms must have firefighting solutions in place. (FIR02.01),IT rooms must have firefighting solutions in place. (FIR02.01),False
Data Center and Physical Protection Guideline_v.2.0,4,4,Match,Match,skipped,Skipped second-pass adjudication because first-pass is an exact match.,Security systems and organizational measures must meet the following criteria:,Security systems and organizational measures must meet the following criteria:,False
Data Center and Physical Protection Guideline_v.2.0,4.1,4.1,Match,Match,skipped,Skipped second-pass adjudication because first-pass is an exact match.,An appropriate access control system using state-of-the-art technology must be used. (SEC01.01),An appropriate access control system using state-of-the-art technology must be used. (SEC01.01),False
Data Center and Physical Protection Guideline_v.2.0,4.10,4.10,Match,Match,skipped,Skipped second-pass adjudication because first-pass is an exact match.,Doors to rooms which are important for IT or strategically important (e.g. technical security center) must have door open time monitoring including alarm forwarding to a permanently manned office after 2 minutes. (SEC01.10),Doors to rooms which are important for IT or strategically important (e.g. technical security center) must have door open time monitoring including alarm forwarding to a permanently manned office after 2 minutes. (SEC01.10),False
Data Center and Physical Protection Guideline_v.2.0,4.11,4.11,Match,Match,skipped,Skipped second-pass adjudication because first-pass is an exact match.,An appropriate state-of-the-art intrusion detection system must be used. (SEC02.01),An appropriate state-of-the-art intrusion detection system must be used. (SEC02.01),False
Data Center and Physical Protection Guideline_v.2.0,4.12,4.12,Match,Match,skipped,Skipped second-pass adjudication because first-pass is an exact match.,Intrusion detection system in the IT areas must be equipped with motion detectors. (SEC02.03),Intrusion detection system in the IT areas must be equipped with motion detectors. (SEC02.03),False
Data Center and Physical Protection Guideline_v.2.0,4.13,4.13,Match,Match,skipped,Skipped second-pass adjudication because first-pass is an exact match.,All plant rooms or the entire technical area must be monitored. (SEC02.04),All plant rooms or the entire technical area must be monitored. (SEC02.04),False
Data Center and Physical Protection Guideline_v.2.0,4.14,4.14,Match,Match,skipped,Skipped second-pass adjudication because first-pass is an exact match.,Access to all IT and telecommunication rooms must be incorporated into the intrusion detection system monitoring. (SEC02.05),Access to all IT and telecommunication rooms must be incorporated into the intrusion detection system monitoring. (SEC02.05),False
Data Center and Physical Protection Guideline_v.2.0,4.15,4.15,Match,Match,skipped,Skipped second-pass adjudication because first-pass is an exact match.,Reliable remote data transmission of the intrusion detection system must be ensured. (SEC02.06A),Reliable remote data transmission of the intrusion detection system must be ensured. (SEC02.06A),False
Data Center and Physical Protection Guideline_v.2.0,4.16,4.16,Match,Match,skipped,Skipped second-pass adjudication because first-pass is an exact match.,"Corridors and accesses to the IT rooms, as well as readily accessible external areas and external boundaries of the security area, must be monitored with video cameras. (SEC03.01)","Corridors and accesses to the IT rooms, as well as readily accessible external areas and external boundaries of the security area, must be monitored with video cameras. (SEC03.01)",False
Data Center and Physical Protection Guideline_v.2.0,4.17,4.17,Match,Match,skipped,Skipped second-pass adjudication because first-pass is an exact match.,Security zone borders must be monitored. (SEC04.01),Security zone borders must be monitored. (SEC04.01),False
Data Center and Physical Protection Guideline_v.2.0,4.18,4.18,Match,Match,skipped,Skipped second-pass adjudication because first-pass is an exact match.,An effectively implemented single person separation system must be used to provide access to the IT area or to the entire secure area. (SEC05.01),An effectively implemented single person separation system must be used to provide access to the IT area or to the entire secure area. (SEC05.01),False
Data Center and Physical Protection Guideline_v.2.0,4.19,4.19,Match,Match,skipped,Skipped second-pass adjudication because first-pass is an exact match.,Components of the electronic security systems must be maintained at least annually. Components of the access control system must be inspected at least annually. (SEC06.01),Components of the electronic security systems must be maintained at least annually. Components of the access control system must be inspected at least annually. (SEC06.01),False
Data Center and Physical Protection Guideline_v.2.0,4.2,4.2,Match,Match,skipped,Skipped second-pass adjudication because first-pass is an exact match.,Central data base of the access control system must be protected. (SEC01.02),Central data base of the access control system must be protected. (SEC01.02),False
Data Center and Physical Protection Guideline_v.2.0,4.20,4.20,Match,Match,skipped,Skipped second-pass adjudication because first-pass is an exact match.,The issuance of IDD must be carried out in a formalized and transparent manner and unused access cards must be stored in a secure place. (SEC06.02),The issuance of IDD must be carried out in a formalized and transparent manner and unused access cards must be stored in a secure place. (SEC06.02),False
Data Center and Physical Protection Guideline_v.2.0,4.21,4.21,Match,Match,skipped,Skipped second-pass adjudication because first-pass is an exact match.,Monitoring of alarms must be regulated and carried out 24/365 a year by a security service provider with a permanently manned control center. (SEC06.03),Monitoring of alarms must be regulated and carried out 24/365 a year by a security service provider with a permanently manned control center. (SEC06.03),False
Data Center and Physical Protection Guideline_v.2.0,4.22,4.22,Match,Match,skipped,Skipped second-pass adjudication because first-pass is an exact match.,Trained security personnel must be available in close proximity to the data center. (SEC06.04),Trained security personnel must be available in close proximity to the data center. (SEC06.04),False
Data Center and Physical Protection Guideline_v.2.0,4.23,4.23,Match,Match,skipped,Skipped second-pass adjudication because first-pass is an exact match.,Optical monitoring or locking systems on the server racks that protect against unauthorized access must be installed.,Optical monitoring or locking systems on the server racks that protect against unauthorized access must be installed.,False
Data Center and Physical Protection Guideline_v.2.0,4.3,4.3,Match,Match,skipped,Skipped second-pass adjudication because first-pass is an exact match.,Cables must be laid sabotage-protected and must be monitored. (SEC01.03),Cables must be laid sabotage-protected and must be monitored. (SEC01.03),False
Data Center and Physical Protection Guideline_v.2.0,4.4,4.4,Match,Match,skipped,Skipped second-pass adjudication because first-pass is an exact match.,Technical components of the access security system must be provided with a back-up power supply. (SEC01.04),Technical components of the access security system must be provided with a back-up power supply. (SEC01.04),False
Data Center and Physical Protection Guideline_v.2.0,4.5,4.5,Match,Match,skipped,Skipped second-pass adjudication because first-pass is an exact match.,Suitable readers must be used for the access control system. (SEC01.05),Suitable readers must be used for the access control system. (SEC01.05),False
Data Center and Physical Protection Guideline_v.2.0,4.6,4.6,Match,Match,skipped,Skipped second-pass adjudication because first-pass is an exact match.,Identification devices (IDD) of the access control system must be issued and used in a secure way. (SEC01.06),Identification devices (IDD) of the access control system must be issued and used in a secure way. (SEC01.06),False
Data Center and Physical Protection Guideline_v.2.0,4.7,4.7,Match,Match,skipped,Skipped second-pass adjudication because first-pass is an exact match.,Access attempts through doors secured with the access control system must be logged and data must be stored for at least 30 days. (SEC01.07),Access attempts through doors secured with the access control system must be logged and data must be stored for at least 30 days. (SEC01.07),False
Data Center and Physical Protection Guideline_v.2.0,4.8,4.8,Match,Match,skipped,Skipped second-pass adjudication because first-pass is an exact match.,"Besides the IDD, a second factor (knowledge or biometrics) must be used for access to IT rooms or the entire security area. (SEC01.08)","Besides the IDD, a second factor (knowledge or biometrics) must be used for access to IT rooms or the entire security area. (SEC01.08)",False
Data Center and Physical Protection Guideline_v.2.0,4.9,4.9,Match,Match,skipped,Skipped second-pass adjudication because first-pass is an exact match.,A security zone concept must exist. (SEC01.09),A security zone concept must exist. (SEC01.09),False
Data Center and Physical Protection Guideline_v.2.0,5,5,Match,Match,skipped,Skipped second-pass adjudication because first-pass is an exact match.,Data center cabling must meet the following criteria:,Data center cabling must meet the following criteria:,False
Data Center and Physical Protection Guideline_v.2.0,5.1,5.1,Match,Match,skipped,Skipped second-pass adjudication because first-pass is an exact match.,WAN routes as far as to the facility transfer point (external network interface) must run on separate paths without any particular hazards due to fire and mechanical influences and external network interface must be redundant. (CAB01.01),WAN routes as far as to the facility transfer point (external network interface) must run on separate paths without any particular hazards due to fire and mechanical influences and external network interface must be redundant. (CAB01.01),False
Data Center and Physical Protection Guideline_v.2.0,5.10,5.10,Match,Match,skipped,Skipped second-pass adjudication because first-pass is an exact match.,The WAN connection must be redundant. (CAB03.02),The WAN connection must be redundant. (CAB03.02),False
Data Center and Physical Protection Guideline_v.2.0,5.2,5.2,Match,Match,skipped,Skipped second-pass adjudication because first-pass is an exact match.,The communication cabling must run in an adequate manner. (CAB01.02E),The communication cabling must run in an adequate manner. (CAB01.02E),False
Data Center and Physical Protection Guideline_v.2.0,5.3,5.3,Match,Match,skipped,Skipped second-pass adjudication because first-pass is an exact match.,Telecommunication cable routing must be separated and redundant. (CAB01.03E),Telecommunication cable routing must be separated and redundant. (CAB01.03E),False
Data Center and Physical Protection Guideline_v.2.0,5.4,5.4,Match,Match,skipped,Skipped second-pass adjudication because first-pass is an exact match.,Cables must be laid in an organized manner. (CAB01.04),Cables must be laid in an organized manner. (CAB01.04),False
Data Center and Physical Protection Guideline_v.2.0,5.5,5.5,Match,Match,skipped,Skipped second-pass adjudication because first-pass is an exact match.,Rack infeed connection must be secured against accidental loosening. (CAB01.05),Rack infeed connection must be secured against accidental loosening. (CAB01.05),False
Data Center and Physical Protection Guideline_v.2.0,5.6,5.6,Match,Match,skipped,Skipped second-pass adjudication because first-pass is an exact match.,Crossing points must be adequately separated. (CAB01.06E),Crossing points must be adequately separated. (CAB01.06E),False
Data Center and Physical Protection Guideline_v.2.0,5.7,5.7,Match,Match,skipped,Skipped second-pass adjudication because first-pass is an exact match.,Data cables must be protected against sources of interference. (CAB01.07E),Data cables must be protected against sources of interference. (CAB01.07E),False
Data Center and Physical Protection Guideline_v.2.0,5.8,5.8,Match,Match,skipped,Skipped second-pass adjudication because first-pass is an exact match.,Cabinets and racks must offer appropriate cable routing. (CAB02.01E),Cabinets and racks must offer appropriate cable routing. (CAB02.01E),False
Data Center and Physical Protection Guideline_v.2.0,5.9,5.9,Match,Match,skipped,Skipped second-pass adjudication because first-pass is an exact match.,WAN must be supplied by at least two different providers. (CAB03.01E),WAN must be supplied by at least two different providers. (CAB03.01E),False
Data Center and Physical Protection Guideline_v.2.0,6,6,Match,Match,skipped,Skipped second-pass adjudication because first-pass is an exact match.,The power supply in the data centers must meet the following criteria:,The power supply in the data centers must meet the following criteria:,False
Data Center and Physical Protection Guideline_v.2.0,6.1,6.1,Match,Match,skipped,Skipped second-pass adjudication because first-pass is an exact match.,The energy supply in the building must be based on a 5-wire network and at least the IT area must be included in the TN-S structure. (POW01.01),The energy supply in the building must be based on a 5-wire network and at least the IT area must be included in the TN-S structure. (POW01.01),False
Data Center and Physical Protection Guideline_v.2.0,6.10,6.10,Match,Match,skipped,Skipped second-pass adjudication because first-pass is an exact match.,Supply lines must be protected against external influences. (POW02.02),Supply lines must be protected against external influences. (POW02.02),False
Data Center and Physical Protection Guideline_v.2.0,6.11,6.11,Match,Match,skipped,Skipped second-pass adjudication because first-pass is an exact match.,IT power distribution units must have their own supply line without branches. (POW02.03),IT power distribution units must have their own supply line without branches. (POW02.03),False
Data Center and Physical Protection Guideline_v.2.0,6.12,6.12,Match,Match,skipped,Skipped second-pass adjudication because first-pass is an exact match.,UPS distribution boards must be without external consumers. (POW02.04),UPS distribution boards must be without external consumers. (POW02.04),False
Data Center and Physical Protection Guideline_v.2.0,6.13,6.13,Match,Match,skipped,Skipped second-pass adjudication because first-pass is an exact match.,Energy supply must have staggered overvoltage protection. (POW05.01),Energy supply must have staggered overvoltage protection. (POW05.01),False
Data Center and Physical Protection Guideline_v.2.0,6.14,6.14,Match,Match,skipped,Skipped second-pass adjudication because first-pass is an exact match.,All electricity lines must be equipped with appropriate staggered overvoltage protection. (POW05.02),All electricity lines must be equipped with appropriate staggered overvoltage protection. (POW05.02),False
Data Center and Physical Protection Guideline_v.2.0,6.15,6.15,Match,Match,skipped,Skipped second-pass adjudication because first-pass is an exact match.,"All metallic objects must be grounded, and floor coverings reduce the risk of electrostatic charges. (POW07.01)","All metallic objects must be grounded, and floor coverings reduce the risk of electrostatic charges. (POW07.01)",False
Data Center and Physical Protection Guideline_v.2.0,6.16,6.16,Match,Match,skipped,Skipped second-pass adjudication because first-pass is an exact match.,Leakage currents must be monitored. (POW08.01),Leakage currents must be monitored. (POW08.01),False
Data Center and Physical Protection Guideline_v.2.0,6.17,6.17,Match,Match,skipped,Skipped second-pass adjudication because first-pass is an exact match.,Central fault current protection devices and emergency power off switches must be avoided. (POW08.02),Central fault current protection devices and emergency power off switches must be avoided. (POW08.02),False
Data Center and Physical Protection Guideline_v.2.0,6.18,6.18,Match,Match,skipped,Skipped second-pass adjudication because first-pass is an exact match.,"Important measured values of the IT supply network (e.g. voltages, currents, apparent and effective power) must be recorded and monitored. (POW08.03)","Important measured values of the IT supply network (e.g. voltages, currents, apparent and effective power) must be recorded and monitored. (POW08.03)",False
Data Center and Physical Protection Guideline_v.2.0,6.19,6.19,Match,Match,skipped,Skipped second-pass adjudication because first-pass is an exact match.,Voltage quality and design of measuring devices must be recorded and monitored. (POW08.04A),Voltage quality and design of measuring devices must be recorded and monitored. (POW08.04A),False
Data Center and Physical Protection Guideline_v.2.0,6.2,6.2,Match,Match,skipped,Skipped second-pass adjudication because first-pass is an exact match.,A secondary or an additional power supply must be available in addition to the primary power supply. (POW01.02),A secondary or an additional power supply must be available in addition to the primary power supply. (POW01.02),False
Data Center and Physical Protection Guideline_v.2.0,6.20,6.20,Match,Match,skipped,Skipped second-pass adjudication because first-pass is an exact match.,Energy supply to the IT consumers must be secured by a central UPS. (POW09.01),Energy supply to the IT consumers must be secured by a central UPS. (POW09.01),False
Data Center and Physical Protection Guideline_v.2.0,6.21,6.21,Match,Match,skipped,Skipped second-pass adjudication because first-pass is an exact match.,UPS systems must be able to be decoupled via a manual maintenance bypass. (POW09.02),UPS systems must be able to be decoupled via a manual maintenance bypass. (POW09.02),False
Data Center and Physical Protection Guideline_v.2.0,6.22,6.22,Match,Match,skipped,Skipped second-pass adjudication because first-pass is an exact match.,UPS system must have a component redundancy of n+1 or a second active supply system available. (POW09.03),UPS system must have a component redundancy of n+1 or a second active supply system available. (POW09.03),False
Data Center and Physical Protection Guideline_v.2.0,6.23,6.23,Match,Match,skipped,Skipped second-pass adjudication because first-pass is an exact match.,Batteries must ensure that risk of individual block failures is minimized. (POW09.07),Batteries must ensure that risk of individual block failures is minimized. (POW09.07),False
Data Center and Physical Protection Guideline_v.2.0,6.24,6.24,Match,Match,skipped,Skipped second-pass adjudication because first-pass is an exact match.,Additional supplies must have sufficient power reserves. (POW10.04),Additional supplies must have sufficient power reserves. (POW10.04),False
Data Center and Physical Protection Guideline_v.2.0,6.25,6.25,Match,Match,skipped,Skipped second-pass adjudication because first-pass is an exact match.,Sufficient fuel reserve for additional supply must be maintained. (POW10.05),Sufficient fuel reserve for additional supply must be maintained. (POW10.05),False
Data Center and Physical Protection Guideline_v.2.0,6.26,6.26,Match,Match,skipped,Skipped second-pass adjudication because first-pass is an exact match.,"Tank system and fuel pipes to the additional supply must be protected, controlled, and monitored. (POW10.06)","Tank system and fuel pipes to the additional supply must be protected, controlled, and monitored. (POW10.06)",False
Data Center and Physical Protection Guideline_v.2.0,6.27,6.27,Match,Match,skipped,Skipped second-pass adjudication because first-pass is an exact match.,Operational readiness of the additional supply must be regularly tested by load test runs. (POW10.07),Operational readiness of the additional supply must be regularly tested by load test runs. (POW10.07),False
Data Center and Physical Protection Guideline_v.2.0,6.28,6.28,Match,Match,skipped,Skipped second-pass adjudication because first-pass is an exact match.,"When the data center load is insufficient and it is therefore not possible to run the system in parallel with the mains for a function check, a load bank must be available. (POW10.07A)","When the data center load is insufficient and it is therefore not possible to run the system in parallel with the mains for a function check, a load bank must be available. (POW10.07A)",False
Data Center and Physical Protection Guideline_v.2.0,6.29,6.29,Match,Match,skipped,Skipped second-pass adjudication because first-pass is an exact match.,Mains switching control of the additional supply must be securely installed. (POW10.08),Mains switching control of the additional supply must be securely installed. (POW10.08),False
Data Center and Physical Protection Guideline_v.2.0,6.3,6.3,Match,Match,skipped,Skipped second-pass adjudication because first-pass is an exact match.,The redundant connection to the mains must be either two supplies from separate and independent primary and secondary sources or two supplies from one primary source. (POW01.02A),The redundant connection to the mains must be either two supplies from separate and independent primary and secondary sources or two supplies from one primary source. (POW01.02A),False
Data Center and Physical Protection Guideline_v.2.0,6.30,6.30,Match,Match,skipped,Skipped second-pass adjudication because first-pass is an exact match.,A complete calculation of the load flow and short circuit currents must be carried out. (POW11.01),A complete calculation of the load flow and short circuit currents must be carried out. (POW11.01),False
Data Center and Physical Protection Guideline_v.2.0,6.31,6.31,Match,Match,skipped,Skipped second-pass adjudication because first-pass is an exact match.,Operating states of the electric power supply and the availability of the supply voltage must be monitored. (POW11.02),Operating states of the electric power supply and the availability of the supply voltage must be monitored. (POW11.02),False
Data Center and Physical Protection Guideline_v.2.0,6.32,6.32,Match,Match,skipped,Skipped second-pass adjudication because first-pass is an exact match.,Technical fault messages must be reliably transmitted to a permanently manned location. (POW11.03),Technical fault messages must be reliably transmitted to a permanently manned location. (POW11.03),False
Data Center and Physical Protection Guideline_v.2.0,6.33,6.33,Match,Match,skipped,Skipped second-pass adjudication because first-pass is an exact match.,Electrical systems must be maintained at least once a year on the basis of a maintenance agreement and the performance must be logged. (POW11.04),Electrical systems must be maintained at least once a year on the basis of a maintenance agreement and the performance must be logged. (POW11.04),False
Data Center and Physical Protection Guideline_v.2.0,6.34,6.34,Match,Match,skipped,Skipped second-pass adjudication because first-pass is an exact match.,"Upon initial commissioning, function and integration tests under full and partial load must be carried out. Upon the exchange of systems, at least limited function and integration tests must be carried out. (POW11.05)","Upon initial commissioning, function and integration tests under full and partial load must be carried out. Upon the exchange of systems, at least limited function and integration tests must be carried out. (POW11.05)",False
Data Center and Physical Protection Guideline_v.2.0,6.4,6.4,Match,Match,skipped,Skipped second-pass adjudication because first-pass is an exact match.,Primary and secondary supply lines must be routed on separate paths. (POW01.03),Primary and secondary supply lines must be routed on separate paths. (POW01.03),False
Data Center and Physical Protection Guideline_v.2.0,6.5,6.5,Match,Match,skipped,Skipped second-pass adjudication because first-pass is an exact match.,Secondary of additional supply must automatically take over all critical load if the primary supply fails (and vice versa). (POW01.04),Secondary of additional supply must automatically take over all critical load if the primary supply fails (and vice versa). (POW01.04),False
Data Center and Physical Protection Guideline_v.2.0,6.6,6.6,Match,Match,skipped,Skipped second-pass adjudication because first-pass is an exact match.,Additional supply must be available for all supply paths. (POW01.05),Additional supply must be available for all supply paths. (POW01.05),False
Data Center and Physical Protection Guideline_v.2.0,6.7,6.7,Match,Match,skipped,Skipped second-pass adjudication because first-pass is an exact match.,Power supply for the IT devices must be redundant. (POW01.06),Power supply for the IT devices must be redundant. (POW01.06),False
Data Center and Physical Protection Guideline_v.2.0,6.8,6.8,Match,Match,skipped,Skipped second-pass adjudication because first-pass is an exact match.,Couplings between redundant low-voltage distributions must be protected against erroneous switching operations. (POW01.07A),Couplings between redundant low-voltage distributions must be protected against erroneous switching operations. (POW01.07A),False
Data Center and Physical Protection Guideline_v.2.0,6.9,6.9,Match,Match,skipped,Skipped second-pass adjudication because first-pass is an exact match.,Transformers must have sufficient power reserves. (POW01.08A),Transformers must have sufficient power reserves. (POW01.08A),False
Data Center and Physical Protection Guideline_v.2.0,7,7,Match,Match,skipped,Skipped second-pass adjudication because first-pass is an exact match.,Data centers must meet the following air conditioning and ventilation criteria:,Data centers must meet the following air conditioning and ventilation criteria:,False
Data Center and Physical Protection Guideline_v.2.0,7.1,7.1,Match,Match,skipped,Skipped second-pass adjudication because first-pass is an exact match.,Data Center areas must comply with secure operational conditions. (ACV01.01),Data Center areas must comply with secure operational conditions. (ACV01.01),False
Data Center and Physical Protection Guideline_v.2.0,7.10,7.10,Match,Match,skipped,Skipped second-pass adjudication because first-pass is an exact match.,"Circulating air cooling units or comparable technology must be redundant (n+1) for IT and telecommunication rooms as well as singular UPS rooms. (ACV04.05, ACV04.05E, ACV04.05I)","Circulating air cooling units or comparable technology must be redundant (n+1) for IT and telecommunication rooms as well as singular UPS rooms. (ACV04.05, ACV04.05E, ACV04.05I)",False
Data Center and Physical Protection Guideline_v.2.0,7.11,7.11,Match,Match,skipped,Skipped second-pass adjudication because first-pass is an exact match.,Filtering of the room air must be sufficiently dimensioned for the IT rooms. (ACV05.01),Filtering of the room air must be sufficiently dimensioned for the IT rooms. (ACV05.01),False
Data Center and Physical Protection Guideline_v.2.0,7.12,7.12,Match,Match,skipped,Skipped second-pass adjudication because first-pass is an exact match.,External air supply must be protected. (ACV05.03),External air supply must be protected. (ACV05.03),False
Data Center and Physical Protection Guideline_v.2.0,7.13,7.13,Match,Match,skipped,Skipped second-pass adjudication because first-pass is an exact match.,Components in the central mechanical room must be separated. (ACV06.01),Components in the central mechanical room must be separated. (ACV06.01),False
Data Center and Physical Protection Guideline_v.2.0,7.14,7.14,Match,Match,skipped,Skipped second-pass adjudication because first-pass is an exact match.,Cooling towers must be protected against tampering. (ACV07.01),Cooling towers must be protected against tampering. (ACV07.01),False
Data Center and Physical Protection Guideline_v.2.0,7.15,7.15,Match,Match,skipped,Skipped second-pass adjudication because first-pass is an exact match.,Cooling towers must be sufficiently dimensioned and installed in an operationally reliable way. (ACV07.02),Cooling towers must be sufficiently dimensioned and installed in an operationally reliable way. (ACV07.02),False
Data Center and Physical Protection Guideline_v.2.0,7.16,7.16,Match,Match,skipped,Skipped second-pass adjudication because first-pass is an exact match.,Cooling systems must be in a plan-compliant design and maintenance-friendly. (ACV08.01),Cooling systems must be in a plan-compliant design and maintenance-friendly. (ACV08.01),False
Data Center and Physical Protection Guideline_v.2.0,7.17,7.17,Match,Match,skipped,Skipped second-pass adjudication because first-pass is an exact match.,"Components of the air-conditioning system must have secure electrical supply. (ACV09.01, ACV09.01I)","Components of the air-conditioning system must have secure electrical supply. (ACV09.01, ACV09.01I)",False
Data Center and Physical Protection Guideline_v.2.0,7.18,7.18,Match,Match,skipped,Skipped second-pass adjudication because first-pass is an exact match.,The water supply must be ensured at all times by a redundant connection or storage. (ACV09.02),The water supply must be ensured at all times by a redundant connection or storage. (ACV09.02),False
Data Center and Physical Protection Guideline_v.2.0,7.19,7.19,Match,Match,skipped,Skipped second-pass adjudication because first-pass is an exact match.,Water supply systems must be implemented in the same availability as the air conditioning systems whose supply they must ensure. (ACV09.02A),Water supply systems must be implemented in the same availability as the air conditioning systems whose supply they must ensure. (ACV09.02A),False
Data Center and Physical Protection Guideline_v.2.0,7.2,7.2,Match,Match,skipped,Skipped second-pass adjudication because first-pass is an exact match.,Data Center areas and technical components must have sufficient ventilation. (ACV01.02),Data Center areas and technical components must have sufficient ventilation. (ACV01.02),False
Data Center and Physical Protection Guideline_v.2.0,7.20,7.20,Match,Match,skipped,Skipped second-pass adjudication because first-pass is an exact match.,"After power failures, critical controls must restart automatically after power recovery. (ACV09.03)","After power failures, critical controls must restart automatically after power recovery. (ACV09.03)",False
Data Center and Physical Protection Guideline_v.2.0,7.21,7.21,Match,Match,skipped,Skipped second-pass adjudication because first-pass is an exact match.,"When high-level controls are used, the critical subordinate units must be equipped with autonomous controls or redundant systems must operate with their own high-level controls. (ACV09.03A)","When high-level controls are used, the critical subordinate units must be equipped with autonomous controls or redundant systems must operate with their own high-level controls. (ACV09.03A)",False
Data Center and Physical Protection Guideline_v.2.0,7.22,7.22,Match,Match,skipped,Skipped second-pass adjudication because first-pass is an exact match.,"Important operating states of the main components, as well as the pumped media, must be automatically recorded and monitored. (ACV10.01)","Important operating states of the main components, as well as the pumped media, must be automatically recorded and monitored. (ACV10.01)",False
Data Center and Physical Protection Guideline_v.2.0,7.23,7.23,Match,Match,skipped,Skipped second-pass adjudication because first-pass is an exact match.,Room temperature and humidity in IT rooms must be monitored. (ACV10.02),Room temperature and humidity in IT rooms must be monitored. (ACV10.02),False
Data Center and Physical Protection Guideline_v.2.0,7.24,7.24,Match,Match,skipped,Skipped second-pass adjudication because first-pass is an exact match.,"Temperature and humidity of air supplied from outside must be measured. (ACV10.03E, ACV10.03I)","Temperature and humidity of air supplied from outside must be measured. (ACV10.03E, ACV10.03I)",False
Data Center and Physical Protection Guideline_v.2.0,7.25,7.25,Match,Match,skipped,Skipped second-pass adjudication because first-pass is an exact match.,"Tests for tightness, corrosion protection and insulation must be evidenced by acceptance documents. (ACV11.01)","Tests for tightness, corrosion protection and insulation must be evidenced by acceptance documents. (ACV11.01)",False
Data Center and Physical Protection Guideline_v.2.0,7.26,7.26,Match,Match,skipped,Skipped second-pass adjudication because first-pass is an exact match.,All components of the air-conditioning system must be maintained at least once per year and regularly inspected. (ACV11.02),All components of the air-conditioning system must be maintained at least once per year and regularly inspected. (ACV11.02),False
Data Center and Physical Protection Guideline_v.2.0,7.27,7.27,Match,Match,skipped,Skipped second-pass adjudication because first-pass is an exact match.,Technical fault messages must be transmitted securely to a permanently manned office and immediately assessed and rectified by specialized personnel. (ACV11.03),Technical fault messages must be transmitted securely to a permanently manned office and immediately assessed and rectified by specialized personnel. (ACV11.03),False
Data Center and Physical Protection Guideline_v.2.0,7.28,7.28,Match,Match,skipped,Skipped second-pass adjudication because first-pass is an exact match.,"Upon initial commissioning, full load, function, and integration tests must be performed and documented. Upon the exchange of systems, limited function tests must be carried out and test certificates from the manufacturer must be available. (ACV11.04)","Upon initial commissioning, full load, function, and integration tests must be performed and documented. Upon the exchange of systems, limited function tests must be carried out and test certificates from the manufacturer must be available. (ACV11.04)",False
Data Center and Physical Protection Guideline_v.2.0,7.3,7.3,Match,Match,skipped,Skipped second-pass adjudication because first-pass is an exact match.,Devices must be installed in an airflow-optimized and hazard-free way. (ACV02.01),Devices must be installed in an airflow-optimized and hazard-free way. (ACV02.01),False
Data Center and Physical Protection Guideline_v.2.0,7.4,7.4,Match,Match,skipped,Skipped second-pass adjudication because first-pass is an exact match.,Leakages must be reliably detected. (ACV03.01),Leakages must be reliably detected. (ACV03.01),False
Data Center and Physical Protection Guideline_v.2.0,7.5,7.5,Match,Match,skipped,Skipped second-pass adjudication because first-pass is an exact match.,"Active mechanical components (on the producer, distributor side) must be designed redundantly. (ACV04.01)","Active mechanical components (on the producer, distributor side) must be designed redundantly. (ACV04.01)",False
Data Center and Physical Protection Guideline_v.2.0,7.6,7.6,Match,Match,skipped,Skipped second-pass adjudication because first-pass is an exact match.,Singular cooling distribution systems or sections must be implemented in high quality and checked by extensive quality assurance measures. (ACV04.02),Singular cooling distribution systems or sections must be implemented in high quality and checked by extensive quality assurance measures. (ACV04.02),False
Data Center and Physical Protection Guideline_v.2.0,7.7,7.7,Match,Match,skipped,Skipped second-pass adjudication because first-pass is an exact match.,"Cooling distribution must be designed in a way that a failure of passive components does not result in a failure of the IT. (ACV04.02E, ACV04.02I)","Cooling distribution must be designed in a way that a failure of passive components does not result in a failure of the IT. (ACV04.02E, ACV04.02I)",False
Data Center and Physical Protection Guideline_v.2.0,7.8,7.8,Match,Match,skipped,Skipped second-pass adjudication because first-pass is an exact match.,The plant must be designed in a way that maintenance can be carried out to active components at any time without interruptions to operations. (ACV04.03),The plant must be designed in a way that maintenance can be carried out to active components at any time without interruptions to operations. (ACV04.03),False
Data Center and Physical Protection Guideline_v.2.0,7.9,7.9,Match,Match,skipped,Skipped second-pass adjudication because first-pass is an exact match.,The routes must be protected against third-party influence and fire. (ACV04.04),The routes must be protected against third-party influence and fire. (ACV04.04),False
Data Center and Physical Protection Guideline_v.2.0,8,8,Match,Match,skipped,Skipped second-pass adjudication because first-pass is an exact match.,Organizational measures must meet the following criteria:,Organizational measures must meet the following criteria:,False
Data Center and Physical Protection Guideline_v.2.0,8.1,8.1,Match,Match,skipped,Skipped second-pass adjudication because first-pass is an exact match.,Backup data must be transferred to a different fire compartment and at least once per week to a different building. (ORG01.01),Backup data must be transferred to a different fire compartment and at least once per week to a different building. (ORG01.01),False
Data Center and Physical Protection Guideline_v.2.0,8.10,8.10,Match,Match,skipped,Skipped second-pass adjudication because first-pass is an exact match.,Maintenance contracts with start of repair work latest on next working day must be concluded for all trades which are relevant to operations. (ORG07.01),Maintenance contracts with start of repair work latest on next working day must be concluded for all trades which are relevant to operations. (ORG07.01),False
Data Center and Physical Protection Guideline_v.2.0,8.11,8.11,Match,Match,skipped,Skipped second-pass adjudication because first-pass is an exact match.,"Operating instructions must be available that describe the method of dealing with third-party personnel, the coordination process for maintenance windows, precautions for specific activities or switching operations, as well as special aspects of maintenance and repair work. (ORG08.01)","Operating instructions must be available that describe the method of dealing with third-party personnel, the coordination process for maintenance windows, precautions for specific activities or switching operations, as well as special aspects of maintenance and repair work. (ORG08.01)",False
Data Center and Physical Protection Guideline_v.2.0,8.12,8.12,Match,Match,skipped,Skipped second-pass adjudication because first-pass is an exact match.,Personnel must be provided with safety instruction at least once per year and new employees at the beginning of their employment contract. (ORG09.01),Personnel must be provided with safety instruction at least once per year and new employees at the beginning of their employment contract. (ORG09.01),False
Data Center and Physical Protection Guideline_v.2.0,8.13,8.13,Match,Match,skipped,Skipped second-pass adjudication because first-pass is an exact match.,Employees and service providers must be trustworthy and subject to a confidentiality obligation. (ORG09.02),Employees and service providers must be trustworthy and subject to a confidentiality obligation. (ORG09.02),False
Data Center and Physical Protection Guideline_v.2.0,8.14,8.14,Match,Match,skipped,Skipped second-pass adjudication because first-pass is an exact match.,"Technical infrastructure must be inspected by qualified and correspondingly equipped personnel, including deputization rules. (ORG10.01)","Technical infrastructure must be inspected by qualified and correspondingly equipped personnel, including deputization rules. (ORG10.01)",False
Data Center and Physical Protection Guideline_v.2.0,8.15,8.15,Match,Match,skipped,Skipped second-pass adjudication because first-pass is an exact match.,Publication of security-relevant data center information must be avoided. (ORG12.01),Publication of security-relevant data center information must be avoided. (ORG12.01),False
Data Center and Physical Protection Guideline_v.2.0,8.2,8.2,Match,Match,skipped,Skipped second-pass adjudication because first-pass is an exact match.,Secure area must be equipped with smoking ban signs. (ORG02.01),Secure area must be equipped with smoking ban signs. (ORG02.01),False
Data Center and Physical Protection Guideline_v.2.0,8.3,8.3,Match,Match,skipped,Skipped second-pass adjudication because first-pass is an exact match.,"IT rooms, all relevant technical rooms, routes, and external installations must undergo a visual inspection at least once a week and the performance of the inspection must be recorded. (ORG03.01)","IT rooms, all relevant technical rooms, routes, and external installations must undergo a visual inspection at least once a week and the performance of the inspection must be recorded. (ORG03.01)",False
Data Center and Physical Protection Guideline_v.2.0,8.4,8.4,Match,Match,skipped,Skipped second-pass adjudication because first-pass is an exact match.,"Operations must comply in terms of adherence to the rules, tidiness, cleanliness, accessibility, inscriptions, signs, and disposal. (ORG04.01)","Operations must comply in terms of adherence to the rules, tidiness, cleanliness, accessibility, inscriptions, signs, and disposal. (ORG04.01)",False
Data Center and Physical Protection Guideline_v.2.0,8.5,8.5,Match,Match,skipped,Skipped second-pass adjudication because first-pass is an exact match.,Responsibilities for the implementation of physical security measures must be defined. People authorized to enter protection class 4 must require additional authorization to take people with them. (ORG05.01),Responsibilities for the implementation of physical security measures must be defined. People authorized to enter protection class 4 must require additional authorization to take people with them. (ORG05.01),False
Data Center and Physical Protection Guideline_v.2.0,8.6,8.6,Match,Match,skipped,Skipped second-pass adjudication because first-pass is an exact match.,Relevant parameters of technical component operations must be recorded and regularly evaluated according to defined responsibilities. (ORG05.02E),Relevant parameters of technical component operations must be recorded and regularly evaluated according to defined responsibilities. (ORG05.02E),False
Data Center and Physical Protection Guideline_v.2.0,8.7,8.7,Match,Match,skipped,Skipped second-pass adjudication because first-pass is an exact match.,"With respect to the letting of data center areas there must be – with reference to the customer – rules concerning physical security, energy efficiency, capacity planning, business organization and the exchange of information to which the customer must comply. Compliance must be verified. (ORG05.03E)","With respect to the letting of data center areas there must be – with reference to the customer – rules concerning physical security, energy efficiency, capacity planning, business organization and the exchange of information to which the customer must comply. Compliance must be verified. (ORG05.03E)",False
Data Center and Physical Protection Guideline_v.2.0,8.8,8.8,Match,Match,skipped,Skipped second-pass adjudication because first-pass is an exact match.,"Important key indicators (KPI, Key Performance Indicators) must be recorded, evaluated, and used for process improvement. (ORG05.04E)","Important key indicators (KPI, Key Performance Indicators) must be recorded, evaluated, and used for process improvement. (ORG05.04E)",False
Data Center and Physical Protection Guideline_v.2.0,8.9,8.9,Match,Match,skipped,Skipped second-pass adjudication because first-pass is an exact match.,"Processes between IT operation, lifecycle management and facility management must be coordinated. (ORG06.01)","Processes between IT operation, lifecycle management and facility management must be coordinated. (ORG06.01)",False
Data Center and Physical Protection Guideline_v.2.0,9,9,Match,Match,skipped,Skipped second-pass adjudication because first-pass is an exact match.,The following data center documentation must be available:,The following data center documentation must be available:,False
Data Center and Physical Protection Guideline_v.2.0,9.1,9.1,Match,Match,skipped,Skipped second-pass adjudication because first-pass is an exact match.,Data center operating manual with security concept. (DOC01.01),Data center operating manual with security concept. (DOC01.01),False
Data Center and Physical Protection Guideline_v.2.0,9.10,9.10,Match,Match,skipped,Skipped second-pass adjudication because first-pass is an exact match.,Single-line diagram of the electrical supply. (DOC04.01),Single-line diagram of the electrical supply. (DOC04.01),False
Data Center and Physical Protection Guideline_v.2.0,9.11,9.11,Match,Match,skipped,Skipped second-pass adjudication because first-pass is an exact match.,Cooling and ventilation schematics. (DOC04.02),Cooling and ventilation schematics. (DOC04.02),False
Data Center and Physical Protection Guideline_v.2.0,9.12,9.12,Match,Match,skipped,Skipped second-pass adjudication because first-pass is an exact match.,Overviews of fire alarm lines and detectors. (DOC04.03),Overviews of fire alarm lines and detectors. (DOC04.03),False
Data Center and Physical Protection Guideline_v.2.0,9.13,9.13,Match,Match,skipped,Skipped second-pass adjudication because first-pass is an exact match.,Overview of extinguishing and fire prevention equipment. (DOC04.04),Overview of extinguishing and fire prevention equipment. (DOC04.04),False
Data Center and Physical Protection Guideline_v.2.0,9.14,9.14,Match,Match,skipped,Skipped second-pass adjudication because first-pass is an exact match.,Installation plans and diagrams of the safety equipment. (DOC04.05),Installation plans and diagrams of the safety equipment. (DOC04.05),False
Data Center and Physical Protection Guideline_v.2.0,9.15,9.15,Match,Match,skipped,Skipped second-pass adjudication because first-pass is an exact match.,Power requirement calculation and design specifications. (DOC04.06A),Power requirement calculation and design specifications. (DOC04.06A),False
Data Center and Physical Protection Guideline_v.2.0,9.16,9.16,Match,Match,skipped,Skipped second-pass adjudication because first-pass is an exact match.,Air-conditioning concept. (DOC04.07A),Air-conditioning concept. (DOC04.07A),False
Data Center and Physical Protection Guideline_v.2.0,9.17,9.17,Match,Match,skipped,Skipped second-pass adjudication because first-pass is an exact match.,Supplementary risk assessment for the design of technical systems and constructions. (DOC04.08A),Supplementary risk assessment for the design of technical systems and constructions. (DOC04.08A),False
Data Center and Physical Protection Guideline_v.2.0,9.18,9.18,Match,Match,skipped,Skipped second-pass adjudication because first-pass is an exact match.,Maintenance schedule. (DOC05.01),Maintenance schedule. (DOC05.01),False
Data Center and Physical Protection Guideline_v.2.0,9.19,9.19,Match,Match,skipped,Skipped second-pass adjudication because first-pass is an exact match.,Operating instructions. (DOC06.01),Operating instructions. (DOC06.01),False
Data Center and Physical Protection Guideline_v.2.0,9.2,9.2,Match,Match,skipped,Skipped second-pass adjudication because first-pass is an exact match.,Risk analysis for the environment of the data center location. (DOC01.02A),Risk analysis for the environment of the data center location. (DOC01.02A),False
Data Center and Physical Protection Guideline_v.2.0,9.20,9.20,Match,Match,skipped,Skipped second-pass adjudication because first-pass is an exact match.,List of rooms. (DOC07.01),List of rooms. (DOC07.01),False
Data Center and Physical Protection Guideline_v.2.0,9.21,9.21,Match,Match,skipped,Skipped second-pass adjudication because first-pass is an exact match.,Data sheets of the important technical components. (DOC07.02),Data sheets of the important technical components. (DOC07.02),False
Data Center and Physical Protection Guideline_v.2.0,9.22,9.22,Match,Match,skipped,Skipped second-pass adjudication because first-pass is an exact match.,Verification of the execution of performance and function tests upon commissioning. (DOC08.01),Verification of the execution of performance and function tests upon commissioning. (DOC08.01),False
Data Center and Physical Protection Guideline_v.2.0,9.3,9.3,Match,Match,skipped,Skipped second-pass adjudication because first-pass is an exact match.,Alarm plan / emergency concept. (DOC01.03),Alarm plan / emergency concept. (DOC01.03),False
Data Center and Physical Protection Guideline_v.2.0,9.4,9.4,Match,Match,skipped,Skipped second-pass adjudication because first-pass is an exact match.,Fire protection concept. (DOC01.04),Fire protection concept. (DOC01.04),False
Data Center and Physical Protection Guideline_v.2.0,9.5,9.5,Match,Match,skipped,Skipped second-pass adjudication because first-pass is an exact match.,Site survey in the case of new construction projects. (DOC01.05E),Site survey in the case of new construction projects. (DOC01.05E),False
Data Center and Physical Protection Guideline_v.2.0,9.6,9.6,Match,Match,skipped,Skipped second-pass adjudication because first-pass is an exact match.,Site and building plans. (DOC02.01),Site and building plans. (DOC02.01),False
Data Center and Physical Protection Guideline_v.2.0,9.7,9.7,Match,Match,skipped,Skipped second-pass adjudication because first-pass is an exact match.,Floor plans for the IT and technical areas. (DOC02.02),Floor plans for the IT and technical areas. (DOC02.02),False
Data Center and Physical Protection Guideline_v.2.0,9.8,9.8,Match,Match,skipped,Skipped second-pass adjudication because first-pass is an exact match.,Route plans of the main supply paths. (DOC03.01),Route plans of the main supply paths. (DOC03.01),False
Data Center and Physical Protection Guideline_v.2.0,9.9,9.9,Match,Match,skipped,Skipped second-pass adjudication because first-pass is an exact match.,Documentation of the telecommunication cabling. (DOC03.02E),Documentation of the telecommunication cabling. (DOC03.02E),False
Data Security Governance Guideline_v3.0,1,1,Content delta: requirement differs,Content delta: requirement differs,confirmed,Confirmed after footnote/reference stripping.,Information must be labelled considering its confidentiality and business impact.,"Information must be labelled considering its confidentiality, business impact [This requirement applies only to information processed as part of manual data handling activities. However, all information must be protected appropriately as outlined in the other guidelines. ]",False
Data Security Governance Guideline_v3.0,1.1,1.1,Content delta: requirement differs,Content delta: requirement differs,confirmed,Confirmed after footnote/reference stripping.,"Information must be labelled, considering its confidentiality, business impact and in accordance with the below listed labels: “Strictly Confidential” - information with a business impact classified as “Critical” and limited for the use within a very limited group of people, typically protected by regulation or law. “Confidential” - information with a business impact classified as “Major” and limited for use only by a restricted group of people. “Internal” - information with a business impact classified as “Minor” and limited for use only within the legal entities.","Information, including information that is received from outside the legal entity, must be labelled, considering its confidentiality, business impact [9] and in accordance with the below listed labels: - “Strictly Confidential” - information with a business impact classified as “Critical” and limited for the use within a very limited group of people, typically protected by regulation or law. - “Confidential” - information with a business impact classified as “Major” and limited for use only by a restricted group of people. - “Internal” - information with a business impact classified as “Minor” and limited for use only within the legal entities.",False
Data Security Governance Guideline_v3.0,1.2,1.2,Content delta: requirement differs,Content delta: requirement differs,confirmed,Confirmed after footnote/reference stripping.,Information classified as “Public” (information with a business impact9 classified as “Negligible” and limited to and authorized for general use inside and outside the legal entity) and “External” (Information with a business impact9 classified as “Minor” and authorized for the use inside and outside of DBG) should be labelled.,"Information classified as “Public” (information with a business impact [9] classified as “Negligible” and limited to and authorized for general use inside and outside the legal entity) and “External” (Information with a business impact [9] classified as “Minor” and authorized for the use inside and outside of DBG) should be labelled. [This requirement applies only to information processed as part of manual data handling activities. However, all information must be protected appropriately as outlined in the other guidelines. ]",False
Data Security Governance Guideline_v3.0,1.3,1.3,Content delta: requirement differs,Content delta: requirement differs,confirmed,Confirmed after footnote/reference stripping.,"All physical and printable electronic documents classified as “Internal” ""Confidential"", ""Strictly Confidential"" should be labelled based on the confidentiality of included information at the time when they are created and before printing.","All physical and printable electronic documents classified as “Internal” , ""Confidential"", ""Strictly Confidential"" should be labelled based on the confidentiality of included information at the time when they are created and before printing . [This requirement applies only to information processed as part of manual data handling activities. However, all information must be protected appropriately as outlined in the other guidelines. ]",False
Data Security Governance Guideline_v3.0,1.4,1.4,Content delta: requirement differs,Content delta: requirement differs,confirmed,Confirmed after footnote/reference stripping.,"Process(es), control(s) should be established to monitor, track and enforce applicable controls over the declassification of emails, documents ensuring proper labelling and protection. Measures must be implemented to prevent label circumvention when file formats are changed ●.","Process(es), control(s) should be established to monitor, track and enforce applicable controls over the declassification of emails, documents ensuring proper labelling and protection. Measures must be implemented to prevent label circumvention when file formats are changed ●. [This requirement applies only to information processed as part of manual data handling activities. However, all information must be protected appropriately as outlined in the other guidelines. ]",False
Data Security Governance Guideline_v3.0,10,10,Match,Match,skipped,Skipped second-pass adjudication because first-pass is an exact match.,The transfer of media must be securely managed to ensure the protection and integrity of the information throughout the entire transfer process.,The transfer of media must be securely managed to ensure the protection and integrity of the information throughout the entire transfer process.,False
Data Security Governance Guideline_v3.0,10.1,10.1,Match,Match,skipped,Skipped second-pass adjudication because first-pass is an exact match.,"Courier identification standards and procedures to verify the identification of couriers should be defined to ensure that only authorized, reliable transport or couriers are used for the transfer of media.","Courier identification standards and procedures to verify the identification of couriers should be defined to ensure that only authorized, reliable transport or couriers are used for the transfer of media.",False
Data Security Governance Guideline_v3.0,10.2,10.2,Match,Match,skipped,Skipped second-pass adjudication because first-pass is an exact match.,Media transport logs should be kept over the whole lifecycle if this is possible.,Media transport logs should be kept over the whole lifecycle if this is possible.,False
Data Security Governance Guideline_v3.0,11,11,Match,Match,skipped,Skipped second-pass adjudication because first-pass is an exact match.,Procedures and measures for secure disposal of data and media containing information must be defined and implemented.,Procedures and measures for secure disposal of data and media containing information must be defined and implemented.,False
Data Security Governance Guideline_v3.0,11.1,11.1,Match,Match,skipped,Skipped second-pass adjudication because first-pass is an exact match.,"The procedures and measures for secure disposal of data, present on premises or stored externally, must be implemented proportionally to the classification label of information and make sure that the data is deleted securely and completely.","The procedures and measures for secure disposal of data, present on premises or stored externally, must be implemented proportionally to the classification label of information and make sure that the data is deleted securely and completely.",False
Data Security Governance Guideline_v3.0,11.2,11.2,Match,Match,skipped,Skipped second-pass adjudication because first-pass is an exact match.,"The procedures and measures for secure disposal of media containing information must be implemented proportionally to the classification label of information, ensuring data is irrevocably deleted from storage media, storages, databases, and endpoint devices.","The procedures and measures for secure disposal of media containing information must be implemented proportionally to the classification label of information, ensuring data is irrevocably deleted from storage media, storages, databases, and endpoint devices.",False
Data Security Governance Guideline_v3.0,11.2.1,11.2.1,Match,Match,skipped,Skipped second-pass adjudication because first-pass is an exact match.,Media must be securely disposed by using disposal mechanism approved by the legal entity.,Media must be securely disposed by using disposal mechanism approved by the legal entity.,False
Data Security Governance Guideline_v3.0,11.2.2,11.2.2,Match,Match,skipped,Skipped second-pass adjudication because first-pass is an exact match.,Media must be disposed of in a way that renders the stored data unrecoverable by any forensic means.,Media must be disposed of in a way that renders the stored data unrecoverable by any forensic means.,False
Data Security Governance Guideline_v3.0,11.2.3,11.2.3,Match,Match,skipped,Skipped second-pass adjudication because first-pass is an exact match.,"Media must be securely and safely stored before disposal, by storing in locked storage rooms or containers.","Media must be securely and safely stored before disposal, by storing in locked storage rooms or containers.",False
Data Security Governance Guideline_v3.0,11.2.4,11.2.4,Match,Match,skipped,Skipped second-pass adjudication because first-pass is an exact match.,Disposal of media must only be performed in areas intended for this purpose.,Disposal of media must only be performed in areas intended for this purpose.,False
Data Security Governance Guideline_v3.0,11.2.5,11.2.5,Match,Match,skipped,Skipped second-pass adjudication because first-pass is an exact match.,All steps of the media disposal process must be suitably documented.,All steps of the media disposal process must be suitably documented.,False
Data Security Governance Guideline_v3.0,11.2.6,11.2.6,Match,Match,skipped,Skipped second-pass adjudication because first-pass is an exact match.,"All media items should be collected and disposed of securely, rather than attempting to separate out the sensitive items.","All media items should be collected and disposed of securely, rather than attempting to separate out the sensitive items.",False
Data Security Governance Guideline_v3.0,11.2.7,11.2.7,Match,Match,skipped,Skipped second-pass adjudication because first-pass is an exact match.,"Media containing information should be stored and disposed of securely by incineration or shredding, or secure erasure of data for use by another application within the organization.","Media containing information should be stored and disposed of securely by incineration or shredding, or secure erasure of data for use by another application within the organization.",False
Data Security Governance Guideline_v3.0,11.2.8,11.2.8,Match,Match,skipped,Skipped second-pass adjudication because first-pass is an exact match.,"When accumulating media for disposal, consideration should be given to the aggregation effect, which can cause a large quantity of non-confidential information to become confidential.","When accumulating media for disposal, consideration should be given to the aggregation effect, which can cause a large quantity of non-confidential information to become confidential.",False
Data Security Governance Guideline_v3.0,11.2.9,11.2.9,Match,Match,skipped,Skipped second-pass adjudication because first-pass is an exact match.,"Equipment containing internal, confidential, or strictly confidential information must be rendered unrecoverable via a secure wipe program prior to equipment disposal.","Equipment containing internal, confidential, or strictly confidential information must be rendered unrecoverable via a secure wipe program prior to equipment disposal.",False
Data Security Governance Guideline_v3.0,11.3,11.3,Match,Match,skipped,Skipped second-pass adjudication because first-pass is an exact match.,Only suppliers in accordance with Third-Party ICT Risk Management Guideline must be used for secure collection and disposal of media.,Only suppliers in accordance with Third-Party ICT Risk Management Guideline must be used for secure collection and disposal of media.,False
Data Security Governance Guideline_v3.0,2,2,Match,Match,skipped,Skipped second-pass adjudication because first-pass is an exact match.,"Data flows for all Data Crown Jewels must be documented, and the Data Crown Jewel inventory as well as the associated Data Flow Registry must be maintained and regularly updated.","Data flows for all Data Crown Jewels must be documented, and the Data Crown Jewel inventory as well as the associated Data Flow Registry must be maintained and regularly updated.",False
Data Security Governance Guideline_v3.0,2.1,2.1,Content delta: requirement differs,Content delta: requirement differs,confirmed,Confirmed after footnote/reference stripping.,"Data flows for each Data Crown Jewel must be documented, maintained in centralized Data Flow Registry●. Data Crown Jewels are mission-critical data whose unauthorized disclosure would cause intolerable and existential business impact. This includes but is not limited to: Regulatory Impact: Severe regulatory consequences such as the revocation of essential licenses or authorizations, making continued business operations impossible. Financial Impact: Severe financial losses that threaten the organization’s solvency or ability to continue operations. Customer and Market Trust Impact: Severe and sustained harmful customer or market reaction, e.g. significant market movements that threaten business viability. Operational Impact: Permanent or sustained disruption of critical core services and operations that prevents the organization from functioning","Data flows for each Data Crown Jewel must be documented, maintained in centralized Data Flow Registry ● Data Crown Jewels [10] are mission-critical data whose unauthorized disclosure would cause intolerable and existential business impact. This includes but is not limited to: - Regulatory Impact: Severe regulatory consequences such as the revocation of essential licenses or authorizations, making continued business operations impossible. - Financial Impact: Severe financial losses that threaten the organization’s solvency or ability to continue operations. - Customer and Market Trust Impact: Severe and sustained harmful customer or market reaction, e.g. significant market movements that threaten business viability. - Operational Impact: Permanent or sustained disruption of critical core services and operations that prevents the organization from functioning [10] Unlike sensitivity labels that are applied by end users (e.g., Public, External, Internal, Confidential, Strictly confidential), theidentification of Data Crown Jewels follows a top‑down approach driven by senior management.",False
Data Security Governance Guideline_v3.0,2.2,2.2,Match,Match,skipped,Skipped second-pass adjudication because first-pass is an exact match.,The inventory of Data Crown Jewels and associated Data Flow Registry must be reviewed at least annually to ensure completeness and ongoing relevance●.,The inventory of Data Crown Jewels and associated Data Flow Registry must be reviewed at least annually to ensure completeness and ongoing relevance ●,False
Data Security Governance Guideline_v3.0,3,3,Match,Match,skipped,Skipped second-pass adjudication because first-pass is an exact match.,It must be ensured that unauthorized data disclosure is mitigated and transferred data is protected.,It must be ensured that unauthorized data disclosure is mitigated and transferred data is protected. .,False
Data Security Governance Guideline_v3.0,3.1,3.1,Content delta: requirement differs,Content delta: requirement differs,confirmed,Confirmed after footnote/reference stripping.,"Data Leakage Prevention tool and measures must be implemented to identify, monitor, and detect data leakage and protect data in transit. This must protect data against unauthorized disclosure, copying, or transmission, through risk-based approach.","Data Leakage Prevention tool and measures must be implemented to identify, monitor, and detect data leakage and protect data in transit. This must protect data against unauthorized disclosure , copying, deletionor transmission though risk-based approach.",False
Data Security Governance Guideline_v3.0,4,4,Content delta: requirement differs,Content delta: requirement differs,confirmed,Confirmed after footnote/reference stripping.,Data Leakage Prevention measures for communications over email must be implemented.,Data Leakage Prevention measures for communications over email must be implemented. This control requirement applies to Microsoft 365 email only.,False
Data Security Governance Guideline_v3.0,4.1,4.1,Content delta: requirement differs,Content delta: requirement differs,confirmed,Confirmed after footnote/reference stripping.,"Monitoring of emails must be enabled, at least based on the classification labels. Emails – especially non-labelled outbound ones – and attachments must be subject to appropriate technical controls.","Monitoring of emails must be enabled, at least based on the classification labels. Emails - especially and non-labelled outbound ones - and attachments subject to appropriate technical controls. [This control requirement applies to Microsoft 365 email only.]",False
Data Security Governance Guideline_v3.0,4.2,4.2,Content delta: requirement differs,Content delta: requirement differs,confirmed,Confirmed after footnote/reference stripping.,DBAG and/or adopting legal entity email addresses created for externals sending strictly confidential messages must be secured by specific DLP measures mentioned above.,DBAG and/or adopting legal entity email addresses created for externals sending strictly confidential messages must be secured by specific DLP measures mentioned above. [This control requirement applies to Microsoft 365 email only.],False
Data Security Governance Guideline_v3.0,4.3,4.3,Content delta: requirement differs,Content delta: requirement differs,confirmed,Confirmed after footnote/reference stripping.,"The maximum principle must be applied, ensuring that the overall classification for email reflects the highest sensitivity of any contained component wherever possible●.","The maximum principle must be applied, ensuring that the overall classification for email reflects the highest sensitivity of any contained component wherever possible●. [This control requirement applies to Microsoft 365 email only.]",False
Data Security Governance Guideline_v3.0,5,5,Match,Match,skipped,Skipped second-pass adjudication because first-pass is an exact match.,"DLP Endpoint protection must be implemented to protect workstation devices and user equipment from data leakage, restricting the use of removable storage media by default, subject only to temporary, monitored exceptions based on legitimate need.","DLP Endpoint protection must be implemented to protect workstation devices and user equipment from data leakage, restricting the use of removable storage media by default, subject only to temporary, monitored exceptions based on legitimate need.",False
Data Security Governance Guideline_v3.0,5.1,5.1,Match,Match,skipped,Skipped second-pass adjudication because first-pass is an exact match.,"All hardware and activation of ports that can be used for connection of storage media must be blocked. The necessary ports to use storage media must be enabled temporarily only if there is a business, technical or operational need, unless there is no other data access solution and exception process must be established, implemented●.","All hardware and activation of ports that can be used for connection of storage media must be blocked. The necessary ports to use storage media must be enabled temporarily only if there is a business, technical or operational need, unless there is no other data access solution and exception process must be established, implemented.",False
Data Security Governance Guideline_v3.0,5.2,5.2,Match,Match,skipped,Skipped second-pass adjudication because first-pass is an exact match.,"Standard software images must be designed and implemented for all workstation devices of legal entities, ensuring that ports for storage media connections are deactivated, anti-malware protection is in place, and administrator rights for users are disabled.","Standard software images must be designed and implemented for all workstation devices of legal entities, ensuring that ports for storage media connections are deactivated, anti-malware protection is in place, and administrator rights for users are disabled.",False
Data Security Governance Guideline_v3.0,5.3,5.3,Content delta: requirement differs,Content delta: requirement differs,confirmed,Confirmed after footnote/reference stripping.,"If there is a need to use removable storage media, transfer of information to such storage media must be monitored.","If there is a need to use removable storage media, transfer of information to such storage media should be monitored .",False
Data Security Governance Guideline_v3.0,6,6,Match,Match,skipped,Skipped second-pass adjudication because first-pass is an exact match.,"Use of Online and Instant messaging services must be restricted to authorized services, with appropriate measures applied when processing information based on its classification","Use of Online and Instant messaging services must be restricted to authorized services, with appropriate measures applied when processing information based on its classification.",False
Data Security Governance Guideline_v3.0,6.1,6.1,Content delta: requirement differs,Content delta: requirement differs,confirmed,Confirmed after footnote/reference stripping.,Use of online services must be limited as below:,Use of online services such as file sharing services must be limited as below,False
Data Security Governance Guideline_v3.0,6.2,6.2,Match,Match,skipped,Skipped second-pass adjudication because first-pass is an exact match.,Electronic communication must be limited by using legal entity’s authorized instant messaging services and by using legal entity’s email accounts. Listings of authorized instant messaging services must be defined by legal entity.,Electronic communication must be limited by using legal entity’s authorized instant messaging services and by using legal entity’s email accounts. Listings of authorized instant messaging services must be defined by legal entity.,False
Data Security Governance Guideline_v3.0,7,7,Content delta: description and requirement differ,Content delta: description and requirement differ,confirmed,Confirmed after footnote/reference stripping.,It must be ensured that printing activities are controlled in accordance with the classification of information to prevent data leakage.,"It must be ensured that printing activities are controlled in accordance with the classification of information to prevent data leakage. This refers to both physical and virtual printing (e.g., hard-copy printing, Print to PDF).",False
Data Security Governance Guideline_v3.0,7.1,7.1,Content delta: description and requirement differ,Content delta: description and requirement differ,confirmed,Confirmed after footnote/reference stripping.,"For “Strictly Confidential” information or Data Crown Jewels, appropriate confirmation mechanisms must be implemented prior to printing:","For “Strictly Confidential” information or Data Crown Jewels, appropriate confirmation mechanisms must be implemented prior to printing. For Public, External, Internal, and Confidential information this is not required.",False
Data Security Governance Guideline_v3.0,8,8,Match,Match,skipped,Skipped second-pass adjudication because first-pass is an exact match.,Management procedures and measures must be in place to securely manage storage media and the data it contains throughout its lifecycle.,Management procedures and measures must be in place to securely manage storage media and the data it contains throughout its lifecycle.,False
Data Security Governance Guideline_v3.0,8.1,8.1,Match,Match,skipped,Skipped second-pass adjudication because first-pass is an exact match.,All copies of storage media should be clearly marked as such. Multiple copies of sensitive data should be stored on separate media in separate locations.,All copies of storage media should be clearly marked as such. Multiple copies of sensitive data should be stored on separate media in separate locations.,False
Data Security Governance Guideline_v3.0,8.2,8.2,Match,Match,skipped,Skipped second-pass adjudication because first-pass is an exact match.,"All types of storage media should have its lifetime defined, type and frequency of tests for guaranteeing the availability of stored data without degradation.","All types of storage media should have its lifetime defined, type and frequency of tests for guaranteeing the availability of stored data without degradation.",False
Data Security Governance Guideline_v3.0,8.3,8.3,Match,Match,skipped,Skipped second-pass adjudication because first-pass is an exact match.,Legal entity data which needs to be retained longer than the life of the storage media must be stored on new media before the end of its lifetime.,Legal entity data which needs to be retained longer than the life of the storage media must be stored on new media before the end of its lifetime.,False
Data Security Governance Guideline_v3.0,8.4,8.4,Match,Match,skipped,Skipped second-pass adjudication because first-pass is an exact match.,"To mitigate the risk of media degrading while stored data is still needed, the data should be transferred to fresh storage media before becoming unreadable.","To mitigate the risk of media degrading while stored data is still needed, the data should be transferred to fresh storage media before becoming unreadable.",False
Data Security Governance Guideline_v3.0,8.5,8.5,Match,Match,skipped,Skipped second-pass adjudication because first-pass is an exact match.,"Where electronic storage media are chosen, procedures to ensure the ability to access records throughout the retention period should be established.","Where electronic storage media are chosen, procedures to ensure the ability to access records throughout the retention period should be established.",False
Data Security Governance Guideline_v3.0,8.6,8.6,Match,Match,skipped,Skipped second-pass adjudication because first-pass is an exact match.,Storage should be chosen such that required records can be retrieved in an acceptable time frame and format.,Storage should be chosen such that required records can be retrieved in an acceptable time frame and format.,False
Data Security Governance Guideline_v3.0,8.7,8.7,Match,Match,skipped,Skipped second-pass adjudication because first-pass is an exact match.,For all storage media it must be defined if it is authorized to be taken off-premises.,For all storage media it must be defined if it is authorized to be taken off-premises.,False
Data Security Governance Guideline_v3.0,9,9,Match,Match,skipped,Skipped second-pass adjudication because first-pass is an exact match.,"It must be ensured that all media is securely handled, stored, and transported to prevent unauthorized access or data leakage considering the classification.","It must be ensured that all media is securely handled, stored, and transported to prevent unauthorized access or data leakage considering the classification.",False
Data Security Governance Guideline_v3.0,9.1,9.1,Content delta: requirement differs,Content delta: requirement differs,confirmed,Confirmed after footnote/reference stripping.,"All media containing information categorized as “External”, “Internal”, ""Confidential"", ""Strictly Confidential"" or ""Data Crown Jewel"" must be protected against unauthorized access, misuse, or corruption during transportation.","All media containing information classified as “External”, “Internal” , ""Confidential"", ""Strictly Confidential"" or ""Data Crown Jewel"" must be protected against unauthorized access, misuse, or corruption during transportation.",False
Data Security Governance Guideline_v3.0,9.2,9.2,Match,Match,skipped,Skipped second-pass adjudication because first-pass is an exact match.,Media packaging must ensure that the content is protected from any physical damage and loss.,Media packaging must ensure that the content is protected from any physical damage and loss.,False
Data Security Governance Guideline_v3.0,9.3,9.3,Match,Match,skipped,Skipped second-pass adjudication because first-pass is an exact match.,"Depending on the classification label (described in requirement ID 1) of the information in the storage media to be transported, tamper evident or tamper-resistant controls should be used.","Depending on the classification label (described in requirement ID 1) of the information in the storage media to be transported, tamper evident or tamper-resistant controls should be used.",False
Data Security Governance Guideline_v3.0,9.4,9.4,Match,Match,skipped,Skipped second-pass adjudication because first-pass is an exact match.,"Logical and physical access restrictions to storage media must be applied to prevent access of unauthorized personnel, exceptions may be provided on a temporary basis. This includes at least the following actions:","Logical and physical access restrictions to storage media must be applied to prevent access of unauthorized personnel, exceptions may be provided on a temporary basis. This includes at least the following actions:",False
Data Security Governance Guideline_v3.0,9.4.1,9.4.1,Content delta: requirement differs,Content delta: requirement differs,confirmed,Confirmed after footnote/reference stripping.,Storage media must be kept only in locked or secure places if it is not currently used.,Storage media must be kept only in locked or secured places if it is not currently used.,False
Data Security Governance Guideline_v3.0,9.4.2,9.4.2,Match,Match,skipped,Skipped second-pass adjudication because first-pass is an exact match.,All storage media should be securely stored in both logical and physical manner and in accordance with the manufacturer’s recommendation.,All storage media should be securely stored in both logical and physical manner and in accordance with the manufacturer’s recommendation.,False
Data Security Governance_v3.0,4.1.1,4.1.1,Missing in DOCX,Missing in DOCX,confirmed,Confirmed missing after second-pass check.,,"Labelling Validation with Content Monitoring (Email - MS365), description down below: - For all classifications except 'Data Crown Jewels': 1) organizational control mandatory for emails to external recipient; 2) technical control mandatory for emails to external recipient, following a risk-based approach and wherever reasonable implementable (= provided that such implementation does not introduce material latency or otherwise impair business operations) - For information classified as 'Data Crown Jewels': 1) organizational control mandatory for emails to external recipient; 2) technical control mandatory for emails to external recipient Description: ""Labelling Validation with Content Monitoring"" refers to organizational and technical controls that support proper validation of sensitivity labels on emails sent to external recipients by checking if the assigned label correctly reflects the actual content.",False
Data Security Governance_v3.0,4.1.2,4.1.2,Missing in DOCX,Missing in DOCX,confirmed,Confirmed missing after second-pass check.,,"Recipient Validation (Email - MS365), description down below: - For information classified as 'External' or 'Internal': 1) Organizational control mandatory for emails to external recipients - For information classified as 'Confidential' or 'Strictly Confidential': 1) Organizational control mandatory for emails to external recipients 2) Technical control mandatory for emails to external recipient, following a risk-based approach and wherever reasonable implementable (= provided that such implementation does not introduce material latency or otherwise impair business operations) - For information classified as 'Data Crown Jewels': 1) Organizational control mandatory for emails to external recipients 2) Technical control mandatory for emails to external recipients Description: ""Recipient Validation"" refers to organizational and technical controls, e.g. with confirmations by the users, ensuring that external email recipients are authorized before sending the information outside the organization to mitigate data leakage risk.",False
Data Security Governance_v3.0,6.1.1,6.1.1,Missing in DOCX,Missing in DOCX,confirmed,Confirmed missing after second-pass check.,,"For online file sharing, a secure file transfer (e.g. with Data Room) should be used for information classified as 'Confidential'.",False
Data Security Governance_v3.0,6.1.10,6.1.10,Missing in DOCX,Missing in DOCX,confirmed,Confirmed missing after second-pass check.,,A confirmation request must be implemented before printing information classified as 'Data Crown Jewels'. ●,False
Data Security Governance_v3.0,6.1.2,6.1.2,Missing in DOCX,Missing in DOCX,confirmed,Confirmed missing after second-pass check.,,"For online file sharing, a secure file transfer (e.g. with Data Room) must be used for information classified as 'Strictly Confidential' or 'Data Crown Jewels' ●.",False
Data Security Governance_v3.0,6.1.3,6.1.3,Missing in DOCX,Missing in DOCX,confirmed,Confirmed missing after second-pass check.,,"For online file sharing, a confirmation request should be implemented for information classified as 'Strictly Confidential'. ●",False
Data Security Governance_v3.0,6.1.4,6.1.4,Missing in DOCX,Missing in DOCX,confirmed,Confirmed missing after second-pass check.,,"For online file sharing, a confirmation request must be implemented for information classified as 'Data Crown Jewels'. ●",False
Data Security Governance_v3.0,6.1.5,6.1.5,Missing in DOCX,Missing in DOCX,confirmed,Confirmed missing after second-pass check.,,"File upload to blacklisted/isolated WebProxy Internet URL, must be blocked for information classified as 'Strictly Confidential' or 'Data Crown Jewels'",False
Data Security Governance_v3.0,6.1.6,6.1.6,Missing in DOCX,Missing in DOCX,confirmed,Confirmed missing after second-pass check.,,"File upload to blacklisted/isolated WebProxy Internet URL, should be blocked for information classified as 'Public', 'External', 'Internal' and 'Confidential'.",False
Data Security Governance_v3.0,6.1.7,6.1.7,Missing in DOCX,Missing in DOCX,confirmed,Confirmed missing after second-pass check.,,Confirmation Request for file upload to non-blacklisted/non-isolated WebProxy Internet URL (source defined below) must be implemented for information classified as 'Confidential' and 'Strictly Confidential'. (...Unless an exception has been requested by respective Information Owner). Source: URL Black & Whitelist categories can be found in Procedure for WebProxy Internet URL Access Black & Whitelist Management,False
Data Security Governance_v3.0,6.1.8,6.1.8,Missing in DOCX,Missing in DOCX,confirmed,Confirmed missing after second-pass check.,,File upload to non-blacklisted/non-isolated WebProxy Internet URL (source defined below) must be blocked for information classified as 'Data Crown Jewels'. (...Unless an exception has been requested by respective Information Owner). Source: URL Black & Whitelist categories can be found in Procedure for WebProxy Internet URL Access Black & Whitelist Management,False
Data Security Governance_v3.0,6.1.9,6.1.9,Missing in DOCX,Missing in DOCX,confirmed,Confirmed missing after second-pass check.,,A confirmation request should be implemented before printing information classified as 'Strictly Confidential'. ●,False
Data Security Governance_v3.0,7.1.1,7.1.1,Missing in DOCX,Missing in DOCX,confirmed,Confirmed missing after second-pass check.,,Confirmation Request is mandatory for Data Crown Jewels ●,False
Data Security Governance_v3.0,7.1.2,7.1.2,Missing in DOCX,Missing in DOCX,confirmed,Confirmed missing after second-pass check.,,Confirmation Request should be implemented for Strictly confidential. ●,False
Encryption and Key Management Guideline_v2.0,1,1,Match,Match,skipped,Skipped second-pass adjudication because first-pass is an exact match.,"An Encryption and Key Management procedure must be defined, documented, and implemented to ensure company data is protected. The procedure must include controls, rules, and guidance for the implementation.","An Encryption and Key Management procedure must be defined, documented, and implemented to ensure company data is protected. The procedure must include controls, rules, and guidance for the implementation.",False
Encryption and Key Management Guideline_v2.0,1.1,1.1,Match,Match,skipped,Skipped second-pass adjudication because first-pass is an exact match.,"Encryption and Key management controls and guidance must entail rules around preservation of confidentiality, integrity, availability, and authenticity of data.","Encryption and Key management controls and guidance must entail rules around preservation of confidentiality, integrity, availability, and authenticity of data.",False
Encryption and Key Management Guideline_v2.0,1.2,1.2,Match,Match,skipped,Skipped second-pass adjudication because first-pass is an exact match.,"In instances where adherence to leading practices, standards, or the utilization of the most reliable techniques, including the updating or changing of cryptographic technology, is not feasible, Encryption and Key management controls, rules and guidance must entail mitigation and monitoring measures, accompanied by a reasoned explanation for the deviation.","In instances where adherence to leading practices, standards, or the utilization of the most reliable techniques, including the updating or changing of cryptographic technology, is not feasible, Encryption and Key management controls, rules and guidance must entail mitigation and monitoring measures, accompanied by a reasoned explanation for the deviation.",False
Encryption and Key Management Guideline_v2.0,1.3,1.3,Content delta: requirement differs,Content delta: requirement differs,confirmed,Confirmed after footnote/reference stripping.,"Encryption and Key management procedure must entail activities on review, approval, implementation, and communication of cryptographic and key management technology changes.","Encryption and Key management procedure must entail activities on review, approval, implementation, and communication of cryptographic, encryption and key management technology changes.",False
Encryption and Key Management Guideline_v2.0,10,10,Match,Match,skipped,Skipped second-pass adjudication because first-pass is an exact match.,Keys must be protected when distributed.,Keys must be protected when distributed.,False
Encryption and Key Management Guideline_v2.0,10.1,10.1,Match,Match,skipped,Skipped second-pass adjudication because first-pass is an exact match.,It must be ensured that only authorized key holders receive secret keys.,It must be ensured that only authorized key holders receive secret keys.,False
Encryption and Key Management Guideline_v2.0,10.2,10.2,Match,Match,skipped,Skipped second-pass adjudication because first-pass is an exact match.,The key holder should formally acknowledge that they understand and accept their key-custodian responsibilities.,The key holder should formally acknowledge that they understand and accept their key-custodian responsibilities.,False
Encryption and Key Management Guideline_v2.0,10.3,10.3,Match,Match,skipped,Skipped second-pass adjudication because first-pass is an exact match.,Additional PKI-specific and certificate-related requirements:,Additional PKI-specific and certificate-related requirements:,False
Encryption and Key Management Guideline_v2.0,10.3.1,10.3.1,Match,Match,skipped,Skipped second-pass adjudication because first-pass is an exact match.,"During key distribution, the same protection level as required for key storage must be met.","During key distribution, the same protection level as required for key storage must be met.",False
Encryption and Key Management Guideline_v2.0,10.4,10.4,Match,Match,skipped,Skipped second-pass adjudication because first-pass is an exact match.,Additional SSH-key-related requirements:,Additional SSH-key-related requirements:,False
Encryption and Key Management Guideline_v2.0,10.4.1,10.4.1,Match,Match,skipped,Skipped second-pass adjudication because first-pass is an exact match.,"Private key distribution process must be done in encrypted form, and it must be ensured that the private key is kept confidential during the process.","Private key distribution process must be done in encrypted form, and it must be ensured that the private key is kept confidential during the process.",False
Encryption and Key Management Guideline_v2.0,10.4.2,10.4.2,Match,Match,skipped,Skipped second-pass adjudication because first-pass is an exact match.,"Private key distribution must be prevented to avoid exposure, if applicable.","Private key distribution must be prevented to avoid exposure, if applicable.",False
Encryption and Key Management Guideline_v2.0,10.4.3,10.4.3,Match,Match,skipped,Skipped second-pass adjudication because first-pass is an exact match.,Public keys must only be distributed by authorized users for the establishment of approved trust-relationships.,Public keys must only be distributed by authorized users for the establishment of approved trust-relationships.,False
Encryption and Key Management Guideline_v2.0,10.4.4,10.4.4,Match,Match,skipped,Skipped second-pass adjudication because first-pass is an exact match.,Established trust-relationships must be documented to ensure audit and remediation activities.,Established trust-relationships must be documented to ensure audit and remediation activities.,False
Encryption and Key Management Guideline_v2.0,11,11,Match,Match,skipped,Skipped second-pass adjudication because first-pass is an exact match.,Keys must be checked prior to installation and deployment.,Keys must be checked prior to installation and deployment.,False
Encryption and Key Management Guideline_v2.0,11.1,11.1,Match,Match,skipped,Skipped second-pass adjudication because first-pass is an exact match.,"Before key installation, the key holder receiving the key must verify its integrity and authenticity, following a risk-based approach.","Before key installation, the key holder receiving the key must verify its integrity and authenticity, following a risk-based approach.",False
Encryption and Key Management Guideline_v2.0,11.2,11.2,Match,Match,skipped,Skipped second-pass adjudication because first-pass is an exact match.,Additional SSH-key-related requirements: When the SSH target Account Owner receives a key deployment request the following attributes must be checked: It must be verified whether the SSH-key pair expiration date has not been met yet and no deletion date is documented for the SSH-key pair.,Additional SSH-key-related requirements: When the SSH target Account Owner receives a key deployment request the following attributes must be checked: It must be verified whether the SSH-key pair expiration date has not been met yet and no deletion date is documented for the SSH-key pair.,False
Encryption and Key Management Guideline_v2.0,12,12,Match,Match,skipped,Skipped second-pass adjudication because first-pass is an exact match.,"Cryptographic keys must be physically and/or logically protected against modification, theft, loss, and deletion, in accordance with the classification level of the data they protect and aligned with risk-based approach.","Cryptographic keys must be physically and/or logically protected against modification, theft, loss, and deletion, in accordance with the classification level of the data they protect and aligned with risk-based approach.",False
Encryption and Key Management Guideline_v2.0,12.1,12.1,Match,Match,skipped,Skipped second-pass adjudication because first-pass is an exact match.,The keys must be stored such that the strength and quality demanded by the legal entity is provided.,The keys must be stored such that the strength and quality demanded by the legal entity is provided.,False
Encryption and Key Management Guideline_v2.0,12.2,12.2,Match,Match,skipped,Skipped second-pass adjudication because first-pass is an exact match.,Key-encrypting keys must be stored separately from data-encrypting keys.,Key-encrypting keys must be stored separately from data-encrypting keys.,False
Encryption and Key Management Guideline_v2.0,12.3,12.3,Match,Match,skipped,Skipped second-pass adjudication because first-pass is an exact match.,Private keys should remain non-exportable or vaulted.,Private keys should remain non-exportable or vaulted.,False
Encryption and Key Management Guideline_v2.0,12.4,12.4,Match,Match,skipped,Skipped second-pass adjudication because first-pass is an exact match.,"In case cryptographic keys are managed by the Asset Owners themselves, all operations must be recorded in a log and forwarded to central storage.","In case cryptographic keys are managed by the Asset Owners themselves, all operations must be recorded in a log and forwarded to central storage.",False
Encryption and Key Management Guideline_v2.0,12.5,12.5,Match,Match,skipped,Skipped second-pass adjudication because first-pass is an exact match.,Additional PKI-specific and certificate-related requirements:,Additional PKI-specific and certificate-related requirements:,False
Encryption and Key Management Guideline_v2.0,12.5.1,12.5.1,Match,Match,skipped,Skipped second-pass adjudication because first-pass is an exact match.,"Hardware storing key material must be protected from loss, theft, or damage by appropriate organizational and physical measures.","Hardware storing key material must be protected from loss, theft, or damage by appropriate organizational and physical measures.",False
Encryption and Key Management Guideline_v2.0,12.5.2,12.5.2,Match,Match,skipped,Skipped second-pass adjudication because first-pass is an exact match.,Hardware storing keys must be certified to be sufficiently tamper-proof.,Hardware storing keys must be certified to be sufficiently tamper-proof.,False
Encryption and Key Management Guideline_v2.0,12.5.3,12.5.3,Match,Match,skipped,Skipped second-pass adjudication because first-pass is an exact match.,Access to key-encrypting keys must be protected using the multiple-eyes principle.,Access to key-encrypting keys must be protected using the multiple-eyes principle.,False
Encryption and Key Management Guideline_v2.0,12.5.4,12.5.4,Match,Match,skipped,Skipped second-pass adjudication because first-pass is an exact match.,Access to systems storing key material must be limited to the need-to-know principle for authorized people.,Access to systems storing key material must be limited to the need-to-know principle for authorized people.,False
Encryption and Key Management Guideline_v2.0,12.5.5,12.5.5,Match,Match,skipped,Skipped second-pass adjudication because first-pass is an exact match.,Private keys must only be stored in encrypted form.,Private keys must only be stored in encrypted form.,False
Encryption and Key Management Guideline_v2.0,12.5.6,12.5.6,Match,Match,skipped,Skipped second-pass adjudication because first-pass is an exact match.,"Cryptographic keys that are used for long periods of time or pose a high risk in case of key leakage, must be stored outside of the used ICT Systems.","Cryptographic keys that are used for long periods of time or pose a high risk in case of key leakage, must be stored outside of the used ICT Systems.",False
Encryption and Key Management Guideline_v2.0,12.5.7,12.5.7,Match,Match,skipped,Skipped second-pass adjudication because first-pass is an exact match.,"If long-living keys are stored, they should be protected by the multiple-eyes principle.","If long-living keys are stored, they should be protected by the multiple-eyes principle.",False
Encryption and Key Management Guideline_v2.0,12.5.8,12.5.8,Content delta: requirement differs,Content delta: requirement differs,confirmed,Confirmed after footnote/reference stripping.,"If the key is used to protect data classified as “critical”3 with respect to confidentiality or ""Data Crown Jewel""4 or the visible label of the data is “strictly confidential”, it should be stored on a hardware security module.","If the key is used to protect data classified as “critical”[4] with respect to confidentiality or ""Data Crown Jewel"" [5] or the visible label of the data is “strictly confidential”, it should be stored on a hardware security module.",False
Encryption and Key Management Guideline_v2.0,12.6,12.6,Match,Match,skipped,Skipped second-pass adjudication because first-pass is an exact match.,"Additional SSH-key-related requirements: Access to private SSH-keys must be restricted to authorized users and should be limited to read access, if applicable.","Additional SSH-key-related requirements: Access to private SSH-keys must be restricted to authorized users and should be limited to read access, if applicable.",False
Encryption and Key Management Guideline_v2.0,13,13,Match,Match,skipped,Skipped second-pass adjudication because first-pass is an exact match.,Key renewal and session key change should be performed regularly to avoid compromise over time.,Key renewal and session key change should be performed regularly to avoid compromise over time.,False
Encryption and Key Management Guideline_v2.0,13.1,13.1,Match,Match,skipped,Skipped second-pass adjudication because first-pass is an exact match.,"To address potential compromise of key material over time, a periodic key renewal should be performed.","To address potential compromise of key material over time, a periodic key renewal should be performed.",False
Encryption and Key Management Guideline_v2.0,13.1.1,13.1.1,Match,Match,skipped,Skipped second-pass adjudication because first-pass is an exact match.,"For each use of cryptographic measures, the validity period of keys should be determined by consideration of the cryptographic algorithms and parameters, the threat vectors and landscape, the sensitivity and protection requirements of the data, the frequency, volume and use case of key usage, the level of security of the key storage and the operational criticality.","For each use of cryptographic measures, the validity period of keys should be determined by consideration of the cryptographic algorithms and parameters, the threat vectors and landscape, the sensitivity and protection requirements of the data, the frequency, volume and use case of key usage, the level of security of the key storage and the operational criticality.",False
Encryption and Key Management Guideline_v2.0,13.1.2,13.1.2,Match,Match,skipped,Skipped second-pass adjudication because first-pass is an exact match.,The process to renew keys should be initiated early enough to ensure that a new key is in place before the old key expires.,The process to renew keys should be initiated early enough to ensure that a new key is in place before the old key expires.,False
Encryption and Key Management Guideline_v2.0,13.1.3,13.1.3,Match,Match,skipped,Skipped second-pass adjudication because first-pass is an exact match.,The new keys should be generated independently from the previous key.,The new keys should be generated independently from the previous key.,False
Encryption and Key Management Guideline_v2.0,13.1.4,13.1.4,Match,Match,skipped,Skipped second-pass adjudication because first-pass is an exact match.,Additional SSH-key-related requirements: SSH-key pairs held by a group of individuals should be changed whenever an individual is removed from the group.,Additional SSH-key-related requirements: SSH-key pairs held by a group of individuals should be changed whenever an individual is removed from the group.,False
Encryption and Key Management Guideline_v2.0,13.2,13.2,Match,Match,skipped,Skipped second-pass adjudication because first-pass is an exact match.,"Session keys should be changed after a specific time or number of encrypted packets, considering risk analysis.","Session keys should be changed after a specific time or number of encrypted packets, considering risk analysis.",False
Encryption and Key Management Guideline_v2.0,13.3,13.3,Match,Match,skipped,Skipped second-pass adjudication because first-pass is an exact match.,PKI-specific and certificate-related requirements: Certificates must be renewed in an appropriate time before they expire.,PKI-specific and certificate-related requirements: Certificates must be renewed in an appropriate time before they expire.,False
Encryption and Key Management Guideline_v2.0,14,14,Match,Match,skipped,Skipped second-pass adjudication because first-pass is an exact match.,"Cryptographic keys must be securely protected in backup, archive and their availability must be ensured when needed.","Cryptographic keys must be securely protected in backup, archive and their availability must be ensured when needed.",False
Encryption and Key Management Guideline_v2.0,14.1,14.1,Match,Match,skipped,Skipped second-pass adjudication because first-pass is an exact match.,Cryptographic keys must be protected when backed up and/or archived.,Cryptographic keys must be protected when backed up and/or archived.,False
Encryption and Key Management Guideline_v2.0,14.1.1,14.1.1,Match,Match,skipped,Skipped second-pass adjudication because first-pass is an exact match.,The same level of protection as for key storage must be provided for the backed up and archived data as well.,The same level of protection as for key storage must be provided for the backed up and archived data as well.,False
Encryption and Key Management Guideline_v2.0,14.1.2,14.1.2,Match,Match,skipped,Skipped second-pass adjudication because first-pass is an exact match.,"Keys must be deposited (respectively backed up and/or archived) when they are used for encryption or, in case of a key loss, access to the encrypted data is still required.","Keys must be deposited (respectively backed up and/or archived) when they are used for encryption or, in case of a key loss, access to the encrypted data is still required.",False
Encryption and Key Management Guideline_v2.0,14.2,14.2,Match,Match,skipped,Skipped second-pass adjudication because first-pass is an exact match.,It must be ensured that keys can be restored and clarified from whom the data can be accessed.,It must be ensured that keys can be restored and clarified from whom the data can be accessed.,False
Encryption and Key Management Guideline_v2.0,14.2.1,14.2.1,Match,Match,skipped,Skipped second-pass adjudication because first-pass is an exact match.,"Based on the backup, in case of a disaster or media failure the keys must be recoverable to quickly re-establish products and to access encrypted information.","Based on the backup, in case of a disaster or media failure the keys must be recoverable to quickly re-establish products and to access encrypted information.",False
Encryption and Key Management Guideline_v2.0,14.2.2,14.2.2,Match,Match,skipped,Skipped second-pass adjudication because first-pass is an exact match.,"Processes should be provided on how to react in case of a key loss or failure, malfunction, or breakdown of cryptographic products.","Processes should be provided on how to react in case of a key loss or failure, malfunction, or breakdown of cryptographic products.",False
Encryption and Key Management Guideline_v2.0,15,15,Match,Match,skipped,Skipped second-pass adjudication because first-pass is an exact match.,"It must be ensured that ICT-related Incidents involving cryptographic keys are understood, identified and that countermeasures are available for overall ICT-related Incident response.","It must be ensured that ICT-related Incidents involving cryptographic keys are understood, identified and that countermeasures are available for overall ICT-related Incident response.",False
Encryption and Key Management Guideline_v2.0,15.1,15.1,Match,Match,skipped,Skipped second-pass adjudication because first-pass is an exact match.,Possible ICT-related Incidents involving cases such as loss or failure of cryptographic keys must be identified in advance.,Possible ICT-related Incidents involving cases such as loss or failure of cryptographic keys must be identified in advance.,False
Encryption and Key Management Guideline_v2.0,15.2,15.2,Content delta: requirement differs,Content delta: requirement differs,confirmed,Confirmed after footnote/reference stripping.,"Processes and countermeasures must be defined on how to react in case of a key loss, key compromise or failure, malfunction, or breakdown of cryptographic products. Additional PKI-specific and certificate-related requirements: Possible countermeasures for these ICT-related Incidents include the following: revocation of the key and adding it to the Certificate Revocation List (CRL), deletion of data encrypted with forged keys, prolonging the security by re-encryption and building of signature chains.","Processes and countermeasures must be defined on how to react in case of a key loss or failure, malfunction, or breakdown of cryptographic products. - Additional PKI-specific and certificate-related requirements: - Possible countermeasures for ICT-related incidents include the following: - revocation of the key and adding it to the Certificate Revocation List (CRL), - deletion of data encrypted with forged keys, - prolonging the security by re-encryption and - building of signature chains.",False
Encryption and Key Management Guideline_v2.0,15.3,15.3,Match,Match,skipped,Skipped second-pass adjudication because first-pass is an exact match.,"Parties that are affected by key compromise, such as Information Owners, must be informed.","Parties that are affected by key compromise, such as Information Owners, must be informed.",False
Encryption and Key Management Guideline_v2.0,16,16,Match,Match,skipped,Skipped second-pass adjudication because first-pass is an exact match.,Key deletion must be performed securely to ensure non-recoverability.,Key deletion must be performed securely to ensure non-recoverability.,False
Encryption and Key Management Guideline_v2.0,16.1,16.1,Match,Match,skipped,Skipped second-pass adjudication because first-pass is an exact match.,"If keys are no longer required, they must be deleted in a secure way.","If keys are no longer required, they must be deleted in a secure way.",False
Encryption and Key Management Guideline_v2.0,16.2,16.2,Match,Match,skipped,Skipped second-pass adjudication because first-pass is an exact match.,PKI-specific and certificate-related requirements: It should be prevented that deleted keys can be recovered by any party in case keys are stored in a Hardware Secure Module (HSM).,PKI-specific and certificate-related requirements: It should be prevented that deleted keys can be recovered by any party in case keys are stored in a Hardware Secure Module (HSM).,False
Encryption and Key Management Guideline_v2.0,17,17,Match,Match,skipped,Skipped second-pass adjudication because first-pass is an exact match.,It must be ensured that appropriate cryptographic measures and cryptographic key management are in place for cloud.,It must be ensured that appropriate cryptographic measures and cryptographic key management are in place for cloud.,False
Encryption and Key Management Guideline_v2.0,17.1,17.1,Match,Match,skipped,Skipped second-pass adjudication because first-pass is an exact match.,"Rules for secure cloud cryptographic key management including key generation, storage and sharing of keys, must be defined and implemented.","Rules for secure cloud cryptographic key management including key generation, storage and sharing of keys, must be defined and implemented.",False
Encryption and Key Management Guideline_v2.0,17.1.1,17.1.1,Content delta: requirement differs,Match,adjusted,Adjusted: delta was only footnote/reference marker noise.,"For IT Assets classified as major and critical regarding confidentiality or systems that process, store Data crown jewels [4], the key generation should be done inside hardware security modules (HSM) that complies with FIPS 140-2 Level 3 or with FIPS 140-3 Level 3 if possible.","For IT Assets classified as major and critical regarding confidentiality [4] or systems that process, store Data crown jewels[5], the key generation should be done insidehardware security modules (HSM) that complies with FIPS 140-2 Level 3 or with FIPS 140-3 Level 3 if possible.",True
Encryption and Key Management Guideline_v2.0,17.1.2,17.1.2,Content delta: requirement differs,Content delta: requirement differs,confirmed,Confirmed after footnote/reference stripping.,The default key storage of the CSP may be used for negligible and minor3 regarding confidentiality of classified IT Assets for the key generation.,The default key storage of the CSP may be used for negligible and minor regarding confidentiality[4] classified IT Assets for the key generation.,False
Encryption and Key Management Guideline_v2.0,17.1.3,17.1.3,Match,Match,skipped,Skipped second-pass adjudication because first-pass is an exact match.,"Keys must be shared as cryptograms, e.g., encrypted with the addressee's public key via secure e-mail or secure file transfer or via HSM native envelope encryption. Other mechanisms for key distribution are not acceptable.","Keys must be shared as cryptograms, e.g., encrypted with the addressee's public key via secure e-mail or secure file transfer or via HSM native envelope encryption. Other mechanisms for key distribution are not acceptable.",False
Encryption and Key Management Guideline_v2.0,17.1.4,17.1.4,Match,Match,skipped,Skipped second-pass adjudication because first-pass is an exact match.,It must be contractually ensured that cloud service providers provide the ability for the covered legal entity to manage own data encryption keys.,It must be contractually ensured that cloud service providers provide the ability for the covered legal entity to manage own data encryption keys.,False
Encryption and Key Management Guideline_v2.0,17.1.5,17.1.5,Match,Match,skipped,Skipped second-pass adjudication because first-pass is an exact match.,The legal entity must ensure that API keys are secure.,The legal entity must ensure that API keys are secure.,False
Encryption and Key Management Guideline_v2.0,17.2,17.2,Match,Match,skipped,Skipped second-pass adjudication because first-pass is an exact match.,"It must be ensured that connections are established using industry standard protocols including but not limited to HTTPS, IPSec, SSH. Connection in public networks must always be encrypted.","It must be ensured that connections are established using industry standard protocols including but not limited to HTTPS, IPSec, SSH. Connection in public networks must always be encrypted.",False
Encryption and Key Management Guideline_v2.0,17.3,17.3,Match,Match,skipped,Skipped second-pass adjudication because first-pass is an exact match.,It must be ensured that backups performed using cloud native services are encrypted.,It must be ensured that backups performed using cloud native services are encrypted.,False
Encryption and Key Management Guideline_v2.0,18,18,Match,Match,skipped,Skipped second-pass adjudication because first-pass is an exact match.,"When encrypting or verifying messages, it must be ensured that the certificate meets security requirements by checking the key holder’s data, the validity of the certificate chain, expiration dates, and the Certificate Revocation List (CRL); report any non-compliant certificates as ICT-related Incidents.","When encrypting or verifying messages, it must be ensured that the certificate meets security requirements by checking the key holder’s data, the validity of the certificate chain, expiration dates, and the Certificate Revocation List (CRL); report any non-compliant certificates as ICT-related Incidents.",False
Encryption and Key Management Guideline_v2.0,18.1,18.1,Match,Match,skipped,Skipped second-pass adjudication because first-pass is an exact match.,"PKI-specific and certificate-related requirements: When a user encrypts the message sent to a receiver or verifies a received signed message, it must be checked whether the certificate fulfills the necessary security requirements. Certificates which do not meet the requirements listed below must be reported as an ICT-related Incident.","PKI-specific and certificate-related requirements: When a user encrypts the message sent to a receiver or verifies a received signed message, it must be checked whether the certificate fulfills the necessary security requirements. Certificates which do not meet the requirements listed below must be reported as an ICT-related Incident.",False
Encryption and Key Management Guideline_v2.0,18.1.1,18.1.1,Match,Match,skipped,Skipped second-pass adjudication because first-pass is an exact match.,It must be verified whether the data of the key holder matches the subject or subject alternative name contained in the certificate.,It must be verified whether the data of the key holder matches the subject or subject alternative name contained in the certificate.,False
Encryption and Key Management Guideline_v2.0,18.1.2,18.1.2,Match,Match,skipped,Skipped second-pass adjudication because first-pass is an exact match.,It must be verified whether the whole certificate chain (up until the root-CA) is valid.,It must be verified whether the whole certificate chain (up until the root-CA) is valid.,False
Encryption and Key Management Guideline_v2.0,18.1.3,18.1.3,Match,Match,skipped,Skipped second-pass adjudication because first-pass is an exact match.,It must be verified whether the validity of the certificates has not yet expired.,It must be verified whether the validity of the certificates has not yet expired.,False
Encryption and Key Management Guideline_v2.0,18.1.4,18.1.4,Match,Match,skipped,Skipped second-pass adjudication because first-pass is an exact match.,It must be verified whether the certificates are not listed on the Certificate Revocation List (CRL) containing a list of all revoked certificates.,It must be verified whether the certificates are not listed on the Certificate Revocation List (CRL) containing a list of all revoked certificates.,False
Encryption and Key Management Guideline_v2.0,19,19,Content delta: requirement differs,Content delta: requirement differs,confirmed,Confirmed after footnote/reference stripping.,"It must be ensured that all business information transfers use cryptographic measures to meet confidentiality, integrity, authenticity, and non-repudiation requirements, with encryption for ""strictly confidential"" data or Data Crown Jewel [4] being implemented where possible.","It must be ensured that all business information transfers use cryptographic measures to meet confidentiality, integrity, authenticity, and non-repudiation requirements, with encryptionmandatory for ""strictly confidential"" data or ""Data Crown Jewel"" [5] being implemented where possible.",False
Encryption and Key Management Guideline_v2.0,19.1,19.1,Match,Match,skipped,Skipped second-pass adjudication because first-pass is an exact match.,"Solutions for electronic business information transfer must provide adequate protection capabilities by using cryptographic measures to comply with the confidentiality, authenticity, integrity, and non-repudiation requirements of the transferred business information.","Solutions for electronic business information transfer must provide adequate protection capabilities by using cryptographic measures to comply with the confidentiality, authenticity, integrity, and non-repudiation requirements of the transferred business information.",False
Encryption and Key Management Guideline_v2.0,19.2,19.2,Match,Match,skipped,Skipped second-pass adjudication because first-pass is an exact match.,A concept to identify and consider the integrity requirements of the data must be defined and implemented.,A concept to identify and consider the integrity requirements of the data must be defined and implemented.,False
Encryption and Key Management Guideline_v2.0,19.3,19.3,Content delta: requirement differs,Content delta: requirement differs,confirmed,Confirmed after footnote/reference stripping.,"For information which is classified as “strictly confidential” or ""Data Crown Jewel""4, all communication should be encrypted.","For information which is classified as “strictly confidential” or ""Data Crown Jewel"" [5], all communication should be encrypted.",False
Encryption and Key Management Guideline_v2.0,2,2,Match,Match,skipped,Skipped second-pass adjudication because first-pass is an exact match.,"Cryptographic measures selection, implementation must be aligned with recognized standards, applicable legislation, and legal entities’ approval. They must provide sufficient strength and commensurate to applicable data classification.","Cryptographic measures selection, implementation must be aligned with recognized standards, applicable legislation, and legal entities’ approval. They must provide sufficient strength and commensurate to applicable data classification.",False
Encryption and Key Management Guideline_v2.0,2.1,2.1,Match,Match,skipped,Skipped second-pass adjudication because first-pass is an exact match.,Requirements of cryptographic measures regarding strength and quality to be legal entity approved:,Requirements of cryptographic measures regarding strength and quality to be legal entity approved:,False
Encryption and Key Management Guideline_v2.0,2.1.1,2.1.1,Content delta: requirement differs,Content delta: requirement differs,confirmed,Confirmed after footnote/reference stripping.,"Key lengths, encryption schemes and allowed hash functions must comply with the requirements specified in BSI TR 02102-1, 23.01.2026, preferably AES-256 GCM, with the following exemption: the key length for the cryptographic algorithms DLIES, DSA and RSA must be at least 2000 bits and ≥ 3000 bits if possible.","Key lengths, encryption schemes and allowed hash functions must comply with the requirements specified in BSI TR 02102-1, 23.01.2026 [3] , preferably AES-256 GCM, with the following exemption: the key length for the cryptographic algorithms DLIES, DSA and RSA must be at least 2000 bits andshould be ≥ 3000 bits if possible.",False
Encryption and Key Management Guideline_v2.0,2.1.2,2.1.2,Content delta: requirement differs,Content delta: requirement differs,confirmed,Confirmed after footnote/reference stripping.,"The cryptographic measures must be selected in compliance with all relevant agreements, legislations, and regulations as reflected in this guideline, based on recognized international, European, harmonized, or national standards, and the classification of IT Assets.","The cryptographic measures must be selected in compliance with all relevant agreements, legislations, and regulations as reflected in this guideline, based on recognized international, European, harmonized, or national standards as defined in this guideline, and the classification of IT Assets.",False
Encryption and Key Management Guideline_v2.0,2.1.3,2.1.3,Match,Match,skipped,Skipped second-pass adjudication because first-pass is an exact match.,"Requirements regarding certificates for payment services: If certificates are used for the purpose of identification within a payment service, they must rely on qualified certificates for electronic seals or on qualified certificates for website authentication.","Requirements regarding certificates for payment services: If certificates are used for the purpose of identification within a payment service, they must rely on qualified certificates for electronic seals or on qualified certificates for website authentication.",False
Encryption and Key Management Guideline_v2.0,2.1.4,2.1.4,Match,Match,skipped,Skipped second-pass adjudication because first-pass is an exact match.,Requirements regarding key storage: The key storage must be commensurate to the strength and quality of the cryptographic measure used and the use case for which the key is applied.,Requirements regarding key storage: The key storage must be commensurate to the strength and quality of the cryptographic measure used and the use case for which the key is applied.,False
Encryption and Key Management Guideline_v2.0,2.1.5,2.1.5,Match,Match,skipped,Skipped second-pass adjudication because first-pass is an exact match.,"Risk Analysis: Based on the risk analysis, requirements for the strength and quality of the cryptographic measures must be defined, implemented, ensuring that appropriate BSI approved cryptographic measures are applied.","Risk Analysis: Based on the risk analysis, requirements for the strength and quality of the cryptographic measures must be defined, implemented, ensuring that appropriate BSI approved cryptographic measures are applied.",False
Encryption and Key Management Guideline_v2.0,2.2,2.2,Content delta: requirement differs,Content delta: requirement differs,confirmed,Confirmed after footnote/reference stripping.,"It must be ensured that only cryptographic measures approved by legal entity are used (see Control ID 2.1, Selection of cryptographic measures). If these standards cannot be met, mitigation and monitoring measures must be adopted to ensure cyber resiliency.","It must be ensured that only cryptographic measures approved byL legal entity are used (see Control ID 2.1, Selection of cryptographic measures). If these standards cannot be met, mitigation and monitoring measures must be adopted to ensure cyber resiliency.",False
Encryption and Key Management Guideline_v2.0,2.3,2.3,Match,Match,skipped,Skipped second-pass adjudication because first-pass is an exact match.,Requirements regarding key management: All cryptographic certificates which are used to secure the communication should be issued by a Public Key Infrastructure (PKI) with the exception of SSH keys.,Requirements regarding key management: All cryptographic certificates which are used to secure the communication should be issued by a Public Key Infrastructure (PKI) with the exception of SSH keys.,False
Encryption and Key Management Guideline_v2.0,2.4,2.4,Match,Match,skipped,Skipped second-pass adjudication because first-pass is an exact match.,Additional for IT Assets subject to MAS TRMG: Transaction signing must be implemented for authorizing high-risk activities.,Additional for IT Assets subject to MAS TRMG: Transaction signing must be implemented for authorizing high-risk activities.,False
Encryption and Key Management Guideline_v2.0,3,3,Match,Match,skipped,Skipped second-pass adjudication because first-pass is an exact match.,"Cryptographic measures and products must undergo regular assessment, monitoring regarding compliance with applicable standards, legislation, and adherence with developments in cryptanalysis to ensure they remain resilient against cyber threats.","Cryptographic measures and products must undergo regular assessment, monitoring regarding compliance with applicable standards, legislation, and adherence with developments in cryptanalysis to ensure they remain resilient against cyber threats.",False
Encryption and Key Management Guideline_v2.0,3.1,3.1,Match,Match,skipped,Skipped second-pass adjudication because first-pass is an exact match.,The cryptographic measures implemented must be reviewed/ reassessed at least every 12 months.,The cryptographic measures implemented must be reviewed/ reassessed at least every 12 months.,False
Encryption and Key Management Guideline_v2.0,3.2,3.2,Match,Match,skipped,Skipped second-pass adjudication because first-pass is an exact match.,"For cryptographic measures and products which do not meet applicable technical or legal requirements or cannot mitigate applicable threats from cryptanalysis development, the potential risks must be assessed and treated.","For cryptographic measures and products which do not meet applicable technical or legal requirements or cannot mitigate applicable threats from cryptanalysis development, the potential risks must be assessed and treated.",False
Encryption and Key Management Guideline_v2.0,4,4,Match,Match,skipped,Skipped second-pass adjudication because first-pass is an exact match.,"Documentation of cryptographic measures, cryptographic inventory and Cryptographic Bill of Materials (CBOM), PKI architecture, connection paths with corresponding key and certificate register must be established and regularly maintained to ensure proper operation and compliance.","Documentation of cryptographic measures, cryptographic inventory and Cryptographic Bill of Materials (CBOM), PKI architecture, connection paths with corresponding key and certificate register must be established and regularly maintained to ensure proper operation and compliance.",False
Encryption and Key Management Guideline_v2.0,4.1,4.1,Match,Match,skipped,Skipped second-pass adjudication because first-pass is an exact match.,"The cryptographic measures must be documented to ensure that they are safely operated, and an overview of the implemented measures is provided: Details of all algorithms and protocols used for the protection of classified data and the keys used should be documented. More precisely, for algorithms and protocols at least the aspects bit security, protection level, standard as well as usage and for keys the strength, expiry date and usage must be recorded.","The cryptographic measures must be documented to ensure that they are safely operated, and an overview of the implemented measures is provided: Details of all algorithms and protocols used for the protection of classified data and the keys used should be documented. More precisely, for algorithms and protocols at least the aspects bit security, protection level, standard as well as usage and for keys the strength, expiry date and usage must be recorded.",False
Encryption and Key Management Guideline_v2.0,4.2,4.2,Match,Match,skipped,Skipped second-pass adjudication because first-pass is an exact match.,The PKIs must be documented to ensure their safe operation.,The PKIs must be documented to ensure their safe operation.,False
Encryption and Key Management Guideline_v2.0,4.2.1,4.2.1,Match,Match,skipped,Skipped second-pass adjudication because first-pass is an exact match.,"For each PKI a governance model for generation, distribution and management of cryptographic keys must be in place and documented, providing requirements for the complete life cycle of certificates and keys.","For each PKI a governance model for generation, distribution and management of cryptographic keys must be in place and documented, providing requirements for the complete life cycle of certificates and keys.",False
Encryption and Key Management Guideline_v2.0,4.2.2,4.2.2,Match,Match,skipped,Skipped second-pass adjudication because first-pass is an exact match.,"For each certificate authority, methods and processes to be implemented must be described to meet the requirements demanded by the governance model.","For each certificate authority, methods and processes to be implemented must be described to meet the requirements demanded by the governance model.",False
Encryption and Key Management Guideline_v2.0,4.2.3,4.2.3,Match,Match,skipped,Skipped second-pass adjudication because first-pass is an exact match.,"The documentation of PKIs should ensure that the keys are securely managed, conflicts of interest are strictly avoided and a clear role concept with separation of duties is in place to avoid misuse during the creation and administration of cryptographic keys in accordance with Identity and Access Management Guideline.","The documentation of PKIs should ensure that the keys are securely managed, conflicts of interest are strictly avoided and a clear role concept with separation of duties is in place to avoid misuse during the creation and administration of cryptographic keys in accordance with Identity and Access Management Guideline.",False
Encryption and Key Management Guideline_v2.0,4.3,4.3,Match,Match,skipped,Skipped second-pass adjudication because first-pass is an exact match.,Connection paths and corresponding keys without central validation must be documented in an auditable format to ensure proper compliance of authorizations in addition to providing the ability to remediate any access violations.,Connection paths and corresponding keys without central validation must be documented in an auditable format to ensure proper compliance of authorizations in addition to providing the ability to remediate any access violations.,False
Encryption and Key Management Guideline_v2.0,4.4,4.4,Match,Match,skipped,Skipped second-pass adjudication because first-pass is an exact match.,A register for all certificates and certificate-storing devices for at least IT Assets supporting critical or important functions must be in place and up to date.,A register for all certificates and certificate-storing devices for at least IT Assets supporting critical or important functions must be in place and up to date.,False
Encryption and Key Management Guideline_v2.0,4.5,4.5,Content delta: requirement differs,Content delta: requirement differs,confirmed,Confirmed after footnote/reference stripping.,"A cryptographic inventory should be established, implemented, and maintained for all applications and applicable infrastructure components within ICT systems. The cryptographic inventory should represent the authoritative control for documenting, governing, and managing the use of cryptographic measures across the ICT estate. It should be complete, continuously updated, and aligned with the lifecycle of systems and cryptographic assets. At a minimum, the cryptographic inventory should include: ● (31.01.2027) Asset (application or infrastructure component) Owner and responsible organizational unit Description of cryptographic usage and purpose Protocols and cryptographic functions used Location (system, environment, or service) Relevant lifecycle attributes (e.g. creation, validity, rotation or expiry where applicable) A Cryptographic Bill of Materials (CBOM) should be created and maintained for applications and applicable infrastructure components as a supporting artefact to the cryptographic inventory. The CBOM should provide a structured and machine-readable representation of cryptographic components embedded in software and systems and should be used to support the completeness and accuracy of the cryptographic inventory. CBOM should be used as an input source to populate and maintain the cryptographic inventory and appropriate processes should ensure regular synchronization and consistency between CBOM artefacts and the central inventory. At a minimum, the CBOM should include: ● (31.01.2027) Algorithms (including parameters and mode of operation) Cryptographic libraries and modules Key metadata (e.g. key length, usage, and storage location where detectable) Certificates (issuer, subject, signature algorithm, validity period, chain of trust, key usage, and status) Protocol implementations Dependencies between cryptographic components","A cryptographic inventory should be established, implemented, and maintained for all applications and applicable infrastructure components within ICT systems. The cryptographic inventory should represent the authoritative control for documenting, governing, and managing the use of cryptographic measures across the ICT estate. It should be complete, continuously updated, and aligned with the lifecycle of systems and cryptographic assets. At a minimum, the cryptographic inventory should include: ● (31.01.2027) - Asset (application or infrastructure component) - Owner and responsible organizational unit - Description of cryptographic usage and purpose - Protocols and cryptographic functions used - Location (system, environment, or service) - Relevant lifecycle attributes (e.g. creation, validity, rotation or expiry where applicable) A Cryptographic Bill of Materials (CBOM) should be created and maintained for applications and applicable infrastructure components as a supporting artefact to the cryptographic inventory. The CBOM should provide a structured and machine-readable representation of cryptographic components embedded in software and systems and should be used to support the completeness and accuracy of the cryptographic inventory. The CBOM should be used as an input source to populate and maintain the cryptographic inventory, and appropriate processes should ensure regular synchronization and consistency between CBOM artefacts and the central inventory. At a minimum, the CBOM should include: ● (31.01.2027) - Algorithms (including parameters and mode of operation) - Cryptographic libraries and modules - Key metadata (e.g. key length, usage, and storage location where detectable) - Certificates (issuer, subject, signature algorithm, validity period, chain of trust, key usage, and status) - Protocol implementations - Dependencies between cryptographic components",False
Encryption and Key Management Guideline_v2.0,5,5,Match,Match,skipped,Skipped second-pass adjudication because first-pass is an exact match.,Data in transit must be protected in accordance with its classification and risk analysis and exchanged through secure network only.,Data in transit must be protected in accordance with its classification and risk analysis and exchanged through secure network only.,False
Encryption and Key Management Guideline_v2.0,5.1,5.1,Match,Match,skipped,Skipped second-pass adjudication because first-pass is an exact match.,Data in transit must be protected depending on its classification based on the results of the approved data classification and risk analysis.,Data in transit must be protected depending on its classification based on the results of the approved data classification and risk analysis.,False
Encryption and Key Management Guideline_v2.0,5.1.1,5.1.1,Content delta: requirement differs,Content delta: requirement differs,confirmed,Confirmed after footnote/reference stripping.,"If data communicated within internal network is classified as “critical” or “major” with respect to confidentiality and/or integrity and/or authenticity or ""Data Crown Jewel"" or when the visible label of the data is “strictly confidential”, or “confidential”, it should be protected by cryptographic measures.","If data communicated within internal network is classified as “critical” or “major” [4] with respect to confidentiality and/or integrity and/or authenticity or ""Data Crown Jewel"" [5] when the visible label of the data is “strictly confidential” or “confidential”, it should be protected by cryptographic measures.",False
Encryption and Key Management Guideline_v2.0,5.1.2,5.1.2,Match,Match,skipped,Skipped second-pass adjudication because first-pass is an exact match.,"The approach to the data in transit cryptographic protection should consider technical risk analysis for at least the following scenarios: connection from a compromised or malicious software client, connection to a compromised or malicious server, “man-in-the middle” attack, data theft by traffic sniffing.","The approach to the data in transit cryptographic protection should consider technical risk analysis for at least the following scenarios: connection from a compromised or malicious software client, connection to a compromised or malicious server, “man-in-the middle” attack, data theft by traffic sniffing.",False
Encryption and Key Management Guideline_v2.0,5.1.3,5.1.3,Match,Match,skipped,Skipped second-pass adjudication because first-pass is an exact match.,"WLAN: Only access solutions for WLAN must be applied using legal entity approved cryptographic measures to ensure authenticity. Furthermore, the communication must be encrypted (see below, communication within internal network) to provide confidentiality.","WLAN: Only access solutions for WLAN must be applied using legal entity approved cryptographic measures to ensure authenticity. Furthermore, the communication must be encrypted (see below, communication within internal network) to provide confidentiality.",False
Encryption and Key Management Guideline_v2.0,5.1.4,5.1.4,Match,Match,skipped,Skipped second-pass adjudication because first-pass is an exact match.,"Port Security: Secure cryptographic measures should be used to ensured that only legal entity owned assets are connected to internal network (excl. legal entity guests) ensuring that confidentiality, integrity, and authenticity are preserved.","Port Security: Secure cryptographic measures should be used to ensured that only legal entity owned assets are connected to internal network (excl. legal entity guests) ensuring that confidentiality, integrity, and authenticity are preserved.",False
Encryption and Key Management Guideline_v2.0,5.1.5,5.1.5,Match,Match,skipped,Skipped second-pass adjudication because first-pass is an exact match.,"Internet of Things and Operational Technology: Data communication should be protected regarding their confidentiality, integrity, and authenticity either by using the cryptographic measures applied for the communication within internal network, by establishing a Virtual Private Network (VPN) based connection or other equivalent technologies.","Internet of Things and Operational Technology: Data communication should be protected regarding their confidentiality, integrity, and authenticity either by using the cryptographic measures applied for the communication within internal network, by establishing a Virtual Private Network (VPN) based connection or other equivalent technologies.",False
Encryption and Key Management Guideline_v2.0,5.1.6,5.1.6,Match,Match,skipped,Skipped second-pass adjudication because first-pass is an exact match.,"Emails: Emails should be protected regarding confidentiality, integrity and authenticity using legal entity approved cryptographic measures and keys generated and managed by a PKI.","Emails: Emails should be protected regarding confidentiality, integrity and authenticity using legal entity approved cryptographic measures and keys generated and managed by a PKI.",False
Encryption and Key Management Guideline_v2.0,6,6,Match,Match,skipped,Skipped second-pass adjudication because first-pass is an exact match.,Protection of data at rest and rules for encryption of data must be in place and aligned with data classification and risk analysis.,Protection of data at rest and rules for encryption of data must be in place and aligned with data classification and risk analysis.,False
Encryption and Key Management Guideline_v2.0,6.1,6.1,Match,Match,skipped,Skipped second-pass adjudication because first-pass is an exact match.,"Data stored inside of internal infrastructure or legal entity approved data centers must be protected with respect to confidentiality, integrity and authenticity depending on its classification and risk analysis.","Data stored inside of internal infrastructure or legal entity approved data centers must be protected with respect to confidentiality, integrity and authenticity depending on its classification and risk analysis.",False
Encryption and Key Management Guideline_v2.0,6.1.1,6.1.1,Match,Match,skipped,Skipped second-pass adjudication because first-pass is an exact match.,Independent of the classification the following data must be protected by cryptographic measures to preserve confidentiality: personalized security credentials.,Independent of the classification the following data must be protected by cryptographic measures to preserve confidentiality: personalized security credentials.,False
Encryption and Key Management Guideline_v2.0,6.1.2,6.1.2,Content delta: requirement differs,Content delta: requirement differs,confirmed,Confirmed after footnote/reference stripping.,"Data stored within internal infrastructure classified as “critical” or “major”3 with respect to confidentiality and/or integrity and/or authenticity or ""Data Crown Jewel""4 or where the visible label of the data is “strictly confidential” or “confidential”, should be protected by cryptographic measures.","Data stored within internal infrastructure classified as “critical” or “major” [4] with respect to confidentiality and/or integrity and/or authenticity or ""Data Crown Jewel"" [5] where the visible label of the data is “strictly confidential” or “confidential”, should be protected by cryptographic measures.",False
Encryption and Key Management Guideline_v2.0,6.1.3,6.1.3,Match,Match,skipped,Skipped second-pass adjudication because first-pass is an exact match.,"The approach to the data at rest cryptographic protection should consider technical risk assessment for at least the following scenarios: equipment theft, malicious actions of underlying platform administrator.","The approach to the data at rest cryptographic protection should consider technical risk assessment for at least the following scenarios: equipment theft, malicious actions of underlying platform administrator.",False
Encryption and Key Management Guideline_v2.0,6.1.4,6.1.4,Match,Match,skipped,Skipped second-pass adjudication because first-pass is an exact match.,The storage of mobile devices and storage media must be fully encrypted using legal entity approved cryptographic measures to preserve their confidentiality.,The storage of mobile devices and storage media must be fully encrypted using legal entity approved cryptographic measures to preserve their confidentiality.,False
Encryption and Key Management Guideline_v2.0,6.1.5,6.1.5,Match,Match,skipped,Skipped second-pass adjudication because first-pass is an exact match.,"Backups: Backups must be protected from loss of confidentiality, integrity, and authenticity. Depending on the information classification, cryptographic measures must be used.","Backups: Backups must be protected from loss of confidentiality, integrity, and authenticity. Depending on the information classification, cryptographic measures must be used.",False
Encryption and Key Management Guideline_v2.0,6.1.6,6.1.6,Match,Match,skipped,Skipped second-pass adjudication because first-pass is an exact match.,"Archives: Archives must be protected from loss of confidentiality, integrity, and authenticity. Depending on the information classification, cryptographic measures must be used. Furthermore, long-term security must be ensured, data is protected and can be accessed during its entire legally obligated archival period.","Archives: Archives must be protected from loss of confidentiality, integrity, and authenticity. Depending on the information classification, cryptographic measures must be used. Furthermore, long-term security must be ensured, data is protected and can be accessed during its entire legally obligated archival period.",False
Encryption and Key Management Guideline_v2.0,6.1.7,6.1.7,Match,Match,skipped,Skipped second-pass adjudication because first-pass is an exact match.,Stationary Devices: The storage of all Stationary Devices containing critical data should be protected regarding confidentiality using legal entity approved cryptographic measures.,Stationary Devices: The storage of all Stationary Devices containing critical data should be protected regarding confidentiality using legal entity approved cryptographic measures.,False
Encryption and Key Management Guideline_v2.0,6.1.8,6.1.8,Match,Match,skipped,Skipped second-pass adjudication because first-pass is an exact match.,"Internal Servers: File-, database-, mail-, application- and web servers, internal data centers, on-premises clouds as well as collaboration platforms should be protected regarding confidentiality using legal entity approved cryptographic measures providing full disk or partitions encryption.","Internal Servers: File-, database-, mail-, application- and web servers, internal data centers, on-premises clouds as well as collaboration platforms should be protected regarding confidentiality using legal entity approved cryptographic measures providing full disk or partitions encryption.",False
Encryption and Key Management Guideline_v2.0,6.2,6.2,Match,Match,skipped,Skipped second-pass adjudication because first-pass is an exact match.,Data at rest stored outside of internal infrastructure or legal entity approved data centers must be protected depending on its classification and risk analysis.,Data at rest stored outside of internal infrastructure or legal entity approved data centers must be protected depending on its classification and risk analysis.,False
Encryption and Key Management Guideline_v2.0,6.2.1,6.2.1,Content delta: requirement differs,Content delta: requirement differs,confirmed,Confirmed after footnote/reference stripping.,"If data is classified as “minor”, “major” or “critical”3 with respect to confidentiality or ""Data Crown Jewel""4 or when the visible label of the data is “internal”, “external”, “confidential” or “strictly confidential”, it must be encrypted by the legal entity using its approved cryptographic measures, such that only the legal entity can decrypt the data to preserve its confidentiality (the data is stored in encrypted form in external servers).","If data is classified as “minor”, “major” or “critical” with respect to confidentiality [4] or ""Data Crown Jewel"" [5] when the visible label of the data is “internal”, “external”, “confidential” or “strictly confidential”, it must be encrypted by the legal entity using its approved cryptographic measures, such that only the legal entity can decrypt the data to preserve its confidentiality (the data is stored in encrypted form in external servers).",False
Encryption and Key Management Guideline_v2.0,6.2.2,6.2.2,Match,Match,skipped,Skipped second-pass adjudication because first-pass is an exact match.,"The approach to the data at rest cryptographic protection should consider technical risk analysis for at least the following scenarios: equipment theft, malicious actions of underlying platform administrator, cyberattack on the external infrastructure provider.","The approach to the data at rest cryptographic protection should consider technical risk analysis for at least the following scenarios: equipment theft, malicious actions of underlying platform administrator, cyberattack on the external infrastructure provider.",False
Encryption and Key Management Guideline_v2.0,6.2.3,6.2.3,Match,Match,skipped,Skipped second-pass adjudication because first-pass is an exact match.,Legal entity approved cryptographic measures must be used to ensure that only authorized persons access the ICT Systems to preserve integrity and authenticity.,Legal entity approved cryptographic measures must be used to ensure that only authorized persons access the ICT Systems to preserve integrity and authenticity.,False
Encryption and Key Management Guideline_v2.0,7,7,Match,Match,skipped,Skipped second-pass adjudication because first-pass is an exact match.,Protection of data in use must be in place and aligned with data classification and risk analysis.,Protection of data in use must be in place and aligned with data classification and risk analysis.,False
Encryption and Key Management Guideline_v2.0,7.1,7.1,Match,Match,skipped,Skipped second-pass adjudication because first-pass is an exact match.,"Rules for the encryption of data in use must be defined, documented based on the results of the approved data classification and risk analysis, for example, rules for confidential computing.","Rules for the encryption of data in use must be defined, documented based on the results of the approved data classification and risk analysis, for example, rules for confidential computing.",False
Encryption and Key Management Guideline_v2.0,7.2,7.2,Content delta: requirement differs,Content delta: requirement differs,confirmed,Confirmed after footnote/reference stripping.,"In case encryption of data in use is not possible, the data must be processed in a separated and protected environment or take other equivalent measures that ensure confidentiality, integrity, authenticity, and availability of data if possible.","In case encryption of data in use is not possible, the datashould must be processed in a separated and protected environment or take other equivalent measures that ensure confidentiality, integrity, authenticity, and availability of data if possible.",False
Encryption and Key Management Guideline_v2.0,8,8,Match,Match,skipped,Skipped second-pass adjudication because first-pass is an exact match.,It must be ensured that requirements and guidance for cryptographic key management are in place.,It must be ensured that requirements and guidance for cryptographic key management are in place.,False
Encryption and Key Management Guideline_v2.0,8.1,8.1,Match,Match,skipped,Skipped second-pass adjudication because first-pass is an exact match.,"Requirements for cryptographic key management must cover the entire lifecycle of cryptographic keys, including generating, renewing, storing, backing up, archiving, retrieving, transmitting, retiring, revoking, and destroying those cryptographic keys.","Requirements for cryptographic key management must cover the entire lifecycle of cryptographic keys, including generating, renewing, storing, backing up, archiving, retrieving, transmitting, retiring, revoking, and destroying those cryptographic keys.",False
Encryption and Key Management Guideline_v2.0,8.2,8.2,Match,Match,skipped,Skipped second-pass adjudication because first-pass is an exact match.,Requirements must specify how cryptographic keys are correctly used and protected.,Requirements must specify how cryptographic keys are correctly used and protected.,False
Encryption and Key Management Guideline_v2.0,8.3,8.3,Match,Match,skipped,Skipped second-pass adjudication because first-pass is an exact match.,The cryptographic keys should be dedicated to a single purpose.,The cryptographic keys should be dedicated to a single purpose.,False
Encryption and Key Management Guideline_v2.0,8.3.1,8.3.1,Match,Match,skipped,Skipped second-pass adjudication because first-pass is an exact match.,The key should be either used for encryption or for digital signatures.,The key should be either used for encryption or for digital signatures.,False
Encryption and Key Management Guideline_v2.0,8.3.2,8.3.2,Match,Match,skipped,Skipped second-pass adjudication because first-pass is an exact match.,Additional PKI-specific and certificate-related requirements: Certificates used for authentication of users or entities should not be used for digital signatures or non-repudiation.,Additional PKI-specific and certificate-related requirements: Certificates used for authentication of users or entities should not be used for digital signatures or non-repudiation.,False
Encryption and Key Management Guideline_v2.0,8.3.3,8.3.3,Match,Match,skipped,Skipped second-pass adjudication because first-pass is an exact match.,"Where an IT Application uses certificates for user authentication and digital signatures, two separate keys and certificates should be issued to each user.","Where an IT Application uses certificates for user authentication and digital signatures, two separate keys and certificates should be issued to each user.",False
Encryption and Key Management Guideline_v2.0,8.3.4,8.3.4,Match,Match,skipped,Skipped second-pass adjudication because first-pass is an exact match.,If a digital certificate to a key pair is generated it should clearly indicate the intended usage using X509 key usage and extended key usage attributes.,If a digital certificate to a key pair is generated it should clearly indicate the intended usage using X509 key usage and extended key usage attributes.,False
Encryption and Key Management Guideline_v2.0,8.4,8.4,Match,Match,skipped,Skipped second-pass adjudication because first-pass is an exact match.,Customer keys or other master keys must be generated and stored under legal entity control whether on-premises or in the cloud.,Customer keys or other master keys must be generated and stored under legal entity control whether on-premises or in the cloud.,False
Encryption and Key Management Guideline_v2.0,9,9,Match,Match,skipped,Skipped second-pass adjudication because first-pass is an exact match.,It must be ensured that key generation is performed appropriately with sufficient security measures and that generated keys meet applicable strength and quality requirements.,It must be ensured that key generation is performed appropriately with sufficient security measures and that generated keys meet applicable strength and quality requirements.,False
Encryption and Key Management Guideline_v2.0,9.1,9.1,Match,Match,skipped,Skipped second-pass adjudication because first-pass is an exact match.,"The key generation and utilized random number generators must comply with the requirements specified in BSI standards or by using hardware coming with a NIST FIPS 140-2 validation and NIST FIPS 140-3 validation should be used if possible. For detailed requirements on key generation and random number generator, please refer to BSI TR 02102-1, 23.01.2026 and NIST SP 800-90A, 06.2015.","The key generation and utilized random number generators must comply with the requirements specified in BSI standards or by using hardware coming with a NIST FIPS 140-2 validation and NIST FIPS 140-3 validation should be used if possible. For detailed requirements on key generation and random number generator, please refer to BSI TR 02102-1, 23.01.2026 and NIST SP 800-90A, 06.2015.",False
Encryption and Key Management Guideline_v2.0,9.2,9.2,Match,Match,skipped,Skipped second-pass adjudication because first-pass is an exact match.,The security parameters of the keys must be chosen such that they provide the strength and quality demanded by the legal entity.,The security parameters of the keys must be chosen such that they provide the strength and quality demanded by the legal entity.,False
Encryption and Key Management Guideline_v2.0,9.3,9.3,Match,Match,skipped,Skipped second-pass adjudication because first-pass is an exact match.,"When keys used in the Red Segregation Area are generated, at least two persons should be present and provide a formal documentation of the steps performed.","When keys used in the Red Segregation Area are generated, at least two persons should be present and provide a formal documentation of the steps performed.",False
Encryption and Key Management Guideline_v2.0,9.4,9.4,Match,Match,skipped,Skipped second-pass adjudication because first-pass is an exact match.,"If users generate their own keys, they should be guided in generating key material, especially when they decide for parameters or add randomness.","If users generate their own keys, they should be guided in generating key material, especially when they decide for parameters or add randomness.",False
Encryption and Key Management Guideline_v2.0,9.5,9.5,Match,Match,skipped,Skipped second-pass adjudication because first-pass is an exact match.,Keys should only be created with the intent of establishing an approved trust relationship and must be deleted if approval of the request has been denied or revoked.,Keys should only be created with the intent of establishing an approved trust relationship and must be deleted if approval of the request has been denied or revoked.,False
Encryption and Key Management Guideline_v2.0,9.6,9.6,Match,Match,skipped,Skipped second-pass adjudication because first-pass is an exact match.,Additional PKI-specific and certificate-related requirements:,Additional PKI-specific and certificate-related requirements:,False
Encryption and Key Management Guideline_v2.0,9.6.1,9.6.1,Match,Match,skipped,Skipped second-pass adjudication because first-pass is an exact match.,The key generation must be carried out using a secure cryptographic key generator.,The key generation must be carried out using a secure cryptographic key generator.,False
Encryption and Key Management Guideline_v2.0,9.6.2,9.6.2,Match,Match,skipped,Skipped second-pass adjudication because first-pass is an exact match.,"The hardware used to generate the keys must be protected against unauthorized access, theft, or damage by appropriate physical and organizational measures.","The hardware used to generate the keys must be protected against unauthorized access, theft, or damage by appropriate physical and organizational measures.",False
Encryption and Key Management Guideline_v2.0,9.6.3,9.6.3,Match,Match,skipped,Skipped second-pass adjudication because first-pass is an exact match.,Key-encrypting keys (keys used to protect multiple keys) must be at least as strong as the data-encrypting keys they protect.,Key-encrypting keys (keys used to protect multiple keys) must be at least as strong as the data-encrypting keys they protect.,False
Encryption and Key Management Guideline_v2.0,9.6.4,9.6.4,Match,Match,skipped,Skipped second-pass adjudication because first-pass is an exact match.,"After key generation, all data used during this process should be destroyed.","After key generation, all data used during this process should be destroyed.",False
Encryption and Key Management Guideline_v2.0,9.6.5,9.6.5,Match,Match,skipped,Skipped second-pass adjudication because first-pass is an exact match.,"For long-living keys or sensitive keys, it should be ensured that no single individual knows the key in its entirety or has access to all the components generating the keys.","For long-living keys or sensitive keys, it should be ensured that no single individual knows the key in its entirety or has access to all the components generating the keys.",False
Encryption and Key Management Guideline_v2.0,9.7,9.7,Match,Match,skipped,Skipped second-pass adjudication because first-pass is an exact match.,Additional SSH-key-related requirements:,Additional SSH-key-related requirements:,False
Encryption and Key Management Guideline_v2.0,9.7.1,9.7.1,Match,Match,skipped,Skipped second-pass adjudication because first-pass is an exact match.,"SSH-keys generation must be carried out using a secure cryptographic key generator, which ensures enough randomness and prevents manipulation.","SSH-keys generation must be carried out using a secure cryptographic key generator, which ensures enough randomness and prevents manipulation.",False
Encryption and Key Management Guideline_v2.0,9.7.2,9.7.2,Match,Match,skipped,Skipped second-pass adjudication because first-pass is an exact match.,SSH-key pairs should be created on the source system where the private key remains.,SSH-key pairs should be created on the source system where the private key remains.,False
Encryption and Key Management Guideline_v2.0,9.7.3,9.7.3,Match,Match,skipped,Skipped second-pass adjudication because first-pass is an exact match.,Least privilege principle and measures to reduce risks related to misuse should be technically enforced for generated SSH-keys.,Least privilege principle and measures to reduce risks related to misuse should be technically enforced for generated SSH-keys.,False
Human-related ICT Management Guideline_v2.0,1,1,Match,Match,skipped,Skipped second-pass adjudication because first-pass is an exact match.,"Procedures for screening and verifying candidates before employment must be defined, implemented, managed, and controlled.","Procedures for screening and verifying candidates before employment must be defined, implemented, managed, and controlled.",False
Human-related ICT Management Guideline_v2.0,1.1,1.1,Match,Match,skipped,Skipped second-pass adjudication because first-pass is an exact match.,Procedures for screening and verification must be documented and reviewed at least every 12 months. The procedures must at least consider: The candidate’s curriculum vitae and criminal records Claimed academic and professional qualifications Independent identity verification External references for employees with executive employment contracts (for Level 5 and above),Procedures for screening and verification must be documented and reviewed at least every 12 months. The procedures must at least consider: - The candidate’s curriculum vitae and criminal records - Claimed academic and professional qualifications - Independent identity verification - External references for employees with executive employment contracts (for Level 5 and above),False
Human-related ICT Management Guideline_v2.0,2,2,Match,Match,skipped,Skipped second-pass adjudication because first-pass is an exact match.,Contractual obligations must consider the organization’s demand on information security to ensure adherence and to prevent information leakage.,Contractual obligations must consider the organization’s demand on information security to ensure adherence and to prevent information leakage.,False
Human-related ICT Management Guideline_v2.0,2.1,2.1,Match,Match,skipped,Skipped second-pass adjudication because first-pass is an exact match.,The contractual obligations for personnel must take into consideration the organization’s information security Policies and Guidelines and their adherence to these.,The contractual obligations for personnel must take into consideration the organization’s information security Policies and Guidelines and their adherence to these.,False
Human-related ICT Management Guideline_v2.0,2.2,2.2,Match,Match,skipped,Skipped second-pass adjudication because first-pass is an exact match.,Confidentiality or non-disclosure agreements must be signed prior to being given access to information and other associated assets.,Confidentiality or non-disclosure agreements must be signed prior to being given access to information and other associated assets.,False
Human-related ICT Management Guideline_v2.0,3,3,Match,Match,skipped,Skipped second-pass adjudication because first-pass is an exact match.,"It must be ensured that the ICT security awareness program and DOR training fulfil the general requirements in terms of target group, content and necessary adjustments.","It must be ensured that the ICT security awareness program and DOR training fulfil the general requirements in terms of target group, content and necessary adjustments.",False
Human-related ICT Management Guideline_v2.0,3.1,3.1,Match,Match,skipped,Skipped second-pass adjudication because first-pass is an exact match.,The following must apply to all employees of legal entities and ICT third-party service providers who either use or have access to the IT and non-IT Assets of the legal entity:,The following must apply to all employees of legal entities and ICT third-party service providers who either use or have access to the IT and non-IT Assets of the legal entity:,False
Human-related ICT Management Guideline_v2.0,3.1.1,3.1.1,Match,Match,skipped,Skipped second-pass adjudication because first-pass is an exact match.,"They must be aware of information security requirements derived from relevant security Policies, Guidelines and Procedures and comply with them in their daily work.","They must be aware of information security requirements derived from relevant security Policies, Guidelines and Procedures and comply with them in their daily work.",False
Human-related ICT Management Guideline_v2.0,3.1.2,3.1.2,Match,Match,skipped,Skipped second-pass adjudication because first-pass is an exact match.,"They must be aware of reporting channels for the detection of anomalous behavior, including reporting channels for whistleblowing.","They must be aware of reporting channels for the detection of anomalous behavior, including reporting channels for whistleblowing.",False
Human-related ICT Management Guideline_v2.0,3.2,3.2,Match,Match,skipped,Skipped second-pass adjudication because first-pass is an exact match.,ICT security awareness program and DOR training that cover ICT security obligations and raise awareness of ICT risks among all employees must be defined.,ICT security awareness program and DOR training that cover ICT security obligations and raise awareness of ICT risks among all employees must be defined.,False
Human-related ICT Management Guideline_v2.0,3.3,3.3,Match,Match,skipped,Skipped second-pass adjudication because first-pass is an exact match.,"The ICT security awareness program and DOR training must include at least the following information: Personal responsibility for own actions and omissions and general responsibilities to protect IT and non-IT Assets. Fundamental information security obligations (such as reporting ICT-related incidents), generally applicable security measures and information on behavior when security-relevant events occur. Prevalent and emerging cyber threats and risks.","The ICT security awareness program and DOR training must include at least the following information: - Personal responsibility for own actions and omissions and general responsibilities to protect IT and non-IT Assets. - Fundamental information security obligations (such as reporting ICT-related incidents), generally applicable security measures and information on behavior when security-relevant events occur. - Prevalent and emerging cyber threats and risks.",False
Human-related ICT Management Guideline_v2.0,3.4,3.4,Match,Match,skipped,Skipped second-pass adjudication because first-pass is an exact match.,The ICT security awareness program and DOR training must be developed and provided for at least the following target groups:,The ICT security awareness program and DOR training must be developed and provided for at least the following target groups:,False
Human-related ICT Management Guideline_v2.0,3.4.1,3.4.1,Match,Match,skipped,Skipped second-pass adjudication because first-pass is an exact match.,All employees of the legal entity.,All employees of the legal entity.,False
Human-related ICT Management Guideline_v2.0,3.4.2,3.4.2,Match,Match,skipped,Skipped second-pass adjudication because first-pass is an exact match.,The management body of the legal entity.,The management body of the legal entity.,False
Human-related ICT Management Guideline_v2.0,3.4.3,3.4.3,Match,Match,skipped,Skipped second-pass adjudication because first-pass is an exact match.,"Third-party service providers must be included in the ICT security awareness program and DOR training where appropriate and applicable, when: an ICT-related incident for which an Incident Management Meeting (IMM) or Incident Classification Meeting (ICM) has been conducted, and an Incident Statement has been created, where: the incident was caused by a third party due to a lack of awareness or negligent/unintentional behavior; or the prescribed remediation measures include awareness or training activities; or contractual obligations regarding ICT security awareness training have not been fulfilled, and the third party is unable to provide a plan with appropriate mitigating actions.","Third-party service providers must be included in the ICT security awareness program and DOR training where appropriate and applicable, when: an ICT-related incident for which an Incident Management Meeting (IMM) or Incident Classification Meeting (ICM) has been conducted, and an Incident Statement has been created, where: the incident was caused by a third party due to a lack of awareness or negligent/unintentional behavior; or the prescribed remediation measures include awareness or training activities; or contractual obligations regarding ICT security awareness training have not been fulfilled, and the third party is unable to provide a plan with appropriate mitigating actions.",False
Human-related ICT Management Guideline_v2.0,3.5,3.5,Match,Match,skipped,Skipped second-pass adjudication because first-pass is an exact match.,"The ICT security awareness program, AI awareness and literacy program where applicable and possible, and DOR training must be provided, reviewed and updated at least once every 12 months and must be kept consistent with the Policies and Guidelines.","The ICT security awareness program, AI awareness and literacy program where applicable and possible, and DOR training must be provided, reviewed and updated at least once every 12 months and must be kept consistent with the Policies and Guidelines.",False
Human-related ICT Management Guideline_v2.0,4,4,Match,Match,skipped,Skipped second-pass adjudication because first-pass is an exact match.,"It must be ensured that structured training is provided, ranging from medium to the highest level of complexity, which builds DOR capabilities by equipping both specialists and all employees, including the management body, with technical and other relevant skills to adequately deal with ICT disruptions and other relevant ICT-related challenges.","It must be ensured that structured training is provided, ranging from medium to the highest level of complexity, which builds DOR capabilities by equipping both specialists and all employees, including the management body, with technical and other relevant skills to adequately deal with ICT disruptions and other relevant ICT-related challenges.",False
Human-related ICT Management Guideline_v2.0,4.1,4.1,Match,Match,skipped,Skipped second-pass adjudication because first-pass is an exact match.,"The level of complexity of the DOR training must be tailored to the functions of the internal employees, management body or employees of third-party service providers.","The level of complexity of the DOR training must be tailored to the functions of the internal employees, management body or employees of third-party service providers.",False
Human-related ICT Management Guideline_v2.0,4.2,4.2,Match,Match,skipped,Skipped second-pass adjudication because first-pass is an exact match.,The following must apply to employees for whom it is relevant by virtue of their role or responsibilities:,The following must apply to employees for whom it is relevant by virtue of their role or responsibilities:,False
Human-related ICT Management Guideline_v2.0,4.2.1,4.2.1,Match,Match,skipped,Skipped second-pass adjudication because first-pass is an exact match.,"Regarding KRITIS services, regular and documented instruction must be provided regarding the secure configuration and operation of the IT applications and infrastructure required for the critical service, including mobile devices.","Regarding KRITIS services, regular and documented instruction must be provided regarding the secure configuration and operation of the IT applications and infrastructure required for the critical service, including mobile devices.",False
Human-related ICT Management Guideline_v2.0,4.2.2,4.2.2,Match,Match,skipped,Skipped second-pass adjudication because first-pass is an exact match.,"Where applicable, regular awareness and training requirements must be established for specific roles, such as users of information systems and services, legal entity IT operations and Information Security 1st LoD, which require adequate and technical knowledge of ICT risks and security measures.","Where applicable, regular awareness and training requirements must be established for specific roles, such as users of information systems and services, legal entity IT operations and Information Security 1st LoD, which require adequate and technical knowledge of ICT risks and security measures.",False
Human-related ICT Management Guideline_v2.0,4.2.3,4.2.3,Match,Match,skipped,Skipped second-pass adjudication because first-pass is an exact match.,"Additional needs for training or awareness measures, e.g., for employees with privileged access, for secure coding, or against phishing attacks, should be considered.","Additional needs for training or awareness measures, e.g., for employees with privileged access, for secure coding, or against phishing attacks, should be considered.",False
Human-related ICT Management Guideline_v2.0,5,5,Content delta: requirement differs,Content delta: requirement differs,confirmed,Confirmed after footnote/reference stripping.,"A comprehensive and role-specific AI literacy program must be established, maintained, and continuously improved to ensure that all personnel involved in the AI system lifecycle possess the necessary competence, awareness, and understanding of AI-related risks, ethics, and operational responsibilities. Governance on educational program","A comprehensive and role-specific AI literacy program must be established, maintained, and continuously improved to ensure that all personnel involved in the AI system lifecycle possess the necessary competence, awareness, and understanding of AI-related risks, ethics, and operational responsibilities.",False
Human-related ICT Management Guideline_v2.0,5.1,5.1,Match,Match,skipped,Skipped second-pass adjudication because first-pass is an exact match.,An AI literacy/educational program must be established and documented.,An AI literacy/educational program must be established and documented.,False
Human-related ICT Management Guideline_v2.0,5.2,5.2,Match,Match,skipped,Skipped second-pass adjudication because first-pass is an exact match.,"Roles and responsibilities related to AI literacy/education must be assigned, documented, and communicated across the organization.","Roles and responsibilities related to AI literacy/education must be assigned, documented, and communicated across the organization.",False
Human-related ICT Management Guideline_v2.0,5.3,5.3,Content delta: requirement differs,Content delta: requirement differs,confirmed,Confirmed after footnote/reference stripping.,"The AI literacy/educational program should reference other relevant organizational policies and be available to interested parties, as appropriate. Competence and Qualification","The AI literacy/educational program should reference other relevant organizational policies and be available to interested parties, as appropriate.",False
Human-related ICT Management Guideline_v2.0,5.4,5.4,Content delta: requirement differs,Content delta: requirement differs,confirmed,Confirmed after footnote/reference stripping.,"Security education AI Risk & Threat awareness for technical roles for data scientists and development teams on AI threat awareness, including attacks on models, must should be established. Awareness and Training","Security education AI Risk & Threat awareness for technical roles for data scientists and development teams on AI threat awareness, including attacks on models, should be established.",False
Human-related ICT Management Guideline_v2.0,5.5,5.5,Match,Match,skipped,Skipped second-pass adjudication because first-pass is an exact match.,"All engineers, including data scientists, should attend appropriate training before developing AI systems.","All engineers, including data scientists, should attend appropriate training before developing AI systems.",False
Human-related ICT Management Guideline_v2.0,5.6,5.6,Match,Match,skipped,Skipped second-pass adjudication because first-pass is an exact match.,"Training programs should be tailored to roles and include topics such as AI fundamentals, ethical considerations, data privacy and security, model development, human-centered design, and AI system applications.","Training programs should be tailored to roles and include topics such as AI fundamentals, ethical considerations, data privacy and security, model development, human-centered design, and AI system applications.",False
Human-related ICT Management Guideline_v2.0,6,6,Match,Match,skipped,Skipped second-pass adjudication because first-pass is an exact match.,"It must be ensured that the ICT security awareness program, relevant AI awareness and literacy training where applicable, and DOR training are performed, monitored and reported.","It must be ensured that the ICT security awareness program, relevant AI awareness and literacy training where applicable, and DOR training are performed, monitored and reported.",False
Human-related ICT Management Guideline_v2.0,6.1,6.1,Match,Match,skipped,Skipped second-pass adjudication because first-pass is an exact match.,"ICT risk awareness, AI awareness and literacy training where required by role and where possible, and DOR training must be completed at least on an annual basis, by the end of each calendar year and compliance must be monitored. For certain programs, such as DOR training, adherence to year-end completion schedule will apply to training cycle commencing in the upcoming calendar year.","ICT risk awareness, AI awareness and literacy training where required by role and where possible, and DOR training must be completed at least on an annual basis, by the end of each calendar year and compliance must be monitored. For certain programs, such as DOR training, adherence to year-end completion schedule will apply to training cycle commencing in the upcoming calendar year.",False
Human-related ICT Management Guideline_v2.0,6.2,6.2,Match,Match,skipped,Skipped second-pass adjudication because first-pass is an exact match.,"Standard reporting, for AI awareness and literacy training where applicable and possible, regarding training participation must be available.","Standard reporting, for AI awareness and literacy training where applicable and possible, regarding training participation must be available.",False
Human-related ICT Management Guideline_v2.0,7,7,Match,Match,skipped,Skipped second-pass adjudication because first-pass is an exact match.,Compliance of employees with legal entity’s information security requirements must be enforced and the disciplinary consequences must be made transparent.,Compliance of employees with legal entity’s information security requirements must be enforced and the disciplinary consequences must be made transparent.,False
Human-related ICT Management Guideline_v2.0,8,8,Match,Match,skipped,Skipped second-pass adjudication because first-pass is an exact match.,"A process must be designed, implemented, managed, and controlled to ensure that all assets are returned to the organization and access rights are deactivated and revoked upon termination of employment.","A process must be designed, implemented, managed, and controlled to ensure that all assets are returned to the organization and access rights are deactivated and revoked upon termination of employment.",False
Human-related ICT Management Guideline_v2.0,9,9,Match,Match,skipped,Skipped second-pass adjudication because first-pass is an exact match.,It must be ensured that access rights are adjusted accordingly in the event of changes to employment.,It must be ensured that access rights are adjusted accordingly in the event of changes to employment.,False
Human-related ICT Management Guideline_v2.0,9.1,9.1,Match,Match,skipped,Skipped second-pass adjudication because first-pass is an exact match.,The following Information Security requirements relevant for changes of employment must be fulfilled:,The following Information Security requirements relevant for changes of employment must be fulfilled:,False
Human-related ICT Management Guideline_v2.0,9.1.1,9.1.1,Match,Match,skipped,Skipped second-pass adjudication because first-pass is an exact match.,Access rights for employees must be aligned with their positions and must be reviewed and adjusted according to the control requirements in the Identity and Access Management Guideline.,Access rights for employees must be aligned with their positions and must be reviewed and adjusted according to the control requirements in the Identity and Access Management Guideline.,False
Human-related ICT Management Guideline_v2.0,9.1.2,9.1.2,Match,Match,skipped,Skipped second-pass adjudication because first-pass is an exact match.,"For employees that: Change the company Change the position (for example due to work content or employment status changes like from student to employee) Change their contract (from fixed term to permanent) in combination with a company/position change Perform a Career Track Change (in combination with a company/position change) Are promoted in combination with a company/position change access rights to primary and secondary assets, excluding the birth right roles, must be reviewed and adjusted (if necessary).","For employees that: - Change the company - Change the position (for example due to work content or employment status changes like from student to employee) - Change their contract (from fixed term to permanent) in combination with a company/position change - Perform a Career Track Change (in combination with a company/position change) - Are promoted in combination with a company/position change access rights to primary and secondary assets, excluding the birth right roles, must be reviewed and adjusted (if necessary).",False
Human-related ICT Management_v2.0,7.1,7.1,Missing in DOCX,Missing in DOCX,confirmed,Confirmed missing after second-pass check.,,Compliance of employees with legal entity’s information security requirements must be enforced and the disciplinary consequences must be made transparent.,False
Human-related ICT Management_v2.0,8.1,8.1,Missing in DOCX,Missing in DOCX,confirmed,Confirmed missing after second-pass check.,,"A process must be designed, implemented, managed, and controlled to ensure that all assets are returned to the organization and access rights are deactivated and revoked upon termination of employment.",False
ICT Asset Management Guideline_v2.0,1,1,Match,Match,skipped,Skipped second-pass adjudication because first-pass is an exact match.,It must be ensured that ICT Asset Management procedures are in place that manage IT Assets and non-IT Assets throughout their entire lifecycle.,It must be ensured that ICT Asset Management procedures are in place that manage IT Assets and non-IT Assets throughout their entire lifecycle.,False
ICT Asset Management Guideline_v2.0,1.1,1.1,Match,Match,skipped,Skipped second-pass adjudication because first-pass is an exact match.,"ICT Asset Management procedures must be in place to manage all IT Assets and, where applicable, non-IT Assets.","ICT Asset Management procedures must be in place to manage all IT Assets and, where applicable, non-IT Assets.",False
ICT Asset Management Guideline_v2.0,1.2,1.2,Match,Match,skipped,Skipped second-pass adjudication because first-pass is an exact match.,"The procedures must ensure complete and accurate management of IT Assets and, where applicable, non-IT Assets.","The procedures must ensure complete and accurate management of IT Assets and, where applicable, non-IT Assets.",False
ICT Asset Management Guideline_v2.0,1.3,1.3,Match,Match,skipped,Skipped second-pass adjudication because first-pass is an exact match.,"It must be ensured that the IT Assets fulfil all required technical prerequisites (e.g. safety requirements and procedures, CE marking etc.).","It must be ensured that the IT Assets fulfil all required technical prerequisites (e.g. safety requirements and procedures, CE marking etc.).",False
ICT Asset Management Guideline_v2.0,1.4,1.4,Match,Match,skipped,Skipped second-pass adjudication because first-pass is an exact match.,"Each Legal Entity using an IT Asset and, where applicable, non-IT Asset must define protection needs of this asset from the Legal Entities perspective.","Each Legal Entity using an IT Asset and, where applicable, non-IT Asset must define protection needs of this asset from the Legal Entities perspective.",False
ICT Asset Management Guideline_v2.0,10,10,Match,Match,skipped,Skipped second-pass adjudication because first-pass is an exact match.,"It must be ensured that configuration items (CI), a subset of IT Assets under configuration control, are managed.","It must be ensured that configuration items (CI), a subset of IT Assets under configuration control, are managed.",False
ICT Asset Management Guideline_v2.0,10.1,10.1,Match,Match,skipped,Skipped second-pass adjudication because first-pass is an exact match.,Additions and removals of configurations items (CI) of IT Assets must be recorded.,Additions and removals of configurations items (CI) of IT Assets must be recorded.,False
ICT Asset Management Guideline_v2.0,10.2,10.2,Match,Match,skipped,Skipped second-pass adjudication because first-pass is an exact match.,Changes to existing CIs and CI information must be recorded.,Changes to existing CIs and CI information must be recorded.,False
ICT Asset Management Guideline_v2.0,11,11,Match,Match,skipped,Skipped second-pass adjudication because first-pass is an exact match.,It must be ensured that software licenses are managed.,It must be ensured that software licenses are managed.,False
ICT Asset Management Guideline_v2.0,11.1,11.1,Match,Match,skipped,Skipped second-pass adjudication because first-pass is an exact match.,All software licenses (‘free and open’ and non-free) must be managed in line with business requirements. Software license requirements and limitations have to be actively managed by the business owner.,All software licenses (‘free and open’ and non-free) must be managed in line with business requirements. Software license requirements and limitations have to be actively managed by the business owner.,False
ICT Asset Management Guideline_v2.0,2,2,Match,Match,skipped,Skipped second-pass adjudication because first-pass is an exact match.,It must be ensured that roles and responsibilities during the ICT Asset Management process are clearly defined.,It must be ensured that roles and responsibilities during the ICT Asset Management process are clearly defined.,False
ICT Asset Management Guideline_v2.0,2.1,2.1,Match,Match,skipped,Skipped second-pass adjudication because first-pass is an exact match.,"It must be ensured that responsibilities during the ICT Asset Lifecycle are clearly defined, and the required resources are made available.","It must be ensured that responsibilities during the ICT Asset Lifecycle are clearly defined, and the required resources are made available.",False
ICT Asset Management Guideline_v2.0,2.2,2.2,Match,Match,skipped,Skipped second-pass adjudication because first-pass is an exact match.,Segregation of Duties must be applied to reduce opportunities for unauthorized or unintentional modification or misuse of IT Assets.,Segregation of Duties must be applied to reduce opportunities for unauthorized or unintentional modification or misuse of IT Assets.,False
ICT Asset Management Guideline_v2.0,3,3,Match,Match,skipped,Skipped second-pass adjudication because first-pass is an exact match.,It must be ensured that Asset Owner and Information Owner are in place for all Primary and Secondary Assets.,It must be ensured that Asset Owner and Information Owner are in place for all Primary and Secondary Assets.,False
ICT Asset Management Guideline_v2.0,3.1,3.1,Match,Match,skipped,Skipped second-pass adjudication because first-pass is an exact match.,All Primary and Secondary Assets must have a dedicated Asset Owner.,All Primary and Secondary Assets must have a dedicated Asset Owner.,False
ICT Asset Management Guideline_v2.0,3.2,3.2,Match,Match,skipped,Skipped second-pass adjudication because first-pass is an exact match.,Ownership for Primary and Secondary Assets must be assigned when an asset is created or when assets are acquired or transferred to a legal entity.,Ownership for Primary and Secondary Assets must be assigned when an asset is created or when assets are acquired or transferred to a legal entity.,False
ICT Asset Management Guideline_v2.0,3.3,3.3,Match,Match,skipped,Skipped second-pass adjudication because first-pass is an exact match.,Asset ownership must be reassigned as necessary when current Asset Owners or Information Owners leave or change job roles.,Asset ownership must be reassigned as necessary when current Asset Owners or Information Owners leave or change job roles.,False
ICT Asset Management Guideline_v2.0,3.4,3.4,Match,Match,skipped,Skipped second-pass adjudication because first-pass is an exact match.,An Information Owner must be nominated to perform the tasks outlined in this Guideline for the respective legal entity.,An Information Owner must be nominated to perform the tasks outlined in this Guideline for the respective legal entity.,False
ICT Asset Management Guideline_v2.0,3.5,3.5,Match,Match,skipped,Skipped second-pass adjudication because first-pass is an exact match.,"The Information Owner for information assets and the Asset Owner for all assets must be accountable for the proper management of an asset over the whole asset lifecycle, including: Ensuring that assets within their scope are appropriately identified, classified, maintained, and updated annually or in case of changes Ensuring that assets within their scope are appropriately handled and protected across the asset lifecycle in accordance with the defined requirements in all valid ICT Risk Guidelines Ensuring that their missing, stolen, or compromised assets (including non-IT assets where applicable) are reported immediately, in accordance with the relevant procedures.","The Information Owner for information assets and the Asset Owner for all assets must be accountable for the proper management of an asset over the whole asset lifecycle, including: - Ensuring that assets within their scope are appropriately identified, classified, maintained, and updated annually or in case of changes - Ensuring that assets within their scope are appropriately handled and protected across the asset lifecycle in accordance with the defined requirements in all valid ICT Risk Guidelines - Ensuring that their missing, stolen, or compromised assets (including non-IT assets where applicable) are reported immediately, in accordance with the relevant procedures.",False
ICT Asset Management Guideline_v2.0,4,4,Match,Match,skipped,Skipped second-pass adjudication because first-pass is an exact match.,"It must be ensured that an accurate and up-to-date asset Inventory is in place, covering all relevant information.","It must be ensured that an accurate and up-to-date asset Inventory is in place, covering all relevant information.",False
ICT Asset Management Guideline_v2.0,4.1,4.1,Match,Match,skipped,Skipped second-pass adjudication because first-pass is an exact match.,All Primary Assets and Secondary Assets must be inventoried in a dedicated inventory.,All Primary Assets and Secondary Assets must be inventoried in a dedicated inventory.,False
ICT Asset Management Guideline_v2.0,4.2,4.2,Match,Match,skipped,Skipped second-pass adjudication because first-pass is an exact match.,"The asset inventory must be kept complete, accurate, up to date, consistent and aligned with other relevant inventories.","The asset inventory must be kept complete, accurate, up to date, consistent and aligned with other relevant inventories.",False
ICT Asset Management Guideline_v2.0,4.3,4.3,Match,Match,skipped,Skipped second-pass adjudication because first-pass is an exact match.,The asset inventory must be reviewed for updates at defined intervals or in case of significant changes.,The asset inventory must be reviewed for updates at defined intervals or in case of significant changes.,False
ICT Asset Management Guideline_v2.0,4.4,4.4,Match,Match,skipped,Skipped second-pass adjudication because first-pass is an exact match.,"Where applicable, appropriate scanning methods for IT Assets must be in place to ensure the completeness of the asset inventory.","Where applicable, appropriate scanning methods for IT Assets must be in place to ensure the completeness of the asset inventory.",False
ICT Asset Management Guideline_v2.0,4.5,4.5,Match,Match,skipped,Skipped second-pass adjudication because first-pass is an exact match.,"For Primary Assets and Secondary Assets, the asset inventory must include, at a minimum, the following information for each asset: Unique Asset ID Asset Type Asset Owner and, where applicable, Information Owner Supported business functions or services Links and interdependencies between assets and the business functions utilizing them Legal Entity owning and using the asset Asset Classification Comprehensive asset lifecycle history, including change logs (user, timestamp) and review cycles Tagging of KRITIS-relevant assets Tag if asset is CIF / DORA-relevant Where applicable, Information on physical location Where applicable, documented warranty and support contract details, including end dates","For Primary Assets and Secondary Assets, the asset inventory must include, at a minimum, the following information for each asset: - Unique Asset ID - Asset Type - Asset Owner and, where applicable, Information Owner - Supported business functions or services - Links and interdependencies between assets and the business functions utilizing them - Legal Entity owning and using the asset - Asset Classification - Comprehensive asset lifecycle history, including change logs (user, timestamp) and review cycles - Tagging of KRITIS-relevant assets - Tag if asset is CIF / DORA-relevant - Where applicable, Information on physical location - Where applicable, documented warranty and support contract details, including end dates",False
ICT Asset Management Guideline_v2.0,4.6,4.6,Match,Match,skipped,Skipped second-pass adjudication because first-pass is an exact match.,"Additionally for IT Assets the asset inventory must further include, at a minimum, the following information for each asset: Network exposure details (if IT asset can be or is exposed to external networks, including the internet) ICT business continuity requirements (RTO and RPO) Asset configuration Software technology and version (e.g. Windows Server, OracleDB) Information on physical or logical location (including information on network addresses (IP, VIP) where applicable) Tagging of legacy ICT Systems End dates of the ICT third-party regular, extended, and custom support services after which those ICT assets are no longer supported Tagging of AI usage","Additionally for IT Assets the asset inventory must further include, at a minimum, the following information for each asset: - Network exposure details (if IT asset can be or is exposed to external networks, including the internet) - ICT business continuity requirements (RTO and RPO) - Asset configuration - Software technology and version (e.g. Windows Server, OracleDB) - Information on physical or logical location (including information on network addresses (IP, VIP) where applicable) - Tagging of legacy ICT Systems - End dates of the ICT third-party regular, extended, and custom support services after which those ICT assets are no longer supported - Tagging of AI usage",False
ICT Asset Management Guideline_v2.0,4.7,4.7,Match,Match,skipped,Skipped second-pass adjudication because first-pass is an exact match.,The inclusion of additional relevant tags for assets in the Asset Inventory should be considered in the procedures (e.g. tagging of cloud components).,The inclusion of additional relevant tags for assets in the Asset Inventory should be considered in the procedures (e.g. tagging of cloud components).,False
ICT Asset Management Guideline_v2.0,4.8,4.8,Match,Match,skipped,Skipped second-pass adjudication because first-pass is an exact match.,The asset inventory must be available for review and audit by the organization according to business needs.,The asset inventory must be available for review and audit by the organization according to business needs.,False
ICT Asset Management Guideline_v2.0,4.9,4.9,Match,Match,skipped,Skipped second-pass adjudication because first-pass is an exact match.,"For AI Models, AI Agents and AI Systems: additional attributes must be maintained as defined in ICT Risk AI Guideline.","For AI Models, AI Agents and AI Systems: additional attributes must be maintained as defined in ICT Risk AI Guideline.",False
ICT Asset Management Guideline_v2.0,5,5,Match,Match,skipped,Skipped second-pass adjudication because first-pass is an exact match.,"It must be ensured that the criticality of all IT Assets and, where applicable, non-IT Assets is assessed.","It must be ensured that the criticality of all IT Assets and, where applicable, non-IT Assets is assessed.",False
ICT Asset Management Guideline_v2.0,5.1,5.1,Match,Match,skipped,Skipped second-pass adjudication because first-pass is an exact match.,"A process must be established to assess the criticality of IT Assets and, where applicable, non-IT Assets that support business functions by the LEs owning the Information Assets that are processed by the Secondary Assets.","A process must be established to assess the criticality of IT Assets and, where applicable, non-IT Assets that support business functions by the LEs owning the Information Assets that are processed by the Secondary Assets.",False
ICT Asset Management Guideline_v2.0,5.2,5.2,Match,Match,skipped,Skipped second-pass adjudication because first-pass is an exact match.,"Dependencies between the IT Assets or, where applicable, non-IT Assets and other IT Assets, non-IT Assets or Information Assets must be considered when assessing the criticality.","Dependencies between the IT Assets or, where applicable, non-IT Assets and other IT Assets, non-IT Assets or Information Assets must be considered when assessing the criticality.",False
ICT Asset Management Guideline_v2.0,5.3,5.3,Match,Match,skipped,Skipped second-pass adjudication because first-pass is an exact match.,The criticality assessment must consider the ICT risk of the IT Asset or non-IT Asset and supported business functions.,The criticality assessment must consider the ICT risk of the IT Asset or non-IT Asset and supported business functions.,False
ICT Asset Management Guideline_v2.0,5.4,5.4,Match,Match,skipped,Skipped second-pass adjudication because first-pass is an exact match.,"During the criticality assessment, it must be considered how the loss of confidentiality, integrity, authenticity, and availability of these IT Assets would impact business processes and activities of legal entities.","During the criticality assessment, it must be considered how the loss of confidentiality, integrity, authenticity, and availability of these IT Assets would impact business processes and activities of legal entities.",False
ICT Asset Management Guideline_v2.0,5.5,5.5,Match,Match,skipped,Skipped second-pass adjudication because first-pass is an exact match.,"The criticality assessments of IT Assets must be reviewed at least annually or in case of Significant Changes, Major ICT-related Incidents, Major Control Requirement Deviation, or Major changes in supported business functions.","The criticality assessments of IT Assets must be reviewed at least annually or in case of Significant Changes, Major ICT-related Incidents, Major Control Requirement Deviation, or Major changes in supported business functions..",False
ICT Asset Management Guideline_v2.0,6,6,Match,Match,skipped,Skipped second-pass adjudication because first-pass is an exact match.,"It must be ensured that ICT Systems are procured, developed, and maintained in a secure, compliant, and resilient manner.","It must be ensured that ICT Systems are procured, developed, and maintained in a secure, compliant, and resilient manner.",False
ICT Asset Management Guideline_v2.0,6.1,6.1,Match,Match,skipped,Skipped second-pass adjudication because first-pass is an exact match.,"Procedures including security practices and methods for the development, maintenance and, where feasible, procurement of ICT Systems must be established.","Procedures including security practices and methods for the development, maintenance and, where feasible, procurement of ICT Systems must be established.",False
ICT Asset Management Guideline_v2.0,6.2,6.2,Match,Match,skipped,Skipped second-pass adjudication because first-pass is an exact match.,"These procedures must include requirements for the procurement, development and maintenance of ICT Systems, with a focus on ICT security and the approval process by the relevant business function or Asset Owner for which internal governance regulations must be complied with.","These procedures must include requirements for the procurement, development and maintenance of ICT Systems, with a focus on ICT security and the approval process by the relevant business function or Asset Owner for which internal governance regulations must be complied with.",False
ICT Asset Management Guideline_v2.0,6.3,6.3,Match,Match,skipped,Skipped second-pass adjudication because first-pass is an exact match.,"The procedures must specify technical specifications for the procurement, development and maintenance of ICT Systems.","The procedures must specify technical specifications for the procurement, development and maintenance of ICT Systems.",False
ICT Asset Management Guideline_v2.0,8,8,Match,Match,skipped,Skipped second-pass adjudication because first-pass is an exact match.,It must be ensured that IT Assets are documented throughout their lifecycle.,It must be ensured that IT Assets are documented throughout their lifecycle.,False
ICT Asset Management Guideline_v2.0,8.1,8.1,Match,Match,skipped,Skipped second-pass adjudication because first-pass is an exact match.,"It must be ensured that all IT Assets are appropriately documented, and asset records include the minimum information as defined in this Guideline.","It must be ensured that all IT Assets are appropriately documented, and asset records include the minimum information as defined in this Guideline.",False
ICT Asset Management Guideline_v2.0,9,9,Match,Match,skipped,Skipped second-pass adjudication because first-pass is an exact match.,It must be ensured that relevant information about Secondary Assets is reported to the stakeholders.,It must be ensured that relevant information about Secondary Assets is reported to the stakeholders.,False
ICT Asset Management Guideline_v2.0,9.1,9.1,Match,Match,skipped,Skipped second-pass adjudication because first-pass is an exact match.,It must be ensured that reports regarding the performance and compliance of IT Assets are generated and cover predefined KPIs and metrics.,It must be ensured that reports regarding the performance and compliance of IT Assets are generated and cover predefined KPIs and metrics.,False
ICT Asset Management_v2.0,7,7,Missing in DOCX,Missing in DOCX,confirmed,Confirmed missing after second-pass check.,,It must be ensured that the removal or disposal Secondary Assets is managed.,False
ICT Asset Management_v2.0,7.1,7.1,Missing in DOCX,Missing in DOCX,confirmed,Confirmed missing after second-pass check.,,The removal or disposal of Secondary Assets must be carried out under consideration of regulatory or service relevant dependencies underlying the asset or the related Primary Asset (Further details regarding removal and disposal (especially for destruction) of assets can be found in the Data Security Governance Guideline) .,False
ICT Asset Management_v2.0,7.2,7.2,Missing in DOCX,Missing in DOCX,confirmed,Confirmed missing after second-pass check.,,The removal and disposal of Secondary Assets must be logged.,False
ICT Incident & Operational Event Management Guideline_v2.0,1,1,Match,Match,skipped,Skipped second-pass adjudication because first-pass is an exact match.,It must be ensured that ICT-related Incident Rules & Procedures are established and in place.,It must be ensured that ICT-related Incident Rules & Procedures are established and in place.,False
ICT Incident & Operational Event Management Guideline_v2.0,1.1,1.1,Match,Match,skipped,Skipped second-pass adjudication because first-pass is an exact match.,"ICT-related Incident Management rules and procedures must be in place to record all incidents and significant cyber threats, consistently monitor, handle, and follow-up to identify root causes, to document and address them and prevent occurrence of such incidents. Such documents must be reviewed / updated on a regular basis, at least once every 12 months.","ICT-related Incident Management rules and procedures must be in place to record all incidents and significant cyber threats, consistently monitor, handle, and follow-up to identify root causes, to document and address them and prevent occurrence of such incidents. Such documents must be reviewed / updated on a regular basis, at least once every 12 months.",False
ICT Incident & Operational Event Management Guideline_v2.0,1.2,1.2,Match,Match,skipped,Skipped second-pass adjudication because first-pass is an exact match.,"The ICT-related Incident Management processes must be reviewed on a regular basis, at least every 12 months.","The ICT-related Incident Management processes must be reviewed on a regular basis, at least every 12 months.",False
ICT Incident & Operational Event Management Guideline_v2.0,1.3,1.3,Match,Match,skipped,Skipped second-pass adjudication because first-pass is an exact match.,The ICT-related Incident Management process must contain the following:,The ICT-related Incident Management process must contain the following:,False
ICT Incident & Operational Event Management Guideline_v2.0,1.3.1,1.3.1,Match,Match,skipped,Skipped second-pass adjudication because first-pass is an exact match.,Early warning indicators,Early warning indicators,False
ICT Incident & Operational Event Management Guideline_v2.0,1.3.2,1.3.2,Match,Match,skipped,Skipped second-pass adjudication because first-pass is an exact match.,"Established procedures for identifying, tracking, and categorizing incidents based on priority, severity, and criticality of services and including forensic investigations.","Established procedures for identifying, tracking, and categorizing incidents based on priority, severity, and criticality of services and including forensic investigations.",False
ICT Incident & Operational Event Management Guideline_v2.0,1.3.3,1.3.3,Match,Match,skipped,Skipped second-pass adjudication because first-pass is an exact match.,Assigned roles and responsibilities that need to be activated in different incident types and scenarios to effectively detect and respond to ICT-related Incidents and anomalous activities.,Assigned roles and responsibilities that need to be activated in different incident types and scenarios to effectively detect and respond to ICT-related Incidents and anomalous activities.,False
ICT Incident & Operational Event Management Guideline_v2.0,1.3.4,1.3.4,Match,Match,skipped,Skipped second-pass adjudication because first-pass is an exact match.,"Communication plan to staff, stakeholders, media, clients, internal escalation procedures.","Communication plan to staff, stakeholders, media, clients, internal escalation procedures.",False
ICT Incident & Operational Event Management Guideline_v2.0,1.3.5,1.3.5,Match,Match,skipped,Skipped second-pass adjudication because first-pass is an exact match.,Established response procedures to mitigate impacts and ensure services become operational and secure in a timely manner.,Established response procedures to mitigate impacts and ensure services become operational and secure in a timely manner.,False
ICT Incident & Operational Event Management Guideline_v2.0,1.4,1.4,Match,Match,skipped,Skipped second-pass adjudication because first-pass is an exact match.,"ICT-related Incident metrics must be established, monitored and analyzed to detect weaknesses in operational processes or technical controls to support effective ICT-related Incident Management.","ICT-related Incident metrics must be established, monitored and analyzed to detect weaknesses in operational processes or technical controls to support effective ICT-related Incident Management.",False
ICT Incident & Operational Event Management Guideline_v2.0,1.5,1.5,Match,Match,skipped,Skipped second-pass adjudication because first-pass is an exact match.,"Incidents that occur through or in connection with AI systems, that compromise the security of network and information systems and violate IT data protection objectives or have a negative impact on services provided must be recorded as ICT-related incident.","Incidents that occur through or in connection with AI systems, that compromise the security of network and information systems and violate IT data protection objectives or have a negative impact on services provided must be recorded as ICT-related incident.",False
ICT Incident & Operational Event Management Guideline_v2.0,1.6,1.6,Match,Match,skipped,Skipped second-pass adjudication because first-pass is an exact match.,Incidents related to AI systems should also be labeled as AI related.,Incidents related to AI systems should also be labeled as AI related.,False
ICT Incident & Operational Event Management Guideline_v2.0,10,10,Match,Match,skipped,Skipped second-pass adjudication because first-pass is an exact match.,It must be ensured that a major ICT-related Incident and recurring ICT-related Incident reporting procedure is established and in place.,It must be ensured that a major ICT-related Incident and recurring ICT-related Incident reporting procedure is established and in place.,False
ICT Incident & Operational Event Management Guideline_v2.0,10.1,10.1,Match,Match,skipped,Skipped second-pass adjudication because first-pass is an exact match.,"Major ICT-related Incidents2 that meet the threshold must be reported to the competent authorities and immediately to Management Body, including LE CISO(s) of the impacted Legal Entities and the Group CISO:","Major ICT-related Incidents2 that meet the threshold must be reported to the competent authorities and immediately to Management Body, including LE CISO(s) of the impacted Legal Entities and the Group CISO:",False
ICT Incident & Operational Event Management Guideline_v2.0,10.1.1,10.1.1,Match,Match,skipped,Skipped second-pass adjudication because first-pass is an exact match.,"The competent authorities must be provided with an initial notification report as soon as possible, but no later than 4 hours after classifying an ICT-related Incident as major, and within 24 hours of becoming aware of the ICT-related Incident.","The competent authorities must be provided with an initial notification report as soon as possible, but no later than 4 hours after classifying an ICT-related Incident as major, and within 24 hours of becoming aware of the ICT-related Incident.",False
ICT Incident & Operational Event Management Guideline_v2.0,10.1.2,10.1.2,Match,Match,skipped,Skipped second-pass adjudication because first-pass is an exact match.,"An intermediate report must be submitted within 72 hours of the initial notification, detailing the updates on ICT-related Incident status, impact, and actions taken.","An intermediate report must be submitted within 72 hours of the initial notification, detailing the updates on ICT-related Incident status, impact, and actions taken.",False
ICT Incident & Operational Event Management Guideline_v2.0,10.1.3,10.1.3,Match,Match,skipped,Skipped second-pass adjudication because first-pass is an exact match.,"A final report must be submitted within 1 month after the last intermediate report, providing a full root cause analysis, impact, and actions taken.","A final report must be submitted within 1 month after the last intermediate report, providing a full root cause analysis, impact, and actions taken.",False
ICT Incident & Operational Event Management Guideline_v2.0,10.1.4,10.1.4,Match,Match,skipped,Skipped second-pass adjudication because first-pass is an exact match.,"If the time limits for submitting the initial notification, intermediate report, or final report cannot be met, the competent authority must be informed without undue delay, but no later than the respective time limits for the submission, and an explanation for the reasons of the delay must be provided.","If the time limits for submitting the initial notification, intermediate report, or final report cannot be met, the competent authority must be informed without undue delay, but no later than the respective time limits for the submission, and an explanation for the reasons of the delay must be provided.",False
ICT Incident & Operational Event Management Guideline_v2.0,10.10,10.10,Match,Match,skipped,Skipped second-pass adjudication because first-pass is an exact match.,"If the established secure electronic channels cannot be used, the competent authorities must be notified without delay through previously agreed alternative channels.","If the established secure electronic channels cannot be used, the competent authorities must be notified without delay through previously agreed alternative channels.",False
ICT Incident & Operational Event Management Guideline_v2.0,10.11,10.11,Match,Match,skipped,Skipped second-pass adjudication because first-pass is an exact match.,"If a third-party provider is outsourced for reporting, the competent authority must be informed before any first notification or reporting and the latest as soon as the outsourcing arrangement has been concluded.","If a third-party provider is outsourced for reporting, the competent authority must be informed before any first notification or reporting and the latest as soon as the outsourcing arrangement has been concluded.",False
ICT Incident & Operational Event Management Guideline_v2.0,10.12,10.12,Match,Match,skipped,Skipped second-pass adjudication because first-pass is an exact match.,"The name, contact details, and an identification code of the third-party, any third-party arrangement updates or cancelling of it must be provided to the competent authority.","The name, contact details, and an identification code of the third-party, any third-party arrangement updates or cancelling of it must be provided to the competent authority.",False
ICT Incident & Operational Event Management Guideline_v2.0,10.2,10.2,Match,Match,skipped,Skipped second-pass adjudication because first-pass is an exact match.,"For ICT-related Incidents to be reported under DORA, the requirements of ITS 2025/302, which describes standard forms, templates and procedures for reporting major ICT-related Incidents, must be followed.","For ICT-related Incidents to be reported under DORA, the requirements of ITS 2025/302, which describes standard forms, templates and procedures for reporting major ICT-related Incidents, must be followed.",False
ICT Incident & Operational Event Management Guideline_v2.0,10.3,10.3,Match,Match,skipped,Skipped second-pass adjudication because first-pass is an exact match.,Significant updates or changes in the ICT-related Incident’s status must be reported immediately to the relevant stakeholders.,Significant updates or changes in the ICT-related Incident’s status must be reported immediately to the relevant stakeholders.,False
ICT Incident & Operational Event Management Guideline_v2.0,10.4,10.4,Match,Match,skipped,Skipped second-pass adjudication because first-pass is an exact match.,"It must be ensured that the information contained in the ICT-related Incident notification, interim, final report and update is complete and accurate. If there is no accurate data available, estimated values based on other available dates and information must be provided.","It must be ensured that the information contained in the ICT-related Incident notification, interim, final report and update is complete and accurate. If there is no accurate data available, estimated values based on other available dates and information must be provided.",False
ICT Incident & Operational Event Management Guideline_v2.0,10.5,10.5,Match,Match,skipped,Skipped second-pass adjudication because first-pass is an exact match.,"Upon the request of the competent authority, it must be ensured that the competent authority receives a report of an estimation of the total annual costs and losses resulting from major ICT-related Incidents2.","Upon the request of the competent authority, it must be ensured that the competent authority receives a report of an estimation of the total annual costs and losses resulting from major ICT-related Incidents2.",False
ICT Incident & Operational Event Management Guideline_v2.0,10.6,10.6,Match,Match,skipped,Skipped second-pass adjudication because first-pass is an exact match.,"It should be ensured that the competent authority is informed about significant cyber threats when these threats are relevant to the financial system, service users or clients.","It should be ensured that the competent authority is informed about significant cyber threats when these threats are relevant to the financial system, service users or clients.",False
ICT Incident & Operational Event Management Guideline_v2.0,10.7,10.7,Match,Match,skipped,Skipped second-pass adjudication because first-pass is an exact match.,"Where the major ICT-related Incidents2 have an impact on the financial interests of clients, the clients must be informed without undue delay regarding the major ICT-related Incident and measures taken to mitigate adverse effects.","Where the major ICT-related Incidents2 have an impact on the financial interests of clients, the clients must be informed without undue delay regarding the major ICT-related Incident and measures taken to mitigate adverse effects.",False
ICT Incident & Operational Event Management Guideline_v2.0,10.8,10.8,Match,Match,skipped,Skipped second-pass adjudication because first-pass is an exact match.,Recurring ICT-related Incidents that do not individually meet the criteria for a major ICT-related Incident2 but have a cumulative impact which must be tracked and reported in aggregate to the competent authorities.,Recurring ICT-related Incidents that do not individually meet the criteria for a major ICT-related Incident2 but have a cumulative impact which must be tracked and reported in aggregate to the competent authorities.,False
ICT Incident & Operational Event Management Guideline_v2.0,10.9,10.9,Match,Match,skipped,Skipped second-pass adjudication because first-pass is an exact match.,"All communication and reporting of ICT-related Incidents, significant cyber threats, and recurring ICT-related Incidents to competent authorities and relevant stakeholders must be conducted through secure electronic channels.","All communication and reporting of ICT-related Incidents, significant cyber threats, and recurring ICT-related Incidents to competent authorities and relevant stakeholders must be conducted through secure electronic channels.",False
ICT Incident & Operational Event Management Guideline_v2.0,11,11,Match,Match,skipped,Skipped second-pass adjudication because first-pass is an exact match.,It must be ensured that ICT-related Incident Response and Closure is established and in place.,It must be ensured that ICT-related Incident Response and Closure is established and in place.,False
ICT Incident & Operational Event Management Guideline_v2.0,11.1,11.1,Match,Match,skipped,Skipped second-pass adjudication because first-pass is an exact match.,"Upon detection of an ICT-related Incident, a response must be initiated considering the following criteria:","Upon detection of an ICT-related Incident, a response must be initiated considering the following criteria:",False
ICT Incident & Operational Event Management Guideline_v2.0,11.1.1,11.1.1,Match,Match,skipped,Skipped second-pass adjudication because first-pass is an exact match.,Implementation of the selected short-term measures within SLAs defined with the relevant legal entities.,Implementation of the selected short-term measures within SLAs defined with the relevant legal entities.,False
ICT Incident & Operational Event Management Guideline_v2.0,11.1.2,11.1.2,Match,Match,skipped,Skipped second-pass adjudication because first-pass is an exact match.,Containment and / or recovery from an ongoing ICT-related Incident.,Containment and / or recovery from an ongoing ICT-related Incident.,False
ICT Incident & Operational Event Management Guideline_v2.0,11.1.3,11.1.3,Match,Match,skipped,Skipped second-pass adjudication because first-pass is an exact match.,Handling the information security vulnerabilities and weakness(es) found to cause or contribute to the ICT-related Incident.,Handling the information security vulnerabilities and weakness(es) found to cause or contribute to the ICT-related Incident.,False
ICT Incident & Operational Event Management Guideline_v2.0,11.1.4,11.1.4,Match,Match,skipped,Skipped second-pass adjudication because first-pass is an exact match.,Escalation of the ICT-related Incidents if required.,Escalation of the ICT-related Incidents if required.,False
ICT Incident & Operational Event Management Guideline_v2.0,11.1.5,11.1.5,Match,Match,skipped,Skipped second-pass adjudication because first-pass is an exact match.,"Once the ICT-related Incident has been successfully dealt with, formally closing, and archiving it.","Once the ICT-related Incident has been successfully dealt with, formally closing, and archiving it.",False
ICT Incident & Operational Event Management Guideline_v2.0,11.2,11.2,Match,Match,skipped,Skipped second-pass adjudication because first-pass is an exact match.,"Procedures must be applied for the identification, collection, acquisition, and preservation of information, which can serve as evidence (for example in case of a jurisdiction case) as soon as possible after the occurrence.","Procedures must be applied for the identification, collection, acquisition, and preservation of information, which can serve as evidence (for example in case of a jurisdiction case) as soon as possible after the occurrence.",False
ICT Incident & Operational Event Management Guideline_v2.0,11.3,11.3,Match,Match,skipped,Skipped second-pass adjudication because first-pass is an exact match.,Requirements regarding the usage of an external vendor for the outsourcing of a forensic investigation must be defined.,Requirements regarding the usage of an external vendor for the outsourcing of a forensic investigation must be defined.,False
ICT Incident & Operational Event Management Guideline_v2.0,11.4,11.4,Match,Match,skipped,Skipped second-pass adjudication because first-pass is an exact match.,"Evidence must be made available promptly to enable a forensic investigation and the collection of evidence, e.g., user mailbox, laptop.","Evidence must be made available promptly to enable a forensic investigation and the collection of evidence, e.g., user mailbox, laptop.",False
ICT Incident & Operational Event Management Guideline_v2.0,11.5,11.5,Match,Match,skipped,Skipped second-pass adjudication because first-pass is an exact match.,"Preservation of evidence must be documented, and a formal chain of custody must be completed for following up any transports or activities.","Preservation of evidence must be documented, and a formal chain of custody must be completed for following up any transports or activities.",False
ICT Incident & Operational Event Management Guideline_v2.0,11.6,11.6,Match,Match,skipped,Skipped second-pass adjudication because first-pass is an exact match.,"All incident-linked documentation must be securely archived for future reference, audits, and compliance purposes.","All incident-linked documentation must be securely archived for future reference, audits, and compliance purposes.",False
ICT Incident & Operational Event Management Guideline_v2.0,11.7,11.7,Match,Match,skipped,Skipped second-pass adjudication because first-pass is an exact match.,"The closure process must ensure that prior to undertaking disruptive or intrusive resolution activities appropriate measures are taken to ensure information security is maintained, configuration data is saved, and user access data is preserved.","The closure process must ensure that prior to undertaking disruptive or intrusive resolution activities appropriate measures are taken to ensure information security is maintained, configuration data is saved, and user access data is preserved.",False
ICT Incident & Operational Event Management Guideline_v2.0,11.8,11.8,Match,Match,skipped,Skipped second-pass adjudication because first-pass is an exact match.,"After recovering from an ICT-related Incident, through checks, including multiple verifications and reconciliations must be performed to ensure data integrity. These checks must be conducted when reconstructing data from external sources to ensure consistency across ICT Systems.","After recovering from an ICT-related Incident, through checks, including multiple verifications and reconciliations must be performed to ensure data integrity. These checks must be conducted when reconstructing data from external sources to ensure consistency across ICT Systems.",False
ICT Incident & Operational Event Management Guideline_v2.0,12,12,Match,Match,skipped,Skipped second-pass adjudication because first-pass is an exact match.,It must be ensured that ICT-related Incident Lessons Learned procedures are established and in place.,It must be ensured that ICT-related Incident Lessons Learned procedures are established and in place.,False
ICT Incident & Operational Event Management Guideline_v2.0,12.1,12.1,Match,Match,skipped,Skipped second-pass adjudication because first-pass is an exact match.,"Lessons learned exercises must be performed and documented after an ICT-related Incident took place to achieve the following criteria: Improve the processes and procedures based on experiences from the ICT-related Incident to improve the handling of further ICT-related Incidents. Detect vulnerabilities and security problems to be mitigated and define measures to mitigate the risk of this ICT-related Incident to re-occur (long-term measures). Ensure the defined long-term measures are implemented. Improve tool capabilities to prepare for future ICT-related Incidents. Derive actionable insights into common ICT-related Incident scenarios. Improve response, resumption, and recovery plans.","Lessons learned exercises must be performed and documented after an ICT-related Incident took place to achieve the following criteria: - Improve the processes and procedures based on experiences from the ICT-related Incident to improve the handling of further ICT-related Incidents. - Detect vulnerabilities and security problems to be mitigated and define measures to mitigate the risk of this ICT-related Incident to re-occur (long-term measures). - Ensure the defined long-term measures are implemented. - Improve tool capabilities to prepare for future ICT-related Incidents. - Derive actionable insights into common ICT-related Incident scenarios. - Improve response, resumption, and recovery plans.",False
ICT Incident & Operational Event Management Guideline_v2.0,12.10,12.10,Match,Match,skipped,Skipped second-pass adjudication because first-pass is an exact match.,"It must be ensured that ICT-related Incidents, patterns and trends are analyzed in terms of number and frequency to identify problems at an early stage.","It must be ensured that ICT-related Incidents, patterns and trends are analyzed in terms of number and frequency to identify problems at an early stage.",False
ICT Incident & Operational Event Management Guideline_v2.0,12.2,12.2,Match,Match,skipped,Skipped second-pass adjudication because first-pass is an exact match.,"The types, volumes, and costs of ICT-related Incidents should be monitored.","The types, volumes, and costs of ICT-related Incidents should be monitored.",False
ICT Incident & Operational Event Management Guideline_v2.0,12.3,12.3,Match,Match,skipped,Skipped second-pass adjudication because first-pass is an exact match.,"The information gained from the evaluation of ICT-related Incidents should be used to identify recurring or serious ICT-related Incident, determine additional controls and/or enhance user awareness and training.","The information gained from the evaluation of ICT-related Incidents should be used to identify recurring or serious ICT-related Incident, determine additional controls and/or enhance user awareness and training.",False
ICT Incident & Operational Event Management Guideline_v2.0,12.4,12.4,Match,Match,skipped,Skipped second-pass adjudication because first-pass is an exact match.,The legal entity should maintain a record of past incidents to facilitate the diagnosis and resolution of future incidents with similar characteristics.,The legal entity should maintain a record of past incidents to facilitate the diagnosis and resolution of future incidents with similar characteristics.,False
ICT Incident & Operational Event Management Guideline_v2.0,12.5,12.5,Match,Match,skipped,Skipped second-pass adjudication because first-pass is an exact match.,"Communication with special interest groups to discuss information connected to ICT-related Incidents must take place according to existing obligations (e.g., regulatory, or contractual).","Communication with special interest groups to discuss information connected to ICT-related Incidents must take place according to existing obligations (e.g., regulatory, or contractual).",False
ICT Incident & Operational Event Management Guideline_v2.0,12.6,12.6,Match,Match,skipped,Skipped second-pass adjudication because first-pass is an exact match.,"Status of actions must be reported monthly to Group CISO / LE CISO, the executive board and any other relevant stakeholders.","Status of actions must be reported monthly to Group CISO / LE CISO, the executive board and any other relevant stakeholders.",False
ICT Incident & Operational Event Management Guideline_v2.0,12.7,12.7,Match,Match,skipped,Skipped second-pass adjudication because first-pass is an exact match.,Evidence on the progress made during the last 4 weeks must be provided or issues that prevented to make any progress must be reported.,Evidence on the progress made during the last 4 weeks must be provided or issues that prevented to make any progress must be reported.,False
ICT Incident & Operational Event Management Guideline_v2.0,12.8,12.8,Match,Match,skipped,Skipped second-pass adjudication because first-pass is an exact match.,"After a major ICT-related Incident2, a post-ICT-related Incident review must be conducted to analyze the causes of the disruption and identify necessary improvements.","After a major ICT-related Incident2, a post-ICT-related Incident review must be conducted to analyze the causes of the disruption and identify necessary improvements.",False
ICT Incident & Operational Event Management Guideline_v2.0,12.9,12.9,Match,Match,skipped,Skipped second-pass adjudication because first-pass is an exact match.,"The review must evaluate whether established procedures were followed and assess the effectiveness of actions taken, including:","The review must evaluate whether established procedures were followed and assess the effectiveness of actions taken, including:",False
ICT Incident & Operational Event Management Guideline_v2.0,12.9.1,12.9.1,Match,Match,skipped,Skipped second-pass adjudication because first-pass is an exact match.,Promptness: The speed of response to security alerts and the determination of the ICT-related Incident’s impact and severity.,Promptness: The speed of response to security alerts and the determination of the ICT-related Incident’s impact and severity.,False
ICT Incident & Operational Event Management Guideline_v2.0,12.9.2,12.9.2,Match,Match,skipped,Skipped second-pass adjudication because first-pass is an exact match.,"Forensic Analysis: The quality and speed of forensic analysis, if conducted.","Forensic Analysis: The quality and speed of forensic analysis, if conducted.",False
ICT Incident & Operational Event Management Guideline_v2.0,12.9.3,12.9.3,Match,Match,skipped,Skipped second-pass adjudication because first-pass is an exact match.,ICT-related Incident Escalation and Communication: The effectiveness of the escalation process within the organization and the external/internal communication.,ICT-related Incident Escalation and Communication: The effectiveness of the escalation process within the organization and the external/internal communication.,False
ICT Incident & Operational Event Management Guideline_v2.0,13,13,Match,Match,skipped,Skipped second-pass adjudication because first-pass is an exact match.,It must be ensured that ICT Problem Management is established and implemented.,It must be ensured that ICT Problem Management is established and implemented.,False
ICT Incident & Operational Event Management Guideline_v2.0,13.1,13.1,Match,Match,skipped,Skipped second-pass adjudication because first-pass is an exact match.,"A process must be in place to identify, classify and resolve problems proactively and reactively.","A process must be in place to identify, classify and resolve problems proactively and reactively.",False
ICT Incident & Operational Event Management Guideline_v2.0,13.2,13.2,Match,Match,skipped,Skipped second-pass adjudication because first-pass is an exact match.,Problems should be addressed and/or handed over to the responsible stakeholder in order of priority.,Problems should be addressed and/or handed over to the responsible stakeholder in order of priority.,False
ICT Incident & Operational Event Management Guideline_v2.0,13.3,13.3,Match,Match,skipped,Skipped second-pass adjudication because first-pass is an exact match.,"A ticket system must be used to record, classify, and prioritize problems, ensuring that criticality levels are assigned and tracked.","A ticket system must be used to record, classify, and prioritize problems, ensuring that criticality levels are assigned and tracked.",False
ICT Incident & Operational Event Management Guideline_v2.0,13.4,13.4,Match,Match,skipped,Skipped second-pass adjudication because first-pass is an exact match.,"ICT problems must be followed up on and resolved in a timely manner. If a problem is not resolved in a timely manner, an escalation process must be in place.","ICT problems must be followed up on and resolved in a timely manner. If a problem is not resolved in a timely manner, an escalation process must be in place.",False
ICT Incident & Operational Event Management Guideline_v2.0,13.5,13.5,Match,Match,skipped,Skipped second-pass adjudication because first-pass is an exact match.,ICT-related Incident patterns and trends must be analyzed to identify the problems at an earlier stage.,ICT-related Incident patterns and trends must be analyzed to identify the problems at an earlier stage.,False
ICT Incident & Operational Event Management Guideline_v2.0,13.6,13.6,Content delta: requirement differs,Content delta: requirement differs,confirmed,Confirmed after footnote/reference stripping.,"ICT problems must be reported to the Management Body, including Group CISO, LE CISO(s) and ICT CROs of the impacted Legal Entities, and/or national authorities as needed.","ICT problems must be reported to the Management Body, including LE CISO(s), Group CISO and ICT CROs of the impacted Legal Entities, and/or national authorities as needed.",False
ICT Incident & Operational Event Management Guideline_v2.0,14,14,Match,Match,skipped,Skipped second-pass adjudication because first-pass is an exact match.,It must be ensured that ICT-related Incidents Platform and Tools are established and in place.,It must be ensured that ICT-related Incidents Platform and Tools are established and in place.,False
ICT Incident & Operational Event Management Guideline_v2.0,14.1,14.1,Match,Match,skipped,Skipped second-pass adjudication because first-pass is an exact match.,"Tools enabling the handling of ICT-related Incidents must be implemented, configured, maintained, and documented.","Tools enabling the handling of ICT-related Incidents must be implemented, configured, maintained, and documented.",False
ICT Incident & Operational Event Management Guideline_v2.0,14.2,14.2,Match,Match,skipped,Skipped second-pass adjudication because first-pass is an exact match.,"The tools must at least offer tracking, handling, and secure storage of related information to the ICT-related Incident.","The tools must at least offer tracking, handling, and secure storage of related information to the ICT-related Incident.",False
ICT Incident & Operational Event Management Guideline_v2.0,2,2,Match,Match,skipped,Skipped second-pass adjudication because first-pass is an exact match.,It must be ensured that ICT-related Incident Prevention & Preparation is established and in place.,It must be ensured that ICT-related Incident Prevention & Preparation is established and in place.,False
ICT Incident & Operational Event Management Guideline_v2.0,2.1,2.1,Match,Match,skipped,Skipped second-pass adjudication because first-pass is an exact match.,A Security Operations Center must be established that performs real-time monitoring and analysis of security-related events.,A Security Operations Center must be established that performs real-time monitoring and analysis of security-related events.,False
ICT Incident & Operational Event Management Guideline_v2.0,2.2,2.2,Match,Match,skipped,Skipped second-pass adjudication because first-pass is an exact match.,Incident response capabilities must be present at the organizational level.,Incident response capabilities must be present at the organizational level.,False
ICT Incident & Operational Event Management Guideline_v2.0,2.3,2.3,Match,Match,skipped,Skipped second-pass adjudication because first-pass is an exact match.,"The needed skills and training for the staff, that is handling ICT-related Incidents and related data and evidence, must be defined and the relevant staff needs to be aware of their responsibilities and trained accordingly.","The needed skills and training for the staff, that is handling ICT-related Incidents and related data and evidence, must be defined and the relevant staff needs to be aware of their responsibilities and trained accordingly.",False
ICT Incident & Operational Event Management Guideline_v2.0,3,3,Match,Match,skipped,Skipped second-pass adjudication because first-pass is an exact match.,It must be ensured that event logging is established and in place.,It must be ensured that event logging is established and in place.,False
ICT Incident & Operational Event Management Guideline_v2.0,3.1,3.1,Match,Match,skipped,Skipped second-pass adjudication because first-pass is an exact match.,"Logging procedures, protocols and tools must be established and documented.","Logging procedures, protocols and tools must be established and documented.",False
ICT Incident & Operational Event Management Guideline_v2.0,3.10,3.10,Match,Match,skipped,Skipped second-pass adjudication because first-pass is an exact match.,"Security-related log, raw and analysis data must be retained in an audit-proof manner through defined log retention periods times in accordance with the applicable regulations. Documentation must be available, including defined retention periods.","Security-related log, raw and analysis data must be retained in an audit-proof manner through defined log retention periods times in accordance with the applicable regulations. Documentation must be available, including defined retention periods.",False
ICT Incident & Operational Event Management Guideline_v2.0,3.11,3.11,Match,Match,skipped,Skipped second-pass adjudication because first-pass is an exact match.,An incident logging activity must be described.,An incident logging activity must be described.,False
ICT Incident & Operational Event Management Guideline_v2.0,3.12,3.12,Match,Match,skipped,Skipped second-pass adjudication because first-pass is an exact match.,"After detecting anomalous activities relevant information must be logged to enable the identification of the date and time when the activity occurred, the date and time when it was detected, and the type of anomalous activity.","After detecting anomalous activities relevant information must be logged to enable the identification of the date and time when the activity occurred, the date and time when it was detected, and the type of anomalous activity.",False
ICT Incident & Operational Event Management Guideline_v2.0,3.13,3.13,Match,Match,skipped,Skipped second-pass adjudication because first-pass is an exact match.,All relevant information about the incident must be documented/logged so that a full historical record is maintained in a manner that enables other Service Group(s) to support resolution.,All relevant information about the incident must be documented/logged so that a full historical record is maintained in a manner that enables other Service Group(s) to support resolution.,False
ICT Incident & Operational Event Management Guideline_v2.0,3.14,3.14,Match,Match,skipped,Skipped second-pass adjudication because first-pass is an exact match.,Every activity related to the handling of ICT-related Incidents and forensic investigations must be logged and documented.,Every activity related to the handling of ICT-related Incidents and forensic investigations must be logged and documented.,False
ICT Incident & Operational Event Management Guideline_v2.0,3.2,3.2,Match,Match,skipped,Skipped second-pass adjudication because first-pass is an exact match.,It must be ensured that measures to detect failure of logging systems are in place.,It must be ensured that measures to detect failure of logging systems are in place.,False
ICT Incident & Operational Event Management Guideline_v2.0,3.3,3.3,Match,Match,skipped,Skipped second-pass adjudication because first-pass is an exact match.,"Event logging, retention period and measures for securing and handling log data must be elements of the logging procedures.","Event logging, retention period and measures for securing and handling log data must be elements of the logging procedures.",False
ICT Incident & Operational Event Management Guideline_v2.0,3.4,3.4,Match,Match,skipped,Skipped second-pass adjudication because first-pass is an exact match.,"Event logs must contain further details, aligned on the level of purpose and usage.","Event logs must contain further details, aligned on the level of purpose and usage.",False
ICT Incident & Operational Event Management Guideline_v2.0,3.5,3.5,Match,Match,skipped,Skipped second-pass adjudication because first-pass is an exact match.,"Event Logging must include internal and external factors, including logs gathered in logging procedures, information from business and ICT operations, and any issues reported by the users of the legal entity.","Event Logging must include internal and external factors, including logs gathered in logging procedures, information from business and ICT operations, and any issues reported by the users of the legal entity.",False
ICT Incident & Operational Event Management Guideline_v2.0,3.6,3.6,Match,Match,skipped,Skipped second-pass adjudication because first-pass is an exact match.,"If log information is automatically changed/enriched/filtered, it must be ensured that this is done only within the framework of regulated processes and controls.","If log information is automatically changed/enriched/filtered, it must be ensured that this is done only within the framework of regulated processes and controls.",False
ICT Incident & Operational Event Management Guideline_v2.0,3.7,3.7,Match,Match,skipped,Skipped second-pass adjudication because first-pass is an exact match.,It must be ensured that the log information of the IT Assets reaches the monitoring solution without delay.,It must be ensured that the log information of the IT Assets reaches the monitoring solution without delay.,False
ICT Incident & Operational Event Management Guideline_v2.0,3.8,3.8,Match,Match,skipped,Skipped second-pass adjudication because first-pass is an exact match.,"The analyzability of the log data and the availability of the required ICT Systems must be ensured. Log information must be protected against tampering, deletion, and unauthorized access at rest, in transit and in use.","The analyzability of the log data and the availability of the required ICT Systems must be ensured. Log information must be protected against tampering, deletion, and unauthorized access at rest, in transit and in use.",False
ICT Incident & Operational Event Management Guideline_v2.0,3.9,3.9,Match,Match,skipped,Skipped second-pass adjudication because first-pass is an exact match.,"Security-related event logging and monitoring must be implemented and must contain information about user and administrator activities, type of activity, time, and location.","Security-related event logging and monitoring must be implemented and must contain information about user and administrator activities, type of activity, time, and location.",False
ICT Incident & Operational Event Management Guideline_v2.0,4,4,Match,Match,skipped,Skipped second-pass adjudication because first-pass is an exact match.,It must be ensured that ICT-related Incident and Event Monitoring is established and in place.,It must be ensured that ICT-related Incident and Event Monitoring is established and in place.,False
ICT Incident & Operational Event Management Guideline_v2.0,4.1,4.1,Match,Match,skipped,Skipped second-pass adjudication because first-pass is an exact match.,A security information and event management (SIEM or equivalent at the legal entity) must be implemented and maintained.,A security information and event management (SIEM or equivalent at the legal entity) must be implemented and maintained.,False
ICT Incident & Operational Event Management Guideline_v2.0,4.10,4.10,Match,Match,skipped,Skipped second-pass adjudication because first-pass is an exact match.,"Anomalous activities and behaviors must be documented, analyzed and evaluated automatically or manually.","Anomalous activities and behaviors must be documented, analyzed and evaluated automatically or manually.",False
ICT Incident & Operational Event Management Guideline_v2.0,4.11,4.11,Match,Match,skipped,Skipped second-pass adjudication because first-pass is an exact match.,"It must be ensured that any recording of anomalous activities is protected against tampering and unauthorized access at rest, in transit and, where relevant, in use.","It must be ensured that any recording of anomalous activities is protected against tampering and unauthorized access at rest, in transit and, where relevant, in use.",False
ICT Incident & Operational Event Management Guideline_v2.0,4.12,4.12,Match,Match,skipped,Skipped second-pass adjudication because first-pass is an exact match.,"A set of correlation rules (SIEM use cases) must be developed, tested, documented, and maintained through a structured lifecycle process to identify anomalous activities and behaviors.","A set of correlation rules (SIEM use cases) must be developed, tested, documented, and maintained through a structured lifecycle process to identify anomalous activities and behaviors.",False
ICT Incident & Operational Event Management Guideline_v2.0,4.13,4.13,Match,Match,skipped,Skipped second-pass adjudication because first-pass is an exact match.,All detection mechanisms must be regularly tested.,All detection mechanisms must be regularly tested.,False
ICT Incident & Operational Event Management Guideline_v2.0,4.14,4.14,Match,Match,skipped,Skipped second-pass adjudication because first-pass is an exact match.,ICT-related Incidents must be monitored along their lifecycle (from creation of the ticket until closure).,ICT-related Incidents must be monitored along their lifecycle (from creation of the ticket until closure).,False
ICT Incident & Operational Event Management Guideline_v2.0,4.15,4.15,Match,Match,skipped,Skipped second-pass adjudication because first-pass is an exact match.,"It must be ensured that open ICT-related Incidents are resolved, and the tickets closed within defined time frames.","It must be ensured that open ICT-related Incidents are resolved, and the tickets closed within defined time frames.",False
ICT Incident & Operational Event Management Guideline_v2.0,4.2,4.2,Match,Match,skipped,Skipped second-pass adjudication because first-pass is an exact match.,"Mechanisms must be in place to promptly detect anomalous activities, including ICT network performance issues, ICT-related Incidents, and potential material single points of failure.","Mechanisms must be in place to promptly detect anomalous activities, including ICT network performance issues, ICT-related Incidents, and potential material single points of failure.",False
ICT Incident & Operational Event Management Guideline_v2.0,4.3,4.3,Match,Match,skipped,Skipped second-pass adjudication because first-pass is an exact match.,ICT Systems must be monitored for anomalous behavior.,ICT Systems must be monitored for anomalous behavior.,False
ICT Incident & Operational Event Management Guideline_v2.0,4.4,4.4,Match,Match,skipped,Skipped second-pass adjudication because first-pass is an exact match.,A database activity monitoring system (DAM or equivalent at the legal entity) must be implemented and maintained for databases where applicable.,A database activity monitoring system (DAM or equivalent at the legal entity) must be implemented and maintained for databases where applicable,False
ICT Incident & Operational Event Management Guideline_v2.0,4.5,4.5,Match,Match,skipped,Skipped second-pass adjudication because first-pass is an exact match.,"A set of correlation rules (DAM Policies and Pipelines) must be developed, tested, documented, and maintained through a structured lifecycle process to identify anomalous activities and behaviors for databases.","A set of correlation rules (DAM Policies and Pipelines) must be developed, tested, documented, and maintained through a structured lifecycle process to identify anomalous activities and behaviors for databases.",False
ICT Incident & Operational Event Management Guideline_v2.0,4.6,4.6,Match,Match,skipped,Skipped second-pass adjudication because first-pass is an exact match.,Cyber threat intelligence and behavioral analytics should be used for database events monitoring.,Cyber threat intelligence and behavioral analytics should be used for database events monitoring.,False
ICT Incident & Operational Event Management Guideline_v2.0,4.7,4.7,Match,Match,skipped,Skipped second-pass adjudication because first-pass is an exact match.,"Detection mechanisms must incorporate multiple layers of control, including the definition of alert thresholds and criteria that trigger ICT-related Incident response processes.","Detection mechanisms must incorporate multiple layers of control, including the definition of alert thresholds and criteria that trigger ICT-related Incident response processes.",False
ICT Incident & Operational Event Management Guideline_v2.0,4.8,4.8,Match,Match,skipped,Skipped second-pass adjudication because first-pass is an exact match.,"When defining the criteria that trigger ICT-related Incident response processes, in addition to considering the criticality of the affected services, the following criteria must be considered: Indications that malicious activity may have occurred in an ICT System or that it may have been compromised. Detection of data losses affecting the availability, authenticity, integrity, or confidentiality of data. Detection of adverse impacts on transactions and operations. Unavailability of ICT Systems.","When defining the criteria that trigger ICT-related Incident response processes, in addition to considering the criticality of the affected services, the following criteria must be considered: - Indications that malicious activity may have occurred in an ICT System or that it may have been compromised. - Detection of data losses affecting the availability, authenticity, integrity, or confidentiality of data. - Detection of adverse impacts on transactions and operations. - Unavailability of ICT Systems.",False
ICT Incident & Operational Event Management Guideline_v2.0,4.9,4.9,Match,Match,skipped,Skipped second-pass adjudication because first-pass is an exact match.,"Automatic alert mechanisms and tools, based on pre-defined rules to identify anomalies, must be established for IT Assets and Non-IT Assets supporting critical or important function to notify relevant staff in charge of ICT-related Incident response when thresholds are met, or anomalies are detected.","Automatic alert mechanisms and tools, based on pre-defined rules to identify anomalies, must be established for IT Assets and Non-IT Assets supporting critical or important function to notify relevant staff in charge of ICT-related Incident response when thresholds are met, or anomalies are detected.",False
ICT Incident & Operational Event Management Guideline_v2.0,5,5,Match,Match,skipped,Skipped second-pass adjudication because first-pass is an exact match.,It must be ensured that ICT-related Incident Identification is established and in place.,It must be ensured that ICT-related Incident Identification is established and in place.,False
ICT Incident & Operational Event Management Guideline_v2.0,5.1,5.1,Match,Match,skipped,Skipped second-pass adjudication because first-pass is an exact match.,There must be a process for determining the priority of an incident based on the impact and urgency assessment.,There must be a process for determining the priority of an incident based on the impact and urgency assessment.,False
ICT Incident & Operational Event Management Guideline_v2.0,5.2,5.2,Match,Match,skipped,Skipped second-pass adjudication because first-pass is an exact match.,Criteria for functional (to the next level of support) and hierarchical escalation (to the next level of management) must be defined in the process.,Criteria for functional (to the next level of support) and hierarchical escalation (to the next level of management) must be defined in the process.,False
ICT Incident & Operational Event Management Guideline_v2.0,5.3,5.3,Match,Match,skipped,Skipped second-pass adjudication because first-pass is an exact match.,The process must escalate unresolved ICT-related Incidents in such a way as to ensure that target resolution and reaction times are not exceeded.,The process must escalate unresolved ICT-related Incidents in such a way as to ensure that target resolution and reaction times are not exceeded.,False
ICT Incident & Operational Event Management Guideline_v2.0,5.4,5.4,Match,Match,skipped,Skipped second-pass adjudication because first-pass is an exact match.,"If the initial investigation and diagnosis activities reveal an incident whose priority requires immediate escalation, it must be appropriately escalated (hierarchical and functional).","If the initial investigation and diagnosis activities reveal an incident whose priority requires immediate escalation, it must be appropriately escalated (hierarchical and functional).",False
ICT Incident & Operational Event Management Guideline_v2.0,5.5,5.5,Match,Match,skipped,Skipped second-pass adjudication because first-pass is an exact match.,The process must ensure that methods for detecting and reporting ICT-related Incidents are at defined intervals tested.,The process must ensure that methods for detecting and reporting ICT-related Incidents are at defined intervals tested.,False
ICT Incident & Operational Event Management Guideline_v2.0,6,6,Match,Match,skipped,Skipped second-pass adjudication because first-pass is an exact match.,It must be ensured that ICT-related Incident Classification is defined and established.,It must be ensured that ICT-related Incident Classification is defined and established.,False
ICT Incident & Operational Event Management Guideline_v2.0,6.1,6.1,Match,Match,skipped,Skipped second-pass adjudication because first-pass is an exact match.,"A process must be established to classify ICT-related Incidents based on their impacts on clients, financial counterparts, transactions, reputational impact, service downtime, geographical spread, data losses, critical services, and economic impact.","A process must be established to classify ICT-related Incidents based on their impacts on clients, financial counterparts, transactions, reputational impact, service downtime, geographical spread, data losses, critical services, and economic impact.",False
ICT Incident & Operational Event Management Guideline_v2.0,6.10,6.10,Match,Match,skipped,Skipped second-pass adjudication because first-pass is an exact match.,"The economic part of the ICT-related Incident must be assessed by calculating direct and indirect costs, including expropriated funds, replacement costs, staff costs, customer compensation, lost revenue, fees due to non-compliance with contractual obligations, communication costs, and advisory costs (e.g., legal and forensic services).","The economic part of the ICT-related Incident must be assessed by calculating direct and indirect costs, including expropriated funds, replacement costs, staff costs, customer compensation, lost revenue, fees due to non-compliance with contractual obligations, communication costs, and advisory costs (e.g., legal and forensic services).",False
ICT Incident & Operational Event Management Guideline_v2.0,6.11,6.11,Match,Match,skipped,Skipped second-pass adjudication because first-pass is an exact match.,The costs and losses based on data available at the time of classification must be calculated and if those cannot be determined then the amounts must be estimated.,The costs and losses based on data available at the time of classification must be calculated and if those cannot be determined then the amounts must be estimated.,False
ICT Incident & Operational Event Management Guideline_v2.0,6.12,6.12,Match,Match,skipped,Skipped second-pass adjudication because first-pass is an exact match.,"Costs that are necessary for the day-to-day operation of the business (e.g., general maintenance, standard staff costs not dedicated to the incident response) must be excluded from the calculation of costs and losses","Costs that are necessary for the day-to-day operation of the business (e.g., general maintenance, standard staff costs not dedicated to the incident response) must be excluded from the calculation of costs and losses",False
ICT Incident & Operational Event Management Guideline_v2.0,6.13,6.13,Match,Match,skipped,Skipped second-pass adjudication because first-pass is an exact match.,"The ICT-related Incident duration must be measured from its occurrence (if the occurrence is unknown, the time starts with the detection) until resolution. Service downtime must be measured from when the service becomes fully or partially unavailable until normal operations are fully restored.","The ICT-related Incident duration must be measured from its occurrence (if the occurrence is unknown, the time starts with the detection) until resolution. Service downtime must be measured from when the service becomes fully or partially unavailable until normal operations are fully restored.",False
ICT Incident & Operational Event Management Guideline_v2.0,6.14,6.14,Content delta: requirement differs,Content delta: requirement differs,confirmed,Confirmed after footnote/reference stripping.,The ICT-related Incident must be considered as a major ICT-related Incident2 if it has had any impact on critical services and either of the following conditions is fulfilled:,The ICT-related Incident must be considered as a major ICT-related Incident2 if it has had any impact on critical services and either of the following conditions is,False
ICT Incident & Operational Event Management Guideline_v2.0,6.14.1,6.14.1,Content delta: requirement differs,Content delta: requirement differs,confirmed,Confirmed after footnote/reference stripping.,"The ICT-related Incident has involved any successful malicious unauthorized access to ICT Systems, potentially resulting in data losses.","The ICT-related Incident involved any successful malicious unauthorized access to ICT Systems, potentially resulting in data losses.",False
ICT Incident & Operational Event Management Guideline_v2.0,6.14.2,6.14.2,Match,Match,skipped,Skipped second-pass adjudication because first-pass is an exact match.,"Or thresholds of at least two of the following conditions are met: If any of the reputational impact conditions that are stated in ID 6.6 occurred. If more than 10% of clients (or more than 100,000 clients) or 30% financial counterparts are affected. If more than 10% of daily transactions (by number or value) are affected. If the ICT-related Incident lasts longer than 24 hours. If service downtime exceeds 2 hours for critical services. If the ICT-related Incident impacts at least two EU Member States. Data loss affecting business objectives or regulatory compliance. Costs and losses incurred exceed or are likely to exceed €100,000.","Or thresholds of at least two of the following conditions are met: - If any of the reputational impact conditions that are stated in ID 6.6 occurred. - If more than 10% of clients (or more than 100,000 clients) or 30% financial counterparts are affected. - If more than 10% of daily transactions (by number or value) are affected. - If the ICT-related Incident lasts longer than 24 hours. - If service downtime exceeds 2 hours for critical services. - If the ICT-related Incident impacts at least two EU Member States. - Data loss affecting business objectives or regulatory compliance. - Costs and losses incurred exceed or are likely to exceed €100,000.",False
ICT Incident & Operational Event Management Guideline_v2.0,6.15,6.15,Match,Match,skipped,Skipped second-pass adjudication because first-pass is an exact match.,"A process must be established to track recurring ICT-related Incidents, and the existence of recurring ICT-related Incidents must be assessed monthly.","A process must be established to track recurring ICT-related Incidents, and the existence of recurring ICT-related Incidents must be assessed monthly.",False
ICT Incident & Operational Event Management Guideline_v2.0,6.16,6.16,Match,Match,skipped,Skipped second-pass adjudication because first-pass is an exact match.,"Recurring ICT-related Incidents, that occur at least twice within six months, share the same root cause and also affecting critical business processes must be classified as a major ICT-related Incident2. The ICT-related Incidents must be also evaluated against the materiality threshold for major ICT-related Incidents.","Recurring ICT-related Incidents, that occur at least twice within six months, share the same root cause and also affecting critical business processes must be classified as a major ICT-related Incident2. The ICT-related Incidents must be also evaluated against the materiality threshold for major ICT-related Incidents.",False
ICT Incident & Operational Event Management Guideline_v2.0,6.2,6.2,Content delta: requirement differs,Match,adjusted,Adjusted: delta was only footnote/reference marker noise.,It must be ensured that a specific materiality threshold is defined for each classification criteria to determine when an ICT-related Incident qualifies as a major ICT-related Incident.,It must be ensured that a specific materiality threshold is defined for each classification criteria to determine when an ICT-related Incident qualifies as a major ICT-related Incident [1] .,True
ICT Incident & Operational Event Management Guideline_v2.0,6.3,6.3,Match,Match,skipped,Skipped second-pass adjudication because first-pass is an exact match.,"The number of the affected clients and financial counterparts must be determined by evaluating those unable to use the service or adversely impacted during the ICT-related Incident, including third parties covered by contractual agreements.","The number of the affected clients and financial counterparts must be determined by evaluating those unable to use the service or adversely impacted during the ICT-related Incident, including third parties covered by contractual agreements.",False
ICT Incident & Operational Event Management Guideline_v2.0,6.4,6.4,Match,Match,skipped,Skipped second-pass adjudication because first-pass is an exact match.,"All transactions affected by the ICT-related Incident must be assessed, focusing on those involving monetary amounts and having a part of the transaction within the European Union.","All transactions affected by the ICT-related Incident must be assessed, focusing on those involving monetary amounts and having a part of the transaction within the European Union.",False
ICT Incident & Operational Event Management Guideline_v2.0,6.5,6.5,Match,Match,skipped,Skipped second-pass adjudication because first-pass is an exact match.,"If the exact number of affected clients, counterparts or amount or number of transactions cannot be determined, an estimation must be applied based on available data from comparable reference periods.","If the exact number of affected clients, counterparts or amount or number of transactions cannot be determined, an estimation must be applied based on available data from comparable reference periods.",False
ICT Incident & Operational Event Management Guideline_v2.0,6.6,6.6,Content delta: requirement differs,Content delta: requirement differs,confirmed,Confirmed after footnote/reference stripping.,"The impact of the ICT-related Incident on the legal entity's reputation must be determined, taking into account the level of visibility that the incident has gained or is likely to gain, as soon as one of the following conditions is met:",The impact of the ICT-related Incident on the legal entity's reputation must be determined as soon as one of the following conditions is met:,False
ICT Incident & Operational Event Management Guideline_v2.0,6.6.1,6.6.1,Match,Match,skipped,Skipped second-pass adjudication because first-pass is an exact match.,The ICT-related Incident has been reflected in the media.,The ICT-related Incident has been reflected in the media.,False
ICT Incident & Operational Event Management Guideline_v2.0,6.6.2,6.6.2,Match,Match,skipped,Skipped second-pass adjudication because first-pass is an exact match.,The legal entity has received repetitive complaints from different clients or counterparts on client-facing services or critical business relationships.,The legal entity has received repetitive complaints from different clients or counterparts on client-facing services or critical business relationships.,False
ICT Incident & Operational Event Management Guideline_v2.0,6.6.3,6.6.3,Match,Match,skipped,Skipped second-pass adjudication because first-pass is an exact match.,The legal entity will not be able to or is likely not to be able to meet regulatory requirements.,The legal entity will not be able to or is likely not to be able to meet regulatory requirements.,False
ICT Incident & Operational Event Management Guideline_v2.0,6.6.4,6.6.4,Match,Match,skipped,Skipped second-pass adjudication because first-pass is an exact match.,The legal entity is likely to lose clients or financial counterparts with a material impact on its business as a result of the ICT-related Incident.,The legal entity is likely to lose clients or financial counterparts with a material impact on its business as a result of the ICT-related Incident.,False
ICT Incident & Operational Event Management Guideline_v2.0,6.7,6.7,Match,Match,skipped,Skipped second-pass adjudication because first-pass is an exact match.,"To determine the geographical spread of an ICT-related Incident, it must be ensured to assess the impact on other EU Member States, specifically considering the significance for:","To determine the geographical spread of an ICT-related Incident, it must be ensured to assess the impact on other EU Member States, specifically considering the significance for:",False
ICT Incident & Operational Event Management Guideline_v2.0,6.7.1,6.7.1,Match,Match,skipped,Skipped second-pass adjudication because first-pass is an exact match.,Affected clients and financial counterparts.,Affected clients and financial counterparts.,False
ICT Incident & Operational Event Management Guideline_v2.0,6.7.2,6.7.2,Match,Match,skipped,Skipped second-pass adjudication because first-pass is an exact match.,Branches of the legal entity or related entities within the group.,Branches of the legal entity or related entities within the group.,False
ICT Incident & Operational Event Management Guideline_v2.0,6.7.3,6.7.3,Match,Match,skipped,Skipped second-pass adjudication because first-pass is an exact match.,Financial market infrastructures or third-party providers that may affect their services.,Financial market infrastructures or third-party providers that may affect their services.,False
ICT Incident & Operational Event Management Guideline_v2.0,6.8,6.8,Match,Match,skipped,Skipped second-pass adjudication because first-pass is an exact match.,"Data losses must be assessed based on their impact on data availability, authenticity, integrity and confidentiality.","Data losses must be assessed based on their impact on data availability, authenticity, integrity and confidentiality.",False
ICT Incident & Operational Event Management Guideline_v2.0,6.9,6.9,Match,Match,skipped,Skipped second-pass adjudication because first-pass is an exact match.,"The impact on critical services must be assessed by determining whether the ICT-related Incident affected ICT services or ICT Systems that support critical or important functions, involved unauthorized access, or disrupted financial services requiring authorization, registration or supervision.","The impact on critical services must be assessed by determining whether the ICT-related Incident affected ICT services or ICT Systems that support critical or important functions, involved unauthorized access, or disrupted financial services requiring authorization, registration or supervision.",False
ICT Incident & Operational Event Management Guideline_v2.0,7,7,Match,Match,skipped,Skipped second-pass adjudication because first-pass is an exact match.,It must be ensured that ICT-related Incident Analysis procedures are established and in place.,It must be ensured that ICT-related Incident Analysis procedures are established and in place.,False
ICT Incident & Operational Event Management Guideline_v2.0,7.1,7.1,Match,Match,skipped,Skipped second-pass adjudication because first-pass is an exact match.,Alerts or IS events must be analyzed and prioritized to confirm whether they are to be categorized as an ICT-related Incident.,Alerts or IS events must be analyzed and prioritized to confirm whether they are to be categorized as an ICT-related Incident.,False
ICT Incident & Operational Event Management Guideline_v2.0,7.2,7.2,Match,Match,skipped,Skipped second-pass adjudication because first-pass is an exact match.,"A reaction (time from an IS alert to the beginning of the assessment of the IS alert/IS Event) and response (time to classify and assign an ICT-related Incident) to ICT-related Incidents must be ensured without undue delay (during and outside working hours) to ensure that the ICT-related Incident handling process is initiated promptly. Additionally, the resolution of IS alerts not leading to an ICT-related Incident must also be ensured.","A reaction (time from an IS alert to the beginning of the assessment of the IS alert/IS Event) and response (time to classify and assign an ICT-related Incident) to ICT-related Incidents must be ensured without undue delay (during and outside working hours) to ensure that the ICT-related Incident handling process is initiated promptly. Additionally, the resolution of IS alerts not leading to an ICT-related Incident must also be ensured.",False
ICT Incident & Operational Event Management Guideline_v2.0,7.3,7.3,Match,Match,skipped,Skipped second-pass adjudication because first-pass is an exact match.,"During the assessment phase of an ICT-related Incident, the following information must be assessed: The cause and who is responsible for the ICT-related Incident. The scope of the ICT-related Incident. The impact caused by the ICT-related Incident. Relevance regarding notification to external authorities (e.g., due to regulatory requirements or on ad-hoc request of external authority). The possible effects on assets. If necessary, involvement or forwarding of the ICT-related Incident to the crisis management and business continuity management units.","During the assessment phase of an ICT-related Incident, the following information must be assessed: - The cause and who is responsible for the ICT-related Incident. - The scope of the ICT-related Incident. - The impact caused by the ICT-related Incident. - Relevance regarding notification to external authorities (e.g., due to regulatory requirements or on ad-hoc request of external authority). - The possible effects on assets. - If necessary, involvement or forwarding of the ICT-related Incident to the crisis management and business continuity management units.",False
ICT Incident & Operational Event Management Guideline_v2.0,7.4,7.4,Match,Match,skipped,Skipped second-pass adjudication because first-pass is an exact match.,"Based on the assessment phase, measures for the immediate remediation of the ICT-related Incident (short-term measures) must be defined.","Based on the assessment phase, measures for the immediate remediation of the ICT-related Incident (short-term measures) must be defined.",False
ICT Incident & Operational Event Management Guideline_v2.0,7.5,7.5,Match,Match,skipped,Skipped second-pass adjudication because first-pass is an exact match.,Responsibilities and timelines must be determined and communicated to the relevant stakeholders.,Responsibilities and timelines must be determined and communicated to the relevant stakeholders.,False
ICT Incident & Operational Event Management Guideline_v2.0,7.6,7.6,Match,Match,skipped,Skipped second-pass adjudication because first-pass is an exact match.,All relevant stakeholders must be involved or informed during the ICT-related Incident handling to ensure that appropriate actions will be taken.,All relevant stakeholders must be involved or informed during the ICT-related Incident handling to ensure that appropriate actions will be taken.,False
ICT Incident & Operational Event Management Guideline_v2.0,7.7,7.7,Match,Match,skipped,Skipped second-pass adjudication because first-pass is an exact match.,The ICT-related Incident investigation and diagnosis activity must be described in the ICT-related Incident Management process.,The ICT-related Incident investigation and diagnosis activity must be described in the ICT-related Incident Management process.,False
ICT Incident & Operational Event Management Guideline_v2.0,8,8,Match,Match,skipped,Skipped second-pass adjudication because first-pass is an exact match.,It must be ensured that ICT-related Incident Regular Reporting is established and in place.,It must be ensured that ICT-related Incident Regular Reporting is established and in place.,False
ICT Incident & Operational Event Management Guideline_v2.0,8.1,8.1,Match,Match,skipped,Skipped second-pass adjudication because first-pass is an exact match.,Overview and the process of ICT-related Incidents must be reported to the relevant stakeholders based on the need-to-know principle at defined intervals and via standardized interfaces.,Overview and the process of ICT-related Incidents must be reported to the relevant stakeholders based on the need-to-know principle at defined intervals and via standardized interfaces.,False
ICT Incident & Operational Event Management Guideline_v2.0,9,9,Match,Match,skipped,Skipped second-pass adjudication because first-pass is an exact match.,There must be a procedure for the communication of ICT-related Incidents.,There must be a procedure for the communication of ICT-related Incidents.,False
ICT Incident & Operational Event Management Guideline_v2.0,9.1,9.1,Match,Match,skipped,Skipped second-pass adjudication because first-pass is an exact match.,The existence of an ICT-related Incident or any relevant details thereof must be communicated to other internal and external people or organizations according to the ICT-related Incident communication plan on a need-to-know basis.,The existence of an ICT-related Incident or any relevant details thereof must be communicated to other internal and external people or organizations according to the ICT-related Incident communication plan on a need-to-know basis.,False
ICT Incident & Operational Event Management Guideline_v2.0,9.2,9.2,Match,Match,skipped,Skipped second-pass adjudication because first-pass is an exact match.,"For each ICT-related Incident, an analysis must be performed to determine which relevant authorities require notification.","For each ICT-related Incident, an analysis must be performed to determine which relevant authorities require notification.",False
ICT Incident & Operational Event Management Guideline_v2.0,9.3,9.3,Content delta: requirement differs,Content delta: requirement differs,confirmed,Confirmed after footnote/reference stripping.,"Where notification is required, relevant authorities must be notified in due time according to the communication plan and the incident's classification. Depending on the nature and impact of the incident, these authorities include, but are not limited to: The Federal Financial Supervisory Authority (BaFin) The Federal Office for Information Security (BSI) The Federal Office for Civil Protection and Disaster Assistance (BBK) The Management Body, including LE CISO/Chief ICT Risk Office(s) of the impacted Legal Entities and Group CISO/Chief ICT Risk Officer must be informed without undue delay:","Where notification is required, relevant authorities must be notified in due time according to the communication plan and the incident's classification. Depending on the nature and impact of the incident, these authorities include, but are not limited to: The Federal Financial Supervisory Authority (BaFin) The Federal Office for Information Security (BSI) The Federal Office for Civil Protection and Disaster Assistance (BBK)",False
ICT Incident & Operational Event Management Guideline_v2.0,9.4,9.4,Content delta: requirement differs,Content delta: requirement differs,confirmed,Confirmed after footnote/reference stripping.,"The Management Body, including LE CISO/Chief ICT Risk Office(s) of the impacted Legal Entities and Group CISO/Chief ICT Risk Officer must be informed without undue delay:","The Management Body, including LE CISO/ Chief ICT Risk Officer(s) of the impacted Legal Entities and Group CISO/Chief ICT Risk Officer must be informed without undue delay:",False
ICT Incident & Operational Event Management Guideline_v2.0,9.4.1,9.4.1,Match,Match,skipped,Skipped second-pass adjudication because first-pass is an exact match.,"Occurrence of major ICT-related Incidents2, including ad hoc evolving situations.","Occurrence of major ICT-related Incidents2, including ad hoc evolving situations.",False
ICT Incident & Operational Event Management Guideline_v2.0,9.4.2,9.4.2,Match,Match,skipped,Skipped second-pass adjudication because first-pass is an exact match.,ICT-related Incidents with a potentially high impact on ICT Systems supporting critical or important functions and services.,ICT-related Incidents with a potentially high impact on ICT Systems supporting critical or important functions and services.,False
ICT Incident & Operational Event Management Guideline_v2.0,9.5,9.5,Match,Match,skipped,Skipped second-pass adjudication because first-pass is an exact match.,It must be ensured that ICT-related Incidents affecting publicly available telecommunication network and/or offered telecommunication services are reported to Bundesnetzagentur and BSI in a timely manner.,It must be ensured that ICT-related Incidents affecting publicly available telecommunication network and/or offered telecommunication services are reported to Bundesnetzagentur and BSI in a timely manner.,False
ICT Incident & Operational Event Management Guideline_v2.0,9.6,9.6,Match,Match,skipped,Skipped second-pass adjudication because first-pass is an exact match.,It must be ensured that in case of ICT-related Incidents of publicly available telecommunication network and/or offered telecommunication services affecting personal data Bundesnetzagentur and der Bundesbeauftragte für den Datenschutz und die Informationsfreiheit are immediately notified.,It must be ensured that in case of ICT-related Incidents of publicly available telecommunication network and/or offered telecommunication services affecting personal data Bundesnetzagentur and der Bundesbeauftragte für den Datenschutz und die Informationsfreiheit are immediately notified.,False
ICT Operations Guideline_v2.0,1,1,Match,Match,skipped,Skipped second-pass adjudication because first-pass is an exact match.,It must be ensured that ICT operations and its activities are managed.,It must be ensured that ICT operations and its activities are managed.,False
ICT Operations Guideline_v2.0,1.1,1.1,Match,Match,skipped,Skipped second-pass adjudication because first-pass is an exact match.,Procedures and processes must be developed and documented to manage ICT operations.,Procedures and processes must be developed and documented to manage ICT operations.,False
ICT Operations Guideline_v2.0,1.2,1.2,Match,Match,skipped,Skipped second-pass adjudication because first-pass is an exact match.,"Those procedures and processes must specify how IT Assets are operated, monitored, controlled, restored, and documented.","Those procedures and processes must specify how IT Assets are operated, monitored, controlled, restored, and documented.",False
ICT Operations Guideline_v2.0,10,10,Match,Match,skipped,Skipped second-pass adjudication because first-pass is an exact match.,It must be ensured that formal documentation and operating handbooks are in place.,It must be ensured that formal documentation and operating handbooks are in place.,False
ICT Operations Guideline_v2.0,10.1,10.1,Match,Match,skipped,Skipped second-pass adjudication because first-pass is an exact match.,"Operating handbooks must be developed, documented, and maintained.","Operating handbooks must be developed, documented, and maintained.",False
ICT Operations Guideline_v2.0,10.2,10.2,Match,Match,skipped,Skipped second-pass adjudication because first-pass is an exact match.,"The operating handbooks should include descriptions of at least the following procedures: Start, restart, recovery, and deactivation of the system Configuration of the system, including default and actual used values Processing and handling of information Data and system backup process and restoration Description of standard changes Error handling Exceptional situations instructions Support and escalation procedures Special output and media handling, such as management of strictly confidential output including procedures for secure disposal of output from failed jobs Management of audit-trail and system log information Description of the access management model Monitoring procedures","The operating handbooks should include descriptions of at least the following procedures: - Start, restart, recovery, and deactivation of the system - Configuration of the system, including default and actual used values - Processing and handling of information - Data and system backup process and restoration - Description of standard changes - Error handling - Exceptional situations instructions - Support and escalation procedures - Special output and media handling, such as management of strictly confidential output including procedures for secure disposal of output from failed jobs - Management of audit-trail and system log information - Description of the access management model - Monitoring procedures",False
ICT Operations Guideline_v2.0,10.3,10.3,Match,Match,skipped,Skipped second-pass adjudication because first-pass is an exact match.,Documentation of dependencies and interfaces between ICT Systems must be in place.,Documentation of dependencies and interfaces between ICT Systems must be in place.,False
ICT Operations Guideline_v2.0,10.4,10.4,Match,Match,skipped,Skipped second-pass adjudication because first-pass is an exact match.,Operating procedures must be reviewed at defined intervals or whenever significant changes to the system are implemented.,Operating procedures must be reviewed at defined intervals or whenever significant changes to the system are implemented.,False
ICT Operations Guideline_v2.0,11,11,Match,Match,skipped,Skipped second-pass adjudication because first-pass is an exact match.,It must be ensured that software usage and installation is managed.,It must be ensured that software usage and installation is managed.,False
ICT Operations Guideline_v2.0,11.1,11.1,Match,Match,skipped,Skipped second-pass adjudication because first-pass is an exact match.,Software installation must be a defined and documented process.,Software installation must be a defined and documented process.,False
ICT Operations Guideline_v2.0,11.2,11.2,Match,Match,skipped,Skipped second-pass adjudication because first-pass is an exact match.,It must be ensured that only approved and licensed software is installed.,It must be ensured that only approved and licensed software is installed.,False
ICT Operations Guideline_v2.0,11.3,11.3,Match,Match,skipped,Skipped second-pass adjudication because first-pass is an exact match.,The list of approved software must be documented.,The list of approved software must be documented.,False
ICT Operations Guideline_v2.0,11.4,11.4,Match,Match,skipped,Skipped second-pass adjudication because first-pass is an exact match.,The principles of least privilege must be applied for restricting the installation of software on information systems.,The principles of least privilege must be applied for restricting the installation of software on information systems.,False
ICT Operations Guideline_v2.0,11.5,11.5,Match,Match,skipped,Skipped second-pass adjudication because first-pass is an exact match.,Processes and process-supporting tools must be implemented which sufficiently monitor the system capacities (resources) and foster availability.,Processes and process-supporting tools must be implemented which sufficiently monitor the system capacities (resources) and foster availability.,False
ICT Operations Guideline_v2.0,12,12,Match,Match,skipped,Skipped second-pass adjudication because first-pass is an exact match.,"It must be ensured that comprehensive and secure backup, restoration, and recovery procedures are established.","It must be ensured that comprehensive and secure backup, restoration, and recovery procedures are established.",False
ICT Operations Guideline_v2.0,12.1,12.1,Match,Match,skipped,Skipped second-pass adjudication because first-pass is an exact match.,"Backup procedures must be developed and documented, clearly defining the scope of the data to be backed up and the minimum backup frequency, considering the data’s confidentiality and criticality.","Backup procedures must be developed and documented, clearly defining the scope of the data to be backed up and the minimum backup frequency, considering the data’s confidentiality and criticality.",False
ICT Operations Guideline_v2.0,12.2,12.2,Match,Match,skipped,Skipped second-pass adjudication because first-pass is an exact match.,Restoration and recovery procedures and methods must be developed and documented.,Restoration and recovery procedures and methods must be developed and documented.,False
ICT Operations Guideline_v2.0,12.3,12.3,Match,Match,skipped,Skipped second-pass adjudication because first-pass is an exact match.,Both procedures and methods must be based on a risk assessment and ensure coverage of all critical data and systems.,Both procedures and methods must be based on a risk assessment and ensure coverage of all critical data and systems.,False
ICT Operations Guideline_v2.0,12.4,12.4,Match,Match,skipped,Skipped second-pass adjudication because first-pass is an exact match.,Both procedures and methods must be tested at defined regularly but at least every 12 months or after significant changes.,Both procedures and methods must be tested at defined regularly but at least every 12 months or after significant changes.,False
ICT Operations Guideline_v2.0,12.5,12.5,Match,Match,skipped,Skipped second-pass adjudication because first-pass is an exact match.,All restoration activities must meet predefined Recovery Time Objectives (RTO) and Recovery Point Objectives (RPO).,All restoration activities must meet predefined Recovery Time Objectives (RTO) and Recovery Point Objectives (RPO).,False
ICT Operations Guideline_v2.0,12.6,12.6,Match,Match,skipped,Skipped second-pass adjudication because first-pass is an exact match.,"Backups must include all relevant asset data, information, software, configuration, and system images and must be stored and be restorable in accordance with the restoration and recovery procedures.","Backups must include all relevant asset data, information, software, configuration, and system images and must be stored and be restorable in accordance with the restoration and recovery procedures.",False
ICT Operations Guideline_v2.0,12.7,12.7,Match,Match,skipped,Skipped second-pass adjudication because first-pass is an exact match.,Backup data must be classified according to its protection level and stored in alignment with that classification.,Backup data must be classified according to its protection level and stored in alignment with that classification.,False
ICT Operations Guideline_v2.0,12.8,12.8,Match,Match,skipped,Skipped second-pass adjudication because first-pass is an exact match.,Backup data must be protected depending on their classification using cryptographic measures. Encryption keys must be securely managed in accordance with the Encryption and Key Management Guideline.,Backup data must be protected depending on their classification using cryptographic measures. Encryption keys must be securely managed in accordance with the Encryption and Key Management Guideline.,False
ICT Operations Guideline_v2.0,12.9,12.9,Match,Match,skipped,Skipped second-pass adjudication because first-pass is an exact match.,"In the event of disruption, recovery procedures must ensure that all necessary transactions can be restored and enable the completion of settlement on the scheduled date.","In the event of disruption, recovery procedures must ensure that all necessary transactions can be restored and enable the completion of settlement on the scheduled date.",False
ICT Operations Guideline_v2.0,13,13,Match,Match,skipped,Skipped second-pass adjudication because first-pass is an exact match.,"It must be ensured that backup systems are established, secured, and capable of being activated in accordance with defined procedures.","It must be ensured that backup systems are established, secured, and capable of being activated in accordance with defined procedures.",False
ICT Operations Guideline_v2.0,13.1,13.1,Match,Match,skipped,Skipped second-pass adjudication because first-pass is an exact match.,"Backup systems must be implemented in a way that allows activation in accordance with backup procedures, restoration and recovery procedures and methods.","Backup systems must be implemented in a way that allows activation in accordance with backup procedures, restoration and recovery procedures and methods.",False
ICT Operations Guideline_v2.0,13.2,13.2,Match,Match,skipped,Skipped second-pass adjudication because first-pass is an exact match.,"The activation of backup systems must not compromise the security of network and information systems, nor affect confidentiality, integrity, availability or authenticity the data.","The activation of backup systems must not compromise the security of network and information systems, nor affect confidentiality, integrity, availability or authenticity the data.",False
ICT Operations Guideline_v2.0,13.3,13.3,Match,Match,skipped,Skipped second-pass adjudication because first-pass is an exact match.,ICT Systems used for backup restoration must be physically and logically segregated from the source ICT Systems to prevent compromise in the event of a cyber incident or system failure.,ICT Systems used for backup restoration must be physically and logically segregated from the source ICT Systems to prevent compromise in the event of a cyber incident or system failure.,False
ICT Operations Guideline_v2.0,14,14,Match,Match,skipped,Skipped second-pass adjudication because first-pass is an exact match.,It must be ensured that backup facilities are in place.,It must be ensured that backup facilities are in place.,False
ICT Operations Guideline_v2.0,14.1,14.1,Match,Match,skipped,Skipped second-pass adjudication because first-pass is an exact match.,"Backup facilities equipped with sufficient resources, capabilities and functions to fulfil business needs and ensure continuous service availability must be maintained.","Backup facilities equipped with sufficient resources, capabilities and functions to fulfil business needs and ensure continuous service availability must be maintained.",False
ICT Operations Guideline_v2.0,15,15,Match,Match,skipped,Skipped second-pass adjudication because first-pass is an exact match.,It must be ensured that the backup after removal and disposal of an IT Asset is managed.,It must be ensured that the backup after removal and disposal of an IT Asset is managed.,False
ICT Operations Guideline_v2.0,15.1,15.1,Match,Match,skipped,Skipped second-pass adjudication because first-pass is an exact match.,In case of removal or disposal of IT assets it must be ensured that the backup for the removed or disposed IT Assets is handled according to requirements of the Information Owner (for more information check the ICT Asset Management Guideline).,In case of removal or disposal of IT assets it must be ensured that the backup for the removed or disposed IT Assets is handled according to requirements of the Information Owner (for more information check the ICT Asset Management Guideline).,False
ICT Operations Guideline_v2.0,16,16,Match,Match,skipped,Skipped second-pass adjudication because first-pass is an exact match.,It must be ensured that RTOs and RPOs are defined and adhered to for all relevant functions and IT Assets.,It must be ensured that RTOs and RPOs are defined and adhered to for all relevant functions and IT Assets.,False
ICT Operations Guideline_v2.0,16.1,16.1,Match,Match,skipped,Skipped second-pass adjudication because first-pass is an exact match.,"The determination of RTOs and RPOs must consider whether the function is critical or important, as well as the potential overall impact on market efficiency, agreed by the Asset Owner and documented in the Asset Inventory (according to the ICT Asset Management Guideline).","The determination of RTOs and RPOs must consider whether the function is critical or important, as well as the potential overall impact on market efficiency, agreed by the Asset Owner and documented in the Asset Inventory (according to the ICT Asset Management Guideline).",False
ICT Operations Guideline_v2.0,16.2,16.2,Match,Match,skipped,Skipped second-pass adjudication because first-pass is an exact match.,"All information systems, IT Applications, and data of the legal entity must be backed up in a way to ensure that the RPO objective is met. Depending on the RPO levels following must be fulfilled: RPO = 0 (Impact on Availability Criticality Level: “Critical”): Remote synchronous replication for RPO = 0 minutes and backup restore point and redo logs 0h < RPO < 1h (Impact on Availability Criticality Level: “Critical”): Remote asynchronous replication for RPO < 1 hour but not 0 minutes (e.g. RPO = 15, 20 or 30 minutes) and backup restore point and redo logs + daily backup or alternative measures which guarantee no / minimum data loss 1h ≤ RPO < 4h (Impact on Availability Criticality Level: “Major”): daily backup (full or incremental) + every x hours during business hours redo logs / snapshots / backups or alternative solution guaranteeing RPO 4 h ≤ RPO < 1 day (Impact on Availability Criticality Level: “Minor”): daily backup (full or incremental) + every x hours during business hours redo logs / snapshots / backups or alternative solution guaranteeing RPO RPO of 1 day or more (Impact on Availability Criticality Level: “Negligible”): weekly backup + daily (incremental) backups","All information systems, IT Applications, and data of the legal entity must be backed up in a way to ensure that the RPO objective is met. Depending on the RPO levels following must be fulfilled: - RPO = 0 (Impact on Availability Criticality Level: “Critical”): Remote synchronous replication for RPO = 0 minutes and backup restore point and redo logs - 0h < RPO < 1h (Impact on Availability Criticality Level: “Critical”): Remote asynchronous replication for RPO < 1 hour but not 0 minutes (e.g. RPO = 15, 20 or 30 minutes) and backup restore point and redo logs + daily backup or alternative measures which guarantee no / minimum data loss - 1h ≤ RPO < 4h (Impact on Availability Criticality Level: “Major”): daily backup (full or incremental) + every x hours during business hours redo logs / snapshots / backups or alternative solution guaranteeing RPO - 4 h ≤ RPO < 1 day (Impact on Availability Criticality Level: “Minor”): daily backup (full or incremental) + every x hours during business hours redo logs / snapshots / backups or alternative solution guaranteeing RPO - RPO of 1 day or more (Impact on Availability Criticality Level: “Negligible”): weekly backup + daily (incremental) backups",False
ICT Operations Guideline_v2.0,16.3,16.3,Match,Match,skipped,Skipped second-pass adjudication because first-pass is an exact match.,The RTO for mission-critical functions must not be longer than two hours.,The RTO for mission-critical functions must not be longer than two hours.,False
ICT Operations Guideline_v2.0,16.4,16.4,Match,Match,skipped,Skipped second-pass adjudication because first-pass is an exact match.,"Trading venues must resume trading within or close to two hours of a disruptive incident, irrespective of the function's criticality or importance, with data loss from IT services minimized to near zero.","Trading venues must resume trading within or close to two hours of a disruptive incident, irrespective of the function's criticality or importance, with data loss from IT services minimized to near zero.",False
ICT Operations Guideline_v2.0,17,17,Match,Match,skipped,Skipped second-pass adjudication because first-pass is an exact match.,It must be ensured that the backup procedures are reviewed and improved.,It must be ensured that the backup procedures are reviewed and improved.,False
ICT Operations Guideline_v2.0,17.1,17.1,Match,Match,skipped,Skipped second-pass adjudication because first-pass is an exact match.,"At least once a year, the efficiency and completeness of backup procedures should be validated.","At least once a year, the efficiency and completeness of backup procedures should be validated.",False
ICT Operations Guideline_v2.0,17.1.1,17.1.1,Match,Match,skipped,Skipped second-pass adjudication because first-pass is an exact match.,"This involves demonstrating the successful restoration of an IT service following a failure, using a risk-based approach.","This involves demonstrating the successful restoration of an IT service following a failure, using a risk-based approach.",False
ICT Operations Guideline_v2.0,17.1.2,17.1.2,Match,Match,skipped,Skipped second-pass adjudication because first-pass is an exact match.,The outcomes of validating the backup procedures must be recorded in a report.,The outcomes of validating the backup procedures must be recorded in a report.,False
ICT Operations Guideline_v2.0,18,18,Match,Match,skipped,Skipped second-pass adjudication because first-pass is an exact match.,"ICT service continuity plans, procedures and mechanisms must be designed and implemented.","ICT service continuity plans, procedures and mechanisms must be designed and implemented.",False
ICT Operations Guideline_v2.0,18.1,18.1,Match,Match,skipped,Skipped second-pass adjudication because first-pass is an exact match.,"ICT service continuity plans, procedures and processes must be developed, tested, reviewed, and implemented.","ICT service continuity plans, procedures and processes must be developed, tested, reviewed, and implemented.",False
ICT Operations Guideline_v2.0,18.2,18.2,Match,Match,skipped,Skipped second-pass adjudication because first-pass is an exact match.,"Based on BIA results specific activation, deactivation and exception criteria for the ICT service continuity plans must be established.","Based on BIA results specific activation, deactivation and exception criteria for the ICT service continuity plans must be established.",False
ICT Operations Guideline_v2.0,18.3,18.3,Match,Match,skipped,Skipped second-pass adjudication because first-pass is an exact match.,ICT service continuity plans must include:,ICT service continuity plans must include:,False
ICT Operations Guideline_v2.0,18.3.1,18.3.1,Match,Match,skipped,Skipped second-pass adjudication because first-pass is an exact match.,"Actions that need to be taken to ensure availability, integrity, continuity, and recovery of at least ICT Systems and services supporting critical or important functions.","Actions that need to be taken to ensure availability, integrity, continuity, and recovery of at least ICT Systems and services supporting critical or important functions.",False
ICT Operations Guideline_v2.0,18.3.10,18.3.10,Match,Match,skipped,Skipped second-pass adjudication because first-pass is an exact match.,"Acceptable loss to availability of information and services, in the event of a disaster.","Acceptable loss to availability of information and services, in the event of a disaster.",False
ICT Operations Guideline_v2.0,18.3.11,18.3.11,Match,Match,skipped,Skipped second-pass adjudication because first-pass is an exact match.,"Implementation and maintenance of ICT risk framework or compensating controls, in the event of a disaster.","Implementation and maintenance of ICT risk framework or compensating controls, in the event of a disaster.",False
ICT Operations Guideline_v2.0,18.3.12,18.3.12,Match,Match,skipped,Skipped second-pass adjudication because first-pass is an exact match.,"Emergency procedures, manual fallback plans, and resumption plans to restore the infrastructure services.","Emergency procedures, manual fallback plans, and resumption plans to restore the infrastructure services.",False
ICT Operations Guideline_v2.0,18.3.2,18.3.2,Match,Match,skipped,Skipped second-pass adjudication because first-pass is an exact match.,Structure to limit the damage and meet the defined RTOs and RPOs.,Structure to limit the damage and meet the defined RTOs and RPOs.,False
ICT Operations Guideline_v2.0,18.3.3,18.3.3,Match,Match,skipped,Skipped second-pass adjudication because first-pass is an exact match.,Specific containment measures and technologies suitable for each type of incident to minimize the impact.,Specific containment measures and technologies suitable for each type of incident to minimize the impact.,False
ICT Operations Guideline_v2.0,18.3.4,18.3.4,Match,Match,skipped,Skipped second-pass adjudication because first-pass is an exact match.,"Quick estimation of preliminary impacts, damages, and losses upon activation of plans.","Quick estimation of preliminary impacts, damages, and losses upon activation of plans.",False
ICT Operations Guideline_v2.0,18.3.5,18.3.5,Match,Match,skipped,Skipped second-pass adjudication because first-pass is an exact match.,Prioritization of ICT Service Continuity actions on a risk-based approach.,Prioritization of ICT Service Continuity actions on a risk-based approach.,False
ICT Operations Guideline_v2.0,18.3.6,18.3.6,Match,Match,skipped,Skipped second-pass adjudication because first-pass is an exact match.,Definition of clear roles and responsibilities.,Definition of clear roles and responsibilities.,False
ICT Operations Guideline_v2.0,18.3.7,18.3.7,Match,Match,skipped,Skipped second-pass adjudication because first-pass is an exact match.,Short-term and long-term recovery options including partial system recovery.,Short-term and long-term recovery options including partial system recovery.,False
ICT Operations Guideline_v2.0,18.3.8,18.3.8,Match,Match,skipped,Skipped second-pass adjudication because first-pass is an exact match.,Objectives and the conditions for successful execution.,Objectives and the conditions for successful execution.,False
ICT Operations Guideline_v2.0,18.3.9,18.3.9,Match,Match,skipped,Skipped second-pass adjudication because first-pass is an exact match.,Available documentation for relevant users also in case of emergency.,Available documentation for relevant users also in case of emergency.,False
ICT Operations Guideline_v2.0,18.4,18.4,Match,Match,skipped,Skipped second-pass adjudication because first-pass is an exact match.,"The plans must consider alternative options if the primary recovery measures may not be feasible in the short-term due to costs, risks, logistics, or unforeseen circumstances.","The plans must consider alternative options if the primary recovery measures may not be feasible in the short-term due to costs, risks, logistics, or unforeseen circumstances.",False
ICT Operations Guideline_v2.0,18.5,18.5,Match,Match,skipped,Skipped second-pass adjudication because first-pass is an exact match.,The plans must consider and implement continuity measures to mitigate failures of ICT third-party service providers of ICT services supporting critical or important functions.,The plans must consider and implement continuity measures to mitigate failures of ICT third-party service providers of ICT services supporting critical or important functions.,False
ICT Operations Guideline_v2.0,18.6,18.6,Match,Match,skipped,Skipped second-pass adjudication because first-pass is an exact match.,"Relevant documentation that supports the ICT service continuity plans must be developed, identified, acquired, made available to authorized stakeholders and reviewed periodically.","Relevant documentation that supports the ICT service continuity plans must be developed, identified, acquired, made available to authorized stakeholders and reviewed periodically.",False
ICT Operations Guideline_v2.0,18.7,18.7,Match,Match,skipped,Skipped second-pass adjudication because first-pass is an exact match.,The ICT service continuity plans must be updated at defined intervals.,The ICT service continuity plans must be updated at defined intervals.,False
ICT Operations Guideline_v2.0,19,19,Match,Match,skipped,Skipped second-pass adjudication because first-pass is an exact match.,It must be ensured that ICT service continuity plans as well as procedures are appropriately tested.,It must be ensured that ICT service continuity plans as well as procedures are appropriately tested.,False
ICT Operations Guideline_v2.0,19.1,19.1,Match,Match,skipped,Skipped second-pass adjudication because first-pass is an exact match.,It must be ensured that ICT service continuity plans are tested at least annually or after a significant change to ICT Systems supporting critical or important functions.,It must be ensured that ICT service continuity plans are tested at least annually or after a significant change to ICT Systems supporting critical or important functions.,False
ICT Operations Guideline_v2.0,19.10,19.10,Match,Match,skipped,Skipped second-pass adjudication because first-pass is an exact match.,"Testing the ICT service continuity plan must include the involvement of appropriate participation of stakeholders, external providers, and relevant institutions.","Testing the ICT service continuity plan must include the involvement of appropriate participation of stakeholders, external providers, and relevant institutions.",False
ICT Operations Guideline_v2.0,19.11,19.11,Match,Match,skipped,Skipped second-pass adjudication because first-pass is an exact match.,"Test results must be documented, and any deficiencies must be analyzed, managed, followed-up, timely resolved, and reported to management.","Test results must be documented, and any deficiencies must be analyzed, managed, followed-up, timely resolved, and reported to management.",False
ICT Operations Guideline_v2.0,19.2,19.2,Match,Match,skipped,Skipped second-pass adjudication because first-pass is an exact match.,"The tests must include procedures to verify that personnel, third party ICT service providers, ICT Systems and services respond to failure scenarios by achieving the defined RTOs and RPOs.","The tests must include procedures to verify that personnel, third party ICT service providers, ICT Systems and services respond to failure scenarios by achieving the defined RTOs and RPOs.",False
ICT Operations Guideline_v2.0,19.3,19.3,Match,Match,skipped,Skipped second-pass adjudication because first-pass is an exact match.,Those tests must consider results of the Business Impact Analysis (BIA) and ICT Risk Assessment (for details refer to ICT Risk Management Guideline).,Those tests must consider results of the Business Impact Analysis (BIA) and ICT Risk Assessment (for details refer to ICT Risk Management Guideline).,False
ICT Operations Guideline_v2.0,19.4,19.4,Match,Match,skipped,Skipped second-pass adjudication because first-pass is an exact match.,"It must be ensured that all IT assets supporting critical functions or having the highest availability requirements, as identified by the BIA, are included in the scope of annual testing.","It must be ensured that all IT assets supporting critical functions or having the highest availability requirements, as identified by the BIA, are included in the scope of annual testing.",False
ICT Operations Guideline_v2.0,19.5,19.5,Match,Match,skipped,Skipped second-pass adjudication because first-pass is an exact match.,Testing must be based on possible failure scenarios which must be developed using current information of threats and on lessons learned from previous business interruptions including severe business disruptions and increased likelihood of occurrence of disruption.,Testing must be based on possible failure scenarios which must be developed using current information of threats and on lessons learned from previous business interruptions including severe business disruptions and increased likelihood of occurrence of disruption.,False
ICT Operations Guideline_v2.0,19.6,19.6,Match,Match,skipped,Skipped second-pass adjudication because first-pass is an exact match.,"Following scenarios must be considered: Cyber-attacks and switchovers between the primary ICT infrastructure and the redundant capacity, backups, and redundant facilities. Scenarios in which the quality of the provision of a critical or important function deteriorates to an unacceptable level or fails Scenarios linked to insolvency or failures of ICT third-party service providers. Partial or total failure of premises including office and business premises and data centers. Substantial failure of IT assets or of the communication infrastructure. The non-availability of a critical number of staff or staff members in charge of guaranteeing the continuity of operations. Impact of climate change and environment degradation related events, natural disasters, pandemic, and physical attacks, including intrusions and terrorist attacks. Insider attacks. Political and social instability, including, where relevant, in the jurisdiction from where the ICT third-party service provider provides its services and the location where the data is stored and processed. Widespread power outages.","Following scenarios must be considered: - Cyber-attacks and switchovers between the primary ICT infrastructure and the redundant capacity, backups, and redundant facilities. - Scenarios in which the quality of the provision of a critical or important function deteriorates to an unacceptable level or fails - Scenarios linked to insolvency or failures of ICT third-party service providers. - Partial or total failure of premises including office and business premises and data centers. - Substantial failure of IT assets or of the communication infrastructure. - The non-availability of a critical number of staff or staff members in charge of guaranteeing the continuity of operations. - Impact of climate change and environment degradation related events, natural disasters, pandemic, and physical attacks, including intrusions and terrorist attacks. - Insider attacks. - Political and social instability, including, where relevant, in the jurisdiction from where the ICT third-party service provider provides its services and the location where the data is stored and processed. - Widespread power outages.",False
ICT Operations Guideline_v2.0,19.7,19.7,Match,Match,skipped,Skipped second-pass adjudication because first-pass is an exact match.,The scenarios must be regularly updated and reviewed.,The scenarios must be regularly updated and reviewed.,False
ICT Operations Guideline_v2.0,19.8,19.8,Match,Match,skipped,Skipped second-pass adjudication because first-pass is an exact match.,"Tests of ICT service continuity plans must be designed to challenge the assumptions and scenarios on which the plans are based on, including governance arrangements and crisis communication plans.","Tests of ICT service continuity plans must be designed to challenge the assumptions and scenarios on which the plans are based on, including governance arrangements and crisis communication plans.",False
ICT Operations Guideline_v2.0,19.9,19.9,Match,Match,skipped,Skipped second-pass adjudication because first-pass is an exact match.,"The tests must include procedures to verify that personnel, third party ICT service providers, ICT Systems and services respond appropriately to the possible failure scenarios.","The tests must include procedures to verify that personnel, third party ICT service providers, ICT Systems and services respond appropriately to the possible failure scenarios.",False
ICT Operations Guideline_v2.0,2,2,Match,Match,skipped,Skipped second-pass adjudication because first-pass is an exact match.,It must be ensured that roles and responsibilities for ICT operations are defined.,It must be ensured that roles and responsibilities for ICT operations are defined.,False
ICT Operations Guideline_v2.0,2.1,2.1,Match,Match,skipped,Skipped second-pass adjudication because first-pass is an exact match.,Roles and responsibilities must be defined for ICT Operations.,Roles and responsibilities must be defined for ICT Operations.,False
ICT Operations Guideline_v2.0,2.2,2.2,Match,Match,skipped,Skipped second-pass adjudication because first-pass is an exact match.,Segregation of duties must be defined and implemented where applicable.,Segregation of duties must be defined and implemented where applicable.,False
ICT Operations Guideline_v2.0,20,20,Match,Match,skipped,Skipped second-pass adjudication because first-pass is an exact match.,It must be ensured that data and ICT System security procedures are in place.,It must be ensured that data and ICT System security procedures are in place.,False
ICT Operations Guideline_v2.0,20.1,20.1,Match,Match,skipped,Skipped second-pass adjudication because first-pass is an exact match.,"Procedures to secure data and ICT Systems must be developed, documented, and implemented.","Procedures to secure data and ICT Systems must be developed, documented, and implemented.",False
ICT Operations Guideline_v2.0,20.10,20.10,Match,Match,skipped,Skipped second-pass adjudication because first-pass is an exact match.,"ICT Systems must incorporate industry’s best practices and vendors recommended security settings, where applicable.","ICT Systems must incorporate industry’s best practices and vendors recommended security settings, where applicable.",False
ICT Operations Guideline_v2.0,20.2,20.2,Match,Match,skipped,Skipped second-pass adjudication because first-pass is an exact match.,Those data and ICT System security procedures must ensure the identification of:,Those data and ICT System security procedures must ensure the identification of:,False
ICT Operations Guideline_v2.0,20.2.1,20.2.1,Match,Match,skipped,Skipped second-pass adjudication because first-pass is an exact match.,"Secure configuration baselines for IT Assets, aimed at minimizing exposure to cyber threats, along with measures to regularly verify the effective deployment of these baselines.","Secure configuration baselines for IT Assets, aimed at minimizing exposure to cyber threats, along with measures to regularly verify the effective deployment of these baselines.",False
ICT Operations Guideline_v2.0,20.2.2,20.2.2,Match,Match,skipped,Skipped second-pass adjudication because first-pass is an exact match.,"Security measures to ensure that only authorized software is installed on ICT Systems, End User Devices and Mobile Devices.","Security measures to ensure that only authorized software is installed on ICT Systems, End User Devices and Mobile Devices.",False
ICT Operations Guideline_v2.0,20.2.3,20.2.3,Match,Match,skipped,Skipped second-pass adjudication because first-pass is an exact match.,Security measures to ensure that only authorized ICT Systems and Devices are used to transfer and store data.,Security measures to ensure that only authorized ICT Systems and Devices are used to transfer and store data.,False
ICT Operations Guideline_v2.0,20.3,20.3,Match,Match,skipped,Skipped second-pass adjudication because first-pass is an exact match.,"Hardening baselines must be defined, documented, implemented and regularly reviewed for all infrastructure types in Red or Yellow Segregation Area.","Hardening baselines must be defined, documented, implemented and regularly reviewed for all infrastructure types in Red or Yellow Segregation Area.",False
ICT Operations Guideline_v2.0,20.4,20.4,Match,Match,skipped,Skipped second-pass adjudication because first-pass is an exact match.,"As part of those procedures’ requirements for a management solution for remote management and remote wipe of data of legal entity owned Mobile Devices must be established ensuring the following: Remote wipe of business data stored on the Mobile Devices LE owned Mobile Devices can be remotely disabled, erased, or locked","As part of those procedures’ requirements for a management solution for remote management and remote wipe of data of legal entity owned Mobile Devices must be established ensuring the following: - Remote wipe of business data stored on the Mobile Devices - LE owned Mobile Devices can be remotely disabled, erased, or locked",False
ICT Operations Guideline_v2.0,20.5,20.5,Match,Match,skipped,Skipped second-pass adjudication because first-pass is an exact match.,"The procedures must include requirements for the use of security mechanisms that cannot be altered, removed, or circumvented by People or third-party ICT providers in an unauthorized manner.","The procedures must include requirements for the use of security mechanisms that cannot be altered, removed, or circumvented by People or third-party ICT providers in an unauthorized manner.",False
ICT Operations Guideline_v2.0,20.6,20.6,Match,Match,skipped,Skipped second-pass adjudication because first-pass is an exact match.,The procedures must include requirements for the exclusive authorization of the use of removable media if the residual ICT risk is within the defined risk tolerance levels (in accordance with the ICT Risk Management Guideline).,The procedures must include requirements for the exclusive authorization of the use of removable media if the residual ICT risk is within the defined risk tolerance levels (in accordance with the ICT Risk Management Guideline).,False
ICT Operations Guideline_v2.0,20.7,20.7,Match,Match,skipped,Skipped second-pass adjudication because first-pass is an exact match.,The implementation of security measures in the data and ICT System security procedure must ensure that remote-working and the use of private endpoint devices does not adversely impact ICT security.,The implementation of security measures in the data and ICT System security procedure must ensure that remote-working and the use of private endpoint devices does not adversely impact ICT security.,False
ICT Operations Guideline_v2.0,20.8,20.8,Match,Match,skipped,Skipped second-pass adjudication because first-pass is an exact match.,"Configurations of IT assets must be defined, documented, implemented, monitored, and reviewed.","Configurations of IT assets must be defined, documented, implemented, monitored, and reviewed.",False
ICT Operations Guideline_v2.0,20.9,20.9,Match,Match,skipped,Skipped second-pass adjudication because first-pass is an exact match.,"The application of the defined configurations of IT Assets must be monitored during their entire lifetime, and deviations must be prevented or reported if they occur.","The application of the defined configurations of IT Assets must be monitored during their entire lifetime, and deviations must be prevented or reported if they occur.",False
ICT Operations Guideline_v2.0,21,21,Match,Match,skipped,Skipped second-pass adjudication because first-pass is an exact match.,It must be ensured that mobile devices are managed.,It must be ensured that mobile devices are managed.,False
ICT Operations Guideline_v2.0,21.1,21.1,Match,Match,skipped,Skipped second-pass adjudication because first-pass is an exact match.,"All legal entity owned mobile devices, which have access to internal networks, network services and business information must be approved, registered, controlled, and managed for the use (for details on the Asset Inventory, please refer to the ICT Asset Management Guideline).","All legal entity owned mobile devices, which have access to internal networks, network services and business information must be approved, registered, controlled, and managed for the use (for details on the Asset Inventory, please refer to the ICT Asset Management Guideline).",False
ICT Operations Guideline_v2.0,21.10,21.10,Match,Match,skipped,Skipped second-pass adjudication because first-pass is an exact match.,It should be ensured that the mobile devices configuration settings can be recovered.,It should be ensured that the mobile devices configuration settings can be recovered.,False
ICT Operations Guideline_v2.0,21.11,21.11,Match,Match,skipped,Skipped second-pass adjudication because first-pass is an exact match.,"Where privately owned mobile devices (Bring-Your-Own-Devices) are approved to process and store data, appropriate controls must be implemented that ensure a separation of private and business usage supported by a software to protect business data on the private device (relevant for smartphones and tablets).","Where privately owned mobile devices (Bring-Your-Own-Devices) are approved to process and store data, appropriate controls must be implemented that ensure a separation of private and business usage supported by a software to protect business data on the private device (relevant for smartphones and tablets).",False
ICT Operations Guideline_v2.0,21.12,21.12,Match,Match,skipped,Skipped second-pass adjudication because first-pass is an exact match.,"The secure mobile device management (MDM) of privately-owned mobile devices must be in line with legal entity owned mobile devices. This implies at least the following: Lock screen must be enabled, and auto-lock timeout must be defined to ensure that the mobile device is automatically locked after a period of inactivity Access to stored business data must automatically be locked in case of repeated entry of a wrong passcode (relevant for smartphones and tablets, in accordance with the Identity and Access Management Guideline)","The secure mobile device management (MDM) of privately-owned mobile devices must be in line with legal entity owned mobile devices. This implies at least the following: - lock screen must be enabled, and auto-lock timeout must be defined to ensure that the mobile device is automatically locked after a period of inactivity - access to stored business data must automatically be locked in case of repeated entry of a wrong passcode (relevant for smartphones and tablets in accordance with the Identity and Access Management Guideline)",False
ICT Operations Guideline_v2.0,21.13,21.13,Match,Match,skipped,Skipped second-pass adjudication because first-pass is an exact match.,"Only authorized mobile devices must be connected to the internal network, excluding guest wi-fi.","Only authorized mobile devices must be connected to the internal network, excluding guest wi-fi.",False
ICT Operations Guideline_v2.0,21.14,21.14,Match,Match,skipped,Skipped second-pass adjudication because first-pass is an exact match.,Client operating systems must ensure that no unauthorized software can be run on a client system,Client operating systems must ensure that no unauthorized software can be run on a client system,False
ICT Operations Guideline_v2.0,21.15,21.15,Match,Match,skipped,Skipped second-pass adjudication because first-pass is an exact match.,Access to data in the Red and Yellow Segregation Area must be restricted to legal entity owned devices. Access to data in the Blue and Green Segregation Area should be restricted to legal entity owned devices.,Access to data in the Red and Yellow Segregation Area must be restricted to legal entity owned devices. Access to data in the Blue and Green Segregation Area should be restricted to legal entity owned devices.,False
ICT Operations Guideline_v2.0,21.2,21.2,Match,Match,skipped,Skipped second-pass adjudication because first-pass is an exact match.,Security baselines must be defined for DBG-owned mobile devices and enforced through mobile device management (MDM).,Security baselines must be defined for DBG-owned mobile devices and enforced through mobile device management (MDM).,False
ICT Operations Guideline_v2.0,21.3,21.3,Match,Match,skipped,Skipped second-pass adjudication because first-pass is an exact match.,Legal entity owned mobile devices must be kept up to date with all relevant security patches.,Legal entity owned mobile devices must be kept up to date with all relevant security patches.,False
ICT Operations Guideline_v2.0,21.4,21.4,Match,Match,skipped,Skipped second-pass adjudication because first-pass is an exact match.,"It must be ensured that all legal entity owned mobile devices only run on supported operating systems, i.e., devices are still maintained / receive regular updates by the manufacturer and must not bypass any manufacturer usage restrictions (i.e. jailbreak or rooting).","It must be ensured that all legal entity owned mobile devices only run on supported operating systems, i.e., devices are still maintained / receive regular updates by the manufacturer and must not bypass any manufacturer usage restrictions (i.e. jailbreak or rooting).",False
ICT Operations Guideline_v2.0,21.5,21.5,Match,Match,skipped,Skipped second-pass adjudication because first-pass is an exact match.,Vulnerabilities of legal entity owned mobile devices must be identified and managed accordingly to the ICT Patch and Vulnerability Management Guideline.,Vulnerabilities of legal entity owned mobile devices must be identified and managed accordingly to the ICT Patch and Vulnerability Management Guideline.,False
ICT Operations Guideline_v2.0,21.6,21.6,Match,Match,skipped,Skipped second-pass adjudication because first-pass is an exact match.,Legal entity owned mobile devices must be encrypted accordingly to the Encryption and Key Management Guideline.,Legal entity owned mobile devices must be encrypted accordingly to the Encryption and Key Management Guideline.,False
ICT Operations Guideline_v2.0,21.7,21.7,Match,Match,skipped,Skipped second-pass adjudication because first-pass is an exact match.,Rules governing software installation on legal entity owned mobile devices must be defined and enforced to ensure only authorized applications are installed.,Rules governing software installation on legal entity owned mobile devices must be defined and enforced to ensure only authorized applications are installed.,False
ICT Operations Guideline_v2.0,21.8,21.8,Match,Match,skipped,Skipped second-pass adjudication because first-pass is an exact match.,All legal entity owned mobile devices must be configured to ensure that the device cannot be compromised in the event of unauthorized physical access. At least the following actions must be ensured: Pre-boot authentication must be enabled (only relevant for laptops) USB ports must be disabled for mass storage media Host-based firewall must be installed on all mobile devices and block all inbound traffic/connections except needed connections (relevant for laptops).,All legal entity owned mobile devices must be configured to ensure that the device cannot be compromised in the event of unauthorized physical access. At least the following actions must be ensured: - Pre-boot authentication must be enabled (only relevant for laptops) - USB ports must be disabled for mass storage media - Host-based firewall must be installed on all mobile devices and block all inbound traffic/connections except needed connections (relevant for laptops).,False
ICT Operations Guideline_v2.0,21.9,21.9,Match,Match,skipped,Skipped second-pass adjudication because first-pass is an exact match.,Legal entity owned mobile devices must be configured to ensure that the device cannot be compromised in the event of unauthorized physical access by at least enabling an automatic lock screen and a defined auto-lock timeout to automatically lock after a period of inactivity. Exemptions to this requirement are allowed but must be documented and substantiated by a justification.,Legal entity owned mobile devices must be configured to ensure that the device cannot be compromised in the event of unauthorized physical access by at least enabling an automatic lock screen and a defined auto-lock timeout to automatically lock after a period of inactivity. Exemptions to this requirement are allowed but must be documented and substantiated by a justification.,False
ICT Operations Guideline_v2.0,22,22,Match,Match,skipped,Skipped second-pass adjudication because first-pass is an exact match.,It must be ensured that end users work and communicate securely.,It must be ensured that end users work and communicate securely.,False
ICT Operations Guideline_v2.0,22.1,22.1,Match,Match,skipped,Skipped second-pass adjudication because first-pass is an exact match.,End users working outside of legal entity’s premises including travelling must be aware of the specific risks of remote work and related security requirements.,End users working outside of legal entity’s premises including travelling must be aware of the specific risks of remote work and related security requirements.,False
ICT Operations Guideline_v2.0,22.2,22.2,Match,Match,skipped,Skipped second-pass adjudication because first-pass is an exact match.,End users must comply with the following requirements: Lost and returned mobile devices must be returned for inspection of manipulation and malicious code.,End users must comply with the following requirements: Lost and returned mobile devices must be returned for inspection of manipulation and malicious code.,False
ICT Operations Guideline_v2.0,22.3,22.3,Content delta: requirement differs,Content delta: requirement differs,confirmed,Confirmed after footnote/reference stripping.,"The following actions must not be performed unless they are required for business purposes, for which an approval process must be defined: Make any changes to the software installed on their legal entity owned devices. Download, store, install or run any executable files of external sources. Make any physical changes to the IT assets. The security configuration / security measures of IT assets provided by the legal entity must not be changed, disabled, or bypassed. Download, store, install, or run any programs or executable files from sources other than legal entity internal trusted sources.","The following actions must not be performed unless they are required for business purposes, for which an approval process must be defined: - Make any changes to the software installed on their legal entity owned devices. - Make any physical changes to the IT assets. - The security configuration / security measures of IT assets provided by the legal entity must not be changed, disabled, or bypassed. - Install, or run any programs or executable files from sources other than legal entity internal trusted sources. The following actions should not be performed unless required for business purposes: - Download, and store any programs or executable files from sources other than legal entity internal trusted sources.",False
ICT Operations Guideline_v2.0,23,23,Content delta: description differs,Content delta: description differs,confirmed,Confirmed after footnote/reference stripping.,It must be ensured that endpoints are protected against malware.,It must be ensured that endpoints are protected against malware.,False
ICT Operations Guideline_v2.0,23.1,23.1,Content delta: description differs,Content delta: description differs,confirmed,Confirmed after footnote/reference stripping.,Approved anti-malware protection must be installed on all endpoints if technically feasible.,Approved anti-malware protection must be installed on all endpoints if technically feasible.,False
ICT Operations Guideline_v2.0,23.2,23.2,Content delta: description differs,Content delta: description differs,confirmed,Confirmed after footnote/reference stripping.,"The anti-malware solution must include: Anti-malware protection to ensure that all running software, data and/or connections are protected from malicious code NIDS and NIPS to ensure that all network traffic between network security zones is analyzed to ensure attacks or misuse are actively prevented HIPS and HIDS to ensure infrastructure components are protected against malicious system integrity changes, where technically applicable, or at least to monitor malicious behavior and report it as a security event Sufficient options to connect the solution to the monitoring solution (SIEM or equivalent at the legal entity)","The anti-malware solution must include: - Anti-malware protection to ensure that all running software, data and/or connections are protected from malicious code - NIDS and NIPS to ensure that all network traffic between network security zones is analyzed to ensure attacks or misuse are actively prevented - HIPS and HIDS to ensure infrastructure components are protected against malicious system integrity changes, where technically applicable, or at least to monitor malicious behavior and report it as a security event - Sufficient options to connect the solution to the monitoring solution (SIEM or equivalent at the legal entity)",False
ICT Operations Guideline_v2.0,23.3,23.3,Content delta: description differs,Content delta: description differs,confirmed,Confirmed after footnote/reference stripping.,The anti-malware solution must always be active when the system is running.,The anti-malware solution must always be active when the system is running.,False
ICT Operations Guideline_v2.0,23.4,23.4,Content delta: description differs,Content delta: description differs,confirmed,Confirmed after footnote/reference stripping.,Anti-malware solutions must always be up to date.,Anti-malware solutions must always be up to date.,False
ICT Operations Guideline_v2.0,23.5,23.5,Content delta: description differs,Content delta: description differs,confirmed,Confirmed after footnote/reference stripping.,Anti-malware protection must check all files on endpoints.,Anti-malware protection must check all files on endpoints.,False
ICT Operations Guideline_v2.0,23.6,23.6,Content delta: description differs,Content delta: description differs,confirmed,Confirmed after footnote/reference stripping.,Anti-malware protection on servers must at least scan all transferred files.,Anti-malware protection on servers must at least scan all transferred files.,False
ICT Operations Guideline_v2.0,23.7,23.7,Content delta: description differs,Content delta: description differs,confirmed,Confirmed after footnote/reference stripping.,"Signatures or equivalent for next-gen protection (IOC,IOA9 must be updated regularly.","Signatures or equivalent for next-gen protection (IOC, IOA9) must be updated regularly.",False
ICT Operations Guideline_v2.0,23.8,23.8,Content delta: description differs,Content delta: description differs,confirmed,Confirmed after footnote/reference stripping.,Security solutions must be approved by the 1st LoD.,Security solutions must be approved by the 1st LoD.,False
ICT Operations Guideline_v2.0,24,24,Match,Match,skipped,Skipped second-pass adjudication because first-pass is an exact match.,It must be ensured that the time settings of all IT assets are synchronized and managed.,It must be ensured that the time settings of all IT assets are synchronized and managed.,False
ICT Operations Guideline_v2.0,24.1,24.1,Match,Match,skipped,Skipped second-pass adjudication because first-pass is an exact match.,A standard reference time for use by all information systems must be defined.,A standard reference time for use by all information systems must be defined.,False
ICT Operations Guideline_v2.0,24.2,24.2,Match,Match,skipped,Skipped second-pass adjudication because first-pass is an exact match.,The clocks of all relevant information processing systems within an organization or security domain must be synchronized to a single reference time source.,The clocks of all relevant information processing systems within an organization or security domain must be synchronized to a single reference time source.,False
ICT Operations Guideline_v2.0,24.3,24.3,Match,Match,skipped,Skipped second-pass adjudication because first-pass is an exact match.,Clock synchronization process must be logged by the information system. Failure to reach the time server or to synchronize time must be automatically reported as a security event.,Clock synchronization process must be logged by the information system. Failure to reach the time server or to synchronize time must be automatically reported as a security event.,False
ICT Operations Guideline_v2.0,24.4,24.4,Match,Match,skipped,Skipped second-pass adjudication because first-pass is an exact match.,"UTC+00:00 must be assigned as the time zone for all log data, if possible.","UTC+00:00 must be assigned as the time zone for all log data, if possible.",False
ICT Operations Guideline_v2.0,25,25,Match,Match,skipped,Skipped second-pass adjudication because first-pass is an exact match.,It must be ensured that email accounts are used in a secure way.,It must be ensured that email accounts are used in a secure way.,False
ICT Operations Guideline_v2.0,25.1,25.1,Match,Match,skipped,Skipped second-pass adjudication because first-pass is an exact match.,Email accounts must be used for business purposes only and following requirements must be fulfilled:,Email accounts must be used for business purposes only and following requirements must be fulfilled:,False
ICT Operations Guideline_v2.0,25.1.1,25.1.1,Match,Match,skipped,Skipped second-pass adjudication because first-pass is an exact match.,Emails must not be automatically forwarded to external email addresses.,Emails must not be automatically forwarded to external email addresses.,False
ICT Operations Guideline_v2.0,25.1.2,25.1.2,Match,Match,skipped,Skipped second-pass adjudication because first-pass is an exact match.,Links (hyperlinks) or attachments in emails whose sender or content does not appear to be trustworthy must not be clicked and must be reported to Cyber Emergency Response Team (CERT).,Links (hyperlinks) or attachments in emails whose sender or content does not appear to be trustworthy must not be clicked and must be reported to Cyber Emergency Response Team (CERT).,False
ICT Operations Guideline_v2.0,25.1.3,25.1.3,Match,Match,skipped,Skipped second-pass adjudication because first-pass is an exact match.,Unsolicited emails should be forwarded to CERT (CERT@deutsche-boerse.com) for further investigation.,Unsolicited emails should be forwarded to CERT (CERT@deutsche-boerse.com) for further investigation.,False
ICT Operations Guideline_v2.0,25.1.4,25.1.4,Match,Match,skipped,Skipped second-pass adjudication because first-pass is an exact match.,"Email pop-ups should be turned off during presentations, screen sharing or in a public area.","Email pop-ups should be turned off during presentations, screen sharing or in a public area.",False
ICT Operations Guideline_v2.0,26,26,Match,Match,skipped,Skipped second-pass adjudication because first-pass is an exact match.,It must be ensured that internet is used in a secure way.,It must be ensured that internet is used in a secure way.,False
ICT Operations Guideline_v2.0,26.1,26.1,Match,Match,skipped,Skipped second-pass adjudication because first-pass is an exact match.,End users must not use company provided internet access (incl. private browser) for:,End users must not use company provided internet access (incl. private browser) for:,False
ICT Operations Guideline_v2.0,26.1.1,26.1.1,Match,Match,skipped,Skipped second-pass adjudication because first-pass is an exact match.,"Any activity that is against the legal entity’s code of conduct, which includes any illegal activities.","Any activity that is against the legal entity’s code of conduct, which includes any illegal activities.",False
ICT Operations Guideline_v2.0,26.1.2,26.1.2,Match,Match,skipped,Skipped second-pass adjudication because first-pass is an exact match.,Downloading data that is not approved and licensed for business within legal entity.,Downloading data that is not approved and licensed for business within legal entity.,False
ICT Operations Guideline_v2.0,26.1.3,26.1.3,Match,Match,skipped,Skipped second-pass adjudication because first-pass is an exact match.,Attempting to gain unauthorized access to external networks or servers.,Attempting to gain unauthorized access to external networks or servers.,False
ICT Operations Guideline_v2.0,3,3,Match,Match,skipped,Skipped second-pass adjudication because first-pass is an exact match.,It must be ensured that specifications for IT Assets and non-IT Assets are described.,It must be ensured that specifications for IT Assets and non-IT Assets are described.,False
ICT Operations Guideline_v2.0,3.1,3.1,Match,Match,skipped,Skipped second-pass adjudication because first-pass is an exact match.,"A description for IT Assets and, where applicable, non-IT Assets must be in place including: Specifications for the secure installation, maintenance, configuration, and de-installation of an ICT System Specifications for the management of Information Assets used by IT Assets and non-IT Assets, including their processing and handling, both automated and manual; Specifications for the identification and control of legacy ICT Systems;","A description for IT Assets and, where applicable, non-IT Assets must be in place including: - Specifications for the secure installation, maintenance, configuration, and de-installation of an ICT System - Specifications for the management of Information Assets used by IT Assets and non-IT Assets, including their processing and handling, both automated and manual; - Specifications for the identification and control of legacy ICT Systems;",False
ICT Operations Guideline_v2.0,4,4,Match,Match,skipped,Skipped second-pass adjudication because first-pass is an exact match.,It must be ensured that ICT Systems are reliable and technologically resilient under stressed market conditions or other adverse circumstances.,It must be ensured that ICT Systems are reliable and technologically resilient under stressed market conditions or other adverse circumstances.,False
ICT Operations Guideline_v2.0,4.1,4.1,Match,Match,skipped,Skipped second-pass adjudication because first-pass is an exact match.,"ICT Systems, protocols, and tools must be reliable and technologically resilient, ensuring their capability to handle increased information processing demands under stressed market conditions or other adverse circumstances.","ICT Systems, protocols, and tools must be reliable and technologically resilient, ensuring their capability to handle increased information processing demands under stressed market conditions or other adverse circumstances.",False
ICT Operations Guideline_v2.0,5,5,Match,Match,skipped,Skipped second-pass adjudication because first-pass is an exact match.,It must be ensured that the availability of IT Assets is managed.,It must be ensured that the availability of IT Assets is managed.,False
ICT Operations Guideline_v2.0,5.1,5.1,Match,Match,skipped,Skipped second-pass adjudication because first-pass is an exact match.,Availability procedures must be developed and in place.,Availability procedures must be developed and in place.,False
ICT Operations Guideline_v2.0,5.2,5.2,Match,Match,skipped,Skipped second-pass adjudication because first-pass is an exact match.,Availability requirements for IT Assets must be defined based on their criticality and business requirements.,Availability requirements for IT Assets must be defined based on their criticality and business requirements.,False
ICT Operations Guideline_v2.0,5.3,5.3,Match,Match,skipped,Skipped second-pass adjudication because first-pass is an exact match.,"If the existing system architecture cannot ensure the requirements on the availability of the IT Assets, it must be achieved by implementing redundant components or architectures.","If the existing system architecture cannot ensure the requirements on the availability of the IT Assets, it must be achieved by implementing redundant components or architectures.",False
ICT Operations Guideline_v2.0,5.4,5.4,Match,Match,skipped,Skipped second-pass adjudication because first-pass is an exact match.,"To ensure integrity and handle the complexity of infrastructure, legal entities must control redundancy: Ensure information processing is implemented with redundancy sufficiency to meet availability requirements Ensure protection of redundant components at the same level or higher as their primary counterparts Redundant information systems must be tested to ensure the failover from one component to another component works as intended. Tests must be performed regularly, following a risk-based approach, and after significant changes.","To ensure integrity and handle the complexity of infrastructure, legal entities must control redundancy: - Ensure information processing is implemented with redundancy sufficiency to meet availability requirements - Ensure protection of redundant components at the same level or higher as their primary counterparts - Redundant information systems must be tested to ensure the failover from one component to another component works as intended. Tests must be performed regularly, following a risk-based approach, and after significant changes.",False
ICT Operations Guideline_v2.0,6,6,Match,Match,skipped,Skipped second-pass adjudication because first-pass is an exact match.,It must be ensured that the capacity of IT Assets is managed.,It must be ensured that the capacity of IT Assets is managed.,False
ICT Operations Guideline_v2.0,6.1,6.1,Match,Match,skipped,Skipped second-pass adjudication because first-pass is an exact match.,Capacity requirements for IT Assets must be defined depending on the criticality of their availability.,Capacity requirements for IT Assets must be defined depending on the criticality of their availability.,False
ICT Operations Guideline_v2.0,6.2,6.2,Match,Match,skipped,Skipped second-pass adjudication because first-pass is an exact match.,"ICT Systems must be designed and maintained with sufficient capacity to ensure accurate data processing and timely service delivery under both normal and peak workloads, including during the deployment of new technologies.","ICT Systems must be designed and maintained with sufficient capacity to ensure accurate data processing and timely service delivery under both normal and peak workloads, including during the deployment of new technologies.",False
ICT Operations Guideline_v2.0,6.3,6.3,Match,Match,skipped,Skipped second-pass adjudication because first-pass is an exact match.,"To ensure continuity of critical business operations in the event of system failures or disruptions, redundant IT Assets and non-IT Assets equipped with the necessary resources and capabilities must be in place and operational.","To ensure continuity of critical business operations in the event of system failures or disruptions, redundant IT Assets and non-IT Assets equipped with the necessary resources and capabilities must be in place and operational.",False
ICT Operations Guideline_v2.0,6.4,6.4,Match,Match,skipped,Skipped second-pass adjudication because first-pass is an exact match.,"Capacity thresholds must be defined, based on system design, projections, availability criticality of concerned systems, regulations, expected requirements of business development (including current and projected trends) and procurement lead times for additional capacity.","Capacity thresholds must be defined, based on system design, projections, availability criticality of concerned systems, regulations, expected requirements of business development (including current and projected trends) and procurement lead times for additional capacity.",False
ICT Operations Guideline_v2.0,6.5,6.5,Match,Match,skipped,Skipped second-pass adjudication because first-pass is an exact match.,"ICT Systems should be running within capacity thresholds. Measures should be taken to ensure these thresholds are not exceeded to avoid service interruptions. Furthermore, resource optimisation should be applied to ensure that these thresholds apply to the right resource mix.","ICT Systems should be running within capacity thresholds. Measures should be taken to ensure these thresholds are not exceeded to avoid service interruptions. Furthermore, resource optimisation should be applied to ensure that these thresholds apply to the right resource mix.",False
ICT Operations Guideline_v2.0,6.6,6.6,Match,Match,skipped,Skipped second-pass adjudication because first-pass is an exact match.,"For systems supporting critical or important functions, a dedicated capacity management plan tailored to each specific IT Application or ICT System must be established. Appropriate measurement units must be defined, monitored, and reported.","For systems supporting critical or important functions, a dedicated capacity management plan tailored to each specific IT Application or ICT System must be established. Appropriate measurement units must be defined, monitored, and reported.",False
ICT Operations Guideline_v2.0,6.7,6.7,Match,Match,skipped,Skipped second-pass adjudication because first-pass is an exact match.,"ICT Systems with long or complex procurement procedures, approval processes or those that are resource-intensive must be appropriately managed and prioritized, reflecting their specific operational and risk-related characteristics.","ICT Systems with long or complex procurement procedures, approval processes or those that are resource-intensive must be appropriately managed and prioritized, reflecting their specific operational and risk-related characteristics.",False
ICT Operations Guideline_v2.0,7,7,Match,Match,skipped,Skipped second-pass adjudication because first-pass is an exact match.,It must be ensured that availability and capacity management is monitored.,It must be ensured that availability and capacity management is monitored.,False
ICT Operations Guideline_v2.0,7.1,7.1,Match,Match,skipped,Skipped second-pass adjudication because first-pass is an exact match.,"The use of IT infrastructure resources must be monitored, and those results used to make projections regarding future capacity need.","The use of IT infrastructure resources must be monitored, and those results used to make projections regarding future capacity need.",False
ICT Operations Guideline_v2.0,7.2,7.2,Match,Match,skipped,Skipped second-pass adjudication because first-pass is an exact match.,Root causes for availability and capacity issues must be identified in a timely manner and resolved in accordance with a pre-defined timeline.,Root causes for availability and capacity issues must be identified in a timely manner and resolved in accordance with a pre-defined timeline.,False
ICT Operations Guideline_v2.0,7.3,7.3,Match,Match,skipped,Skipped second-pass adjudication because first-pass is an exact match.,"Automated controls must be implemented and defined by Asset Owners to indicate potential problems in a timely manner. Where appropriate, an incident process should be triggered automatically in case systems have reached defined capacity thresholds.","Automated controls must be implemented and defined by Asset Owners to indicate potential problems in a timely manner. Where appropriate, an incident process should be triggered automatically in case systems have reached defined capacity thresholds.",False
ICT Operations Guideline_v2.0,7.4,7.4,Match,Match,skipped,Skipped second-pass adjudication because first-pass is an exact match.,Job scheduling must be carried out with consideration for the operational requirements and dependencies of IT Assets.,Job scheduling must be carried out with consideration for the operational requirements and dependencies of IT Assets.,False
ICT Operations Guideline_v2.0,7.5,7.5,Match,Match,skipped,Skipped second-pass adjudication because first-pass is an exact match.,Audit and review activities must be planned to minimize disruptions to ICT Systems and business processes.,Audit and review activities must be planned to minimize disruptions to ICT Systems and business processes.,False
ICT Operations Guideline_v2.0,8,8,Match,Match,skipped,Skipped second-pass adjudication because first-pass is an exact match.,It must be ensured that errors during job execution are identified and handled.,It must be ensured that errors during job execution are identified and handled.,False
ICT Operations Guideline_v2.0,8.1,8.1,Match,Match,skipped,Skipped second-pass adjudication because first-pass is an exact match.,Mechanisms to identify and handle errors during job execution must be developed and documented.,Mechanisms to identify and handle errors during job execution must be developed and documented.,False
ICT Operations Guideline_v2.0,8.2,8.2,Match,Match,skipped,Skipped second-pass adjudication because first-pass is an exact match.,"In case of unexpected operational, technical issues or errors support and escalation contacts must be in place.","In case of unexpected operational, technical issues or errors support and escalation contacts must be in place.",False
ICT Operations Guideline_v2.0,8.3,8.3,Match,Match,skipped,Skipped second-pass adjudication because first-pass is an exact match.,Errors during job execution that could not be fixed automatically must be addressed and followed up manually in accordance with the ICT Incident and Operational Event Management Guideline.,Errors during job execution that could not be fixed automatically must be addressed and followed up manually in accordance with the ICT Incident and Operational Event Management Guideline.,False
ICT Operations Guideline_v2.0,9,9,Match,Match,skipped,Skipped second-pass adjudication because first-pass is an exact match.,It must be ensured that all ICT System transactions and all monitoring and operating events are logged in a way which cannot be changed by the operators.,It must be ensured that all ICT System transactions and all monitoring and operating events are logged in a way which cannot be changed by the operators.,False
ICT Operations Guideline_v2.0,9.1,9.1,Match,Match,skipped,Skipped second-pass adjudication because first-pass is an exact match.,"Records must be kept of all suspected or actual faults, and of all preventive and corrective maintenance, for a period determined by applicable requirements and local laws.","Records must be kept of all suspected or actual faults, and of all preventive and corrective maintenance, for a period determined by applicable requirements and local laws.",False
ICT Operations Guideline_v2.0,9.2,9.2,Match,Match,skipped,Skipped second-pass adjudication because first-pass is an exact match.,"Events related to capacity management, ICT operations and ICT System activities must be logged according to the ICT Incident & Operational Event Management Guideline.","Events related to capacity management, ICT operations and ICT System activities must be logged according to the ICT Incident & Operational Event Management Guideline.",False
ICT Operations Guideline_v2.0,9.3,9.3,Match,Match,skipped,Skipped second-pass adjudication because first-pass is an exact match.,Audit-trail and system log information of ICT Systems must be recorded.,Audit-trail and system log information of ICT Systems must be recorded.,False
ICT Patch and Vulnerability Management Guideline_v2.0,1,1,Match,Match,skipped,Skipped second-pass adjudication because first-pass is an exact match.,It must be ensured that the legal entity is capable of adequately handling vulnerabilities and that a dedicated test program is in place for this purpose.,It must be ensured that the legal entity is capable of adequately handling vulnerabilities and that a dedicated test program is in place for this purpose.,False
ICT Patch and Vulnerability Management Guideline_v2.0,1.1,1.1,Match,Match,skipped,Skipped second-pass adjudication because first-pass is an exact match.,"Vulnerability management procedures must be developed, documented and implemented to ensure that vulnerabilities are identified on a timely basis, assessed accordingly, prioritized, reported, tracked, and resolved.","Vulnerability management procedures must be developed, documented and implemented to ensure that vulnerabilities are identified on a timely basis, assessed accordingly, prioritized, reported, tracked, and resolved.",False
ICT Patch and Vulnerability Management Guideline_v2.0,1.2,1.2,Content delta: requirement differs,Content delta: requirement differs,confirmed,Confirmed after footnote/reference stripping.,"A sound and comprehensive testing program, encompassing both fundamental and advanced tests, must be established, maintained, and reviewed to identify weaknesses in the digital operational resilience is defined in ID 21 of the ICT Risk Management Guideline. This Guideline provides the operational specifications for the testing types assigned to it under that programme","A sound and comprehensive testing program, encompassing both fundamental and advanced tests, must be established, maintained, and reviewed to identify weaknesses in the digital operational resilience.",False
ICT Patch and Vulnerability Management Guideline_v2.0,1.3,1.3,Match,Match,skipped,Skipped second-pass adjudication because first-pass is an exact match.,"The testing program must follow a risk-based approach, considering the proportionality principle, the evolving ICT risk landscape, any specific risks to which the legal entity or asset is or may be exposed, the criticality of information assets with regard to any of the protection goals and services provided, and other relevant factors such as the overall risk profile or the involvement of ICT third-party service providers.","The testing program must follow a risk-based approach, considering the proportionality principle, the evolving ICT risk landscape, any specific risks to which the legal entity or asset is or may be exposed, the criticality of information assets with regard to any of the protection goals and services provided, and other relevant factors such as the overall risk profile or the involvement of ICT third-party service providers.",False
ICT Patch and Vulnerability Management Guideline_v2.0,1.4,1.4,Match,Match,skipped,Skipped second-pass adjudication because first-pass is an exact match.,"The testing program must include assessments, tests, methodologies, practices, and tools that are to be applied to both fundamental and advanced tests, which must be performed for all ICT Systems, including applications, supporting critical or important functions, at least annually.","The testing program must include assessments, tests, methodologies, practices, and tools that are to be applied to both fundamental and advanced tests, which must be performed for all ICT Systems, including applications, supporting critical or important functions, at least annually.",False
ICT Patch and Vulnerability Management Guideline_v2.0,1.5,1.5,Match,Match,skipped,Skipped second-pass adjudication because first-pass is an exact match.,"For both fundamental and advanced tests, the testers must be independent and, if internal testers are used, they must have sufficient resources at their disposal and conflicts of interest must be avoided.","For both fundamental and advanced tests, the testers must be independent and, if internal testers are used, they must have sufficient resources at their disposal and conflicts of interest must be avoided.",False
ICT Patch and Vulnerability Management Guideline_v2.0,1.6,1.6,Content delta: requirement differs,Match,adjusted,Adjusted: delta was only footnote/reference marker noise.,"Comprehensive procedures for the identification, prioritization and remediation of issues discovered during testing must be in place, including validation procedures to ensure that all identified vulnerabilities, deficiencies or other issues like non-compliances are resolved.","Comprehensive procedures for the identification, prioritization and remediation of issues discovered during testing must be in place, including validation procedures to ensure that all identified vulnerabilities, deficiencies or other issues like non-compliances [2] are resolved.",True
ICT Patch and Vulnerability Management Guideline_v2.0,1.7,1.7,Match,Match,skipped,Skipped second-pass adjudication because first-pass is an exact match.,"A list of relevant contacts involved in the detection and monitoring of cyber threats and anomalous activities, as well as in vulnerability management, must be established.","A list of relevant contacts involved in the detection and monitoring of cyber threats and anomalous activities, as well as in vulnerability management, must be established.",False
ICT Patch and Vulnerability Management Guideline_v2.0,1.8,1.8,Content delta: requirement differs,Content delta: requirement differs,confirmed,Confirmed after footnote/reference stripping.,Results of all testing activities conducted under this Guideline must be reported to the DORT Programme owner for consolidation into the programme-level register and management body reporting in accordance with ID 21 of the ICT Risk Management Guideline.,Results of all testing activities conducted under this Guideline must be reported to the DORT Programme owner for consolidation into the programme-level register,False
ICT Patch and Vulnerability Management Guideline_v2.0,10,10,Match,Match,skipped,Skipped second-pass adjudication because first-pass is an exact match.,"It must be ensured that advanced tests, which mimic the tactics, techniques and procedures of real-life threat actors are carried out.","It must be ensured that advanced tests, which mimic the tactics, techniques and procedures of real-life threat actors are carried out.",False
ICT Patch and Vulnerability Management Guideline_v2.0,10.1,10.1,Match,Match,skipped,Skipped second-pass adjudication because first-pass is an exact match.,"TLPTs must be carried out at least every three years, with the interval adjusted as requested by the competent authority.","TLPTs must be carried out at least every three years, with the interval adjusted as requested by the competent authority.",False
ICT Patch and Vulnerability Management Guideline_v2.0,10.2,10.2,Match,Match,skipped,Skipped second-pass adjudication because first-pass is an exact match.,Each TLPT must cover several critical or important functions of the legal entity and must be performed in the Red Segregation Area.,Each TLPT must cover several critical or important functions of the legal entity and must be performed in the Red Segregation Area.,False
ICT Patch and Vulnerability Management Guideline_v2.0,10.2.1,10.2.1,Match,Match,skipped,Skipped second-pass adjudication because first-pass is an exact match.,"For this purpose, all relevant underlying ICT Systems, processes, and technologies that support these critical or important functions and ICT services, including those outsourced to third-party providers, must be identified.","For this purpose, all relevant underlying ICT Systems, processes, and technologies that support these critical or important functions and ICT services, including those outsourced to third-party providers, must be identified.",False
ICT Patch and Vulnerability Management Guideline_v2.0,10.2.2,10.2.2,Match,Match,skipped,Skipped second-pass adjudication because first-pass is an exact match.,"The legal entity must assess which critical or important functions need to be covered by the TLPT, thereby determining the precise scope of the TLPT, which must then be validated by the competent authority.","The legal entity must assess which critical or important functions need to be covered by the TLPT, thereby determining the precise scope of the TLPT, which must then be validated by the competent authority.",False
ICT Patch and Vulnerability Management Guideline_v2.0,11,11,Match,Match,skipped,Skipped second-pass adjudication because first-pass is an exact match.,"It must be ensured that organizational and procedural measures are taken, and a control team lead is assigned to safeguard the proper execution of TLPTs.","It must be ensured that organizational and procedural measures are taken, and a control team lead is assigned to safeguard the proper execution of TLPTs.",False
ICT Patch and Vulnerability Management Guideline_v2.0,11.1,11.1,Match,Match,skipped,Skipped second-pass adjudication because first-pass is an exact match.,"The legal entity must appoint a control team lead responsible for the day-to-day management of the TLPT, as well as the decisions and actions of the control team.","The legal entity must appoint a control team lead responsible for the day-to-day management of the TLPT, as well as the decisions and actions of the control team.",False
ICT Patch and Vulnerability Management Guideline_v2.0,11.2,11.2,Match,Match,skipped,Skipped second-pass adjudication because first-pass is an exact match.,The legal entity must establish both organizational and procedural measures to ensure the following:,The legal entity must establish both organizational and procedural measures to ensure the following:,False
ICT Patch and Vulnerability Management Guideline_v2.0,11.2.1,11.2.1,Match,Match,skipped,Skipped second-pass adjudication because first-pass is an exact match.,"Access to information regarding a planned or ongoing TLPT is limited based on the need-to-know principle to the control team, management body, testers, threat intelligence provider, and the TLPT authority.","Access to information regarding a planned or ongoing TLPT is limited based on the need-to-know principle to the control team, management body, testers, threat intelligence provider, and the TLPT authority.",False
ICT Patch and Vulnerability Management Guideline_v2.0,11.2.2,11.2.2,Match,Match,skipped,Skipped second-pass adjudication because first-pass is an exact match.,The control team must consult the test managers before involving a member of the blue team in a TLPT.,The control team must consult the test managers before involving a member of the blue team in a TLPT.,False
ICT Patch and Vulnerability Management Guideline_v2.0,11.2.3,11.2.3,Match,Match,skipped,Skipped second-pass adjudication because first-pass is an exact match.,"The control team must be informed of any relevant detection of the TLPT by staff members of the legal entity or third-party service providers, with the control team being responsible for the escalation of the resulting incident response, where required.","The control team must be informed of any relevant detection of the TLPT by staff members of the legal entity or third-party service providers, with the control team being responsible for the escalation of the resulting incident response, where required.",False
ICT Patch and Vulnerability Management Guideline_v2.0,11.2.4,11.2.4,Match,Match,skipped,Skipped second-pass adjudication because first-pass is an exact match.,"Confidentiality agreements must be in place for the legal entity's staff involved in the TLPTs and the relevant third-party ICT service providers, testers, and threat intelligence providers.","Confidentiality agreements must be in place for the legal entity's staff involved in the TLPTs and the relevant third-party ICT service providers, testers, and threat intelligence providers.",False
ICT Patch and Vulnerability Management Guideline_v2.0,11.2.5,11.2.5,Match,Match,skipped,Skipped second-pass adjudication because first-pass is an exact match.,The control team must provide any information relating to the TLPT to the test managers on request.,The control team must provide any information relating to the TLPT to the test managers on request.,False
ICT Patch and Vulnerability Management Guideline_v2.0,11.2.6,11.2.6,Match,Match,skipped,Skipped second-pass adjudication because first-pass is an exact match.,"Wherever possible, parties involved in the TLPT must refer to it only by its code name.","Wherever possible, parties involved in the TLPT must refer to it only by its code name.",False
ICT Patch and Vulnerability Management Guideline_v2.0,12,12,Match,Match,skipped,Skipped second-pass adjudication because first-pass is an exact match.,"It must be ensured that in the case of pooled and joint TLPTs, each legal or financial entity is itself responsible for risk management in relation to TLPTs.","It must be ensured that in the case of pooled and joint TLPTs, each legal or financial entity is itself responsible for risk management in relation to TLPTs.",False
ICT Patch and Vulnerability Management Guideline_v2.0,12.1,12.1,Match,Match,skipped,Skipped second-pass adjudication because first-pass is an exact match.,"When performing a joint or pooled TLPT, the control team of each legal or financial entity must:","When performing a joint or pooled TLPT, the control team of each legal or financial entity must:",False
ICT Patch and Vulnerability Management Guideline_v2.0,12.1.1,12.1.1,Match,Match,skipped,Skipped second-pass adjudication because first-pass is an exact match.,Conduct its own risk assessment and establish its own risk management measures.,Conduct its own risk assessment and establish its own risk management measures.,False
ICT Patch and Vulnerability Management Guideline_v2.0,12.1.2,12.1.2,Match,Match,skipped,Skipped second-pass adjudication because first-pass is an exact match.,Consider aspects related to the involvement of multiple financial entities in the TLPT for the risk assessment.,Consider aspects related to the involvement of multiple financial entities in the TLPT for the risk assessment.,False
ICT Patch and Vulnerability Management Guideline_v2.0,12.1.3,12.1.3,Match,Match,skipped,Skipped second-pass adjudication because first-pass is an exact match.,"Follow each of the requirements related to TLPT, including providing the remediation plan to the TLPT authority, as referred to in the control requirement for Remediation of Vulnerabilities.","Follow each of the requirements related to TLPT, including providing the remediation plan to the TLPT authority, as referred to in the control requirement for Remediation of Vulnerabilities.",False
ICT Patch and Vulnerability Management Guideline_v2.0,12.2,12.2,Match,Match,skipped,Skipped second-pass adjudication because first-pass is an exact match.,"If multiple TLPT authorities are involved in a joint or pooled TLPT, the term ""TLPT authority"" must be understood as referring to the leading TLPT authority.","If multiple TLPT authorities are involved in a joint or pooled TLPT, the term ""TLPT authority"" must be understood as referring to the leading TLPT authority.",False
ICT Patch and Vulnerability Management Guideline_v2.0,12.3,12.3,Match,Match,skipped,Skipped second-pass adjudication because first-pass is an exact match.,"If the participation of an ICT third-party service provider in the TLPT is expected to negatively impact the quality, security, or confidentiality of services provided to other customers, the legal entity and the provider must agree in writing for the provider to contract directly with an external tester allowing pooled testing. The pooled TLPT must cover the relevant ICT services supporting critical or important functions provided by the ICT third-party service provider to those financial entities. The number of financial entities participating in pooled TLPT shall be calibrated based on the complexity and type of ICT services involved.","If the participation of an ICT third-party service provider in the TLPT is expected to negatively impact the quality, security, or confidentiality of services provided to other customers, the legal entity and the provider must agree in writing for the provider to contract directly with an external tester allowing pooled testing. The pooled TLPT must cover the relevant ICT services supporting critical or important functions provided by the ICT third-party service provider to those financial entities. The number of financial entities participating in pooled TLPT shall be calibrated based on the complexity and type of ICT services involved.",False
ICT Patch and Vulnerability Management Guideline_v2.0,13,13,Match,Match,skipped,Skipped second-pass adjudication because first-pass is an exact match.,"During the preparation phase, it must be ensured that timelines are adhered to, specific documentation is created and made available to relevant stakeholders, and that stakeholders are involved accordingly.","During the preparation phase, it must be ensured that timelines are adhered to, specific documentation is created and made available to relevant stakeholders, and that stakeholders are involved accordingly.",False
ICT Patch and Vulnerability Management Guideline_v2.0,13.1,13.1,Match,Match,skipped,Skipped second-pass adjudication because first-pass is an exact match.,"Within three months of receiving notification from the TLPT authority that a TLPT is to be conducted, the legal entity must submit the following TLPT initiation documents to the test managers: A project charter, including a high-level project plan, containing the information set out in Annex I of the DORA RTS on TLPT The contact details of the control team lead Information on the intended use of internal or external testers, or both Information on the communication channels to be used during the TLPT The code name for the TLPT","Within three months of receiving notification from the TLPT authority that a TLPT is to be conducted, the legal entity must submit the following TLPT initiation documents to the test managers: - A project charter, including a high-level project plan, containing the information set out in Annex I of the DORA RTS on TLPT - The contact details of the control team lead - Information on the intended use of internal or external testers, or both - Information on the communication channels to be used during the TLPT - The code name for the TLPT",False
ICT Patch and Vulnerability Management Guideline_v2.0,13.2,13.2,Match,Match,skipped,Skipped second-pass adjudication because first-pass is an exact match.,"After the validation of the TLPT initiation documents by the TLPT authority, a control team must be established to support the control team lead in the following tasks: Defining communication channels and processes within the control team, as well as with the testers and threat intelligence providers, on all matters related to the TLPT Informing the management body of the legal entity about the progress of the TLPT and the associated risks Making decisions based on subject matter expertise throughout the TLPT Selecting the threat intelligence provider and the external testers, internal testers, or both for the TLPT Preparing the scope specification document","After the validation of the TLPT initiation documents by the TLPT authority, a control team must be established to support the control team lead in the following tasks: - Defining communication channels and processes within the control team, as well as with the testers and threat intelligence providers, on all matters related to the TLPT - Informing the management body of the legal entity about the progress of the TLPT and the associated risks - Making decisions based on subject matter expertise throughout the TLPT - Selecting the threat intelligence provider and the external testers, internal testers, or both for the TLPT - Preparing the scope specification document",False
ICT Patch and Vulnerability Management Guideline_v2.0,13.3,13.3,Match,Match,skipped,Skipped second-pass adjudication because first-pass is an exact match.,The legal entity must submit a scope specification document containing all the information set out in Annex II of the RTS on TLPT to the test managers within six months of receiving notification from the TLPT authority requesting that a TLPT be carried out. The management body of the financial entity shall approve the scope specification document.,The legal entity must submit a scope specification document containing all the information set out in Annex II of the RTS on TLPT to the test managers within six months of receiving notification from the TLPT authority requesting that a TLPT be carried out. The management body of the financial entity shall approve the scope specification document.,False
ICT Patch and Vulnerability Management Guideline_v2.0,13.4,13.4,Match,Match,skipped,Skipped second-pass adjudication because first-pass is an exact match.,"Once contracted, the control team must share the initiation documents and scope specification document with the testers and threat intelligence providers and inform them about the testing process to be followed.","Once contracted, the control team must share the initiation documents and scope specification document with the testers and threat intelligence providers and inform them about the testing process to be followed.",False
ICT Patch and Vulnerability Management Guideline_v2.0,13.5,13.5,Match,Match,skipped,Skipped second-pass adjudication because first-pass is an exact match.,The procurement or assignment of testers and threat intelligence providers must be finalized before the testing phase begins.,The procurement or assignment of testers and threat intelligence providers must be finalized before the testing phase begins.,False
ICT Patch and Vulnerability Management Guideline_v2.0,14,14,Match,Match,skipped,Skipped second-pass adjudication because first-pass is an exact match.,It must be ensured that during the preparation phase the control team adequately assesses risks associated with TLPTs.,It must be ensured that during the preparation phase the control team adequately assesses risks associated with TLPTs.,False
ICT Patch and Vulnerability Management Guideline_v2.0,14.1,14.1,Match,Match,skipped,Skipped second-pass adjudication because first-pass is an exact match.,"All of the following must be considered for the inclusion of critical or important functions in the scope of the TLPT: Criticality or importance of the function and its possible impact to the financial sector and on financial stability at national and Union level Importance of the function for the day-to-day business operations of the legal entity Exchangeability of the function Interdependence with other functions Geographical location of the function Sectoral dependence of other entities on the function Threat intelligence concerning the function, where available","All of the following must be considered for the inclusion of critical or important functions in the scope of the TLPT: - Criticality or importance of the function and its possible impact to the financial sector and on financial stability at national and Union level - Importance of the function for the day-to-day business operations of the legal entity - Exchangeability of the function - Interdependence with other functions - Geographical location of the function - Sectoral dependence of other entities on the function - Threat intelligence concerning the function, where available",False
ICT Patch and Vulnerability Management Guideline_v2.0,14.2,14.2,Match,Match,skipped,Skipped second-pass adjudication because first-pass is an exact match.,"The control team must consult the test managers on the TLPT risk assessment and risk management measures prior to initiating the testing phase. Additionally, they must review the risk assessment and risk management measures if the TLPT authority determines that they do not adequately address the risks of the TLPT.","The control team must consult the test managers on the TLPT risk assessment and risk management measures prior to initiating the testing phase. Additionally, they must review the risk assessment and risk management measures if the TLPT authority determines that they do not adequately address the risks of the TLPT.",False
ICT Patch and Vulnerability Management Guideline_v2.0,14.3,14.3,Match,Match,skipped,Skipped second-pass adjudication because first-pass is an exact match.,"The control team must at least consider the following types of risks in their risk assessment and management: Granting the threat intelligence provider and external testers access to sensitive and confidential information Non-compliance of the TLPT with the requirements laid out in this Guideline, including breaches of confidentiality or lack of ethical conduct Crisis and incident escalation Activities of the red or blue team, including risks associated with the disruption of critical activities and corruption of data due to the activities of the testers or the blue team and potential impacts on third parties Incomplete restoration of systems affected by the TLPT","The control team must at least consider the following types of risks in their risk assessment and management: - Granting the threat intelligence provider and external testers access to sensitive and confidential information - Non-compliance of the TLPT with the requirements laid out in this Guideline, including breaches of confidentiality or lack of ethical conduct - Crisis and incident escalation - Activities of the red or blue team, including risks associated with the disruption of critical activities and corruption of data due to the activities of the testers or the blue team and potential impacts on third parties - Incomplete restoration of systems affected by the TLPT",False
ICT Patch and Vulnerability Management Guideline_v2.0,14.4,14.4,Match,Match,skipped,Skipped second-pass adjudication because first-pass is an exact match.,"Effective risk management controls must be applied, with the cooperation of ICT third-party service providers and involved parties (excluding competent authorities), to mitigate the risks of potential impact on data, damage to assets, and disruption of critical or important functions, services, or operations within the legal entity, its counterparts, or the financial sector.","Effective risk management controls must be applied, with the cooperation of ICT third-party service providers and involved parties (excluding competent authorities), to mitigate the risks of potential impact on data, damage to assets, and disruption of critical or important functions, services, or operations within the legal entity, its counterparts, or the financial sector.",False
ICT Patch and Vulnerability Management Guideline_v2.0,15,15,Match,Match,skipped,Skipped second-pass adjudication because first-pass is an exact match.,"During the preparation phase, the control team must ensure that the testers contracted and involved in the TLPTs, including internal testers and threat intelligence providers, are suitably qualified.","During the preparation phase, the control team must ensure that the testers contracted and involved in the TLPTs, including internal testers and threat intelligence providers, are suitably qualified.",False
ICT Patch and Vulnerability Management Guideline_v2.0,15.1,15.1,Match,Match,skipped,Skipped second-pass adjudication because first-pass is an exact match.,"Only testers, whether internal or external, that meet all the following must be used to perform the TLPTs: Demonstration of highest suitability and reputability Possess technical and organizational capabilities and show specific expertise in threat intelligence, penetration testing, and red team testing Be certified by an accreditation body in a Member State or adhere to formal codes of conduct or ethical frameworks Provide independent assurance or an audit report regarding the sound management of risks associated with conducting the TLPT, including appropriate protection of the legal entity's confidential information and redress for business risks Be fully and duly covered by relevant professional indemnity insurances that cover risks of misconduct and negligence. Threat intelligence providers must also have such insurance","Only testers, whether internal or external, that meet all the following must be used to perform the TLPTs: - Demonstration of highest suitability and reputability - Possess technical and organizational capabilities and show specific expertise in threat intelligence, penetration testing, and red team testing - Be certified by an accreditation body in a Member State or adhere to formal codes of conduct or ethical frameworks - Provide independent assurance or an audit report regarding the sound management of risks associated with conducting the TLPT, including appropriate protection of the legal entity's confidential information and redress for business risks - Be fully and duly covered by relevant professional indemnity insurances that cover risks of misconduct and negligence. Threat intelligence providers must also have such insurance",False
ICT Patch and Vulnerability Management Guideline_v2.0,15.10,15.10,Match,Match,skipped,Skipped second-pass adjudication because first-pass is an exact match.,External testers must provide at least five references from previous assignments related to penetration and red team testing.,External testers must provide at least five references from previous assignments related to penetration and red team testing.,False
ICT Patch and Vulnerability Management Guideline_v2.0,15.11,15.11,Match,Match,skipped,Skipped second-pass adjudication because first-pass is an exact match.,Threat intelligence providers must provide at least three references from previous assignments related to penetration and red team testing.,Threat intelligence providers must provide at least three references from previous assignments related to penetration and red team testing.,False
ICT Patch and Vulnerability Management Guideline_v2.0,15.12,15.12,Match,Match,skipped,Skipped second-pass adjudication because first-pass is an exact match.,Measures and safeguards must be taken to ensure the participation of ICT third-party service providers if involved in the TLPT. The legal entity remains fully responsible for compliance with this Guideline.,Measures and safeguards must be taken to ensure the participation of ICT third-party service providers if involved in the TLPT. The legal entity remains fully responsible for compliance with this Guideline.,False
ICT Patch and Vulnerability Management Guideline_v2.0,15.13,15.13,Match,Match,skipped,Skipped second-pass adjudication because first-pass is an exact match.,"The control team must keep records of the documentation provided by the testers and threat intelligence providers, including their curriculum vitae, as evidence of compliance with the requirements set out in this Guideline.","The control team must keep records of the documentation provided by the testers and threat intelligence providers, including their curriculum vitae, as evidence of compliance with the requirements set out in this Guideline.",False
ICT Patch and Vulnerability Management Guideline_v2.0,15.14,15.14,Match,Match,skipped,Skipped second-pass adjudication because first-pass is an exact match.,"External testers and threat intelligence providers that do not fulfil one or more of the relevant requirements specified in this Guideline must only be contracted in exceptional cases. In such instances, the legal entity must take and document appropriate measures to mitigate the risks associated with non-compliance with those requirements.","External testers and threat intelligence providers that do not fulfil one or more of the relevant requirements specified in this Guideline must only be contracted in exceptional cases. In such instances, the legal entity must take and document appropriate measures to mitigate the risks associated with non-compliance with those requirements.",False
ICT Patch and Vulnerability Management Guideline_v2.0,15.15,15.15,Match,Match,skipped,Skipped second-pass adjudication because first-pass is an exact match.,"The control team must assess whether the threat intelligence providers and testers intended for the TLPT meet the relevant requirements, document the outcome of this assessment, and select providers based on this assessment and their risk management practices.","The control team must assess whether the threat intelligence providers and testers intended for the TLPT meet the relevant requirements, document the outcome of this assessment, and select providers based on this assessment and their risk management practices.",False
ICT Patch and Vulnerability Management Guideline_v2.0,15.16,15.16,Match,Match,skipped,Skipped second-pass adjudication because first-pass is an exact match.,"Before contracting threat intelligence providers and external testers, the control team must provide evidence of compliance with the relevant requirements specified in this Guideline to the test managers.","Before contracting threat intelligence providers and external testers, the control team must provide evidence of compliance with the relevant requirements specified in this Guideline to the test managers.",False
ICT Patch and Vulnerability Management Guideline_v2.0,15.17,15.17,Match,Match,skipped,Skipped second-pass adjudication because first-pass is an exact match.,Threat intelligence providers or external testers must not be contracted if the TLPT authority determines that they do not comply with national security legislation or lack the necessary qualifications.,Threat intelligence providers or external testers must not be contracted if the TLPT authority determines that they do not comply with national security legislation or lack the necessary qualifications.,False
ICT Patch and Vulnerability Management Guideline_v2.0,15.2,15.2,Match,Match,skipped,Skipped second-pass adjudication because first-pass is an exact match.,"If internal testers are used, all the following must additionally be fulfilled: Internal testers must be approved by the relevant competent authority or the single public authority The legal entity must have sufficient dedicated resources and capabilities when using internal testers, as verified by the competent TLPT authority, and must ensure that conflicts of interest are avoided throughout all phases of the TLPT, especially during the design and execution phases Measures must be taken to ensure that using internal testers does not adversely affect the legal entity's overall defensive or resilience capabilities with respect to ICT-related incidents, or significantly impact the availability of resources devoted to ICT-related tasks during a TLPT The threat intelligence provider must always be external The internal testing team includes a test lead, and at least two additional members All members of the test team have been employed by the financial entity or by an ICT intra-group service provider for the preceding 12 months;","If internal testers are used, all the following must additionally be fulfilled: - Internal testers must be approved by the relevant competent authority or the single public authority - The legal entity must have sufficient dedicated resources and capabilities when using internal testers, as verified by the competent TLPT authority, and must ensure that conflicts of interest are avoided throughout all phases of the TLPT, especially during the design and execution phases - Measures must be taken to ensure that using internal testers does not adversely affect the legal entity's overall defensive or resilience capabilities with respect to ICT-related incidents, or significantly impact the availability of resources devoted to ICT-related tasks during a TLPT - The threat intelligence provider must always be external - The internal testing team includes a test lead, and at least two additional members - All members of the test team have been employed by the financial entity or by an ICT intra-group service provider for the preceding 12 months;",False
ICT Patch and Vulnerability Management Guideline_v2.0,15.3,15.3,Match,Match,skipped,Skipped second-pass adjudication because first-pass is an exact match.,The use of internal testers must be mentioned in all the following documents: The test initiation documents The red team test report The report summarizing the relevant findings of the TLPT,The use of internal testers must be mentioned in all the following documents: - The test initiation documents - The red team test report - The report summarizing the relevant findings of the TLPT,False
ICT Patch and Vulnerability Management Guideline_v2.0,15.4,15.4,Match,Match,skipped,Skipped second-pass adjudication because first-pass is an exact match.,Testers employed by an ICT intra-group service provider must be regarded as internal testers of the legal entity.,Testers employed by an ICT intra-group service provider must be regarded as internal testers of the legal entity.,False
ICT Patch and Vulnerability Management Guideline_v2.0,15.5,15.5,Match,Match,skipped,Skipped second-pass adjudication because first-pass is an exact match.,"When using internal testers for TLPT, external testers must be contracted every three tests.","When using internal testers for TLPT, external testers must be contracted every three tests.",False
ICT Patch and Vulnerability Management Guideline_v2.0,15.6,15.6,Match,Match,skipped,Skipped second-pass adjudication because first-pass is an exact match.,"Contracts with external testers must ensure that the TLPT results are properly managed and that any data processing, including generation, storage, aggregation, drafting, reporting, communication, or destruction, does not introduce risks to the legal entity.","Contracts with external testers must ensure that the TLPT results are properly managed and that any data processing, including generation, storage, aggregation, drafting, reporting, communication, or destruction, does not introduce risks to the legal entity.",False
ICT Patch and Vulnerability Management Guideline_v2.0,15.7,15.7,Match,Match,skipped,Skipped second-pass adjudication because first-pass is an exact match.,"For external testers, the staff of the red team assigned to the TLPT must: Consist of at least one manager with at least five years' experience and at least two additional testers with at least two years' experience of penetration and red team testing each Possess a broad and suitable level of professional knowledge and skills, including understanding the legal entity's business, reconnaissance, risk management, exploit development, physical penetration, social engineering, vulnerability analysis, and adequate communication skills to clearly present the results Have participated in a minimum of five previous penetration and red team testing engagements Not be employed by, or provide services to, a provider that simultaneously performs blue team functions for any financial institution, ICT third-party service provider, or intragroup ICT service provider participating in the TLPT Be separated from any employee of the same vendor who is also providing threat intelligence services to the same TLPT","For external testers, the staff of the red team assigned to the TLPT must: - Consist of at least one manager with at least five years' experience and at least two additional testers with at least two years' experience of penetration and red team testing each - Possess a broad and suitable level of professional knowledge and skills, including understanding the legal entity's business, reconnaissance, risk management, exploit development, physical penetration, social engineering, vulnerability analysis, and adequate communication skills to clearly present the results - Have participated in a minimum of five previous penetration and red team testing engagements - Not be employed by, or provide services to, a provider that simultaneously performs blue team functions for any financial institution, ICT third-party service provider, or intragroup ICT service provider participating in the TLPT - Be separated from any employee of the same vendor who is also providing threat intelligence services to the same TLPT",False
ICT Patch and Vulnerability Management Guideline_v2.0,15.8,15.8,Match,Match,skipped,Skipped second-pass adjudication because first-pass is an exact match.,"The staff of the threat intelligence provider assigned to the TLPT must: Consist of at least one manager with a minimum of five years' experience and at least one other member with at least two years' experience in threat intelligence Possess a broad and suitable level of professional knowledge and skills, including intelligence gathering tactics, techniques and procedures, geopolitical, technical, and sectoral knowledge, and adequate communication skills to clearly present and report on the outcome of the assignment Have participated in a minimum of three previous threat intelligence engagements involving penetration and red team testing Not simultaneously perform blue team duties or other services that may present a conflict of interest with the legal entity, ICT third-party service provider or intragroup ICT service provider involved in the TLPT Be separated from, and not report to, personnel from the same vendor providing external testers for the same TLPT","The staff of the threat intelligence provider assigned to the TLPT must: - Consist of at least one manager with a minimum of five years' experience and at least one other member with at least two years' experience in threat intelligence - Possess a broad and suitable level of professional knowledge and skills, including intelligence gathering tactics, techniques and procedures, geopolitical, technical, and sectoral knowledge, and adequate communication skills to clearly present and report on the outcome of the assignment - Have participated in a minimum of three previous threat intelligence engagements involving penetration and red team testing - Not simultaneously perform blue team duties or other services that may present a conflict of interest with the legal entity, ICT third-party service provider or intragroup ICT service provider involved in the TLPT - Be separated from, and not report to, personnel from the same vendor providing external testers for the same TLPT",False
ICT Patch and Vulnerability Management Guideline_v2.0,15.9,15.9,Match,Match,skipped,Skipped second-pass adjudication because first-pass is an exact match.,Both threat intelligence providers and external testers must supply copies of certifications that meet recognized market standards and demonstrate their suitability for performing their respective activities.,Both threat intelligence providers and external testers must supply copies of certifications that meet recognized market standards and demonstrate their suitability for performing their respective activities.,False
ICT Patch and Vulnerability Management Guideline_v2.0,16,16,Match,Match,skipped,Skipped second-pass adjudication because first-pass is an exact match.,"Following the approval of the scope specification document by the TLPT authority, it must be ensured during the testing phase that the threat intelligence provider provides relevant information and that appropriate scenarios are selected for the TLPT.","Following the approval of the scope specification document by the TLPT authority, it must be ensured during the testing phase that the threat intelligence provider provides relevant information and that appropriate scenarios are selected for the TLPT.",False
ICT Patch and Vulnerability Management Guideline_v2.0,16.1,16.1,Match,Match,skipped,Skipped second-pass adjudication because first-pass is an exact match.,"The threat intelligence provider must analyze generic and sector-specific threat intelligence, identify cyber threats and existing or potential vulnerabilities relevant to the legal entity, and collect and analyze specific, actionable, and contextualized target and threat intelligence relating to the legal entity. This must include consultation with the control team and test managers.","The threat intelligence provider must analyze generic and sector-specific threat intelligence, identify cyber threats and existing or potential vulnerabilities relevant to the legal entity, and collect and analyze specific, actionable, and contextualized target and threat intelligence relating to the legal entity. This must include consultation with the control team and test managers.",False
ICT Patch and Vulnerability Management Guideline_v2.0,16.2,16.2,Match,Match,skipped,Skipped second-pass adjudication because first-pass is an exact match.,"The threat intelligence provider must present the relevant threats and targeted threat intelligence and propose appropriate scenarios to the control team, testers, and managers. The proposed scenarios must vary in terms of the identified threat actors and associated tactics, techniques, and procedures, and must target each of the critical or important functions within the scope of the TLPT.","The threat intelligence provider must present the relevant threats and targeted threat intelligence and propose appropriate scenarios to the control team, testers, and managers. The proposed scenarios must vary in terms of the identified threat actors and associated tactics, techniques, and procedures, and must target each of the critical or important functions within the scope of the TLPT.",False
ICT Patch and Vulnerability Management Guideline_v2.0,16.3,16.3,Match,Match,skipped,Skipped second-pass adjudication because first-pass is an exact match.,"The control team lead must select a minimum of three scenarios to conduct the TLPT based on the following elements: The recommendation of the threat intelligence provider and the threat-led nature of each scenario The input provided by the test managers The feasibility of the proposed scenarios, based on the expert judgement of the testers The size, complexity, and overall risk profile of the legal entity, as well as the nature, scale, and complexity of its services, activities, and operations","The control team lead must select a minimum of three scenarios to conduct the TLPT based on the following elements: - The recommendation of the threat intelligence provider and the threat-led nature of each scenario - The input provided by the test managers - The feasibility of the proposed scenarios, based on the expert judgement of the testers - The size, complexity, and overall risk profile of the legal entity, as well as the nature, scale, and complexity of its services, activities, and operations",False
ICT Patch and Vulnerability Management Guideline_v2.0,16.4,16.4,Match,Match,skipped,Skipped second-pass adjudication because first-pass is an exact match.,The selected scenarios must fulfil all of the following:,The selected scenarios must fulfil all of the following:,False
ICT Patch and Vulnerability Management Guideline_v2.0,16.4.1,16.4.1,Match,Match,skipped,Skipped second-pass adjudication because first-pass is an exact match.,"At most, only one of the selected scenarios must be non-threat-led and instead be based on a forward-looking and potentially fictitious threat, considering the expected developments in the threat landscape.","At most, only one of the selected scenarios must be non-threat-led and instead be based on a forward-looking and potentially fictitious threat, considering the expected developments in the threat landscape.",False
ICT Patch and Vulnerability Management Guideline_v2.0,16.4.2,16.4.2,Match,Match,skipped,Skipped second-pass adjudication because first-pass is an exact match.,"When performing a pooled TLPT, at least one scenario must cover relevant underlying ICT Systems, processes, and technologies of the ICT third-party service provider that support the critical or important functions within the scope of the TLPT. For a joint TLPT with an ICT intra-group service provider, the scenario must cover the ICT Systems, processes, and technologies of the intra-group service provider.","When performing a pooled TLPT, at least one scenario must cover relevant underlying ICT Systems, processes, and technologies of the ICT third-party service provider that support the critical or important functions within the scope of the TLPT. For a joint TLPT with an ICT intra-group service provider, the scenario must cover the ICT Systems, processes, and technologies of the intra-group service provider.",False
ICT Patch and Vulnerability Management Guideline_v2.0,16.5,16.5,Match,Match,skipped,Skipped second-pass adjudication because first-pass is an exact match.,"The threat intelligence provider must provide the control team with the targeted threat intelligence report, which includes the information outlined in Annex III of the RTS on TLPT and the selected scenarios.","The threat intelligence provider must provide the control team with the targeted threat intelligence report, which includes the information outlined in Annex III of the RTS on TLPT and the selected scenarios.",False
ICT Patch and Vulnerability Management Guideline_v2.0,16.6,16.6,Match,Match,skipped,Skipped second-pass adjudication because first-pass is an exact match.,"The control team must submit the targeted threat intelligence report to the test manager for approval, and the control team lead shall be informed once the report is validated.","The control team must submit the targeted threat intelligence report to the test manager for approval, and the control team lead shall be informed once the report is validated.",False
ICT Patch and Vulnerability Management Guideline_v2.0,17,17,Match,Match,skipped,Skipped second-pass adjudication because first-pass is an exact match.,"During the testing phase, it must be ensured that a red team test plan is agreed upon and that the subsequent testing activities are conducted in accordance with this plan and other relevant requirements.","During the testing phase, it must be ensured that a red team test plan is agreed upon and that the subsequent testing activities are conducted in accordance with this plan and other relevant requirements.",False
ICT Patch and Vulnerability Management Guideline_v2.0,17.1,17.1,Match,Match,skipped,Skipped second-pass adjudication because first-pass is an exact match.,"Once the TLPT authority approves the targeted threat intelligence report, the testers must prepare the red team test plan, including the information outlined in Annex IV of the RTS on TLPT. They must use the approved threat intelligence report and the scope specification document as the basis for developing the attack scenarios.","Once the TLPT authority approves the targeted threat intelligence report, the testers must prepare the red team test plan, including the information outlined in Annex IV of the RTS on TLPT. They must use the approved threat intelligence report and the scope specification document as the basis for developing the attack scenarios.",False
ICT Patch and Vulnerability Management Guideline_v2.0,17.10,17.10,Match,Match,skipped,Skipped second-pass adjudication because first-pass is an exact match.,"The control team must provide in a timely manner leg-ups, designed based on the red team test plan, to help overcome obstacles and ensure that the exercise remains within the time constraints. These leg-ups may be added or modified with the approval of the control team and the test managers.","The control team must provide in a timely manner leg-ups, designed based on the red team test plan, to help overcome obstacles and ensure that the exercise remains within the time constraints. These leg-ups may be added or modified with the approval of the control team and the test managers.",False
ICT Patch and Vulnerability Management Guideline_v2.0,17.11,17.11,Match,Match,skipped,Skipped second-pass adjudication because first-pass is an exact match.,"If an employee of the legal entity or one of its ICT third-party service providers or intra-group ICT service providers discovers the testing activities, the control team, in coordination with the testers, must propose and submit measures to the test managers for validation. These measures must enable the continuation of the TLPT while maintaining its confidentiality.","If an employee of the legal entity or one of its ICT third-party service providers or intra-group ICT service providers discovers the testing activities, the control team, in coordination with the testers, must propose and submit measures to the test managers for validation. These measures must enable the continuation of the TLPT while maintaining its confidentiality.",False
ICT Patch and Vulnerability Management Guideline_v2.0,17.12,17.12,Match,Match,skipped,Skipped second-pass adjudication because first-pass is an exact match.,"Only in exceptional circumstances that pose a risk of harm to data, damage to assets, or disruption of critical or important functions, services, or operations - whether belonging to the legal entity, its ICT third-party service providers, its intra-group ICT service providers or impacting its counterparties or the financial sector - the control team lead must temporarily suspend the TLPT. As a final resort, if continuing the TLPT is impossible and with prior validation from the TLPT authority, the control team lead must proceed with a limited purple teaming exercise, whose duration counts towards the minimum 12-week active red team testing phase.","Only in exceptional circumstances that pose a risk of harm to data, damage to assets, or disruption of critical or important functions, services, or operations - whether belonging to the legal entity, its ICT third-party service providers, its intra-group ICT service providers or impacting its counterparties or the financial sector - the control team lead must temporarily suspend the TLPT. As a final resort, if continuing the TLPT is impossible and with prior validation from the TLPT authority, the control team lead must proceed with a limited purple teaming exercise, whose duration counts towards the minimum 12-week active red team testing phase.",False
ICT Patch and Vulnerability Management Guideline_v2.0,17.2,17.2,Match,Match,skipped,Skipped second-pass adjudication because first-pass is an exact match.,"The testers must consult with the control team, threat intelligence provider, and test managers on the red team test plan. This includes communication, operational and project management arrangements, preparation and use cases for activating leg-ups, as well as reporting arrangements to the control team and test managers.","The testers must consult with the control team, threat intelligence provider, and test managers on the red team test plan. This includes communication, operational and project management arrangements, preparation and use cases for activating leg-ups, as well as reporting arrangements to the control team and test managers.",False
ICT Patch and Vulnerability Management Guideline_v2.0,17.3,17.3,Match,Match,skipped,Skipped second-pass adjudication because first-pass is an exact match.,The red team test plan must be approved by the control team and the TLPT authority.,The red team test plan must be approved by the control team and the TLPT authority.,False
ICT Patch and Vulnerability Management Guideline_v2.0,17.4,17.4,Match,Match,skipped,Skipped second-pass adjudication because first-pass is an exact match.,"Any subsequent changes to the red team test plan, including schedule, scope, target systems, or flags, must be approved by both the control team lead and the test managers.","Any subsequent changes to the red team test plan, including schedule, scope, target systems, or flags, must be approved by both the control team lead and the test managers.",False
ICT Patch and Vulnerability Management Guideline_v2.0,17.5,17.5,Match,Match,skipped,Skipped second-pass adjudication because first-pass is an exact match.,"Once the red team test plan is approved by both the control team and the TLPT authority, the testers must carry out the TLPT during the active red team testing phase.","Once the red team test plan is approved by both the control team and the TLPT authority, the testers must carry out the TLPT during the active red team testing phase.",False
ICT Patch and Vulnerability Management Guideline_v2.0,17.6,17.6,Match,Match,skipped,Skipped second-pass adjudication because first-pass is an exact match.,"While the active red team testing phase must be conducted for a minimum of 12 weeks, any additional duration must be proportionate to the scope of the TLPT and reflect the size, activity, complexity, and number of financial institutions and ICT third parties or intra-group ICT service providers involved.","While the active red team testing phase must be conducted for a minimum of 12 weeks, any additional duration must be proportionate to the scope of the TLPT and reflect the size, activity, complexity, and number of financial institutions and ICT third parties or intra-group ICT service providers involved.",False
ICT Patch and Vulnerability Management Guideline_v2.0,17.7,17.7,Match,Match,skipped,Skipped second-pass adjudication because first-pass is an exact match.,"The control team, threat intelligence provider, testers, and test managers must all agree on the conclusion of the active red team testing phase.","The control team, threat intelligence provider, testers, and test managers must all agree on the conclusion of the active red team testing phase.",False
ICT Patch and Vulnerability Management Guideline_v2.0,17.8,17.8,Match,Match,skipped,Skipped second-pass adjudication because first-pass is an exact match.,"Throughout the active red team testing phase, the testers must update the control team and test managers on the status of the TLPT at least weekly.","Throughout the active red team testing phase, the testers must update the control team and test managers on the status of the TLPT at least weekly.",False
ICT Patch and Vulnerability Management Guideline_v2.0,17.9,17.9,Match,Match,skipped,Skipped second-pass adjudication because first-pass is an exact match.,"During the entire active red team testing phase, the threat intelligence provider must be available for consultation and to provide additional threat intelligence as requested by the control team.","During the entire active red team testing phase, the threat intelligence provider must be available for consultation and to provide additional threat intelligence as requested by the control team.",False
ICT Patch and Vulnerability Management Guideline_v2.0,18,18,Match,Match,skipped,Skipped second-pass adjudication because first-pass is an exact match.,It must be ensured that the parties involved in the TLPT do not carry out any prohibited activities during the testing phase.,It must be ensured that the parties involved in the TLPT do not carry out any prohibited activities during the testing phase.,False
ICT Patch and Vulnerability Management Guideline_v2.0,18.1,18.1,Match,Match,skipped,Skipped second-pass adjudication because first-pass is an exact match.,The testers and threat intelligence providers must be prohibited from the following activities:,The testers and threat intelligence providers must be prohibited from the following activities:,False
ICT Patch and Vulnerability Management Guideline_v2.0,18.1.1,18.1.1,Match,Match,skipped,Skipped second-pass adjudication because first-pass is an exact match.,Unauthorized destruction of equipment and modification of information and IT Assets of the legal entity or its ICT third-party service providers.,Unauthorized destruction of equipment and modification of information and IT Assets of the legal entity or its ICT third-party service providers.,False
ICT Patch and Vulnerability Management Guideline_v2.0,18.1.2,18.1.2,Match,Match,skipped,Skipped second-pass adjudication because first-pass is an exact match.,Intentional disruption of the continuity of critical or important functions of the legal entity.,Intentional disruption of the continuity of critical or important functions of the legal entity.,False
ICT Patch and Vulnerability Management Guideline_v2.0,18.1.3,18.1.3,Match,Match,skipped,Skipped second-pass adjudication because first-pass is an exact match.,Unauthorized inclusion of ICT Systems outside the scope of the TLPT.,Unauthorized inclusion of ICT Systems outside the scope of the TLPT.,False
ICT Patch and Vulnerability Management Guideline_v2.0,18.1.4,18.1.4,Match,Match,skipped,Skipped second-pass adjudication because first-pass is an exact match.,Unauthorized disclosure of test results.,Unauthorized disclosure of test results.,False
ICT Patch and Vulnerability Management Guideline_v2.0,19,19,Match,Match,skipped,Skipped second-pass adjudication because first-pass is an exact match.,"Once the active red team testing phase has been completed, it must be ensured that the closure phase is initiated, relevant reports are submitted and required exercises are being performed.","Once the active red team testing phase has been completed, it must be ensured that the closure phase is initiated, relevant reports are submitted and required exercises are being performed.",False
ICT Patch and Vulnerability Management Guideline_v2.0,19.1,19.1,Match,Match,skipped,Skipped second-pass adjudication because first-pass is an exact match.,"At the end of the active red team testing phase, the control team lead must inform the blue team that a TLPT has taken place. The control team must then promptly provide the red team test report to the blue team and test managers.","At the end of the active red team testing phase, the control team lead must inform the blue team that a TLPT has taken place. The control team must then promptly provide the red team test report to the blue team and test managers.",False
ICT Patch and Vulnerability Management Guideline_v2.0,19.2,19.2,Match,Match,skipped,Skipped second-pass adjudication because first-pass is an exact match.,"Within four weeks of completing the active red team testing phase, the testers must provide the control team with a red team test report, as detailed in Annex V of the RTS on TLPT.","Within four weeks of completing the active red team testing phase, the testers must provide the control team with a red team test report, as detailed in Annex V of the RTS on TLPT.",False
ICT Patch and Vulnerability Management Guideline_v2.0,19.3,19.3,Match,Match,skipped,Skipped second-pass adjudication because first-pass is an exact match.,"After getting the red team test report, and within ten weeks of finishing the active red team test phase, the blue team must give the control team a blue test report with the details specified in Annex VI of the RTS on TLPT.","After getting the red team test report, and within ten weeks of finishing the active red team test phase, the blue team must give the control team a blue test report with the details specified in Annex VI of the RTS on TLPT.",False
ICT Patch and Vulnerability Management Guideline_v2.0,19.4,19.4,Match,Match,skipped,Skipped second-pass adjudication because first-pass is an exact match.,The control team must promptly provide the blue team's test report to the testers and test managers.,The control team must promptly provide the blue team's test report to the testers and test managers.,False
ICT Patch and Vulnerability Management Guideline_v2.0,19.5,19.5,Match,Match,skipped,Skipped second-pass adjudication because first-pass is an exact match.,"If requested by the test managers, the red and blue team test reports must not include any sensitive information.","If requested by the test managers, the red and blue team test reports must not include any sensitive information.",False
ICT Patch and Vulnerability Management Guideline_v2.0,19.6,19.6,Match,Match,skipped,Skipped second-pass adjudication because first-pass is an exact match.,"Within ten weeks of finishing the active red team testing phase, the blue team and testers must replay the offensive and defensive actions from the TLPT. Additionally, the control team must carry out purple teaming exercises on topics chosen by the blue team and testers, focusing on identified vulnerabilities and any issues not tested during the active red team phase.","Within ten weeks of finishing the active red team testing phase, the blue team and testers must replay the offensive and defensive actions from the TLPT. Additionally, the control team must carry out purple teaming exercises on topics chosen by the blue team and testers, focusing on identified vulnerabilities and any issues not tested during the active red team phase.",False
ICT Patch and Vulnerability Management Guideline_v2.0,19.7,19.7,Match,Match,skipped,Skipped second-pass adjudication because first-pass is an exact match.,"After completing the replay and purple teaming exercises, the control team, blue team, testers, and threat intelligence providers must give feedback to each other on the TLPT process.","After completing the replay and purple teaming exercises, the control team, blue team, testers, and threat intelligence providers must give feedback to each other on the TLPT process.",False
ICT Patch and Vulnerability Management Guideline_v2.0,19.8,19.8,Content delta: requirement differs,Content delta: requirement differs,confirmed,Confirmed after footnote/reference stripping.,"After the TLPT authority informs the control team lead that the blue and red team test reports are satisfactory, the legal entity and any external testers must submit a summary report to the TLPT authority and the competent authority, if different, within eight weeks. This report must include the TLPT findings, as stated in Annex VII of the RTS on TLPT, remediation plans, as outlined in the control requirement Remediation of vulnerabilities, and documentation showing the TLPT was conducted properly.","After the TLPT authority informs the control team lead that the blue and red team test reports are satisfactory, the legal entity and any external testers must submit a summary report to the TLPT authority and the competent authority, if different, within eight weeks. This report must include the TLPT findings, as stated in Annex VII of the RTS on TLPT, remediation plans, as outlined in the control requirement Remediation of vulnerabilities, and documentation showing the TLPT was conducted properly. At the request of the TLPT authority, the report referred to in the first subparagraph shall not contain sensitive information.",False
ICT Patch and Vulnerability Management Guideline_v2.0,2,2,Match,Match,skipped,Skipped second-pass adjudication because first-pass is an exact match.,It must be ensured that risks resulting from vulnerabilities of ICT third-party service providers are also included in the legal entity's vulnerability management.,It must be ensured that risks resulting from vulnerabilities of ICT third-party service providers are also included in the legal entity's vulnerability management.,False
ICT Patch and Vulnerability Management Guideline_v2.0,2.1,2.1,Match,Match,skipped,Skipped second-pass adjudication because first-pass is an exact match.,The legal entity must verify that ICT-third party service providers manage vulnerabilities related to the ICT services provided.,The legal entity must verify that ICT-third party service providers manage vulnerabilities related to the ICT services provided.,False
ICT Patch and Vulnerability Management Guideline_v2.0,2.2,2.2,Match,Match,skipped,Skipped second-pass adjudication because first-pass is an exact match.,"The legal entity must verify that those service providers report at least critical vulnerabilities, statistics, and trends to it in a timely manner and request the ICT third-party service provider to investigate vulnerabilities, determine their root causes, and implement appropriate mitigation actions when such vulnerabilities are identified and reported.","The legal entity must verify that those service providers report at least critical vulnerabilities, statistics, and trends to it in a timely manner and request the ICT third-party service provider to investigate vulnerabilities, determine their root causes, and implement appropriate mitigation actions when such vulnerabilities are identified and reported.",False
ICT Patch and Vulnerability Management Guideline_v2.0,2.3,2.3,Match,Match,skipped,Skipped second-pass adjudication because first-pass is an exact match.,"When using cloud services, the cloud service provider’s responsibilities for technical vulnerability management must be part of the cloud service contractual agreement (incl. processes for reporting the cloud service provider's actions relating to technical vulnerabilities).","When using cloud services, the cloud service provider’s responsibilities for technical vulnerability management must be part of the cloud service contractual agreement (incl. processes for reporting the cloud service provider's actions relating to technical vulnerabilities).",False
ICT Patch and Vulnerability Management Guideline_v2.0,20,20,Match,Match,skipped,Skipped second-pass adjudication because first-pass is an exact match.,"Once the active red team testing phase has been completed, it must be ensured that the recovery procedures are carried out.","Once the active red team testing phase has been completed, it must be ensured that the recovery procedures are carried out.",False
ICT Patch and Vulnerability Management Guideline_v2.0,20.1,20.1,Match,Match,skipped,Skipped second-pass adjudication because first-pass is an exact match.,"At the end of the testing activities, the testers and threat intelligence providers must carry out restoration procedures. These procedures must include securely deleting compromised passwords, credentials, and other secret keys, securely communicating compromised accounts to the legal entity, and securely handling the collection, storage, management, and disposal of collected data.","At the end of the testing activities, the testers and threat intelligence providers must carry out restoration procedures. These procedures must include securely deleting compromised passwords, credentials, and other secret keys, securely communicating compromised accounts to the legal entity, and securely handling the collection, storage, management, and disposal of collected data.",False
ICT Patch and Vulnerability Management Guideline_v2.0,20.2,20.2,Match,Match,skipped,Skipped second-pass adjudication because first-pass is an exact match.,"Additionally, testers must perform the following restoration procedures: Deactivating command and control Scope and date kill switch(es) Removing backdoors and other malware Notifying relevant parties of potential breaches Procedures for future restoration of backups that may contain malware or tools installed during the test Monitoring blue team activities and informing the control team of any detections","Additionally, testers must perform the following restoration procedures: - Deactivating command and control - Scope and date kill switch(es) - Removing backdoors and other malware - Notifying relevant parties of potential breaches - Procedures for future restoration of backups that may contain malware or tools installed during the test - Monitoring blue team activities and informing the control team of any detections",False
ICT Patch and Vulnerability Management Guideline_v2.0,21,21,Match,Match,skipped,Skipped second-pass adjudication because first-pass is an exact match.,It must be ensured that identified vulnerabilities and associated risks are carefully and appropriately evaluated.,It must be ensured that identified vulnerabilities and associated risks are carefully and appropriately evaluated.,False
ICT Patch and Vulnerability Management Guideline_v2.0,21.1,21.1,Match,Match,skipped,Skipped second-pass adjudication because first-pass is an exact match.,The severity and risks associated with detected vulnerabilities must be determined without undue delay after detection.,The severity and risks associated with detected vulnerabilities must be determined without undue delay after detection.,False
ICT Patch and Vulnerability Management Guideline_v2.0,21.2,21.2,Match,Match,skipped,Skipped second-pass adjudication because first-pass is an exact match.,"Priority of the remediation activities for each validated vulnerability must be determined by considering associated risks. To make a consistent and informed decision on priority, the vulnerability item priority must be assessed as follows:","Priority of the remediation activities for each validated vulnerability must be determined by considering associated risks. To make a consistent and informed decision on priority, the vulnerability item priority must be assessed as follows:",False
ICT Patch and Vulnerability Management Guideline_v2.0,21.2.1,21.2.1,Match,Match,skipped,Skipped second-pass adjudication because first-pass is an exact match.,The output provided by scanners must be normalized and a DBG priority must be determined by additionally taking into account the exposure and criticality with regard to any of the protection goals of the asset.,The output provided by scanners must be normalized and a DBG priority must be determined by additionally taking into account the exposure and criticality with regard to any of the protection goals of the asset.,False
ICT Patch and Vulnerability Management Guideline_v2.0,21.2.2,21.2.2,Match,Match,skipped,Skipped second-pass adjudication because first-pass is an exact match.,"The output of a quantitative scoring model must be mapped to the Vulnerability Item Priority, and the mapping must be approved by the 2nd LoD of the legal entity.","The output of a quantitative scoring model must be mapped to the Vulnerability Item Priority, and the mapping must be approved by the 2nd LoD of the legal entity.",False
ICT Patch and Vulnerability Management Guideline_v2.0,21.3,21.3,Match,Match,skipped,Skipped second-pass adjudication because first-pass is an exact match.,"Zero-day vulnerabilities must be evaluated without undue delay, prioritized based on their exploitability, and timely treated through appropriate risk-based counter measures.","Zero-day vulnerabilities must be evaluated without undue delay, prioritized based on their exploitability, and timely treated through appropriate risk-based counter measures.",False
ICT Patch and Vulnerability Management Guideline_v2.0,22,22,Match,Match,skipped,Skipped second-pass adjudication because first-pass is an exact match.,It must be ensured that identified vulnerabilities are reported in a timely and appropriate manner to all relevant stakeholders.,It must be ensured that identified vulnerabilities are reported in a timely and appropriate manner to all relevant stakeholders.,False
ICT Patch and Vulnerability Management Guideline_v2.0,22.1,22.1,Match,Match,skipped,Skipped second-pass adjudication because first-pass is an exact match.,Regular reporting frequency must be defined; vulnerabilities classified as “high” or above (comparable with high or above in CVSS) must immediately be reported to the respective IT Asset Owners and Information Owner.,Regular reporting frequency must be defined; vulnerabilities classified as “high” or above (comparable with high or above in CVSS) must immediately be reported to the respective IT Asset Owners and Information Owner.,False
ICT Patch and Vulnerability Management Guideline_v2.0,22.2,22.2,Match,Match,skipped,Skipped second-pass adjudication because first-pass is an exact match.,The vulnerabilities’ risks and risk values must be included in the report.,The vulnerabilities’ risks and risk values must be included in the report.,False
ICT Patch and Vulnerability Management Guideline_v2.0,22.3,22.3,Match,Match,skipped,Skipped second-pass adjudication because first-pass is an exact match.,"For an efficient reporting scheme, regular reporting and ad-hoc reporting must be in place.","For an efficient reporting scheme, regular reporting and ad-hoc reporting must be in place.",False
ICT Patch and Vulnerability Management Guideline_v2.0,22.4,22.4,Match,Match,skipped,Skipped second-pass adjudication because first-pass is an exact match.,"Status of vulnerabilities must be regularly reported to the IT Asset Owners, at least once a month.","Status of vulnerabilities must be regularly reported to the IT Asset Owners, at least once a month.",False
ICT Patch and Vulnerability Management Guideline_v2.0,22.5,22.5,Match,Match,skipped,Skipped second-pass adjudication because first-pass is an exact match.,"Total vulnerability landscape must be regularly reported to 1st LoD, DBAG CISO and LE CISOs, at least once a month.","Total vulnerability landscape must be regularly reported to 1st LoD, DBAG CISO and LE CISOs, at least once a month.",False
ICT Patch and Vulnerability Management Guideline_v2.0,22.6,22.6,Match,Match,skipped,Skipped second-pass adjudication because first-pass is an exact match.,"Ad-hoc reporting must be used to inform DBAG CISO, LE CISOs of the affected LEs and IT Asset Owners about emergency and critical vulnerabilities without undue delay. Affected Information Owners and CERT (optional) must be informed about critical and emergency vulnerabilities without undue delay.","Ad-hoc reporting must be used to inform DBAG CISO, LE CISOs of the affected LEs and IT Asset Owners about emergency and critical vulnerabilities without undue delay. Affected Information Owners and CERT (optional) must be informed about critical and emergency vulnerabilities without undue delay.",False
ICT Patch and Vulnerability Management Guideline_v2.0,22.7,22.7,Match,Match,skipped,Skipped second-pass adjudication because first-pass is an exact match.,"All vulnerabilities identified in fundamental and advanced tests must be reported to the IT Asset owners, to DBAG CISO and affected LE CISOs latest two weeks after assessment completion. In case the affected IT Asset Owners cannot be identified within this timeline, the reporting timeline to these IT Asset Owners can be prolonged. In addition, affected Information Owners and CERT (optional) must be informed about critical and emergency vulnerabilities.","All vulnerabilities identified in fundamental and advanced tests must be reported to the IT Asset owners, to DBAG CISO and affected LE CISOs latest two weeks after assessment completion. In case the affected IT Asset Owners cannot be identified within this timeline, the reporting timeline to these IT Asset Owners can be prolonged. In addition, affected Information Owners and CERT (optional) must be informed about critical and emergency vulnerabilities.",False
ICT Patch and Vulnerability Management Guideline_v2.0,22.8,22.8,Match,Match,skipped,Skipped second-pass adjudication because first-pass is an exact match.,"The red team test report must be shared with DBAG CISO and LE CISOs of the affected LEs in due course and in the event no CISO is appointed, it must be shared with the 2nd LoD.","The red team test report must be shared with DBAG CISO and LE CISOs of the affected LEs in due course and in the event no CISO is appointed, it must be shared with the 2nd LoD.",False
ICT Patch and Vulnerability Management Guideline_v2.0,22.9,22.9,Match,Match,skipped,Skipped second-pass adjudication because first-pass is an exact match.,"Procedures for the responsible disclosure of vulnerabilities to clients, counterparties and to the public must be established.","Procedures for the responsible disclosure of vulnerabilities to clients, counterparties and to the public must be established.",False
ICT Patch and Vulnerability Management Guideline_v2.0,23,23,Match,Match,skipped,Skipped second-pass adjudication because first-pass is an exact match.,It must be ensured that identified vulnerabilities are treated in an appropriate and prioritized manner.,It must be ensured that identified vulnerabilities are treated in an appropriate and prioritized manner.,False
ICT Patch and Vulnerability Management Guideline_v2.0,23.1,23.1,Match,Match,skipped,Skipped second-pass adjudication because first-pass is an exact match.,The vulnerabilities must be remediated according to the vulnerability item priority. The timelines for remediation (upon detection) and vulnerability item priority must be: Emergency: All critical vulnerabilities that are reported to and stated as “emergency action required” by CERT are defined as emergency vulnerabilities. Classification criteria for vulnerability item priority emergency are defined in control requirement ID 30: Without undue delay Critical: DBG score 9.0 - 10.0; max. 32 calendar days High: DBG score 7.0 - 8.9; max. 77 calendar days Medium: DBG score 4.0 - 6.9; max. 180 calendar days Low: DBG score 0.0 - 3.9; max. 360 calendar days,The vulnerabilities must be remediated according to the vulnerability item priority. The timelines for remediation (upon detection) and vulnerability item priority must be: - Emergency: All critical vulnerabilities that are reported to and stated as 'emergency action required' by CERT are defined as emergency vulnerabilities. Classification criteria for vulnerability item priority emergency are defined in control requirement ID 30: Without undue delay - Critical: DBG score 9.0 - 10.0; max. 32 calendar days - High: DBG score 7.0 - 8.9; max. 77 calendar days - Medium: DBG score 4.0 - 6.9; max. 180 calendar days - Low: DBG score 0.0 - 3.9; max. 360 calendar days,False
ICT Patch and Vulnerability Management Guideline_v2.0,23.2,23.2,Match,Match,skipped,Skipped second-pass adjudication because first-pass is an exact match.,"In case the remediation activities require changes on IT Assets of the legal entity, patch management as part of the change management process must be followed, irrespective whether the patch is being delivered from a vendor or development team.","In case the remediation activities require changes on IT Assets of the legal entity, patch management as part of the change management process must be followed, irrespective whether the patch is being delivered from a vendor or development team.",False
ICT Patch and Vulnerability Management Guideline_v2.0,23.3,23.3,Match,Match,skipped,Skipped second-pass adjudication because first-pass is an exact match.,A process must be defined and documented for handling requests to extend prescribed remediation timelines.,A process must be defined and documented for handling requests to extend prescribed remediation timelines.,False
ICT Patch and Vulnerability Management Guideline_v2.0,23.4,23.4,Match,Match,skipped,Skipped second-pass adjudication because first-pass is an exact match.,Use cases for an exception process must be documented and defined. The Information Owners of the legal entities must approve the criteria.,Use cases for an exception process must be documented and defined. The Information Owners of the legal entities must approve the criteria.,False
ICT Patch and Vulnerability Management Guideline_v2.0,23.5,23.5,Match,Match,skipped,Skipped second-pass adjudication because first-pass is an exact match.,Vulnerabilities that cannot be remediated must be subject to compensating controls which must follow a risk-based approach and must be documented. The residual risk must be calculated.,Vulnerabilities that cannot be remediated must be subject to compensating controls which must follow a risk-based approach and must be documented. The residual risk must be calculated.,False
ICT Patch and Vulnerability Management Guideline_v2.0,23.6,23.6,Match,Match,skipped,Skipped second-pass adjudication because first-pass is an exact match.,"Remediation plans, as specified in the closure phase control requirement for TLPTs, must include all of the following for each finding identified within the TLPT: A description of the identified deficiencies A description of the proposed remediation measures, their prioritization and estimated completion, including, where appropriate, actions to improve identification, protection, detection, and response capabilities A root cause analysis The personnel or functions of the legal entity responsible for implementing the proposed remediation or improvement The risks involved in not implementing the remediation measures and, where relevant, the risks involved in implementing such measures","Remediation plans, as specified in the closure phase control requirement for TLPTs, must include all of the following for each finding identified within the TLPT: - A description of the identified deficiencies - A description of the proposed remediation measures, their prioritization and estimated completion, including, where appropriate, actions to improve identification, protection, detection, and response capabilities - A root cause analysis - The personnel or functions of the legal entity responsible for implementing the proposed remediation or improvement - The risks involved in not implementing the remediation measures and, where relevant, the risks involved in implementing such measures",False
ICT Patch and Vulnerability Management Guideline_v2.0,24,24,Match,Match,skipped,Skipped second-pass adjudication because first-pass is an exact match.,The legal entity should participate in information sharing arrangements with other trustworthy financial entities.,The legal entity should participate in information sharing arrangements with other trustworthy financial entities.,False
ICT Patch and Vulnerability Management Guideline_v2.0,24.1,24.1,Match,Match,skipped,Skipped second-pass adjudication because first-pass is an exact match.,"The legal entity should share cyber threat information and intelligence, including indicators of compromise, tactics, techniques and procedures, cyber security alerts and configuration tools, with other financial entities, provided that such sharing: Enhances the digital operational resilience of the financial entities by raising awareness of cyber threats, limiting, or impeding the ability of cyber threats to propagate, and supporting defensive capabilities, threat detection techniques, mitigation strategies, or response and recovery phases Is conducted within trusted communities of financial entities Is implemented through information sharing arrangements that protect the sensitivity of the information exchanged and are governed by codes of conduct that fully respect business confidentiality and the protection of personal data","The legal entity should share cyber threat information and intelligence, including indicators of compromise, tactics, techniques and procedures, cyber security alerts and configuration tools, with other financial entities, provided that such sharing: - Enhances the digital operational resilience of the financial entities by raising awareness of cyber threats, limiting, or impeding the ability of cyber threats to propagate, and supporting defensive capabilities, threat detection techniques, mitigation strategies, or response and recovery phases - Is conducted within trusted communities of financial entities - Is implemented through information sharing arrangements that protect the sensitivity of the information exchanged and are governed by codes of conduct that fully respect business confidentiality and the protection of personal data",False
ICT Patch and Vulnerability Management Guideline_v2.0,24.2,24.2,Match,Match,skipped,Skipped second-pass adjudication because first-pass is an exact match.,"When participating in information sharing arrangements, the information sharing arrangements must specify conditions for participation and, where appropriate, details of the inclusion of public authorities and the capacity in which they may be involved. The arrangements must also outline the involvement of ICT third-party service providers and the operational aspects, including the use of dedicated IT platforms.","When participating in information sharing arrangements, the information sharing arrangements must specify conditions for participation and, where appropriate, details of the inclusion of public authorities and the capacity in which they may be involved. The arrangements must also outline the involvement of ICT third-party service providers and the operational aspects, including the use of dedicated IT platforms.",False
ICT Patch and Vulnerability Management Guideline_v2.0,24.3,24.3,Match,Match,skipped,Skipped second-pass adjudication because first-pass is an exact match.,"When participating in information sharing arrangements, upon validation or cessation of membership, the legal entity must notify the competent authority.","When participating in information sharing arrangements, upon validation or cessation of membership, the legal entity must notify the competent authority.",False
ICT Patch and Vulnerability Management Guideline_v2.0,25,25,Match,Match,skipped,Skipped second-pass adjudication because first-pass is an exact match.,It must be ensured that proper patch management is in place to handle patches effectively.,It must be ensured that proper patch management is in place to handle patches effectively.,False
ICT Patch and Vulnerability Management Guideline_v2.0,25.1,25.1,Match,Match,skipped,Skipped second-pass adjudication because first-pass is an exact match.,"Patch management procedures must be developed, documented, and implemented.","Patch management procedures must be developed, documented, and implemented.",False
ICT Patch and Vulnerability Management Guideline_v2.0,25.2,25.2,Match,Match,skipped,Skipped second-pass adjudication because first-pass is an exact match.,"The implementation of patches must follow the formalized change process for the timely identification, prioritization, procurement, installation, and validation.","The implementation of patches must follow the formalized change process for the timely identification, prioritization, procurement, installation, and validation.",False
ICT Patch and Vulnerability Management Guideline_v2.0,25.3,25.3,Match,Match,skipped,Skipped second-pass adjudication because first-pass is an exact match.,The current patch levels of all systems must be compared against patch information from the vendor to support the assessment of the current level of risk.,The current patch levels of all systems must be compared against patch information from the vendor to support the assessment of the current level of risk.,False
ICT Patch and Vulnerability Management Guideline_v2.0,25.4,25.4,Match,Match,skipped,Skipped second-pass adjudication because first-pass is an exact match.,"Any new system and third-party software must be scanned for vulnerabilities and available patches and ensure it has up-to-date patches installed before connecting to DBAGs or the legal entity's environment according to protection need. In special cases, e.g. provisioning of notebooks, patches must be applied in a timely manner after connecting to DBAG or the legal entity's network.","Any new system and third-party software must be scanned for vulnerabilities and available patches and ensure it has up-to-date patches installed before connecting to DBAGs or the legal entity's environment according to protection need. In special cases, e.g. provisioning of notebooks, patches must be applied in a timely manner after connecting to DBAG or the legal entity's network.",False
ICT Patch and Vulnerability Management Guideline_v2.0,26,26,Match,Match,skipped,Skipped second-pass adjudication because first-pass is an exact match.,"It must be ensured that as part of the patch management procedures, available patches are identified in a timely manner.","It must be ensured that as part of the patch management procedures, available patches are identified in a timely manner.",False
ICT Patch and Vulnerability Management Guideline_v2.0,26.1,26.1,Match,Match,skipped,Skipped second-pass adjudication because first-pass is an exact match.,"Available software and hardware patches and updates, which must be installed proactively, must be identified and evaluated using automated tools wherever possible, while end-of-life and unsupported software are treated as elevated risks and reported accordingly.","Available software and hardware patches and updates, which must be installed proactively, must be identified and evaluated using automated tools wherever possible, while end-of-life and unsupported software are treated as elevated risks and reported accordingly.",False
ICT Patch and Vulnerability Management Guideline_v2.0,26.2,26.2,Match,Match,skipped,Skipped second-pass adjudication because first-pass is an exact match.,"Infrastructure scanners should be able to scan and identify missing patches on all network devices (wired and wireless), servers, end user devices, mobile devices.","Infrastructure scanners should be able to scan and identify missing patches on all network devices (wired and wireless), servers, end user devices, mobile devices.",False
ICT Patch and Vulnerability Management Guideline_v2.0,27,27,Match,Match,skipped,Skipped second-pass adjudication because first-pass is an exact match.,"It must be ensured that as part of the patch management procedures, patches are deployed properly.","It must be ensured that as part of the patch management procedures, patches are deployed properly.",False
ICT Patch and Vulnerability Management Guideline_v2.0,27.1,27.1,Match,Match,skipped,Skipped second-pass adjudication because first-pass is an exact match.,"To address identified vulnerabilities, within defined timelines, the deployment of patches and other mitigation measures must be prioritized following a risk-based approach based on the criticality of the vulnerability.","To address identified vulnerabilities, within defined timelines, the deployment of patches and other mitigation measures must be prioritized following a risk-based approach based on the criticality of the vulnerability.",False
ICT Patch and Vulnerability Management Guideline_v2.0,27.2,27.2,Match,Match,skipped,Skipped second-pass adjudication because first-pass is an exact match.,"Prior to their deployment, patches and updates for software and hardware must be tested in accordance with the requirements laid out in the Software Development and ICT Change Management Guideline.","Prior to their deployment, patches and updates for software and hardware must be tested in accordance with the requirements laid out in the Software Development and ICT Change Management Guideline.",False
ICT Patch and Vulnerability Management Guideline_v2.0,27.3,27.3,Match,Match,skipped,Skipped second-pass adjudication because first-pass is an exact match.,"Adequate measures must be in place for system integrity testing after patch deployment, including rollback plans in the event that system integrity testing fails.","Adequate measures must be in place for system integrity testing after patch deployment, including rollback plans in the event that system integrity testing fails.",False
ICT Patch and Vulnerability Management Guideline_v2.0,27.4,27.4,Match,Match,skipped,Skipped second-pass adjudication because first-pass is an exact match.,"The Asset Owners must, if possible, use tools that support centralized patch management capabilities and automated deployment of applicable patches.","The Asset Owners must, if possible, use tools that support centralized patch management capabilities and automated deployment of applicable patches.",False
ICT Patch and Vulnerability Management Guideline_v2.0,27.5,27.5,Match,Match,skipped,Skipped second-pass adjudication because first-pass is an exact match.,"During the patch processing within Change Management, the downloaded/delivered patch must be scanned for malware and the patch source is authenticated. The integrity of the patch must be confirmed before deployment (e.g. by verifying digital signature of the patch, hash signature comparison against the vendor publicly reported patch file hash and integrity-check).","During the patch processing within Change Management, the downloaded/delivered patch must be scanned for malware and the patch source is authenticated. The integrity of the patch must be confirmed before deployment (e.g. by verifying digital signature of the patch, hash signature comparison against the vendor publicly reported patch file hash and integrity-check).",False
ICT Patch and Vulnerability Management Guideline_v2.0,28,28,Match,Match,skipped,Skipped second-pass adjudication because first-pass is an exact match.,"It must be ensured that exceptions for the deployment of patches are handled carefully, using a risk-based approach that considers the exposure and criticality of the vulnerability.","It must be ensured that exceptions for the deployment of patches are handled carefully, using a risk-based approach that considers the exposure and criticality of the vulnerability.",False
ICT Patch and Vulnerability Management Guideline_v2.0,28.1,28.1,Match,Match,skipped,Skipped second-pass adjudication because first-pass is an exact match.,"Where a patch implementation exception is required, a valid workaround to mitigate the associated vulnerabilities must be applied, if technically feasible. In cases where no such workaround or other mitigation measures can be applied, and no patch is expected to be released, a risk assessment should be conducted, and the replacement and disposal of the affected asset should be considered.","Where a patch implementation exception is required, a valid workaround to mitigate the associated vulnerabilities must be applied, if technically feasible. In cases where no such workaround or other mitigation measures can be applied, and no patch is expected to be released, a risk assessment should be conducted, and the replacement and disposal of the affected asset should be considered.",False
ICT Patch and Vulnerability Management Guideline_v2.0,28.2,28.2,Match,Match,skipped,Skipped second-pass adjudication because first-pass is an exact match.,Any exception must be documented and maintained for audit purposes.,Any exception must be documented and maintained for audit purposes.,False
ICT Patch and Vulnerability Management Guideline_v2.0,28.3,28.3,Match,Match,skipped,Skipped second-pass adjudication because first-pass is an exact match.,Any failure to implement a patch must be formally justified and approved by the responsible Asset Owner and the applicable Risk Owner.,Any failure to implement a patch must be formally justified and approved by the responsible Asset Owner and the applicable Risk Owner.,False
ICT Patch and Vulnerability Management Guideline_v2.0,29,29,Match,Match,skipped,Skipped second-pass adjudication because first-pass is an exact match.,It must be ensured that the remediation of identified vulnerabilities is monitored.,It must be ensured that the remediation of identified vulnerabilities is monitored.,False
ICT Patch and Vulnerability Management Guideline_v2.0,29.1,29.1,Match,Match,skipped,Skipped second-pass adjudication because first-pass is an exact match.,Every detected vulnerability affecting ICT Systems must be recorded and the remediation of vulnerabilities must be monitored and verified.,Every detected vulnerability affecting ICT Systems must be recorded and the remediation of vulnerabilities must be monitored and verified.,False
ICT Patch and Vulnerability Management Guideline_v2.0,3,3,Match,Match,skipped,Skipped second-pass adjudication because first-pass is an exact match.,It must be ensured that the legal entity is always kept up to date with regard to vulnerabilities and emerging threats.,It must be ensured that the legal entity is always kept up to date with regard to vulnerabilities and emerging threats.,False
ICT Patch and Vulnerability Management Guideline_v2.0,3.1,3.1,Match,Match,skipped,Skipped second-pass adjudication because first-pass is an exact match.,"To raise and maintain awareness of vulnerabilities and existing or emerging threats, relevant and trusted sources of information must be regularly identified, collected, analyzed and kept up to date.","To raise and maintain awareness of vulnerabilities and existing or emerging threats, relevant and trusted sources of information must be regularly identified, collected, analyzed and kept up to date.",False
ICT Patch and Vulnerability Management Guideline_v2.0,3.2,3.2,Content delta: requirement differs,Content delta: requirement differs,confirmed,Confirmed after footnote/reference stripping.,"Threat intelligence should include up-to-date information about threats and attacks on strategic, tactical, and operational levels: Exchange of high-level information about the changing threat landscape (strategic level) Information about attacker methodologies, tools and technologies involved (tactical level) Details about specific attacks, including technical indicators (operational level)","Threat intelligence should include up-to-date information about threats and attacks on strategic, tactical, and operational levels: - Exchange of high-level information about the changing threat landscape (strategic level) - Information about attacker methodologies, tools and technologies involved (tactical level)Details about specific attacks, including technical indicators",False
ICT Patch and Vulnerability Management Guideline_v2.0,3.3,3.3,Match,Match,skipped,Skipped second-pass adjudication because first-pass is an exact match.,"Internal and external potential threats must be collected, monitored and analyzed, taking into account attack scenarios commonly used by threat actors and scenarios based on threat intelligence.","Internal and external potential threats must be collected, monitored and analyzed, taking into account attack scenarios commonly used by threat actors and scenarios based on threat intelligence.",False
ICT Patch and Vulnerability Management Guideline_v2.0,3.4,3.4,Match,Match,skipped,Skipped second-pass adjudication because first-pass is an exact match.,"Capabilities and staff must be in place to perform threat intelligence and analyze the impact of vulnerabilities, cyber threats and attacks on the digital operational resilience (DOR).","Capabilities and staff must be in place to perform threat intelligence and analyze the impact of vulnerabilities, cyber threats and attacks on the digital operational resilience (DOR).",False
ICT Patch and Vulnerability Management Guideline_v2.0,30,30,Match,Match,skipped,Skipped second-pass adjudication because first-pass is an exact match.,It must be ensured that any vulnerability identified as an emergency is given special attention and that emergency procedures are in place to address it.,It must be ensured that any vulnerability identified as an emergency is given special attention and that emergency procedures are in place to address it.,False
ICT Patch and Vulnerability Management Guideline_v2.0,30.1,30.1,Match,Match,skipped,Skipped second-pass adjudication because first-pass is an exact match.,"Vulnerabilities classified as “emergency” must follow defined vulnerability emergency management procedures, covering identified processes for the patching and updating of IT Assets.","Vulnerabilities classified as “emergency” must follow defined vulnerability emergency management procedures, covering identified processes for the patching and updating of IT Assets.",False
ICT Patch and Vulnerability Management Guideline_v2.0,30.2,30.2,Content delta: requirement differs,Content delta: requirement differs,confirmed,Confirmed after footnote/reference stripping.,"The definition for emergency classification of vulnerabilities must at a minimum consider these criteria: Whether a vulnerability that has been classified as “emergency” in the past is found again The exploitability of the vulnerability The technical impact of the vulnerability on relevant services and IT Assets, including supporting components The exposure and criticality with regard to any of the protection goals of the affected or potentially affected IT Assets, including supporting components, and in particular affected critical or important functions (CIFs)","The definition for emergency classification of vulnerabilities must at a minimum consider these criteria:A vulnerability ismust classifiedbe classified as emergency in case at least one of the following criteria is fulfilled: - Whether a vulnerability that has been classified as 'emergency' in the past is found again - The exploitability of the vulnerability - The technical impact of the vulnerability on relevant services and IT Assets, including supporting components - The exposure and criticality with regard to any of the protection goals of the affected or potentially affected IT Assets, including supporting components, and in particular affected critical or important functions (CIFs)",False
ICT Patch and Vulnerability Management Guideline_v2.0,31,31,Match,Match,skipped,Skipped second-pass adjudication because first-pass is an exact match.,It must be ensured that escalation procedures are in place and applied when vulnerabilities are not adequately addressed.,It must be ensured that escalation procedures are in place and applied when vulnerabilities are not adequately addressed.,False
ICT Patch and Vulnerability Management Guideline_v2.0,31.1,31.1,Match,Match,skipped,Skipped second-pass adjudication because first-pass is an exact match.,"Escalation processes must be established as part of the defined vulnerability emergency management procedures which are applied in the following cases: The vulnerability is not remediated within the given timeline, including failure to deploy patches and updates for software and hardware within the designated timeline For exceptional cases where regular remediation according to the defined requirements is considered not possible","Escalation processes must be established as part of the defined vulnerability emergency management procedures which are applied in the following cases: - The vulnerability is not remediated within the given timeline, including failure to deploy patches and updates for software and hardware within the designated timeline - For exceptional cases where regular remediation according to the defined requirements is considered not possible",False
ICT Patch and Vulnerability Management Guideline_v2.0,31.2,31.2,Match,Match,skipped,Skipped second-pass adjudication because first-pass is an exact match.,Overdue vulnerabilities must be followed up on a weekly basis.,Overdue vulnerabilities must be followed up on a weekly basis.,False
ICT Patch and Vulnerability Management Guideline_v2.0,32,32,Match,Match,skipped,Skipped second-pass adjudication because first-pass is an exact match.,An audit log must be kept for all steps undertaken in technical vulnerability management.,An audit log must be kept for all steps undertaken in technical vulnerability management.,False
ICT Patch and Vulnerability Management Guideline_v2.0,33,33,Match,Match,skipped,Skipped second-pass adjudication because first-pass is an exact match.,The vulnerability management process must be aligned with the incident management process to enable information and data communication for relevant vulnerabilities to the incident response function in case an incident occurs.,The vulnerability management process must be aligned with the incident management process to enable information and data communication for relevant vulnerabilities to the incident response function in case an incident occurs.,False
ICT Patch and Vulnerability Management Guideline_v2.0,4,4,Match,Match,skipped,Skipped second-pass adjudication because first-pass is an exact match.,It must be ensured that both fundamental and advanced tests are properly performed to identify and evaluate vulnerabilities.,It must be ensured that both fundamental and advanced tests are properly performed to identify and evaluate vulnerabilities.,False
ICT Patch and Vulnerability Management Guideline_v2.0,4.1,4.1,Match,Match,skipped,Skipped second-pass adjudication because first-pass is an exact match.,"Vulnerability identification measures must be defined and implemented for IT Assets of the legal entity in a risk-based approach that utilizes adequate assessment and test frequencies and an adequate depth and completeness of assessment and test results per Segregation Area, system criticality with regard to any of the protection goals or system purpose.","Vulnerability identification measures must be defined and implemented for IT Assets of the legal entity in a risk-based approach that utilizes adequate assessment and test frequencies and an adequate depth and completeness of assessment and test results per Segregation Area, system criticality with regard to any of the protection goals or system purpose.",False
ICT Patch and Vulnerability Management Guideline_v2.0,4.10,4.10,Match,Match,skipped,Skipped second-pass adjudication because first-pass is an exact match.,"Gap analyses must be conducted to systematically identify and document deviations between the current implementation of ICT security controls and the requirements defined in the ICT Risk Management Framework, applicable regulatory requirements, and the digital operational resilience strategy.","Gap analyses must be conducted to systematically identify and document deviations between the current implementation of ICT security controls and the requirements defined in the ICT Risk Management Framework, applicable regulatory requirements, and the digital operational resilience strategy.",False
ICT Patch and Vulnerability Management Guideline_v2.0,4.11,4.11,Match,Match,skipped,Skipped second-pass adjudication because first-pass is an exact match.,"Questionnaires must be used as a structured assessment method to evaluate the ICT security posture of the legal entity and of ICT third-party service providers where direct technical testing is not feasible, in accordance with ID 2 (Vulnerability management of ICT third-party service providers).","Questionnaires must be used as a structured assessment method to evaluate the ICT security posture of the legal entity and of ICT third-party service providers where direct technical testing is not feasible, in accordance with ID 2 (Vulnerability management of ICT third-party service providers).",False
ICT Patch and Vulnerability Management Guideline_v2.0,4.2,4.2,Match,Match,skipped,Skipped second-pass adjudication because first-pass is an exact match.,"To identify and evaluate vulnerabilities, security assessments and tests must be conducted regularly as part of the fundamental tests and, if necessary, additionally on an ad-hoc basis. The security assessment and test type (vulnerability assessments and scans, external attack surface scans, source code review and open-source analysis, network security assessments, gap analyses, physical security reviews, questionnaires and scanning software solutions, scenario-based tests, compatibility testing, performance testing, end-to-end testing and penetration testing) must be chosen based on the information asset classification with regard to any of the protection goals, asset type, exposure and the Segregation Area. For internet exposed assets, external attack surface scans should be considered.","To identify and evaluate vulnerabilities, security assessments and tests must be conducted regularly as part of the fundamental tests and, if necessary, additionally on an ad-hoc basis. The security assessment and test type (vulnerability assessments and scans, external attack surface scans, source code review and open-source analysis, network security assessments, gap analyses, physical security reviews, questionnaires and scanning software solutions, scenario-based tests, compatibility testing, performance testing, end-to-end testing and penetration testing) must be chosen based on the information asset classification with regard to any of the protection goals, asset type, exposure and the Segregation Area. For internet exposed assets, external attack surface scans should be considered.",False
ICT Patch and Vulnerability Management Guideline_v2.0,4.3,4.3,Match,Match,skipped,Skipped second-pass adjudication because first-pass is an exact match.,The vulnerability categories and assessment method as well as scope must be defined for all fundamental tests that are defined in this Guideline.,The vulnerability categories and assessment method as well as scope must be defined for all fundamental tests that are defined in this Guideline.,False
ICT Patch and Vulnerability Management Guideline_v2.0,4.4,4.4,Match,Match,skipped,Skipped second-pass adjudication because first-pass is an exact match.,"If adverse effects are envisioned in the Red Segregation Area, fundamental tests must generally be conducted in the Yellow Segregation Area and only be conducted in other Segregation Areas if it is not possible in the Yellow Segregation Area.","If adverse effects are envisioned in the Red Segregation Area, fundamental tests must generally be conducted in the Yellow Segregation Area and only be conducted in other Segregation Areas if it is not possible in the Yellow Segregation Area.",False
ICT Patch and Vulnerability Management Guideline_v2.0,4.5,4.5,Content delta: requirement differs,Match,adjusted,Adjusted: delta was only footnote/reference marker noise.,A security assessment plan must be defined to ensure that the fundamental tests of all IT Assets of the legal entity are scheduled and performed as required.,A security assessment plan must be defined to ensure that the fundamental tests of all IT Assets [3] of the legal entity are scheduled and performed as required.,True
ICT Patch and Vulnerability Management Guideline_v2.0,4.6,4.6,Match,Match,skipped,Skipped second-pass adjudication because first-pass is an exact match.,Fundamental tests must be conducted by qualified testers that are independent from the security control implementation.,Fundamental tests must be conducted by qualified testers that are independent from the security control implementation.,False
ICT Patch and Vulnerability Management Guideline_v2.0,4.7,4.7,Match,Match,skipped,Skipped second-pass adjudication because first-pass is an exact match.,Appropriate guiding procedures for all fundamental and advanced tests must be defined and documented.,Appropriate guiding procedures for all fundamental and advanced tests must be defined and documented.,False
ICT Patch and Vulnerability Management Guideline_v2.0,4.8,4.8,Match,Match,skipped,Skipped second-pass adjudication because first-pass is an exact match.,"Processes for all fundamental and advanced tests must be defined, regularly monitored, and evaluated, for planning and conducting the fundamental and advanced tests to ensure asset coverage, appropriate scoping, timely completion, and reporting.","Processes for all fundamental and advanced tests must be defined, regularly monitored, and evaluated, for planning and conducting the fundamental and advanced tests to ensure asset coverage, appropriate scoping, timely completion, and reporting.",False
ICT Patch and Vulnerability Management Guideline_v2.0,4.9,4.9,Match,Match,skipped,Skipped second-pass adjudication because first-pass is an exact match.,"Network security assessments must be conducted to evaluate the effectiveness of network security controls, identify misconfigurations, and detect potential vulnerabilities in the network architecture, including network segmentation, firewall rules, access controls, and network service configurations.","Network security assessments must be conducted to evaluate the effectiveness of network security controls, identify misconfigurations, and detect potential vulnerabilities in the network architecture, including network segmentation, firewall rules, access controls, and network service configurations.",False
ICT Patch and Vulnerability Management Guideline_v2.0,5,5,Match,Match,skipped,Skipped second-pass adjudication because first-pass is an exact match.,"It must be ensured that as part of the security assessments and tests, penetration tests are performed.","It must be ensured that as part of the security assessments and tests, penetration tests are performed.",False
ICT Patch and Vulnerability Management Guideline_v2.0,5.1,5.1,Match,Match,skipped,Skipped second-pass adjudication because first-pass is an exact match.,Penetration tests must be performed regularly at the defined intervals:,Penetration tests must be performed regularly at the defined intervals:,False
ICT Patch and Vulnerability Management Guideline_v2.0,5.1.1,5.1.1,Content delta: requirement differs,Content delta: requirement differs,confirmed,Confirmed after footnote/reference stripping.,"Penetration tests of all IT applications and their underlying infrastructure assets supporting critical (regarding confidentiality, integrity, availability, or authenticity) or important functions (CIF) and of all KRITIS-relevant assets must be conducted at least every 12 months.","Penetration tests [1] of all IT applications (including their underlying infrastructure) supporting critical (regarding confidentiality, integrity, availability, or authenticity) or important functions (CIF) and of all KRITIS-relevant assets must be conducted at least every 12 months. [1] Penetration tests are conducted against IT applications as the primary target. Penetration testing will inherently target parts of the technology stack that support the application. This guideline uses the phrase “IT applications (including their underlying infrastructure assets)” to reflect this.",False
ICT Patch and Vulnerability Management Guideline_v2.0,5.1.2,5.1.2,Content delta: requirement differs,Content delta: requirement differs,confirmed,Confirmed after footnote/reference stripping.,Penetration tests of all internet-facing IT applications and their underlying infrastructure assets must be conducted at least every 12 months.,Penetration tests of all internet-facing IT applications (including their underlying infrastructure) must be conducted at least every 12 months.,False
ICT Patch and Vulnerability Management Guideline_v2.0,5.1.3,5.1.3,Content delta: requirement differs,Content delta: requirement differs,confirmed,Confirmed after footnote/reference stripping.,"Penetration tests of all IT Applications and their underlying infrastructure assets that are critical regarding confidentiality, integrity, availability, or authenticity must be conducted at least every 12 months.","Penetration tests of all IT Applications (including their underlying infrastructure) that are critical regarding confidentiality, integrity, availability, or authenticity must be conducted at least every 12 months.",False
ICT Patch and Vulnerability Management Guideline_v2.0,5.1.4,5.1.4,Content delta: requirement differs,Content delta: requirement differs,confirmed,Confirmed after footnote/reference stripping.,Penetration tests of all other IT Applications and their underlying infrastructure assets infrastructure (that are not covered by 5.1.1.-5.1.3) must be conducted at least every 36 months.,Penetration tests of all other IT Applications and (including their underlying infrastructure) (that are not covered by 5.1.1.-5.1.3) must be conducted at least every 36 months.,False
ICT Patch and Vulnerability Management Guideline_v2.0,5.1.5,5.1.5,Content delta: requirement differs,Content delta: requirement differs,confirmed,Confirmed after footnote/reference stripping.,"Penetration tests of all IT applications and their underlying infrastructure assets must be conducted upfront before initial deployment into the Red Segregation Area, and whenever security relevant changes are released into the Red Segregation Area.","Penetration tests of all IT applications and (including their underlying infrastructure) must be conducted upfront before initial deployment into the Red Segregation Area, and whenever security relevant changes are released into the Red Segregation Area.",False
ICT Patch and Vulnerability Management Guideline_v2.0,5.1.6,5.1.6,Match,Match,skipped,Skipped second-pass adjudication because first-pass is an exact match.,"If network segments (within a network security zone) are segregated, the frequency of penetration tests must be based on the maximum criticality value (regarding confidentiality, integrity, availability, or authenticity) of the assets in the respective segregated network segment within that network security zone.","If network segments (within a network security zone) are segregated, the frequency of penetration tests must be based on the maximum criticality value (regarding confidentiality, integrity, availability, or authenticity) of the assets in the respective segregated network segment within that network security zone.",False
ICT Patch and Vulnerability Management Guideline_v2.0,5.1.7,5.1.7,Match,Match,skipped,Skipped second-pass adjudication because first-pass is an exact match.,"If network segments (within a network security zone) are not segregated, the frequency of penetration tests for all applications within these unsegregated network segments must be determined based on the maximum criticality value (regarding confidentiality, integrity, availability, or authenticity) of the assets in the respective network segments within that network security zone.","If network segments (within a network security zone) are not segregated, the frequency of penetration tests for all applications within these unsegregated network segments must be determined based on the maximum criticality value (regarding confidentiality, integrity, availability, or authenticity) of the assets in the respective network segments within that network security zone.",False
ICT Patch and Vulnerability Management Guideline_v2.0,5.2,5.2,Match,Match,skipped,Skipped second-pass adjudication because first-pass is an exact match.,"Penetration tests must be carried out by independent testers with sufficient knowledge, skills, and expertise in testing information security measures and who are not involved in the development of the information security measures.","Penetration tests must be carried out by independent testers with sufficient knowledge, skills, and expertise in testing information security measures and who are not involved in the development of the information security measures.",False
ICT Patch and Vulnerability Management Guideline_v2.0,5.3,5.3,Match,Match,skipped,Skipped second-pass adjudication because first-pass is an exact match.,Vendor rotation must be applied at least every 24 months.,Vendor rotation must be applied at least every 24 months.,False
ICT Patch and Vulnerability Management Guideline_v2.0,5.4,5.4,Match,Match,skipped,Skipped second-pass adjudication because first-pass is an exact match.,Penetration tests for software as a service (SaaS) provided by third parties must be conducted by the vendor according to contractual agreements based on the requirements for internet-facing IT applications (see above).,Penetration tests for software as a service (SaaS) provided by third parties must be conducted by the vendor according to contractual agreements based on the requirements for internet-facing IT applications (see above).,False
ICT Patch and Vulnerability Management Guideline_v2.0,5.5,5.5,Match,Match,skipped,Skipped second-pass adjudication because first-pass is an exact match.,"Type, scope, period, and results of a penetration test must be documented in a traceable manner which is comprehensible for a competent third party.","Type, scope, period, and results of a penetration test must be documented in a traceable manner which is comprehensible for a competent third party.",False
ICT Patch and Vulnerability Management Guideline_v2.0,5.6,5.6,Match,Match,skipped,Skipped second-pass adjudication because first-pass is an exact match.,All detected vulnerabilities must be transferred and addressed to a predefined structured remediation process.,All detected vulnerabilities must be transferred and addressed to a predefined structured remediation process.,False
ICT Patch and Vulnerability Management Guideline_v2.0,5.7,5.7,Match,Match,skipped,Skipped second-pass adjudication because first-pass is an exact match.,A combination of blackbox and greybox testing should be conducted.,A combination of blackbox and greybox testing should be conducted.,False
ICT Patch and Vulnerability Management Guideline_v2.0,6,6,Match,Match,skipped,Skipped second-pass adjudication because first-pass is an exact match.,"It must be ensured that as part of the security assessments and tests, vulnerability assessments and scans are performed.","It must be ensured that as part of the security assessments and tests, vulnerability assessments and scans are performed.",False
ICT Patch and Vulnerability Management Guideline_v2.0,6.1,6.1,Match,Match,skipped,Skipped second-pass adjudication because first-pass is an exact match.,"Prior to their deployment, all IT Assets with the exception of Mobile Devices must be onboarded to the vulnerability scanning tool(s).","Prior to their deployment, all IT Assets with the exception of Mobile Devices must be onboarded to the vulnerability scanning tool(s).",False
ICT Patch and Vulnerability Management Guideline_v2.0,6.2,6.2,Match,Match,skipped,Skipped second-pass adjudication because first-pass is an exact match.,"Prior to their deployment or redeployment in the Red Segregation Area, vulnerability assessments must be performed on all IT Assets and ICT services that support critical or important functions.","Prior to their deployment or redeployment in the Red Segregation Area, vulnerability assessments must be performed on all IT Assets and ICT services that support critical or important functions.",False
ICT Patch and Vulnerability Management Guideline_v2.0,6.3,6.3,Match,Match,skipped,Skipped second-pass adjudication because first-pass is an exact match.,"Regular automated vulnerability scans and assessments on all relevant IT Assets must be performed, with the frequency and scope corresponding to their information classification with regards to any of the protection goals and overall risk profile of the IT Asset, however at least weekly.","Regular automated vulnerability scans and assessments on all relevant IT Assets must be performed, with the frequency and scope corresponding to their information classification with regards to any of the protection goals and overall risk profile of the IT Asset, however at least weekly.",False
ICT Patch and Vulnerability Management Guideline_v2.0,7,7,Match,Match,skipped,Skipped second-pass adjudication because first-pass is an exact match.,"It must be ensured that as part of the security assessments and tests, source code reviews and open-source analysis are performed.","It must be ensured that as part of the security assessments and tests, source code reviews and open-source analysis are performed.",False
ICT Patch and Vulnerability Management Guideline_v2.0,7.1,7.1,Match,Match,skipped,Skipped second-pass adjudication because first-pass is an exact match.,Source code review must be conducted for all source codes of IT applications before deployment in the Red Segregation Area.,Source code review must be conducted for all source codes of IT applications before deployment in the Red Segregation Area.,False
ICT Patch and Vulnerability Management Guideline_v2.0,7.2,7.2,Match,Match,skipped,Skipped second-pass adjudication because first-pass is an exact match.,Source code reviews must be conducted for all owned source codes of IT applications at least every 12 months.,Source code reviews must be conducted for all owned source codes of IT applications at least every 12 months.,False
ICT Patch and Vulnerability Management Guideline_v2.0,7.3,7.3,Match,Match,skipped,Skipped second-pass adjudication because first-pass is an exact match.,Source code reviews for not owned source code of IT applications must be performed by the external vendor. Reports or confirmations must be conducted.,Source code reviews for not owned source code of IT applications must be performed by the external vendor. Reports or confirmations must be conducted.,False
ICT Patch and Vulnerability Management Guideline_v2.0,7.4,7.4,Match,Match,skipped,Skipped second-pass adjudication because first-pass is an exact match.,"The use of third-party libraries, including open-source libraries used by ICT services supporting critical or important functions, as well as ICT services developed by the legal entity or customized or specifically developed for the legal entity by ICT third-party service providers, must be monitored, also with respect to new updates, tracked and controlled.","The use of third-party libraries, including open-source libraries used by ICT services supporting critical or important functions, as well as ICT services developed by the legal entity or customized or specifically developed for the legal entity by ICT third-party service providers, must be monitored, also with respect to new updates, tracked and controlled.",False
ICT Patch and Vulnerability Management Guideline_v2.0,7.5,7.5,Match,Match,skipped,Skipped second-pass adjudication because first-pass is an exact match.,"For IT Assets used in the operation of ICT services that do not support critical or important functions, the use of third-party libraries, including open-source libraries, must be tracked to the extent possible.","For IT Assets used in the operation of ICT services that do not support critical or important functions, the use of third-party libraries, including open-source libraries, must be tracked to the extent possible.",False
ICT Patch and Vulnerability Management Guideline_v2.0,8,8,Match,Match,skipped,Skipped second-pass adjudication because first-pass is an exact match.,"As part of the security assessments and tests, compliance scans must be conducted for IT Asset at least weekly and should be conducted on an on-going basis for End User Devices.","As part of the security assessments and tests, compliance scans must be conducted for IT Asset at least weekly and should be conducted on an on-going basis for End User Devices.",False
ICT Patch and Vulnerability Management Guideline_v2.0,9,9,Match,Match,skipped,Skipped second-pass adjudication because first-pass is an exact match.,"The legal entity should consider bug bounty programs with clearly defined rules and scope, where rewards are offered as an incentive to assist legal entities in identifying vulnerabilities in order to appropriately remediate them.","The legal entity should consider bug bounty programs with clearly defined rules and scope, where rewards are offered as an incentive to assist legal entities in identifying vulnerabilities in order to appropriately remediate them.",False
ICT Patch and Vulnerability Management_v2.0,32.1,32.1,Missing in DOCX,Missing in DOCX,confirmed,Confirmed missing after second-pass check.,,An audit log must be kept for all steps undertaken in technical vulnerability management.,False
ICT Patch and Vulnerability Management_v2.0,33.1,33.1,Missing in DOCX,Missing in DOCX,confirmed,Confirmed missing after second-pass check.,,The vulnerability management process must be aligned with the incident management process to enable information and data communication for relevant vulnerabilities to the incident response function in case an incident occurs.,False
ICT Patch and Vulnerability Management_v2.0,8.1,8.1,Missing in DOCX,Missing in DOCX,confirmed,Confirmed missing after second-pass check.,,"As part of the security assessments and tests, compliance scans must be conducted for IT Asset at least weekly and should be conducted on an on-going basis for End User Devices.",False
ICT Patch and Vulnerability Management_v2.0,9.1,9.1,Missing in DOCX,Missing in DOCX,confirmed,Confirmed missing after second-pass check.,,"The legal entity should consider bug bounty programs with clearly defined rules and scope, where rewards are offered as an incentive to assist legal entities in identifying vulnerabilities in order to appropriately remediate them.",False
ICT Risk Management Guideline_v3.0,1,1,Match,Match,skipped,Skipped second-pass adjudication because first-pass is an exact match.,It must be ensured that an ICT Risk Framework is established as an integral part of the ICT Risk Management Framework.,It must be ensured that an ICT Risk Framework is established as an integral part of the ICT Risk Management Framework.,False
ICT Risk Management Guideline_v3.0,1.1,1.1,Match,Match,skipped,Skipped second-pass adjudication because first-pass is an exact match.,"A comprehensive ICT Risk Framework (which is part of the ICT Risk Management Framework) must be planned, established, implemented, maintained, and continually improved to align with legislative, regulatory, and contractual requirements, as well as best practices, international standards, business objectives, digital operational resilience strategy, legal entities' requirements, risk appetite, and the ICT Threat Landscape.","A comprehensive ICT Risk Framework (which is part of the ICT Risk Management Framework) must be planned, established, implemented, maintained, and continually improved to align with legislative, regulatory, and contractual requirements, as well as best practices, international standards, business objectives, digital operational resilience strategy, legal entities' requirements, risk appetite, and the ICT Threat Landscape.",False
ICT Risk Management Guideline_v3.0,1.2,1.2,Match,Match,skipped,Skipped second-pass adjudication because first-pass is an exact match.,"The ICT Risk Management Framework must include at least strategies, policies, procedures, ICT protocols and tools that are necessary to duly and adequately protect Primary and Secondary Assets from ICT risks. This also encompasses domains outside the mandate of ICT risk, such as Third-Party Risk Management or Business Continuity Management. The ICT Risk Framework specifically includes documentation of policies, guidelines and procedures (incl. supporting documents).","The ICT Risk Management Framework must include at least strategies, policies, procedures, ICT protocols and tools that are necessary to duly and adequately protect Primary and Secondary Assets from ICT risks. This also encompasses domains outside the mandate of ICT risk, such as Third-Party Risk Management or Business Continuity Management. The ICT Risk Framework specifically includes documentation of policies, guidelines and procedures (incl. supporting documents).",False
ICT Risk Management Guideline_v3.0,1.3,1.3,Match,Match,skipped,Skipped second-pass adjudication because first-pass is an exact match.,The stakeholders (such as DBAG Group Risk Management and legal entity risk management function) defined in the ICT Risk Management Framework (including the ICT Risk Management Policy and ICT Risk Guidelines) must be identified and adequately involved and informed about the ICT Risk Management Framework.,The stakeholders (such as DBAG Group Risk Management and legal entity risk management function) defined in the ICT Risk Management Framework (including the ICT Risk Management Policy and ICT Risk Guidelines) must be identified and adequately involved and informed about the ICT Risk Management Framework.,False
ICT Risk Management Guideline_v3.0,1.4,1.4,Match,Match,skipped,Skipped second-pass adjudication because first-pass is an exact match.,The ICT Risk Management Framework must be reviewed and approved at least once a year and must additionally be reviewed and approved at least after the occurrence of a major ICT-related incident and following supervisory instructions or findings resulting from relevant digital operational resilience tests or audit procedures.,The ICT Risk Management Framework must be reviewed and approved at least once a year and must additionally be reviewed and approved at least after the occurrence of a major ICT-related incident and following supervisory instructions or findings resulting from relevant digital operational resilience tests or audit procedures.,False
ICT Risk Management Guideline_v3.0,1.5,1.5,Match,Match,skipped,Skipped second-pass adjudication because first-pass is an exact match.,"The approach for monitoring, measuring, evaluating, and reporting of the ICT Risk Management Framework must be defined.","The approach for monitoring, measuring, evaluating, and reporting of the ICT Risk Management Framework must be defined.",False
ICT Risk Management Guideline_v3.0,1.6,1.6,Content delta: requirement differs,Content delta: requirement differs,confirmed,Confirmed after footnote/reference stripping.,A report on the review of the ICT Risk Management Framework must follow defined minimum requirements as outlined in Dora RTS Art. 27.2 and must be submitted to the competent authority at its request in a searchable electronical format.,A report on the review of the ICT Risk Management Framework must follow defined minimum requirements as outlined in Dora RTS Art. 27.2 must be submitted to the competent authority at its request in a searchable electronical format.,False
ICT Risk Management Guideline_v3.0,1.7,1.7,Match,Match,skipped,Skipped second-pass adjudication because first-pass is an exact match.,"The ICT Risk Management Framework must be continuously improved based on the knowledge gained during implementation, monitoring, as well as from material changes, including changes to the cyber threat landscape, applicable legal obligations, ICT-related incidents and TLPTs, if relevant.","The ICT Risk Management Framework must be continuously improved based on the knowledge gained during implementation, monitoring, as well as from material changes, including changes to the cyber threat landscape, applicable legal obligations, ICT-related incidents and TLPTs, if relevant.",False
ICT Risk Management Guideline_v3.0,1.8,1.8,Content delta: requirement differs,Content delta: requirement differs,confirmed,Confirmed after footnote/reference stripping.,The ICT Risk Management Framework must be subjected to regular internal ICT Risk Assurance assessments.,The ICT Risk Management Framework must be subjected to regular internal audits with auditors having appropriate expertise with regard to ICT risks.,False
ICT Risk Management Guideline_v3.0,10,10,Match,Match,skipped,Skipped second-pass adjudication because first-pass is an exact match.,"It must be ensured that an ICT Risk Profile, including ICT Threat Landscape, and ICT Risk Categories are in place.","It must be ensured that an ICT Risk Profile, including ICT Threat Landscape, and ICT Risk Categories are in place.",False
ICT Risk Management Guideline_v3.0,10.1,10.1,Match,Match,skipped,Skipped second-pass adjudication because first-pass is an exact match.,"An ICT Risk Profile must be in place, including a collection of at least the following documentation, along with the links between these documents: The Risk Taxonomy, particularly the identification of the ICT-related Risk Clusters and relevant Risk Items (Level 4), the Risk Appetite for ICT risks (including Tolerance Levels), the ICT Threat Landscape, and ICT-related Operational Risk Scenarios (incl. results).","An ICT Risk Profile must be in place, including a collection of at least the following documentation, along with the links between these documents: The Risk Taxonomy, particularly the identification of the ICT-related Risk Clusters and relevant Risk Items (Level 4), the Risk Appetite for ICT risks (including Tolerance Levels), the ICT Threat Landscape, and ICT-related Operational Risk Scenarios (incl. results).",False
ICT Risk Management Guideline_v3.0,10.10,10.10,Content delta: requirement differs,Content delta: requirement differs,confirmed,Confirmed after footnote/reference stripping.,ICT Risk Categories must be mapped to an ICT Threat Landscape and include information of related control requirements as well as Primary and Secondary Assets with a focus on those supporting critical or important functions (CIF).,"ICT Risk Categories with a scenario description must be defined, refined, and operationalized based on the ICT Threat Landscape.",False
ICT Risk Management Guideline_v3.0,10.11,10.11,Content delta: requirement differs,Content delta: requirement differs,confirmed,Confirmed after footnote/reference stripping.,"Relevant changes to the ICT Risk Profile must be monitored and reported to the ICT Risk Management Methodology owner while significant changes must be reported to the Management Body of DBAG and the legal entity, including the LE CISOs.",ICT Risk Categories must be mapped to an ICT Threat Landscape and include information of related control requirements as well as Primary and Secondary Assets with a focus on those supporting critical or important functions (CIF).,False
ICT Risk Management Guideline_v3.0,10.2,10.2,Match,Match,skipped,Skipped second-pass adjudication because first-pass is an exact match.,"ICT-related entries in the Risk Taxonomy must be defined and operationalized based on external factors (e.g. industry best practices, external threat intelligence, regulatory requirements, etc.) and internal factors (e.g. business needs, risk appetite, internal threat intelligence).","ICT-related entries in the Risk Taxonomy must be defined and operationalized based on external factors (e.g. industry best practices, external threat intelligence, regulatory requirements, etc.) and internal factors (e.g. business needs, risk appetite, internal threat intelligence).",False
ICT Risk Management Guideline_v3.0,10.3,10.3,Match,Match,skipped,Skipped second-pass adjudication because first-pass is an exact match.,"The ICT-related risk appetite and tolerance levels must be defined and approved as part of the overall risk appetite and tolerance levels of DBAG, respectively the legal entities and in relation to the Risk Taxonomy.","The ICT-related risk appetite and tolerance levels must be defined and approved as part of the overall risk appetite and tolerance levels of DBAG, respectively the legal entities and in relation to the Risk Taxonomy.",False
ICT Risk Management Guideline_v3.0,10.4,10.4,Match,Match,skipped,Skipped second-pass adjudication because first-pass is an exact match.,"The ICT-related entries to the Risk Taxonomy, ICT Threat Landscape, ICT Risk Categories, risk appetite and tolerance levels must be reviewed in defined intervals, at least annually.","The ICT-related entries to the Risk Taxonomy, ICT Threat Landscape, ICT Risk Categories, risk appetite and tolerance levels must be reviewed in defined intervals, at least annually.",False
ICT Risk Management Guideline_v3.0,10.5,10.5,Match,Match,skipped,Skipped second-pass adjudication because first-pass is an exact match.,"An ICT Threat Landscape must be defined, refined, and implemented based on the pre-defined Risk Taxonomy and specifically identifying ICT threats to the Group Level.","An ICT Threat Landscape must be defined, refined, and implemented based on the pre-defined Risk Taxonomy and specifically identifying ICT threats to the Group Level.",False
ICT Risk Management Guideline_v3.0,10.6,10.6,Content delta: requirement differs,Content delta: requirement differs,confirmed,Confirmed after footnote/reference stripping.,"The ICT Threat Landscape must be maintained and regularly updated, include industry standard and knowledge bases, and shared with relevant stakeholders. The ICT Threat Landscape also must provide a risk-based view, which then motivates content and prioritization of ICT Control Framework and ICT Key Controls, respectively.","The ICT Threat Landscape must be maintained and regularly updated, include industry standard and knowledge bases, and shared with relevant stakeholders.",False
ICT Risk Management Guideline_v3.0,10.7,10.7,Content delta: requirement differs,Content delta: requirement differs,confirmed,Confirmed after footnote/reference stripping.,"ICT threats must be monitored and classified with a rating of high significance where all of the following conditions are met: The threat, if occurred, could affect or could have affected critical or important functions of DBAG or related legal entities (including third-party providers, clients, or financial counterparts) based on available information. The threat has a high probability of occurrence at DBAG or related legal entities and must take into account at least the following elements: The capabilities and intent of threat actors to the extent known by DBAG or related legal entities. The persistence of the threat and any accrued knowledge about ICT-related incidents that have impacted DBAG or related legal entities or its third-party provider, clients, or financial counterparts. The geographical spread of the areas at risk ●","The ICT Threat Landscape also must provide a risk-based view, which then motivates content and prioritization of ICT Control Framework and ICT Key Controls, respectively.",False
ICT Risk Management Guideline_v3.0,10.8,10.8,Content delta: requirement differs,Content delta: requirement differs,confirmed,Confirmed after footnote/reference stripping.,"Insights from digital resilience testing, real-life ICT-related incidents (particularly cyber-attacks), challenges in executing ICT continuity and recovery plans, and information shared with counterparts during reviews must be consistently integrated in the ICT Threat Landscape and ICT Risk Categories.",ICT threats must be monitored and classified with a rating of high significance where all of the following conditions are met:,False
ICT Risk Management Guideline_v3.0,10.9,10.9,Content delta: requirement differs,Content delta: requirement differs,confirmed,Confirmed after footnote/reference stripping.,"ICT Risk Categories with a scenario description must be defined, refined, and operationalized based on the ICT Threat Landscape.","Insights from digital resilience testing, real-life ICT-related incidents (particularly cyber-attacks), challenges in executing ICT continuity and recovery plans, and information shared with counterparts during reviews must be consistently integrated in the ICT Threat Landscape and ICT Risk Categories.",False
ICT Risk Management Guideline_v3.0,11,11,Match,Match,skipped,Skipped second-pass adjudication because first-pass is an exact match.,"It must be ensured that the ICT Risk Assessment with ICT Risk Identification, Analysis and Evaluation is performed with sufficient resources, clearly defined responsibilities, and relevant risk data.","It must be ensured that the ICT Risk Assessment with ICT Risk Identification, Analysis and Evaluation is performed with sufficient resources, clearly defined responsibilities, and relevant risk data.",False
ICT Risk Management Guideline_v3.0,11.1,11.1,Match,Match,skipped,Skipped second-pass adjudication because first-pass is an exact match.,Associated roles and responsibilities for the ICT Risk Assessment must be defined.,Associated roles and responsibilities for the ICT Risk Assessment must be defined.,False
ICT Risk Management Guideline_v3.0,11.2,11.2,Match,Match,skipped,Skipped second-pass adjudication because first-pass is an exact match.,ICT risk assessment must be performed on all legacy ICT Systems at least annually and additionally before and after connecting them to new IT Assets to ensure no new risks are introduced.,ICT risk assessment must be performed on all legacy ICT Systems at least annually and additionally before and after connecting them to new IT Assets to ensure no new risks are introduced.,False
ICT Risk Management Guideline_v3.0,11.3,11.3,Match,Match,skipped,Skipped second-pass adjudication because first-pass is an exact match.,"The ICT risk assessments of the affected Primary and Secondary Assets including the ICT risk treatment measures, if implemented, must be re-performed at least annually and in any of the following cases: Increase of the asset’s criticality New or stricter control requirement associated with the asset in the ICT Risk Guidelines Significant change with a security impact In case of special requests by third party or regulator Before the go-live Major change in the network and information system infrastructure, in the processes or procedures affecting their ICT supported business functions, information assets or ICT system assets ●","The ICT risk assessments of the affected Primary and Secondary Assets including the ICT risk treatment measures, if implemented, must be re-performed at least annually and in any of the following cases: - Increase of the asset’s criticality - New or stricter control requirement associated with the asset in the ICT Risk Guidelines - Significant change with a security impact - In case of special requests by third party or regulator - Before the go-live - Major change in the network and information system infrastructure, in the processes or procedures affecting their ICT supported business functions, information assets or ICT system assets",False
ICT Risk Management Guideline_v3.0,12,12,Match,Match,skipped,Skipped second-pass adjudication because first-pass is an exact match.,It must be ensured that ICT risks relevant to the organization are properly identified.,It must be ensured that ICT risks relevant to the organization are properly identified.,False
ICT Risk Management Guideline_v3.0,12.1,12.1,Match,Match,skipped,Skipped second-pass adjudication because first-pass is an exact match.,An ICT risk identification process must be established to identify potential ICT risks.,An ICT risk identification process must be established to identify potential ICT risks.,False
ICT Risk Management Guideline_v3.0,12.2,12.2,Content delta: requirement differs,Content delta: requirement differs,confirmed,Confirmed after footnote/reference stripping.,"The identification of internal and external vulnerabilities and threats, particularly exposure to and from other financial entities, related to all relevant ICT supported business functions, Primary, and Secondary Assets must be conducted continuously. Risks (including linkage to ICT Threats) related to all relevant ICT supported business functions, Primary, and Secondary Assets must be at least annually. Monitoring of changes that could affect the ICT risk profile must enable their prompt detection. ●","The identification of internal and external vulnerabilities and threats, particularly exposure to and from other financial entities, related to all elevant ICT supported business functions, Primary, and Secondary Assets must be conducted continuously . Risks (including linkage to ICT Threats) related to all relevant ICT supported business functions, Primary, and Secondary Assets must be conducted at least annually. Monitoring of changes that could affect the ICT risk profile must enable their prompt detection .",False
ICT Risk Management Guideline_v3.0,13,13,Match,Match,skipped,Skipped second-pass adjudication because first-pass is an exact match.,It must be ensured that all identified ICT risks are analyzed.,It must be ensured that all identified ICT risks are analyzed.,False
ICT Risk Management Guideline_v3.0,13.1,13.1,Match,Match,skipped,Skipped second-pass adjudication because first-pass is an exact match.,An ICT risk analysis process must be in place to determine and analyze identified ICT risks based on their likelihood of occurrence and their potential impact.,An ICT risk analysis process must be in place to determine and analyze identified ICT risks based on their likelihood of occurrence and their potential impact.,False
ICT Risk Management Guideline_v3.0,13.2,13.2,Match,Match,skipped,Skipped second-pass adjudication because first-pass is an exact match.,"The impact on DBAG or legal entities that might result from identified control requirement deviations considering the impact on loss of confidentiality, integrity, availability or authenticity of the assets and business impact such as financial, reputational, compliance impact or privacy violation must be assessed.","The impact on DBAG or legal entities that might result from identified control requirement deviations considering the impact on loss of confidentiality, integrity, availability or authenticity of the assets and business impact such as financial, reputational, compliance impact or privacy violation must be assessed.",False
ICT Risk Management Guideline_v3.0,13.3,13.3,Match,Match,skipped,Skipped second-pass adjudication because first-pass is an exact match.,The likelihood of exploitation of identified control requirement deviations considering threats and vulnerabilities must be assessed.,The likelihood of exploitation of identified control requirement deviations considering threats and vulnerabilities must be assessed.,False
ICT Risk Management Guideline_v3.0,13.4,13.4,Match,Match,skipped,Skipped second-pass adjudication because first-pass is an exact match.,"As a result of the ICT risk analysis process, the ICT risk level based on impact and likelihood must be determined.","As a result of the ICT risk analysis process, the ICT risk level based on impact and likelihood must be determined.",False
ICT Risk Management Guideline_v3.0,13.5,13.5,Match,Match,skipped,Skipped second-pass adjudication because first-pass is an exact match.,"Qualitative and quantitative indicators to measure impact and likelihood of OpRisk scenarios based on ICT Threat Events, Risks, and vulnerabilities must be developed.","Qualitative and quantitative indicators to measure impact and likelihood of OpRisk scenarios based on ICT Threat Events, Risks, and vulnerabilities must be developed.",False
ICT Risk Management Guideline_v3.0,14,14,Match,Match,skipped,Skipped second-pass adjudication because first-pass is an exact match.,"It must be ensured that identified ICT risks are evaluated, analyzed and prioritized.","It must be ensured that identified ICT risks are evaluated, analyzed and prioritized.",False
ICT Risk Management Guideline_v3.0,14.1,14.1,Match,Match,skipped,Skipped second-pass adjudication because first-pass is an exact match.,An ICT Risk Evaluation process must be in place to evaluate the analyzed ICT risks resulting in a respective ICT risk level.,An ICT Risk Evaluation process must be in place to evaluate the analyzed ICT risks resulting in a respective ICT risk level.,False
ICT Risk Management Guideline_v3.0,14.2,14.2,Match,Match,skipped,Skipped second-pass adjudication because first-pass is an exact match.,"The risk must be determined and evaluated for all control requirement deviations considering impact and likelihood. The ICT risk level may take values: Very low (R1), Low (R2), Medium (R3), High (R4)","The risk must be determined and evaluated for all control requirement deviations considering impact and likelihood. The ICT risk level may take values: Very low (R1), Low (R2), Medium (R3), High (R4)",False
ICT Risk Management Guideline_v3.0,14.3,14.3,Match,Match,skipped,Skipped second-pass adjudication because first-pass is an exact match.,"The ICT risks must be (re)evaluated in annual cycles, including a review of the effectiveness of implemented ICT risk treatment measures.","The ICT risks must be (re)evaluated in annual cycles, including a review of the effectiveness of implemented ICT risk treatment measures.",False
ICT Risk Management Guideline_v3.0,14.4,14.4,Match,Match,skipped,Skipped second-pass adjudication because first-pass is an exact match.,The ICT Risk Evaluation process must consider the ICT Risk Categories to categorize the resulting ICT Risk.,The ICT Risk Evaluation process must consider the ICT Risk Categories to categorize the resulting ICT Risk.,False
ICT Risk Management Guideline_v3.0,14.5,14.5,Match,Match,skipped,Skipped second-pass adjudication because first-pass is an exact match.,"If the implemented ICT risk treatment measures prove to be ineffective, further ICT risk treatment must be performed.","If the implemented ICT risk treatment measures prove to be ineffective, further ICT risk treatment must be performed.",False
ICT Risk Management Guideline_v3.0,15,15,Match,Match,skipped,Skipped second-pass adjudication because first-pass is an exact match.,It must be ensured that ICT risks are adequately treated.,It must be ensured that ICT risks are adequately treated.,False
ICT Risk Management Guideline_v3.0,15.1,15.1,Match,Match,skipped,Skipped second-pass adjudication because first-pass is an exact match.,An ICT risk treatment process must be in place to manage and respond to identified ICT risks.,An ICT risk treatment process must be in place to manage and respond to identified ICT risks.,False
ICT Risk Management Guideline_v3.0,15.10,15.10,Match,Match,skipped,Skipped second-pass adjudication because first-pass is an exact match.,"Information Owner may decide on different timelines (shortened / extended) in case a proper justification is available and documented. In any case, the ICT risks must be (re)evaluated in annual cycles (please refer to 14.3).","Information Owner may decide on different timelines (shortened / extended) in case a proper justification is available and documented. In any case, the ICT risks must be (re)evaluated in annual cycles (please refer to 14.3).",False
ICT Risk Management Guideline_v3.0,15.11,15.11,Match,Match,skipped,Skipped second-pass adjudication because first-pass is an exact match.,"The identified risks, related decisions, and information as well as the mitigating measures of the treatment plan, measure owners, agreed due dates and other related information such as the status from monitoring the ICT risk treatment plan must be documented in the risk registries.","The identified risks, related decisions, and information as well as the mitigating measures of the treatment plan, measure owners, agreed due dates and other related information such as the status from monitoring the ICT risk treatment plan must be documented in the risk registries.",False
ICT Risk Management Guideline_v3.0,15.12,15.12,Match,Match,skipped,Skipped second-pass adjudication because first-pass is an exact match.,"After performing the ICT risk treatment, it must be assessed whether the risk tolerance levels of DBAG or the respective legal entity have been attained.","After performing the ICT risk treatment, it must be assessed whether the risk tolerance levels of DBAG or the respective legal entity have been attained.",False
ICT Risk Management Guideline_v3.0,15.13,15.13,Match,Match,skipped,Skipped second-pass adjudication because first-pass is an exact match.,"In case the defined risk tolerance levels cannot be attained through the implemented measures, the risk treatment plan must be revised and corrective actions to improve the ICT risk treatment measures must be documented.","In case the defined risk tolerance levels cannot be attained through the implemented measures, the risk treatment plan must be revised and corrective actions to improve the ICT risk treatment measures must be documented.",False
ICT Risk Management Guideline_v3.0,15.2,15.2,Match,Match,skipped,Skipped second-pass adjudication because first-pass is an exact match.,"ICT risk treatment plans must be created, documented, and maintained.","ICT risk treatment plans must be created, documented, and maintained.",False
ICT Risk Management Guideline_v3.0,15.3,15.3,Match,Match,skipped,Skipped second-pass adjudication because first-pass is an exact match.,The ICT risk treatment plans must be signed off for all identified ICT risks by the respective Information Owner.,The ICT risk treatment plans must be signed off for all identified ICT risks by the respective Information Owner.,False
ICT Risk Management Guideline_v3.0,15.4,15.4,Match,Match,skipped,Skipped second-pass adjudication because first-pass is an exact match.,"The ICT risk treatment plan must include, at a minimum, the following information: Selected treatment option including actions for implementation Rationale for the selection of the treatment options, including the expected benefits to be attained Responsible and accountable stakeholder for approving the treatment plan and implementing the plan","The ICT risk treatment plan must include, at a minimum, the following information: - Selected treatment option including actions for implementation - Rationale for the selection of the treatment options, including the expected benefits to be attained - Responsible and accountable stakeholder for approving the treatment plan and implementing the plan",False
ICT Risk Management Guideline_v3.0,15.5,15.5,Match,Match,skipped,Skipped second-pass adjudication because first-pass is an exact match.,Information Owners should be prepared to demonstrate and provide updates on the status of implementation of the ICT risk treatment plan when required.,Information Owners should be prepared to demonstrate and provide updates on the status of implementation of the ICT risk treatment plan when required.,False
ICT Risk Management Guideline_v3.0,15.6,15.6,Match,Match,skipped,Skipped second-pass adjudication because first-pass is an exact match.,All identified ICT risks must be assigned to one of the following treatment options as part of the ICT risk treatment plan: “Accept” – acceptance of risk without mitigation (risks in scope for KRITIS assets must not be accepted if state-of-the-art mitigating measures are available and their use is appropriate). Risk acceptance is only possible for the remaining residual risk. “Mitigate” – implementation of mitigating measures to reduce the ICT risk level. “Avoid” – elimination of activities and exposures that can negatively affect Primary and Secondary Assets of the legal entities.,All identified ICT risks must be assigned to one of the following treatment options as part of the ICT risk treatment plan: - Accept - acceptance of risk without mitigation (risks in scope for KRITIS assets must not be accepted if state-of-the-art mitigating measures are available and their use is appropriate). Risk acceptance is only possible for the remaining residual risk. - Mitigate - implementation of mitigating measures to reduce the ICT risk level. - Avoid - elimination of activities and exposures that can negatively affect Primary and Secondary Assets of the legal entities.,False
ICT Risk Management Guideline_v3.0,15.7,15.7,Match,Match,skipped,Skipped second-pass adjudication because first-pass is an exact match.,"Selecting ICT risk treatment options must be based on clearly defined criteria which align with the organization’s risk appetite (specified in underlying Procedure documentation). To set criteria, the following should be considered: The nature and type of uncertainties that can affect outcomes and objectives (both tangible and intangible) How consequences and likelihood will be defined, predicted, and measured Time-related factors Consistency in the use of measurements How the level of risk will be determined How combinations and sequences of multiple risks will be taken into account The organization’s capacity","Selecting ICT risk treatment options must be based on clearly defined criteria which align with the organization’s risk appetite (specified in underlying Procedure documentation). To set criteria, the following should be considered: - The nature and type of uncertainties that can affect outcomes and objectives (both tangible and intangible) - How consequences and likelihood will be defined, predicted, and measured - Time-related factors - Consistency in the use of measurements - How the level of risk will be determined - How combinations and sequences of multiple risks will be taken into account - The organization’s capacity",False
ICT Risk Management Guideline_v3.0,15.8,15.8,Match,Match,skipped,Skipped second-pass adjudication because first-pass is an exact match.,The decision for ICT risk acceptance must be based on the defined risk acceptance criteria.,The decision for ICT risk acceptance must be based on the defined risk acceptance criteria.,False
ICT Risk Management Guideline_v3.0,15.9,15.9,Match,Match,skipped,Skipped second-pass adjudication because first-pass is an exact match.,Mitigating measures to reduce the ICT risks must be implemented in accordance with a defined ICT risk treatment plan. The risk mitigation timeline starts as soon as the risk has been assessed by the asset owner and timelines are defined as follows: High (R4): 3 months Medium (R3): 6 months Low (R2): 12 months Very low (R1): 18 months,Mitigating measures to reduce the ICT risks must be implemented in accordance with a defined ICT risk treatment plan. The risk mitigation timeline starts as soon as the risk has been assessed by the asset owner and timelines are defined as follows: - High (R4): 3 months - Medium (R3): 6 months - Low (R2): 12 months - Very low (R1): 18 months,False
ICT Risk Management Guideline_v3.0,16,16,Match,Match,skipped,Skipped second-pass adjudication because first-pass is an exact match.,It must be ensured that residual ICT risks that remain after the ICT risk treatment has been performed are handled appropriately.,It must be ensured that residual ICT risks that remain after the ICT risk treatment has been performed are handled appropriately.,False
ICT Risk Management Guideline_v3.0,16.1,16.1,Match,Match,skipped,Skipped second-pass adjudication because first-pass is an exact match.,A process to identify and determine residual ICT risks must be in place.,A process to identify and determine residual ICT risks must be in place.,False
ICT Risk Management Guideline_v3.0,16.2,16.2,Match,Match,skipped,Skipped second-pass adjudication because first-pass is an exact match.,"It must be ensured that residual ICT risks (e.g., in cases of risk acceptance) are identified and registered in an inventory, along with an acknowledgment of the residual ICT risk and an explanation for their acknowledgement.","It must be ensured that residual ICT risks (e.g., in cases of risk acceptance) are identified and registered in an inventory, along with an acknowledgment of the residual ICT risk and an explanation for their acknowledgement.",False
ICT Risk Management Guideline_v3.0,16.3,16.3,Match,Match,skipped,Skipped second-pass adjudication because first-pass is an exact match.,Acknowledged residual ICT risks must be reviewed at least annually including: Identification of changes to residual risks Assessment of existing mitigation measures Assess if the reasons for accepting the residual risks are still valid,Acknowledged residual ICT risks must be reviewed at least annually including: - Identification of changes to residual risks - Assessment of existing mitigation measures - Assess if the reasons for accepting the residual risks are still valid,False
ICT Risk Management Guideline_v3.0,16.4,16.4,Match,Match,skipped,Skipped second-pass adjudication because first-pass is an exact match.,"If the residual risks have changed, the implemented mitigation measures are no longer sufficient, or the reasons for accepting the residual risks are no longer valid, causing the residual risks to exceed the defined risk tolerance levels, a new ICT risk treatment must be performed.","If the residual risks have changed, the implemented mitigation measures are no longer sufficient, or the reasons for accepting the residual risks are no longer valid, causing the residual risks to exceed the defined risk tolerance levels, a new ICT risk treatment must be performed.",False
ICT Risk Management Guideline_v3.0,16.5,16.5,Match,Match,skipped,Skipped second-pass adjudication because first-pass is an exact match.,Decisions on the acceptance and the review of residual ICT risks must be performed by Information Owners. ●,Decisions on the acceptance and the review of residual ICT risks must be performed by Information Owners.,False
ICT Risk Management Guideline_v3.0,17,17,Match,Match,skipped,Skipped second-pass adjudication because first-pass is an exact match.,It must be ensured that ICT risks and related information are adequately communicated to the relevant stakeholders such as the Management Body.,It must be ensured that ICT risks and related information are adequately communicated to the relevant stakeholders such as the Management Body.,False
ICT Risk Management Guideline_v3.0,17.1,17.1,Match,Match,skipped,Skipped second-pass adjudication because first-pass is an exact match.,The reporting to relevant stakeholders and decision makers (incl. Management Body) must take place with an aggregation appropriate to their roles and responsibilities related to ICT Risk management.,The reporting to relevant stakeholders and decision makers (incl. Management Body) must take place with an aggregation appropriate to their roles and responsibilities related to ICT Risk management.,False
ICT Risk Management Guideline_v3.0,17.2,17.2,Match,Match,skipped,Skipped second-pass adjudication because first-pass is an exact match.,"ICT risks identified as part of, and the results of ICT risk assessments, including the status of the ICT risk treatment plans must be communicated to the relevant stakeholders and decision makers up to the Management Body for review.","ICT risks identified as part of, and the results of ICT risk assessments, including the status of the ICT risk treatment plans must be communicated to the relevant stakeholders and decision makers up to the Management Body for review.",False
ICT Risk Management Guideline_v3.0,17.3,17.3,Match,Match,skipped,Skipped second-pass adjudication because first-pass is an exact match.,"Identified ICT risks and relevant key indicators (e.g. risk appetite and tolerance levels, digital operational resilience metrics, etc.) must be reported regularly to: Appropriate stakeholders, including the ICT Risk Oversight and ICT Operational Management at least quarterly, at least monthly in case of R3 risks and immediately in case of identification of R4 risks The affected Management Body and LE CISOs at least quarterly and within a month in case of identification of R4 risks","Identified ICT risks and relevant key indicators (e.g. risk appetite and tolerance levels, digital operational resilience metrics, etc.) must be reported regularly to: - Appropriate stakeholders, including the ICT Risk Oversight and ICT Operational Management at least quarterly, at least monthly in case of R3 risks and immediately in case of identification of R4 risks - The affected Management Body and LE CISOs at least quarterly and within a month in case of identification of R4 risks",False
ICT Risk Management Guideline_v3.0,17.4,17.4,Match,Match,skipped,Skipped second-pass adjudication because first-pass is an exact match.,All ICT risks must be registered in inventories which must be updated continuously and establish a monitoring and review process for continuous assessment and treatment of risks.,All ICT risks must be registered in inventories which must be updated continuously and establish a monitoring and review process for continuous assessment and treatment of risks.,False
ICT Risk Management Guideline_v3.0,17.5,17.5,Match,Match,skipped,Skipped second-pass adjudication because first-pass is an exact match.,ICT risks with the highest ICT risk level must be assigned top priority and monitored closely with regular reporting on the actions that have been taken to mitigate them.,ICT risks with the highest ICT risk level must be assigned top priority and monitored closely with regular reporting on the actions that have been taken to mitigate them.,False
ICT Risk Management Guideline_v3.0,17.6,17.6,Match,Match,skipped,Skipped second-pass adjudication because first-pass is an exact match.,"The fulfillment of ICT Risk control requirements must be documented for all Primary and Secondary Assets via ICT Risk documentation (e.g., ICT Risk, Security Documentation (SD) or similar).","The fulfillment of ICT Risk control requirements must be documented for all Primary and Secondary Assets via ICT Risk documentation (e.g., ICT Risk, Security Documentation (SD) or similar).",False
ICT Risk Management Guideline_v3.0,17.7,17.7,Match,Match,skipped,Skipped second-pass adjudication because first-pass is an exact match.,"Senior ICT staff must report at least yearly to the management body and LE CISOs on the following observations: ● - digital operational resilience testing, - real life ICT-related incidents, - cyber-attacks, - challenges faced upon the activation of ICT business continuity plans, and - challenges faced upon the ICT response and recovery plans.","Senior ICT staff must report at least yearly to the management body and LE CISOs on the following observations: - digital operational resilience testing, - real life ICT-related incidents, - cyber-attacks, - challenges faced upon the activation of ICT business continuity plans, and - challenges faced upon the ICT response and recovery plans.",False
ICT Risk Management Guideline_v3.0,18,18,Content delta: description differs,Match,adjusted,Adjusted: delta was only footnote/reference marker noise.,"It must be ensured that internal controls are monitored, ICT risk assurance is provided, and control effectiveness validated and reported to appropriate stakeholders such as Information and Asset Owners, executive boards of the legal entities.","It must be ensured that internal controls are monitored, ICT risk assurance is provided, and control effectiveness validated and reported to appropriate stakeholders such as Information and Asset Owners, executive boards of the legal entities.",True
ICT Risk Management Guideline_v3.0,18.1,18.1,Content delta: description differs,Match,adjusted,Adjusted: delta was only footnote/reference marker noise.,Established and implemented ICT internal controls must be continuously monitored and validated to ensure that these controls are valid and effective.,Established and implemented ICT internal controls must be continuously monitored and validated to ensure that these controls are valid and effective.,True
ICT Risk Management Guideline_v3.0,18.2,18.2,Content delta: description differs,Match,adjusted,Adjusted: delta was only footnote/reference marker noise.,Observations on the effectiveness of controls must be reported to control owners.,Observations on the effectiveness of controls must be reported to control owners.,True
ICT Risk Management Guideline_v3.0,19,19,Match,Match,skipped,Skipped second-pass adjudication because first-pass is an exact match.,It must be ensured that lessons learned on the activities performed as part of an ICT Risk Management processes are captured and continuously used for improvement.,It must be ensured that lessons learned on the activities performed as part of an ICT Risk Management processes are captured and continuously used for improvement.,False
ICT Risk Management Guideline_v3.0,19.1,19.1,Match,Match,skipped,Skipped second-pass adjudication because first-pass is an exact match.,"It must be ensured that the ICT Risk Management processes (incl. tool definitions, etc.) are reviewed and improved to be up to date with latest best practices and tailored to the needs of DBAG or the respective legal entity.","It must be ensured that the ICT Risk Management processes (incl. tool definitions, etc.) are reviewed and improved to be up to date with latest best practices and tailored to the needs of DBAG or the respective legal entity.",False
ICT Risk Management Guideline_v3.0,19.2,19.2,Match,Match,skipped,Skipped second-pass adjudication because first-pass is an exact match.,"Independent reviews of ICT Risk Management processes and the implementation thereof must be performed and if necessary, corrective actions should be initiated.","Independent reviews of ICT Risk Management processes and the implementation thereof must be performed and if necessary, corrective actions should be initiated.",False
ICT Risk Management Guideline_v3.0,19.3,19.3,Match,Match,skipped,Skipped second-pass adjudication because first-pass is an exact match.,"Where appropriate, the results of monitoring technological developments must be used to update ICT Risk Management processes (incl. tools) and effectively combat ICT risk (e.g. cyberattacks).","Where appropriate, the results of monitoring technological developments must be used to update ICT Risk Management processes (incl. tools) and effectively combat ICT risk (e.g. cyberattacks).",False
ICT Risk Management Guideline_v3.0,19.4,19.4,Match,Match,skipped,Skipped second-pass adjudication because first-pass is an exact match.,A follow-up process and rules for the timely verification and remediation of critical ICT-related audit findings must be established.,A follow-up process and rules for the timely verification and remediation of critical ICT-related audit findings must be established.,False
ICT Risk Management Guideline_v3.0,19.5,19.5,Match,Match,skipped,Skipped second-pass adjudication because first-pass is an exact match.,The results of monitoring ICT Internal controls and the effectiveness of implemented ICT risk treatment measures must be used to correct and improve those measures.,The results of monitoring ICT Internal controls and the effectiveness of implemented ICT risk treatment measures must be used to correct and improve those measures.,False
ICT Risk Management Guideline_v3.0,19.6,19.6,Match,Match,skipped,Skipped second-pass adjudication because first-pass is an exact match.,ICT Risk management tools must be regularly reviewed and updated accordingly with the improvements to ICT Risk Management and related procedures and processes.,ICT Risk management tools must be regularly reviewed and updated accordingly with the improvements to ICT Risk Management and related procedures and processes.,False
ICT Risk Management Guideline_v3.0,19.7,19.7,Match,Match,skipped,Skipped second-pass adjudication because first-pass is an exact match.,"The ICT-related Operational Risk Scenarios must be reviewed on a regular basis, at least annually.","The ICT-related Operational Risk Scenarios must be reviewed on a regular basis, at least annually.",False
ICT Risk Management Guideline_v3.0,2,2,Match,Match,skipped,Skipped second-pass adjudication because first-pass is an exact match.,"It must be ensured that a digital operational resilience (DOR) strategy is established, monitored and maintained supporting the business strategy and objectives.","It must be ensured that a digital operational resilience (DOR) strategy is established, monitored and maintained supporting the business strategy and objectives.",False
ICT Risk Management Guideline_v3.0,2.1,2.1,Match,Match,skipped,Skipped second-pass adjudication because first-pass is an exact match.,"The DOR strategy must include current and target capabilities to address digital operational resilience and attain respective objectives (measured through appropriate metrics), by establishing the risk tolerance level for ICT risk, in accordance with the risk appetite of legal entities.","The DOR strategy must include current and target capabilities to address digital operational resilience and attain respective objectives (measured through appropriate metrics), by establishing the risk tolerance level for ICT risk, in accordance with the risk appetite of legal entities.",False
ICT Risk Management Guideline_v3.0,2.10,2.10,Match,Match,skipped,Skipped second-pass adjudication because first-pass is an exact match.,The current DOR situation must be evident based on the number of reported major ICT-related incidents and the effectiveness of preventive measures.,The current DOR situation must be evident based on the number of reported major ICT-related incidents and the effectiveness of preventive measures.,False
ICT Risk Management Guideline_v3.0,2.11,2.11,Match,Match,skipped,Skipped second-pass adjudication because first-pass is an exact match.,The management body must be responsible for approving the DOR strategy.,The management body must be responsible for approving the DOR strategy.,False
ICT Risk Management Guideline_v3.0,2.2,2.2,Match,Match,skipped,Skipped second-pass adjudication because first-pass is an exact match.,The DOR strategy must explain the ICT reference architecture including required changes to reach the objectives.,The DOR strategy must explain the ICT reference architecture including required changes to reach the objectives.,False
ICT Risk Management Guideline_v3.0,2.3,2.3,Match,Match,skipped,Skipped second-pass adjudication because first-pass is an exact match.,"The DOR strategy must outline implemented mechanisms to detect ICT-related incidents (incl. major ICT-related incidents) to prevent their impact and explain, by measuring their effectiveness, how they provide appropriate protection.","The DOR strategy must outline implemented mechanisms to detect ICT-related incidents (incl. major ICT-related incidents) to prevent their impact and explain, by measuring their effectiveness, how they provide appropriate protection.",False
ICT Risk Management Guideline_v3.0,2.4,2.4,Match,Match,skipped,Skipped second-pass adjudication because first-pass is an exact match.,The DOR strategy must explain required changes to digital operational resilience testing and how it is implemented.,The DOR strategy must explain required changes to digital operational resilience testing and how it is implemented.,False
ICT Risk Management Guideline_v3.0,2.5,2.5,Match,Match,skipped,Skipped second-pass adjudication because first-pass is an exact match.,The DOR strategy must outline a communication strategy in the event of ICT-related incidents which are to be disclosed.,The DOR strategy must outline a communication strategy in the event of ICT-related incidents which are to be disclosed.,False
ICT Risk Management Guideline_v3.0,2.6,2.6,Match,Match,skipped,Skipped second-pass adjudication because first-pass is an exact match.,The DOR strategy must include a procedure to monitor the execution and effectiveness of the strategy.,The DOR strategy must include a procedure to monitor the execution and effectiveness of the strategy.,False
ICT Risk Management Guideline_v3.0,2.7,2.7,Match,Match,skipped,Skipped second-pass adjudication because first-pass is an exact match.,"It must be ensured that changes to the business strategy, IT strategy and the DOR strategy are considered when developing, documenting, and implementing ICT Risk Management processes, policies, guidelines and procedures.","It must be ensured that changes to the business strategy, IT strategy and the DOR strategy are considered when developing, documenting, and implementing ICT Risk Management processes, policies, guidelines and procedures.",False
ICT Risk Management Guideline_v3.0,2.8,2.8,Match,Match,skipped,Skipped second-pass adjudication because first-pass is an exact match.,The DOR strategy must explain how the ICT Risk Management Framework supports the business strategy and objectives of DBAG or the respective legal entity.,The DOR strategy must explain how the ICT Risk Management Framework supports the business strategy and objectives of DBAG or the respective legal entity.,False
ICT Risk Management Guideline_v3.0,2.9,2.9,Match,Match,skipped,Skipped second-pass adjudication because first-pass is an exact match.,"The evolution of ICT risks and ICT-related incidents (incl. cyber-attacks) must be analyzed over time, considering relevant metrics (e.g. frequency, types, magnitude) or patterns to deepen the understanding of the risk exposure, especially with regards to critical or important functions, and to improve the DOR.","The evolution of ICT risks and ICT-related incidents (incl. cyber-attacks) must be analyzed over time, considering relevant metrics (e.g. frequency, types, magnitude) or patterns to deepen the understanding of the risk exposure, especially with regards to critical or important functions, and to improve the DOR.",False
ICT Risk Management Guideline_v3.0,20,20,Match,Match,skipped,Skipped second-pass adjudication because first-pass is an exact match.,"It must be ensured that provisions for the telecommunication network and services, including relevant registration and responsibilities, are properly managed.","It must be ensured that provisions for the telecommunication network and services, including relevant registration and responsibilities, are properly managed.",False
ICT Risk Management Guideline_v3.0,20.1,20.1,Content delta: requirement differs,Match,adjusted,Adjusted: delta was only footnote/reference marker noise.,A security officer must officially be nominated and contact details provided to the Bundesnetzagentur.,A security officer [1] must officially be nominated and contact details provided to the Bundesnetzagentur.,True
ICT Risk Management Guideline_v3.0,20.2,20.2,Match,Match,skipped,Skipped second-pass adjudication because first-pass is an exact match.,The telecommunication network and telecommunication services must be registered at the Bundesnetzagentur.,The telecommunication network and telecommunication services must be registered at the Bundesnetzagentur.,False
ICT Risk Management Guideline_v3.0,21,21,Match,Match,skipped,Skipped second-pass adjudication because first-pass is an exact match.,"It must be ensured that a sound and comprehensive Digital Operational Resilience Testing (DORT) Programme is established, maintained, and reviewed as an integral part of the ICT Risk Management Framework.","It must be ensured that a sound and comprehensive Digital Operational Resilience Testing (DORT) Programme is established, maintained, and reviewed as an integral part of the ICT Risk Management Framework.",False
ICT Risk Management Guideline_v3.0,21.1,21.1,Match,Match,skipped,Skipped second-pass adjudication because first-pass is an exact match.,"A DORT Programme must be established, documented, and maintained within the ICT Risk Management Framework.","A DORT Programme must be established, documented, and maintained within the ICT Risk Management Framework.",False
ICT Risk Management Guideline_v3.0,21.10,21.10,Match,Match,skipped,Skipped second-pass adjudication because first-pass is an exact match.,"The DORT Programme must ensure non-duplication and consistency across the framework by: Maintaining a clear mapping between each testing type and the single owning guideline or procedure containing its detailed technical specifications and execution requirements, avoiding conflicting requirements across guidelines Establishing a coordination mechanism between the DORT Programme owner and the operational owners of all referenced guidelines to ensure alignment upon any changes to testing requirements, frequencies, or methodologies.","The DORT Programme must ensure non-duplication and consistency across the framework by: - Maintaining a clear mapping between each testing type and the single owning guideline or procedure containing its detailed technical specifications and execution requirements, avoiding conflicting requirements across guidelines - Establishing a coordination mechanism between the DORT Programme owner and the operational owners of all referenced guidelines to ensure alignment upon any changes to testing requirements, frequencies, or methodologies.",False
ICT Risk Management Guideline_v3.0,21.2,21.2,Match,Match,skipped,Skipped second-pass adjudication because first-pass is an exact match.,"The DORT Programme determine a suitable set of tests in a risk-based approach, such as vulnerability assessments and scans, open source analyses, network security assessments, gap analyses, physical security reviews, questionnaires and scanning software solutions, source code reviews where feasible, scenario-based tests, compatibility testing, performance testing, end-to-end testing, penetration testing, and threat-led penetration testing (TLPT).","The DORT Programme determine a suitable set of tests in a risk-based approach, such as vulnerability assessments and scans, open source analyses, network security assessments, gap analyses, physical security reviews, questionnaires and scanning software solutions, source code reviews where feasible, scenario-based tests, compatibility testing, performance testing, end-to-end testing, penetration testing, and threat-led penetration testing (TLPT).",False
ICT Risk Management Guideline_v3.0,21.3,21.3,Match,Match,skipped,Skipped second-pass adjudication because first-pass is an exact match.,"The DORT Programme must follow a risk-based approach, taking into account: the evolving ICT risk landscape and ICT Threat Landscape as defined in ID 10, the proportionality principle with regard to the size and overall risk profile of the legal entity, the criticality of information assets and services provided, and the involvement of ICT third-party service providers.","The DORT Programme must follow a risk-based approach, taking into account: the evolving ICT risk landscape and ICT Threat Landscape as defined in ID 10, the proportionality principle with regard to the size and overall risk profile of the legal entity, the criticality of information assets and services provided, and the involvement of ICT third-party service providers.",False
ICT Risk Management Guideline_v3.0,21.4,21.4,Match,Match,skipped,Skipped second-pass adjudication because first-pass is an exact match.,"The DORT Programme must define, for each testing type covered under 21.2: the applicable scope and asset coverage, the minimum frequency of execution, the methodology and approach to be applied, the independence requirements for testers, and the owning guideline or procedure containing the detailed technical specifications, if not already determined by the test owners.","The DORT Programme must define, for each testing type covered under 21.2: the applicable scope and asset coverage, the minimum frequency of execution, the methodology and approach to be applied, the independence requirements for testers, and the owning guideline or procedure containing the detailed technical specifications, if not already determined by the test owners.",False
ICT Risk Management Guideline_v3.0,21.5,21.5,Match,Match,skipped,Skipped second-pass adjudication because first-pass is an exact match.,The DORT Programme must define a programme lifecycle comprising:,The DORT Programme must define a programme lifecycle comprising:,False
ICT Risk Management Guideline_v3.0,21.5.1,21.5.1,Match,Match,skipped,Skipped second-pass adjudication because first-pass is an exact match.,"Establish: Formal creation of the programme with defined scope, governance structure, resource allocation, and management body approval.","Establish: Formal creation of the programme with defined scope, governance structure, resource allocation, and management body approval.",False
ICT Risk Management Guideline_v3.0,21.5.2,21.5.2,Match,Match,skipped,Skipped second-pass adjudication because first-pass is an exact match.,"Maintain: Ongoing monitoring of programme execution, coverage tracking against the full test type inventory, and integration of new or changed testing requirements arising from changes to the ICT Threat Landscape, regulatory requirements, or the DOR strategy.","Maintain: Ongoing monitoring of programme execution, coverage tracking against the full test type inventory, and integration of new or changed testing requirements arising from changes to the ICT Threat Landscape, regulatory requirements, or the DOR strategy.",False
ICT Risk Management Guideline_v3.0,21.5.3,21.5.3,Match,Match,skipped,Skipped second-pass adjudication because first-pass is an exact match.,"Review: Formal annual review of the programme's completeness, effectiveness, and alignment with DORA Art. 24(1), triggered additionally by: occurrence of a major ICT-related incident, supervisory instructions or findings, material changes to the legal entity's ICT environment or critical or important functions, and major risks from TLPT exercises.","Review: Formal annual review of the programme's completeness, effectiveness, and alignment with DORA Art. 24(1), triggered additionally by: occurrence of a major ICT-related incident, supervisory instructions or findings, material changes to the legal entity's ICT environment or critical or important functions, and major risks from TLPT exercises.",False
ICT Risk Management Guideline_v3.0,21.6,21.6,Match,Match,skipped,Skipped second-pass adjudication because first-pass is an exact match.,"Roles and responsibilities for the DORT Programme must be clearly defined and documented, including: The LE must designate a DORT Programme owner at appropriate seniority level responsible for programme governance, coordination across owning guidelines, and reporting to the management body. A clear allocation of responsibility for each testing type to the relevant guideline, procedure and operational responsibility for the execution of tests.","Roles and responsibilities for the DORT Programme must be clearly defined and documented, including: - The LE must designate a DORT Programme owner at appropriate seniority level responsible for programme governance, coordination across owning guidelines, and reporting to the management body. - A clear allocation of responsibility for each testing type to the relevant guideline, procedure and operational responsibility for the execution of tests.",False
ICT Risk Management Guideline_v3.0,21.7,21.7,Match,Match,skipped,Skipped second-pass adjudication because first-pass is an exact match.,"The DORT Programme must establish a centralized programme register that: Inventories all testing types with their defined scope, frequency, methodology reference, and owning guideline. Tracks the execution status of all planned tests against the programme schedule, including completion dates, responsible parties, and any deviations from planned frequencies. Records all findings identified across all testing types, their severity classification, remediation status, and linkage to the ICT risk register maintained under ID 17.4.","The DORT Programme must establish a centralized programme register that: - Inventories all testing types with their defined scope, frequency, methodology reference, and owning guideline. - Tracks the execution status of all planned tests against the programme schedule, including completion dates, responsible parties, and any deviations from planned frequencies. - Records all findings identified across all testing types, their severity classification, remediation status, and linkage to the ICT risk register maintained under ID 17.4.",False
ICT Risk Management Guideline_v3.0,21.8,21.8,Match,Match,skipped,Skipped second-pass adjudication because first-pass is an exact match.,"The results of all testing activities conducted under the DORT Programme must be integrated into the ICT Risk Management processes as follows: Testing findings must be forwarded continuously into the ICT risk identification and assessment processes defined in ID 12 and ID 13, and must inform updates to the ICT Threat Landscape maintained under ID 10.8. Testing findings that identify control deficiencies must trigger ICT risk treatment actions in accordance with ID 15, with remediation timelines aligned to the risk level determined under ID 14. Lessons learned from testing activities, including TLPT exercises, real-life ICT-related incidents, and challenges in executing ICT continuity and recovery plans, must be incorporated into the DORT Programme review process defined in 21.5.3 and into the DOR strategy maintained under ID 2.","The results of all testing activities conducted under the DORT Programme must be integrated into the ICT Risk Management processes as follows: - Testing findings must be forwarded continuously into the ICT risk identification and assessment processes defined in ID 12 and ID 13, and must inform updates to the ICT Threat Landscape maintained under ID 10.8. - Testing findings that identify control deficiencies must trigger ICT risk treatment actions in accordance with ID 15, with remediation timelines aligned to the risk level determined under ID 14. - Lessons learned from testing activities, including TLPT exercises, real-life ICT-related incidents, and challenges in executing ICT continuity and recovery plans, must be incorporated into the DORT Programme review process defined in 21.5.3 and into the DOR strategy maintained under ID 2.",False
ICT Risk Management Guideline_v3.0,21.9,21.9,Match,Match,skipped,Skipped second-pass adjudication because first-pass is an exact match.,"DORT programme must report annually to the management body and LE CISOs covering as a minimum: The overall execution status of the programme against the planned schedule, including any deviations and their justification. A summary of findings identified across all testing types, their severity distribution, and the status of remediation actions. An assessment of the effectiveness of the programme in identifying weaknesses in the legal entity's digital operational resilience. Planned changes to the programme for the upcoming period, including any new testing types, scope expansions, or methodology updates.","DORT programme must report annually to the management body and LE CISOs covering as a minimum: - The overall execution status of the programme against the planned schedule, including any deviations and their justification. - A summary of findings identified across all testing types, their severity distribution, and the status of remediation actions. - An assessment of the effectiveness of the programme in identifying weaknesses in the legal entity's digital operational resilience. - Planned changes to the programme for the upcoming period, including any new testing types, scope expansions, or methodology updates.",False
ICT Risk Management Guideline_v3.0,3,3,Match,Match,skipped,Skipped second-pass adjudication because first-pass is an exact match.,It must be ensured that control requirements in the ICT Risk Guidelines are properly defined and correspond to the protection need.,It must be ensured that control requirements in the ICT Risk Guidelines are properly defined and correspond to the protection need.,False
ICT Risk Management Guideline_v3.0,3.1,3.1,Match,Match,skipped,Skipped second-pass adjudication because first-pass is an exact match.,"Control requirements must be formulated to reflect the asset criticality with regard to any of the protection goals, legislative statutory, regulatory and contractual requirements, as well as their role in supporting critical or important functions (CIF).","Control requirements must be formulated to reflect the asset criticality with regard to any of the protection goals, legislative statutory, regulatory and contractual requirements, as well as their role in supporting critical or important functions (CIF).",False
ICT Risk Management Guideline_v3.0,4,4,Match,Match,skipped,Skipped second-pass adjudication because first-pass is an exact match.,It must be ensured that information classification is performed and documented properly according to pre-defined criteria.,It must be ensured that information classification is performed and documented properly according to pre-defined criteria.,False
ICT Risk Management Guideline_v3.0,4.1,4.1,Match,Match,skipped,Skipped second-pass adjudication because first-pass is an exact match.,"Information classification must reflect the highest classification value separately for each security objective of confidentiality, integrity, availability, and authenticity.","Information classification must reflect the highest classification value separately for each security objective of confidentiality, integrity, availability, and authenticity.",False
ICT Risk Management Guideline_v3.0,4.2,4.2,Content delta: requirement differs,Content delta: requirement differs,confirmed,Confirmed after footnote/reference stripping.,"The classification process, criteria and classification results should be aligned with the business impact analysis methodology and process as well as the CIF process. It must consider the impact classification according to the table below.","The classification process, criteria and classification results should be aligned with the business impact analysis methodology and process as well as the CIF process. It must consider the impact classification according to the table below. Critical Impact - Financial: Very high financial losses up to the existential threat to the business foundations. - Public confidence: Affected for a long period - Media or Reputation: Extensive international media broadening in popular newspapers, TV, and radio - Market: Harmful market reaction and significant market movement longer than 1-2 weeks - Personal Data (PD): Very high / high risk PD processing - Regulatory impact: Significant fines, special regulatory supervision / investigation, or complete loss of license Major Impact - Financial: High financial losses with a substantial, but non-existential threat - Public confidence: Affected for a medium period - Media or Reputation: International coverage in most international newspapers, TV, and radio - Market: Harmful market reaction and significant market movement between 1 day to 1-2 weeks - Personal Data (PD): Increased Risk PD processing (exceptions) - Regulatory impact: Potential fines or other regulatory actions Minor Impact - Financial: Tangible losses - Public confidence: Affected for a short period - Media or Reputation: Media broadening in one or a few national or international newspapers - Market: Market irritation and undesirable movements for one day - Personal Data (PD): Normal PD processing - Regulatory impact: Verbal or written comments Negligible Impact - Financial: Minor losses - Public confidence: Affected below 1 month - Media or Reputation: Negative report in local media - Market: No remarkable impact - Personal Data (PD): No PD processing - Regulatory impact: No actions with respect to regulations",False
ICT Risk Management Guideline_v3.0,4.3,4.3,Match,Match,skipped,Skipped second-pass adjudication because first-pass is an exact match.,Information classification must be proportionately reflected in protection level and respective control requirements must be defined for the respective Information and related Secondary Assets.,Information classification must be proportionately reflected in protection level and respective control requirements must be defined for the respective Information and related Secondary Assets.,False
ICT Risk Management Guideline_v3.0,4.4,4.4,Match,Match,skipped,Skipped second-pass adjudication because first-pass is an exact match.,The cost of appropriately protecting the information based on its classification must not be a consideration in the process of classifying the asset.,The cost of appropriately protecting the information based on its classification must not be a consideration in the process of classifying the asset.,False
ICT Risk Management Guideline_v3.0,4.5,4.5,Match,Match,skipped,Skipped second-pass adjudication because first-pass is an exact match.,"Primary and Secondary Asset (IT and non-IT Assets) classification must be documented before the start of the asset usage and accessible to relevant stakeholders, e.g., Information Owners, Asset Owner, Project Leads.","Primary and Secondary Asset (IT and non-IT Assets) classification must be documented before the start of the asset usage and accessible to relevant stakeholders, e.g., Information Owners, Asset Owner, Project Leads.",False
ICT Risk Management Guideline_v3.0,4.6,4.6,Match,Match,skipped,Skipped second-pass adjudication because first-pass is an exact match.,The adequacy of the information classification and any relevant documentation must be reviewed at least yearly and should be reviewed at the latest when risk assessment is performed.,The adequacy of the information classification and any relevant documentation must be reviewed at least yearly and should be reviewed at the latest when risk assessment is performed.,False
ICT Risk Management Guideline_v3.0,5,5,Match,Match,skipped,Skipped second-pass adjudication because first-pass is an exact match.,It must be ensured that all critical or important functions and their supporting assets are identified.,It must be ensured that all critical or important functions and their supporting assets are identified.,False
ICT Risk Management Guideline_v3.0,5.1,5.1,Match,Match,skipped,Skipped second-pass adjudication because first-pass is an exact match.,Procedures to identify critical or important functions must be in place.,Procedures to identify critical or important functions must be in place.,False
ICT Risk Management Guideline_v3.0,5.2,5.2,Match,Match,skipped,Skipped second-pass adjudication because first-pass is an exact match.,Critical or important functions must be identified and documented according to the specific criteria of the legal entities.,Critical or important functions must be identified and documented according to the specific criteria of the legal entities.,False
ICT Risk Management Guideline_v3.0,5.3,5.3,Match,Match,skipped,Skipped second-pass adjudication because first-pass is an exact match.,Primary and Secondary Assets supporting critical or important functions must be identified and documented together with their roles and dependencies in relation to ICT risk to provide context for the classification of information.,Primary and Secondary Assets supporting critical or important functions must be identified and documented together with their roles and dependencies in relation to ICT risk to provide context for the classification of information.,False
ICT Risk Management Guideline_v3.0,5.4,5.4,Match,Match,skipped,Skipped second-pass adjudication because first-pass is an exact match.,The identification of critical or important functions must be carried out at least annually.,The identification of critical or important functions must be carried out at least annually.,False
ICT Risk Management Guideline_v3.0,6,6,Match,Match,skipped,Skipped second-pass adjudication because first-pass is an exact match.,It must be ensured that an ICT Risk Management Methodology is in place considering an ICT Risk Profile as input for the ICT Risk Management lifecycle.,It must be ensured that an ICT Risk Management Methodology is in place considering an ICT Risk Profile as input for the ICT Risk Management lifecycle.,False
ICT Risk Management Guideline_v3.0,6.1,6.1,Match,Match,skipped,Skipped second-pass adjudication because first-pass is an exact match.,"An ICT Risk Management Methodology must be defined, operationalized, and implemented to specify the ICT Risk Management Processes, including ICT risk assessment and the flow of ICT risk information.","An ICT Risk Management Methodology must be defined, operationalized, and implemented to specify the ICT Risk Management Processes, including ICT risk assessment and the flow of ICT risk information.",False
ICT Risk Management Guideline_v3.0,6.2,6.2,Match,Match,skipped,Skipped second-pass adjudication because first-pass is an exact match.,"ICT Risk Management Methodology must consider the pre-defined ICT Risk Profile and include a measurement mechanism for the ICT risk level (considering the ICT Threat Landscape, Threat Events and Risk Categories).","ICT Risk Management Methodology must consider the pre-defined ICT Risk Profile and include a measurement mechanism for the ICT risk level (considering the ICT Threat Landscape, Threat Events and Risk Categories).",False
ICT Risk Management Guideline_v3.0,6.3,6.3,Match,Match,skipped,Skipped second-pass adjudication because first-pass is an exact match.,ICT Risk Management Methodology must define guidance for the ICT Risk Management procedures on mechanisms to integrate information regarding the ICT Risk Profile (specifically threat insights) in the ICT risk management processes.,ICT Risk Management Methodology must define guidance for the ICT Risk Management procedures on mechanisms to integrate information regarding the ICT Risk Profile (specifically threat insights) in the ICT risk management processes.,False
ICT Risk Management Guideline_v3.0,7,7,Match,Match,skipped,Skipped second-pass adjudication because first-pass is an exact match.,"It must be ensured that ICT Risk Management processes are in place to identify, assess, treat, monitor, and report ICT risks.","It must be ensured that ICT Risk Management processes are in place to identify, assess, treat, monitor, and report ICT risks.",False
ICT Risk Management Guideline_v3.0,7.1,7.1,Match,Match,skipped,Skipped second-pass adjudication because first-pass is an exact match.,ICT Risk Management processes (incl. tools) must be designed and implemented to ensure that the risks are adequately managed and within the defined risk appetite and tolerance level.,ICT Risk Management processes (incl. tools) must be designed and implemented to ensure that the risks are adequately managed and within the defined risk appetite and tolerance level.,False
ICT Risk Management Guideline_v3.0,7.2,7.2,Match,Match,skipped,Skipped second-pass adjudication because first-pass is an exact match.,"ICT Risk Management processes must reflect the ICT Risk Management Methodology (incl. consideration of an ICT Risk Profile which includes Risk Taxonomy, ICT Threat Landscape, ICT Risk Categories, etc.) and address managing of information security and information technology and other ICT-related risks (incl. facilities, people, and suppliers).","ICT Risk Management processes must reflect the ICT Risk Management Methodology (incl. consideration of an ICT Risk Profile which includes Risk Taxonomy, ICT Threat Landscape, ICT Risk Categories, etc.) and address managing of information security and information technology and other ICT-related risks (incl. facilities, people, and suppliers).",False
ICT Risk Management Guideline_v3.0,7.3,7.3,Match,Match,skipped,Skipped second-pass adjudication because first-pass is an exact match.,Risk acceptance criteria based on risk appetite as well as evaluation criteria and impact criteria must be defined.,Risk acceptance criteria based on risk appetite as well as evaluation criteria and impact criteria must be defined.,False
ICT Risk Management Guideline_v3.0,7.4,7.4,Match,Match,skipped,Skipped second-pass adjudication because first-pass is an exact match.,"All Primary (Information Assets, Process Assets) and Secondary Assets (IT and non-IT Assets) and control requirements must be part of the ICT Risk Management processes.","All Primary (Information Assets, Process Assets) and Secondary Assets (IT and non-IT Assets) and control requirements must be part of the ICT Risk Management processes.",False
ICT Risk Management Guideline_v3.0,7.5,7.5,Match,Match,skipped,Skipped second-pass adjudication because first-pass is an exact match.,"Appropriate ICT systems, protocols and tools must be used for managing ICT risks and related procedures and processes.","Appropriate ICT systems, protocols and tools must be used for managing ICT risks and related procedures and processes.",False
ICT Risk Management Guideline_v3.0,7.6,7.6,Match,Match,skipped,Skipped second-pass adjudication because first-pass is an exact match.,"As part of the ICT Risk Management processes, relevant technological developments must be continuously monitored and their impact on the ICT risks, control requirements and digital operational resilience must be considered.","As part of the ICT Risk Management processes, relevant technological developments must be continuously monitored and their impact on the ICT risks, control requirements and digital operational resilience must be considered.",False
ICT Risk Management Guideline_v3.0,8,8,Match,Match,skipped,Skipped second-pass adjudication because first-pass is an exact match.,"It must be ensured that roles and responsibilities regarding ICT Risk Management and the resulting duties are defined, documented, and operated.","It must be ensured that roles and responsibilities regarding ICT Risk Management and the resulting duties are defined, documented, and operated.",False
ICT Risk Management Guideline_v3.0,8.1,8.1,Match,Match,skipped,Skipped second-pass adjudication because first-pass is an exact match.,"Staff responsible for designing, managing, and operating the ICT Risk Management Framework must have the necessary skills and competence, gained through proper education, training, or experience, or be under the proper supervision of experienced staff to ensure effective ICT Risk management, IT and business operations, and IT compliance.","Staff responsible for designing, managing, and operating the ICT Risk Management Framework must have the necessary skills and competence, gained through proper education, training, or experience, or be under the proper supervision of experienced staff to ensure effective ICT Risk management, IT and business operations, and IT compliance.",False
ICT Risk Management Guideline_v3.0,8.2,8.2,Match,Match,skipped,Skipped second-pass adjudication because first-pass is an exact match.,"Clearly separated roles and responsibilities considering the three lines of defense model or similar must be assigned for ICT-related functions such as for ICT Risk Oversight and ICT Operational Management, ensuring an appropriate level of independence between the roles to avoid conflict of interest.","Clearly separated roles and responsibilities considering the three lines of defense model or similar must be assigned for ICT-related functions such as for ICT Risk Oversight and ICT Operational Management, ensuring an appropriate level of independence between the roles to avoid conflict of interest.",False
ICT Risk Management Guideline_v3.0,8.3,8.3,Match,Match,skipped,Skipped second-pass adjudication because first-pass is an exact match.,"When outsourcing tasks to verify compliance with ICT Risk management requirements, whether internally or externally, DBAG or the respective legal entity remains fully accountable.","When outsourcing tasks to verify compliance with ICT Risk management requirements, whether internally or externally, DBAG or the respective legal entity remains fully accountable.",False
ICT Risk Management Guideline_v3.0,8.4,8.4,Match,Match,skipped,Skipped second-pass adjudication because first-pass is an exact match.,"An Information Owner and Asset Owner must be responsible to manage, monitor, protect and oversee information assets or IT and non-IT Assets throughout their entire lifecycle, ensuring the roles are identified, classified, maintained, and updated annually or in case of any changes.","An Information Owner and Asset Owner must be responsible to manage, monitor, protect and oversee information assets or IT and non-IT Assets throughout their entire lifecycle, ensuring the roles are identified, classified, maintained, and updated annually or in case of any changes.",False
ICT Risk Management Guideline_v3.0,8.5,8.5,Match,Match,skipped,Skipped second-pass adjudication because first-pass is an exact match.,An Information Owner must ensure assessment and treatment of ICT risks for Primary and Secondary Assets throughout their entire lifecycle.,An Information Owner must ensure assessment and treatment of ICT risks for Primary and Secondary Assets throughout their entire lifecycle.,False
ICT Risk Management Guideline_v3.0,9,9,Content delta: requirement differs,Content delta: requirement differs,confirmed,Confirmed after footnote/reference stripping.,"It must be ensured that all control requirements from ICT Risk Guidelines are fully addressed by controls, control ownership is assigned, controls are documented, and evidence from performed controls is in place.","It must be ensured that all control requirements from ICT Risk Guidelines are fully addressed by controls, control ownership is assigned, controls are documented, and evidence from performed controls is in place [1] . [1] As required by ICT Risk Management Policy within Chapter 4.1",False
ICT Risk Management Guideline_v3.0,9.1,9.1,Match,Match,skipped,Skipped second-pass adjudication because first-pass is an exact match.,"Each control must be documented in relevant documents (e.g. Policies, Guidelines, Processes, Procedures, ICS or other supporting documentation aimed at addressing all aspects of control requirements).","Each control must be documented in relevant documents (e.g. Policies, Guidelines, Processes, Procedures, ICS or other supporting documentation aimed at addressing all aspects of control requirements).",False
ICT Risk Management Guideline_v3.0,9.2,9.2,Match,Match,skipped,Skipped second-pass adjudication because first-pass is an exact match.,Evidence of performed controls must be in place and available upon request.,Evidence of performed controls must be in place and available upon request.,False
ICT Risk Management Guideline_v3.0,9.3,9.3,Match,Match,skipped,Skipped second-pass adjudication because first-pass is an exact match.,"Each control must have clearly defined ownership and be assigned to one Control Owner. Where this is not practicable, ownership may be assigned to multiple Control Owners. ●","Each control must have clearly defined ownership and be assigned to one Control Owner. Where this is not practicable, ownership may be assigned to multiple Control Owners.",False
ICT Risk Management_v3.0,10.12,10.12,Missing in DOCX,Missing in DOCX,confirmed,Confirmed missing after second-pass check.,,"Relevant changes to the ICT Risk Profile must be monitored and reported to the ICT Risk Management Methodology owner while significant changes must be reported to the Management Body of DBAG and the legal entity, including the LE CISOs.",False
ICT Risk Management_v3.0,10.8.1,10.8.1,Missing in DOCX,Missing in DOCX,confirmed,Confirmed missing after second-pass check.,,"The threat, if occurred, could affect or could have affected critical or important functions of DBAG or related legal entities (including third-party providers, clients, or financial counterparts) based on available information.",False
ICT Risk Management_v3.0,10.8.2,10.8.2,Missing in DOCX,Missing in DOCX,confirmed,Confirmed missing after second-pass check.,,"The threat has a high probability of occurrence at DBAG or related legal entities and must take into account at least the following elements: - The capabilities and intent of threat actors to the extent known by DBAG or related legal entities. - The persistence of the threat and any accrued knowledge about ICT-related incidents that have impacted DBAG or related legal entities or its third-party provider, clients, or financial counterparts. - The geographical spread of the areas at risk",False
IDP & NCLC Application Governance Guideline_v2.0,1,1,Content delta: description differs,Content delta: description differs,confirmed,Confirmed after footnote/reference stripping.,It must be ensured that IDP control activities are monitored and governed.,It must be ensured that IDP control activities are monitored and governed.,False
IDP & NCLC Application Governance Guideline_v2.0,1.1,1.1,Content delta: description differs,Content delta: description differs,confirmed,Confirmed after footnote/reference stripping.,A centralized monitoring and oversight mechanism must be established and maintained to govern and monitor the execution of IDP control activities in DBG ●,A centralized monitoring and oversight mechanism must be established and maintained to govern and monitor the execution of IDP control activities in DBG ●,False
IDP & NCLC Application Governance Guideline_v2.0,2,2,Match,Match,skipped,Skipped second-pass adjudication because first-pass is an exact match.,"All Individual Data Processing applications must be centrally inventoried, regular reviewed, disabled if in-active for over 14 months, and documented.","All Individual Data Processing applications must be centrally inventoried, regular reviewed, disabled if in-active for over 14 months, and documented.",False
IDP & NCLC Application Governance Guideline_v2.0,2.1,2.1,Match,Match,skipped,Skipped second-pass adjudication because first-pass is an exact match.,"All Individual Data Processing applications (IDP applications) currently used in practice must be consistently identified and inventoried in a central IDP application Inventory. If the IDP application is not detected through technical measures, it must be registered manually.","All Individual Data Processing applications (IDP applications) currently used in practice must be consistently identified and inventoried in a central IDP application Inventory. If the IDP application is not detected through technical measures, it must be registered manually.",False
IDP & NCLC Application Governance Guideline_v2.0,2.2,2.2,Match,Match,skipped,Skipped second-pass adjudication because first-pass is an exact match.,"For all identified IDP applications the IDP application Inventory must contain at least the following information: name and purpose of the IDP application version history, date externally or internally developed staff member(s) responsible for specialist aspects staff member(s) responsible for technical aspects technology (runtime environment or scripting language as chapter 3.3) tagging of KRITIS-relevant assets ● tagging of CIF supporting assets ● result of the classification/protection requirements classification and, where appropriate, the protective measures derived from these","For all identified IDP applications the IDP application Inventory must contain at least the following information: - name and purpose of the IDP application - version history, date - externally or internally developed - staff member(s) responsible for specialist aspects - staff member(s) responsible for technical aspects - technology (runtime environment or scripting language as chapter 3.3) - tagging of KRITIS-relevant assets ● - tagging of CIF supporting assets ● - result of the classification/protection requirements classification and, where appropriate, the protective measures derived from these",False
IDP & NCLC Application Governance Guideline_v2.0,2.3,2.3,Match,Match,skipped,Skipped second-pass adjudication because first-pass is an exact match.,For all identified critical and major IDP applications the IDP application Inventory must additionally contain the following information: Information Owner Owning LE Using LE,For all identified critical and major IDP applications the IDP application Inventory must additionally contain the following information: - Information Owner - Owning LE - Using LE,False
IDP & NCLC Application Governance Guideline_v2.0,2.4,2.4,Match,Match,skipped,Skipped second-pass adjudication because first-pass is an exact match.,"All IDP applications used in practice must be reviewed at least once a year and the review results must be documented. The review must evaluate: if the IDP application Inventory is complete and up to date, if the IDP application information classification is still valid, if the documentation is sufficient to meet the requirements in this Guideline if any additional checks are required, depending on special requirements of legal entities.","All IDP applications used in practice must be reviewed at least once a year and the review results must be documented. The review must evaluate: - if the IDP application Inventory is complete and up to date, - if the IDP application information classification is still valid, - if the documentation is sufficient to meet the requirements in this Guideline - if any additional checks are required, depending on special requirements of legal entities.",False
IDP & NCLC Application Governance Guideline_v2.0,2.5,2.5,Match,Match,skipped,Skipped second-pass adjudication because first-pass is an exact match.,The IDP application review results must be yearly provided to the Legal Entity IDP Coordinator as well as reported to the respective legal entity boards.,The IDP application review results must be yearly provided to the Legal Entity IDP Coordinator as well as reported to the respective legal entity boards.,False
IDP & NCLC Application Governance Guideline_v2.0,2.6,2.6,Match,Match,skipped,Skipped second-pass adjudication because first-pass is an exact match.,Appropriate control activities must be defined to ensure operationalization of activities. These controls must be reasonably comprehensive and documented to ensure consistency and quality across all legal entities.,Appropriate control activities must be defined to ensure operationalization of activities. These controls must be reasonably comprehensive and documented to ensure consistency and quality across all legal entities.,False
IDP & NCLC Application Governance Guideline_v2.0,2.7,2.7,Match,Match,skipped,Skipped second-pass adjudication because first-pass is an exact match.,All IDP applications at legal entities must have an IDP Developer and IDP Process Owner.,All IDP applications at legal entities must have an IDP Developer and IDP Process Owner.,False
IDP & NCLC Application Governance Guideline_v2.0,2.8,2.8,Match,Match,skipped,Skipped second-pass adjudication because first-pass is an exact match.,IDP applications and Standard & Extended No-/Low-code applications (NCLC) which have not been used for more than 14 months must be disabled (180 days) ●,IDP applications and Standard & Extended No-/Low-code applications (NCLC) which have not been used for more than 14 months must be disabled (180 days) ●,False
IDP & NCLC Application Governance Guideline_v2.0,3,3,Match,Match,skipped,Skipped second-pass adjudication because first-pass is an exact match.,"Individual Data Processing and Standard & Extended NCLC applications must be classified based on their impact on security, technical complexity, and operational requirement, and regularly assessed.","Individual Data Processing and Standard & Extended NCLC applications must be classified based on their impact on security, technical complexity, and operational requirement, and regularly assessed.",False
IDP & NCLC Application Governance Guideline_v2.0,3.1,3.1,Content delta: requirement differs,Content delta: requirement differs,confirmed,Confirmed after footnote/reference stripping.,"IDP applications and Standard & Extended NCLC must be classified upon usage in practice according to an established information classification scheme in conformance with the information, which is processed, otherwise handled, or protected by the application, i.e., considering the impact regarding confidentiality, integrity, availability, and authenticity (180 days) ●","IDP and Standard & Extended NCLC applications must be classified upon usage in practice according to an established information classification scheme in conformance with the information, which is processed, otherwise handled, or protected by the application, i.e., considering the impact regarding confidentiality, integrity, availability, and authenticity (180 days) ●",False
IDP & NCLC Application Governance Guideline_v2.0,3.2,3.2,Content delta: requirement differs,Content delta: requirement differs,confirmed,Confirmed after footnote/reference stripping.,A reassessment of the IDP applications and Standard & Extended NCLC classification must be performed on an ad hoc basis in case of changes (180 days) ●,A reassessment of the IDP and Standard & Extended NCLC application classification must be performed on an ad hoc basis in case of changes (180 days) ●,False
IDP & NCLC Application Governance Guideline_v2.0,3.3,3.3,Match,Match,skipped,Skipped second-pass adjudication because first-pass is an exact match.,Each Legal Entity must define their relevant processes regarding management of IDP applications.,Each Legal Entity must define their relevant processes regarding management of IDP applications.,False
IDP & NCLC Application Governance Guideline_v2.0,3.4,3.4,Match,Match,skipped,Skipped second-pass adjudication because first-pass is an exact match.,Each IDP and Standard & Extended NCLC application must be classified regarding the technical complexity before it is used in practice (180 days) ●,Each IDP and Standard & Extended NCLC application must be classified regarding the technical complexity before it is used in practice (180 days) ●,False
IDP & NCLC Application Governance Guideline_v2.0,4,4,Match,Match,skipped,Skipped second-pass adjudication because first-pass is an exact match.,"IDP and Extended No‑/Low‑Code application development must include a prior review to ensure necessity, adherence to coding standards and required documentation for major and critical applications.","IDP and Extended No‑/Low‑Code application development must include a prior review to ensure necessity, adherence to coding standards and required documentation for major and critical applications.",False
IDP & NCLC Application Governance Guideline_v2.0,4.1,4.1,Content delta: requirement differs,Content delta: requirement differs,confirmed,Confirmed after footnote/reference stripping.,"Before an IDP application of the level ""critical"" or ""major"" and Extended NCLC application are newly developed or an application of the level ""minor"" or ""negligible"" level will fall into this category due to further development, the respective business unit and IT should jointly verify whether the planned processing purpose and the task addressed by the IDP and Extended NCLC application can already be covered by one of the existing applications or by its further development (180 days) ●","Before an IDP and Extended NCLC application of the level ""critical"" or ""major"" are newly developed or an application of the level ""minor"" or ""negligible"" level will fall into this category due to further development, the respective business unit and IT should jointly verify whether the planned processing purpose and the task addressed by the IDP and Extended NCLC application can already be covered by one of the existing applications or by its further development (180 days) ●",False
IDP & NCLC Application Governance Guideline_v2.0,4.2,4.2,Match,Match,skipped,Skipped second-pass adjudication because first-pass is an exact match.,IDP and Extended NCLC applications must follow established coding principles (180 days) ●,IDP and Extended NCLC applications must follow established coding principles (180 days) ●,False
IDP & NCLC Application Governance Guideline_v2.0,4.3,4.3,Match,Match,skipped,Skipped second-pass adjudication because first-pass is an exact match.,"For all major and critical IDP and extended NCLC applications regarding authenticity, integrity or availability the development, including a functional documentation, must be documented in a clearly structured way and in a manner that is readily comprehensible for competent third parties. For all major and critical IDPs and Extended NCLC regarding confidentiality a limited functional documentation should be provided. The documentation must be stored according to applicable retention times (180 days) ●","For all major and critical IDP and Extended NCLC applications regarding authenticity, integrity or availability the development, including a functional documentation, must be documented in a clearly structured way and in a manner that is readily comprehensible for competent third parties. For all major and critical IDPs and Extended NCLC regarding confidentiality a limited functional documentation should be provided. The documentation must be stored according to applicable retention times (180 days) ●",False
IDP & NCLC Application Governance Guideline_v2.0,4.4,4.4,Match,Match,skipped,Skipped second-pass adjudication because first-pass is an exact match.,"For all IDP and Standard & Extended NCLC applications, a technical documentation must be in place (180 days) ●","For all IDP and Standard & Extended NCLC applications, a technical documentation must be in place (180 days) ●",False
IDP & NCLC Application Governance Guideline_v2.0,5,5,Match,Match,skipped,Skipped second-pass adjudication because first-pass is an exact match.,"Monitoring control and processes to manage IT and security risk for major and critical IDP and Extended NCLC applications must be established, including regular and ad-hoc risk assessment, following establishing risk management practice.","Monitoring control and processes to manage IT and security risk for major and critical IDP and Extended NCLC applications must be established, including regular and ad-hoc risk assessment, following establishing risk management practice.",False
IDP & NCLC Application Governance Guideline_v2.0,5.1,5.1,Match,Match,skipped,Skipped second-pass adjudication because first-pass is an exact match.,"For major and critical IDP and Extended NCLC applications appropriate monitoring and control processes must be set up for IT and information security risks and other relevant risks caused by the application. This includes in particular the definition of risk criteria, the identification of risks, the determination of the need for protection, the derived protective measures for IT operations and the definition of appropriate measures for risk handling and mitigation (180 days) ●","For major and critical IDP and Extended NCLC applications appropriate monitoring and control processes must be set up for IT and information security risks and other relevant risks caused by the application. This includes in particular the definition of risk criteria, the identification of risks, the determination of the need for protection, the derived protective measures for IT operations and the definition of appropriate measures for risk handling and mitigation (180 days) ●",False
IDP & NCLC Application Governance Guideline_v2.0,5.2,5.2,Match,Match,skipped,Skipped second-pass adjudication because first-pass is an exact match.,"Risk assessments for major and critical IDP and Extended NCLC applications classified as major, critical regarding confidentiality, authenticity, integrity or availability must be performed regularly and on an ad hoc basis in case of changes of the applications criticality and identified risks must be reported following established information security risk management processes (180 days) ●","Risk assessments for major and critical IDP and Extended NCLC applications classified as Major, Critical regarding confidentiality, authenticity, integrity or availability must be performed regularly and on an ad hoc basis in case of changes of the applications criticality and identified risks must be reported following established information security risk management processes (180 days)",False
IDP & NCLC Application Governance Guideline_v2.0,6,6,Match,Match,skipped,Skipped second-pass adjudication because first-pass is an exact match.,It must be ensured that employees are aware of IDP application-related topics.,It must be ensured that employees are aware of IDP application-related topics.,False
IDP & NCLC Application Governance Guideline_v2.0,6.1,6.1,Match,Match,skipped,Skipped second-pass adjudication because first-pass is an exact match.,"IDP application trainings must be performed to increase the employees’ awareness regarding IDP application-related topics. Additionally, these trainings should cover external employees to further enhance their understanding.","IDP application trainings must be performed to increase the employees’ awareness regarding IDP application-related topics. Additionally, these trainings should cover external employees to further enhance their understanding.",False
IDP & NCLC Application Governance Guideline_v2.0,7,7,Match,Match,skipped,Skipped second-pass adjudication because first-pass is an exact match.,"Security measures for IDP and Extended NCLC applications must be in place and commensurate with their classification, including documentation, access control, test management, business continuity management, periodic review, and transfer to regular applications.","Security measures for IDP and Extended NCLC applications must be in place and commensurate with their classification, including documentation, access control, test management , business continuity management, periodic review, and transfer to regular applications.",False
IDP & NCLC Application Governance Guideline_v2.0,7.1,7.1,Match,Match,skipped,Skipped second-pass adjudication because first-pass is an exact match.,The classification of information must determine the protection requirements for IDP and Extended NCLC applications (180 days) ●,The classification of information must determine the protection requirements for IDP and Extended NCLC applications (180 days) ●,False
IDP & NCLC Application Governance Guideline_v2.0,7.10,7.10,Match,Match,skipped,Skipped second-pass adjudication because first-pass is an exact match.,The availability of all IDP and Extended NCLC applications must at least be ensured by appropriate recovery mechanisms of the underlying file storage (180 days) ●,The availability of all IDP and Extended NCLC applications must at least be ensured by appropriate recovery mechanisms of the underlying file storage (180 days) ●,False
IDP & NCLC Application Governance Guideline_v2.0,7.11,7.11,Match,Match,skipped,Skipped second-pass adjudication because first-pass is an exact match.,Authorized access to all IDP and Extended NCLC applications must at least be ensured by basic access control mechanisms (180 days) ●,Authorized access to all IDP and Extended NCLC applications must at least be ensured by basic access control mechanisms (180 days) ●,False
IDP & NCLC Application Governance Guideline_v2.0,7.12,7.12,Match,Match,skipped,Skipped second-pass adjudication because first-pass is an exact match.,"For IDP with high technical complexity, measures and controls must be established to ensure the segregation of environments, the protection of data processed in non-production environments, the use of anonymized, pseudonymized or randomized data for testing, and the controlled, documented and approved use of production data where exceptionally required (180 days) ●","For IDP with high technical complexity, measures and controls must be established to ensure the segregation of environments, the protection of data processed in non-production environments, the use of anonymized, pseudonymized or randomized data for testing, and the controlled, documented and approved use of production data where exceptionally required (180 days)",False
IDP & NCLC Application Governance Guideline_v2.0,7.2,7.2,Match,Match,skipped,Skipped second-pass adjudication because first-pass is an exact match.,"If the protection requirements derived from the criticality exceed the technical protection possibilities of the IDP application (e.g., VBA password, file open password), appropriate protective measures must be taken.","If the protection requirements derived from the criticality exceed the technical protection possibilities of the IDP application (e.g., VBA password, file open password), appropriate protective measures must be taken.",False
IDP & NCLC Application Governance Guideline_v2.0,7.3,7.3,Match,Match,skipped,Skipped second-pass adjudication because first-pass is an exact match.,"To reduce risks regarding authenticity, integrity, or availability, IDP applications classified as critical and Extended NCLC applications classified as critical regarding confidentiality, authenticity, integrity or availability must be transferred into a regular application within three years after classification. A decommission plan for the specific replacement must be provided after one year (180 days) ●","To reduce risks regarding authenticity, integrity, or availability, IDP applications classified as critical and Extended NCLC applications classified as critical regarding confidentiality, authenticity, integrity or availability must be transferred into a regular application within three years after classification. A decommission plan for the specific replacement must be provided after one year (180 days) ●",False
IDP & NCLC Application Governance Guideline_v2.0,7.4,7.4,Match,Match,skipped,Skipped second-pass adjudication because first-pass is an exact match.,"Protection controls for IDP and Extended NCLC applications must follow a risk-based approach, thus demanding more strict control requirements for major and critical IDP and Extended NCLC applications classified as major/critical regarding confidentiality, authenticity, integrity or availability (180 days) ●","Protection controls for IDP and Extended NCLC applications must follow a risk-based approach, thus demanding more strict control requirements for major and critical IDP and Extended NCLC applications classified as major/critical regarding confidentiality, authenticity, integrity or availability (180 days) ●",False
IDP & NCLC Application Governance Guideline_v2.0,7.5,7.5,Content delta: requirement differs,Content delta: requirement differs,confirmed,Confirmed after footnote/reference stripping.,"For minor and negligible IDP with high technical complexity and Extended NCLC applications classified as minor/negligible regarding confidentiality, authenticity, integrity or availability but high technical complexity, test management and access management must be in place (180 days) ●","For minor and negligible IDP with high technical complexity and Extended NCLC applications classified as minor/negligible regarding confidentiality, authenticity, integrity or availability but a high technical complexity, a test management and access management must be in place (180 days) ●",False
IDP & NCLC Application Governance Guideline_v2.0,7.6,7.6,Content delta: requirement differs,Content delta: requirement differs,confirmed,Confirmed after footnote/reference stripping.,"For all major and critical IDPs and Extended NCLC applications classified as major/critical regarding confidentiality, authenticity, integrity or availability, processes must be established for appropriately allocating access rights to ensure that staff have only those rights that they need to perform their tasks. This includes the recertification process for authorizations (180 days) ●","For all major and critical IDPs and Extended NCLC applications classified as major/critical regarding confidentiality, authenticity, integrity or availability, processes must be established for appropriately allocating IDP access rights to ensure that staff have only those rights that they need to perform their tasks. This includes the recertification process for authorizations (180 days) ●",False
IDP & NCLC Application Governance Guideline_v2.0,7.7,7.7,Match,Match,skipped,Skipped second-pass adjudication because first-pass is an exact match.,"All major and critical IDPs and Extended NCLC applications classified as major/critical regarding confidentiality, authenticity, integrity or availability must be secured against changes to the program logic in production (180 days) ●","All major and critical IDPs and Extended NCLC applications classified as major/critical regarding confidentiality, authenticity, integrity or availability must be secured against changes to the program logic in production (180 days) ●",False
IDP & NCLC Application Governance Guideline_v2.0,7.8,7.8,Content delta: requirement differs,Content delta: requirement differs,confirmed,Confirmed after footnote/reference stripping.,"For major and critical IDP with low technical complexity and Extended NCLC applications classified as major/critical regarding confidentiality, authenticity, integrity or availability but a low technical complexity a, test management and access management must be in place (180 days) ●","For major and critical IDP with low technical complexity and Extended NCLC applications with classified as major/critical regarding confidentiality, authenticity, integrity or availability but a low technical complexity a, test management and access management must be in place (180 days) ●",False
IDP & NCLC Application Governance Guideline_v2.0,7.9,7.9,Content delta: requirement differs,Content delta: requirement differs,confirmed,Confirmed after footnote/reference stripping.,"For major and critical IDP with low technical complexity and Extended NCLC applications classified as major/critical regarding confidentiality, authenticity, integrity or availability but a low technical complexity a, test management and access management must be in place (180 days) ●","For major and critical IDP with high technical complexity and Extended NCLC applications classified as major/critical regarding confidentiality, authenticity, integrity or availability and high technical complexity, test management, access management and continuity management must be in place (180 days) ●",False
IDP & NCLC Application Governance Guideline_v2.0,8,8,Match,Match,skipped,Skipped second-pass adjudication because first-pass is an exact match.,"No‑/Low-code Applications must be governed using a proportional, risk‑based approach whereby all components (apps, flows, and environments) comply with ICT Risk Framework and are subject to control requirements commensurate with their business impact and technical complexity.","No‑/Low-code Applications must be governed using a proportional, risk‑based approach whereby all components (apps, flows, and environments) comply with ICT Risk Framework and are subject to control requirements commensurate with their business impact and technical complexity.",False
IDP & NCLC Application Governance Guideline_v2.0,8.1,8.1,Content delta: requirement differs,Content delta: requirement differs,confirmed,Confirmed after footnote/reference stripping.,"Foundational and environmental risk‑based protections must be implemented at platform level wherever possible such as DLP (e.g., information/data labelling, connectors restriction), IAM (e.g., identity control, role-based & need-to-know enforcement, SOD (180 days) ●","Foundational and environmental risk‑based protections must be implemented at platform level wherever possible such as DLP (e.g., information/data labelling, connectors restriction), IAM (e.g., identity control, role-based & need-to-know enforcement, SOD.",False
IDP & NCLC Application Governance Guideline_v2.0,8.2,8.2,Content delta: requirement differs,Content delta: requirement differs,confirmed,Confirmed after footnote/reference stripping.,"Standard and Extended NCLC applications must ensure asset governance (including register centralized inventory, defined ownership, purpose, version history, classification, inventory maintenance, and risk‑based periodic review), implement version control and Citizen Developer training must be provided to the users (180 days) ●","Standard and Extended NCLC applications must ensure asset governance (including register centralized inventory, defined ownership, purpose, version history, classification, inventory maintenance, and risk‑based periodic review), implement version control and Citizen Developer training must be provided to the users.",False
IDP & NCLC Application Governance Guideline_v2.0,8.3,8.3,Content delta: requirement differs,Content delta: requirement differs,confirmed,Confirmed after footnote/reference stripping.,"Extended NCLC applications must apply enhanced governance by additionally ensuring that the inventory contains required information as defined in requirement ID 2.2, 2.3, adhering to lifecycle requirements defined in Requirement ID 2.8), implement segregated environment controls (Development / Test / Production) and protect the integrity and confidentiality of data in non-production environments, including the use of anonymized or pseudonymized data, and complying with applicable requirements mentioned in requirement ID 3, 4, 5, 7 where required based on criticality and technical complexity (180 days) ●","Extended NCLC applications must apply enhanced governance by additionally ensuring that the inventory contains required information as defined in requirement ID 2.2, 2.3, adhering to lifecycle requirements defined in Requirement ID 2.8), implement segregated environment controls (Development / Test / Production) and protect the integrity and confidentiality of data in non-production environments, including the use of anonymized or pseudonymized data, and complying with applicable requirements mentioned in requirement ID 3, 4, 5, 7 where required based on criticality and technical complexity.",False
IDP & NCLC Application Governance Guideline_v2.0,8.4,8.4,Content delta: requirement differs,Content delta: requirement differs,confirmed,Confirmed after footnote/reference stripping.,"Advanced NCLC applications must be governed as regular IT Applications, complying with the applicable set of requirements applicable to regular IT applications, including formal governance, security, and SDLC controls (180 days) ●","Advanced NCLC applications must be governed as regular IT Applications, complying with the applicable set of requirements applicable to regular IT applications, including formal governance, security, and SDLC controls.",False
Identity and Access Management Guideline_v2.0,1,1,Content delta: description differs,Content delta: description differs,confirmed,Confirmed after footnote/reference stripping.,"For Identity and Access Management, procedures and controls must be defined, implemented, and performed.","For Identity and Access Management, procedures and controls must be defined, implemented, and performed.",False
Identity and Access Management Guideline_v2.0,1.1,1.1,Match,Match,skipped,Skipped second-pass adjudication because first-pass is an exact match.,"A formal access management process, which includes the review and authorization of access requests by responsible authorities prior to provisioning, must be established, documented, and applied for all accounts and access rights.","A formal access management process, which includes the review and authorization of access requests by responsible authorities prior to provisioning, must be established, documented, and applied for all accounts and access rights.",False
Identity and Access Management Guideline_v2.0,1.2,1.2,Match,Match,skipped,Skipped second-pass adjudication because first-pass is an exact match.,"Access requests and access provisioning for primary and secondary access must be documented accordingly. A central record must be available, preferably via a designated IAM tool, and allow the tracking of individual requests by MyUserID.","Access requests and access provisioning for primary and secondary access must be documented accordingly. A central record must be available, preferably via a designated IAM tool, and allow the tracking of individual requests by MyUserID.",False
Identity and Access Management Guideline_v2.0,1.3,1.3,Match,Match,skipped,Skipped second-pass adjudication because first-pass is an exact match.,Access requests must be reviewed and authorized by responsible authorities or persons. An additional approval by the Role Owner is required for business-critical access.,Access requests must be reviewed and authorized by responsible authorities or persons. An additional approval by the Role Owner is required for business-critical access.,False
Identity and Access Management Guideline_v2.0,1.4,1.4,Match,Match,skipped,Skipped second-pass adjudication because first-pass is an exact match.,"Automated access provisioning must be established. If not possible, complementary controls must be designed, implemented, and described in the Authorization Concept.","Automated access provisioning must be established. If not possible, complementary controls must be designed, implemented, and described in the Authorization Concept.",False
Identity and Access Management Guideline_v2.0,1.5,1.5,Match,Match,skipped,Skipped second-pass adjudication because first-pass is an exact match.,"An identity lifecycle process is established and must manage the creation, change, review and update, temporary deactivation, and termination of all accounts.","An identity lifecycle process is established and must manage the creation, change, review and update, temporary deactivation, and termination of all accounts.",False
Identity and Access Management Guideline_v2.0,1.6,1.6,Match,Match,skipped,Skipped second-pass adjudication because first-pass is an exact match.,"Entitlements in affected target ICT Systems and validation of entitlement creation by reconciliation between target ICT System and requested access must be enforced daily (including automated synchronization and clean-up of identified deviations). If not possible, complementary controls must be designed, implemented, and described in the Authorization Concept.","Entitlements in affected target ICT Systems and validation of entitlement creation by reconciliation between target ICT System and requested access must be enforced daily (including automated synchronization and clean-up of identified deviations). If not possible, complementary controls must be designed, implemented, and described in the Authorization Concept.",False
Identity and Access Management Guideline_v2.0,1.7,1.7,Match,Match,skipped,Skipped second-pass adjudication because first-pass is an exact match.,"Applications should automatically be reconciled. If automatic reconciliation is not possible, complementary controls must be designed and implemented.","Applications should automatically be reconciled. If automatic reconciliation is not possible, complementary controls must be designed and implemented.",False
Identity and Access Management Guideline_v2.0,10,10,Match,Match,skipped,Skipped second-pass adjudication because first-pass is an exact match.,"Primary and secondary accesses must be defined, assigned, documented, managed, and controlled.","Primary and secondary accesses must be defined, assigned, documented, managed, and controlled.",False
Identity and Access Management Guideline_v2.0,10.1,10.1,Match,Match,skipped,Skipped second-pass adjudication because first-pass is an exact match.,The primary and secondary access to legal entities’ ICT Systems must be activated or de-activated based on the information provided by HR and/or Third-Party Management.,The primary and secondary access to legal entities’ ICT Systems must be activated or de-activated based on the information provided by HR and/or Third-Party Management.,False
Identity and Access Management Guideline_v2.0,10.2,10.2,Match,Match,skipped,Skipped second-pass adjudication because first-pass is an exact match.,"Removal or adjustment of access must be processed timely in the target ICT System. If this cannot be done automatically, complementary controls must be in place to ensure near-time processing: ‘Near-time’ should be determined as 1 working day for publicly-accessible-applications that have at least one protection goal classified critical, and 3 working days for all other applications.","Removal or adjustment of access must be processed timely in the target ICT System. If this cannot be done automatically, complementary controls must be in place to ensure near-time processing: ‘Near-time’ should be determined as 1 working day for publicly-accessible-applications that have at least one protection goal classified critical, and 3 working days for all other applications.",False
Identity and Access Management Guideline_v2.0,10.3,10.3,Match,Match,skipped,Skipped second-pass adjudication because first-pass is an exact match.,Inactive primary access accounts must be identified and deactivated after an inactivity period of 30 days.,Inactive primary access accounts must be identified and deactivated after an inactivity period of 30 days.,False
Identity and Access Management Guideline_v2.0,10.4,10.4,Match,Match,skipped,Skipped second-pass adjudication because first-pass is an exact match.,"Based on HR’s information about individuals leaving the company, primary access must be revoked on the first day after the leaver date, secondary access, and all access rights within three working days, all accounts must be removed as soon as possible – latest within 42 days.","Based on HR’s information about individuals leaving the company, primary access must be revoked on the first day after the leaver date, secondary access, and all access rights within three working days, all accounts must be removed as soon as possible – latest within 42 days.",False
Identity and Access Management Guideline_v2.0,10.5,10.5,Match,Match,skipped,Skipped second-pass adjudication because first-pass is an exact match.,"In case a user moves within the organization, all existing access related to the user must be recertified by the new line manager within two weeks. This includes only secondary access that was explicitly requested and not primary access.","In case a user moves within the organization, all existing access related to the user must be recertified by the new line manager within two weeks. This includes only secondary access that was explicitly requested and not primary access.",False
Identity and Access Management Guideline_v2.0,11,11,Match,Match,skipped,Skipped second-pass adjudication because first-pass is an exact match.,"Shared and non-personal accounts must be defined, assigned, documented, managed, and controlled to prevent any unauthorized access or breach of access controls.","Shared and non-personal accounts must be defined, assigned, documented, managed, and controlled to prevent any unauthorized access or breach of access controls.",False
Identity and Access Management Guideline_v2.0,11.1,11.1,Match,Match,skipped,Skipped second-pass adjudication because first-pass is an exact match.,"Non-personal accounts and shared user accounts must be limited, inventoried and the traceability to responsible persons must be ensured.","Non-personal accounts and shared user accounts must be limited, inventoried and the traceability to responsible persons must be ensured.",False
Identity and Access Management Guideline_v2.0,11.2,11.2,Match,Match,skipped,Skipped second-pass adjudication because first-pass is an exact match.,"Each shared account is assigned to an Account Owner, who is responsible for maintaining an inventory of all individuals that have access to the shared accounts.","Each shared account is assigned to an Account Owner, who is responsible for maintaining an inventory of all individuals that have access to the shared accounts.",False
Identity and Access Management Guideline_v2.0,11.3,11.3,Content delta: requirement differs,Content delta: requirement differs,confirmed,Confirmed after footnote/reference stripping.,"Login-credentials of shared / non-personal accounts as well as all secret authentications must be securely created, stored in a vault and handled.","Login-credentials of shared and non-personal accounts as well as all secret authentications must be securely created, stored in a vault and handled.",False
Identity and Access Management Guideline_v2.0,11.4,11.4,Match,Match,skipped,Skipped second-pass adjudication because first-pass is an exact match.,"Login-credentials for shared user IDs remaining active should be changed upon termination or change of employment, contract, or agreement.","Login-credentials for shared user IDs remaining active should be changed upon termination or change of employment, contract, or agreement.",False
Identity and Access Management Guideline_v2.0,11.5,11.5,Match,Match,skipped,Skipped second-pass adjudication because first-pass is an exact match.,"In case identity / personal account is decommissioned, ownership of corresponding shared accounts must be reviewed and updated, if necessary.","In case identity / personal account is decommissioned, ownership of corresponding shared accounts must be reviewed and updated, if necessary.",False
Identity and Access Management Guideline_v2.0,11.6,11.6,Match,Match,skipped,Skipped second-pass adjudication because first-pass is an exact match.,Interactive shared accounts must be traceable for all actions to an individual person and limited to actions by one individual at any given time.,Interactive shared accounts must be traceable for all actions to an individual person and limited to actions by one individual at any given time.,False
Identity and Access Management Guideline_v2.0,12,12,Match,Match,skipped,Skipped second-pass adjudication because first-pass is an exact match.,"Privileged accounts (PAM) must be defined, assigned, documented, managed, monitored and controlled to avoid unauthorized usage and harm to IT Assets.","Privileged accounts (PAM) must be defined, assigned, documented, managed, monitored and controlled to avoid unauthorized usage and harm to IT Assets.",False
Identity and Access Management Guideline_v2.0,12.1,12.1,Match,Match,skipped,Skipped second-pass adjudication because first-pass is an exact match.,"Privileged, emergency and administration access rights must be assigned on a need-to-use or ad-hoc basis for all ICT Systems. Where feasible, for administration, dedicated accounts must be used and automated privileged access management procedures must be implemented.","Privileged, emergency and administration access rights must be assigned on a need-to-use or ad-hoc basis for all ICT Systems. Where feasible, for administration, dedicated accounts must be used and automated privileged access management procedures must be implemented.",False
Identity and Access Management Guideline_v2.0,12.2,12.2,Match,Match,skipped,Skipped second-pass adjudication because first-pass is an exact match.,"The interactive use of privileged built-in accounts must be prevented and if applicable, the entitlements of these accounts must be transferred to dedicated user IDs.","The interactive use of privileged built-in accounts must be prevented and if applicable, the entitlements of these accounts must be transferred to dedicated user IDs.",False
Identity and Access Management Guideline_v2.0,12.3,12.3,Match,Match,skipped,Skipped second-pass adjudication because first-pass is an exact match.,Privileged access must always be marked as such in Authorization Concept.,Privileged access must always be marked as such in Authorization Concept.,False
Identity and Access Management Guideline_v2.0,12.4,12.4,Match,Match,skipped,Skipped second-pass adjudication because first-pass is an exact match.,Privileged access must be classified and controlled according to their level of criticality on a risk-based approach.,Privileged access must be classified and controlled according to their level of criticality on a risk-based approach.,False
Identity and Access Management Guideline_v2.0,12.5,12.5,Match,Match,skipped,Skipped second-pass adjudication because first-pass is an exact match.,Privileged built-in accounts must be classified and documented in the Authorization Concept.,Privileged built-in accounts must be classified and documented in the Authorization Concept.,False
Identity and Access Management Guideline_v2.0,12.6,12.6,Match,Match,skipped,Skipped second-pass adjudication because first-pass is an exact match.,All privileged accounts must be inventoried in a privileged account inventory.,All privileged accounts must be inventoried in a privileged account inventory.,False
Identity and Access Management Guideline_v2.0,12.7,12.7,Match,Match,skipped,Skipped second-pass adjudication because first-pass is an exact match.,Onboarded and managed in PAM: Privileged accounts must be secured in the vault of a Privileged Access Management (PAM) solution.,Onboarded and managed in PAM: Privileged accounts must be secured in the vault of a Privileged Access Management (PAM) solution.,False
Identity and Access Management Guideline_v2.0,12.8,12.8,Match,Match,skipped,Skipped second-pass adjudication because first-pass is an exact match.,"Completeness, currentness, and accuracy of the privileged account inventory must be ensured.","Completeness, currentness, and accuracy of the privileged account inventory must be ensured.",False
Identity and Access Management Guideline_v2.0,13,13,Match,Match,skipped,Skipped second-pass adjudication because first-pass is an exact match.,"Measures and criteria to manage and handle privileged accounts must be defined, implemented, monitored and controlled to avoid unauthorized usage and harm to IT Assets.","Measures and criteria to manage and handle privileged accounts must be defined, implemented, monitored and controlled to avoid unauthorized usage and harm to IT Assets.",False
Identity and Access Management Guideline_v2.0,13.1,13.1,Match,Match,skipped,Skipped second-pass adjudication because first-pass is an exact match.,Idle Session Timeout: The use of privileged access must be time-limited based on their level of criticality.,Idle Session Timeout: The use of privileged access must be time-limited based on their level of criticality.,False
Identity and Access Management Guideline_v2.0,13.2,13.2,Match,Match,skipped,Skipped second-pass adjudication because first-pass is an exact match.,Separate privileged from non-privileged account: Dedicated user IDs must be created and used for privileged access. Dedicated user IDs must be marked and identifiable for privileged access. Privileged access must not be assigned to user IDs with regular business / IT roles and must be provided based on the function using the least privilege principle.,Separate privileged from non-privileged account: Dedicated user IDs must be created and used for privileged access. Dedicated user IDs must be marked and identifiable for privileged access. Privileged access must not be assigned to user IDs with regular business / IT roles and must be provided based on the function using the least privilege principle.,False
Identity and Access Management Guideline_v2.0,13.3,13.3,Match,Match,skipped,Skipped second-pass adjudication because first-pass is an exact match.,Release of locked privileged accounts must be detected and justified.,Release of locked privileged accounts must be detected and justified.,False
Identity and Access Management Guideline_v2.0,14,14,Match,Match,skipped,Skipped second-pass adjudication because first-pass is an exact match.,Privileged accounts must be monitored and logged. The details must be made available to the Security Information and Event Management (SIEM) for analysis and detection of unauthorized privileged accesses.,Privileged accounts must be monitored and logged. The details must be made available to the Security Information and Event Management (SIEM) for analysis and detection of unauthorized privileged accesses.,False
Identity and Access Management Guideline_v2.0,14.1,14.1,Match,Match,skipped,Skipped second-pass adjudication because first-pass is an exact match.,Logging and Monitoring: Logs must be made available for Security Information and Event Management (SIEM) in a structured way to allow the detection of unauthorized privileged accesses.,Logging and Monitoring: Logs must be made available for Security Information and Event Management (SIEM) in a structured way to allow the detection of unauthorized privileged accesses.,False
Identity and Access Management Guideline_v2.0,14.2,14.2,Match,Match,skipped,Skipped second-pass adjudication because first-pass is an exact match.,"Access to privileged accounts must be technically enforced to require a valid approved change request, ICT incident ticket, or a reference to a catalog of recurring routine activities.","Access to privileged accounts must be technically enforced to require a valid approved change request, ICT incident ticket, or a reference to a catalog of recurring routine activities.",False
Identity and Access Management Guideline_v2.0,14.3,14.3,Match,Match,skipped,Skipped second-pass adjudication because first-pass is an exact match.,Video Session Recording / Text / Key stroke Logging: Any interactive use of privileged accounts by individuals must be recorded through the PAM solution and regularly reviewed on a risk basis.,Video Session Recording / Text / Key stroke Logging: Any interactive use of privileged accounts by individuals must be recorded through the PAM solution and regularly reviewed on a risk basis.,False
Identity and Access Management Guideline_v2.0,14.4,14.4,Match,Match,skipped,Skipped second-pass adjudication because first-pass is an exact match.,"Credentials Obfuscation (Disable Password View / Copy): The passwords for privileged accounts must remain hidden and must not be subject to copying. De-obfuscation for Emergency Accounts and Break Glass Accounts is allowed, provided that: all other Privileged Access Management (PAM) control requirements in ID: 11, 12 and 13 are implemented (including traceability to individuals); passwords must be automatically rotated after being retrieved from the secure storage and utilized; any use of emergency access must be documented, and a Security Information and Event Management (SIEM) alert must be sent in the event of account usage.","Credentials Obfuscation (Disable Password View / Copy): The passwords for privileged accounts must remain hidden and must not be subject to copying. De-obfuscation for Emergency Accounts and Break Glass Accounts is allowed, provided that: - all other Privileged Access Management (PAM) control requirements in ID: 11, 12 and 13 are implemented (including traceability to individuals), - passwords must be automatically rotated after being retrieved from the secure storage and utilized, - any use of emergency access must be documented, and a Security Information and Event Management (SIEM) alert must be sent in the event of account usage.",False
Identity and Access Management Guideline_v2.0,15,15,Match,Match,skipped,Skipped second-pass adjudication because first-pass is an exact match.,"The recertification of access rights and role compositions must be defined, integrated in the access procedure, monitored and controlled.","The recertification of access rights and role compositions must be defined, integrated in the access procedure, monitored and controlled.",False
Identity and Access Management Guideline_v2.0,15.1,15.1,Match,Match,skipped,Skipped second-pass adjudication because first-pass is an exact match.,The following types of recertification must be performed and documented:,The following types of recertification must be performed and documented:,False
Identity and Access Management Guideline_v2.0,15.1.1,15.1.1,Match,Match,skipped,Skipped second-pass adjudication because first-pass is an exact match.,User access recertification must take place every 6 months for business-critical access and for privileged access of all levels by the responsible Line Manager and respective Role Owners.,User access recertification must take place every 6 months for business-critical access and for privileged access of all levels by the responsible Line Manager and respective Role Owners.,False
Identity and Access Management Guideline_v2.0,15.1.2,15.1.2,Match,Match,skipped,Skipped second-pass adjudication because first-pass is an exact match.,User access recertification must take place every 12 months for all other accesses by the responsible Line Manager.,User access recertification must take place every 12 months for all other accesses by the responsible Line Manager.,False
Identity and Access Management Guideline_v2.0,15.1.3,15.1.3,Match,Match,skipped,Skipped second-pass adjudication because first-pass is an exact match.,The following types of recertification must be performed and documented: Role composition recertification by the Role Owner and Asset Owner must take place every 12 months and must include birth right roles.,The following types of recertification must be performed and documented: Role composition recertification by the Role Owner and Asset Owner must take place every 12 months and must include birth right roles.,False
Identity and Access Management Guideline_v2.0,15.2,15.2,Match,Match,skipped,Skipped second-pass adjudication because first-pass is an exact match.,"All unauthorized access, which has been identified during the recertification process, must be revoked after the recertifier’s sign-off.","All unauthorized access, which has been identified during the recertification process, must be revoked after the recertifier’s sign-off.",False
Identity and Access Management Guideline_v2.0,15.3,15.3,Match,Match,skipped,Skipped second-pass adjudication because first-pass is an exact match.,Dedicated access to legal entity data must be reviewed at least once every 12 months by an employee of the respective legal entity.,Dedicated access to legal entity data must be reviewed at least once every 12 months by an employee of the respective legal entity.,False
Identity and Access Management Guideline_v2.0,16,16,Match,Match,skipped,Skipped second-pass adjudication because first-pass is an exact match.,"Tier-0 access must be managed, secured and kept safe.","Tier-0 access must be managed, secured and kept safe.",False
Identity and Access Management Guideline_v2.0,16.1,16.1,Match,Match,skipped,Skipped second-pass adjudication because first-pass is an exact match.,Tier-0 access must additionally comply with the following control requirements:,Tier-0 access must additionally comply with the following control requirements:,False
Identity and Access Management Guideline_v2.0,16.1.1,16.1.1,Match,Match,skipped,Skipped second-pass adjudication because first-pass is an exact match.,Threat Analytics SIEM / PAM: Session monitoring solution must allow for data analysis / logging of actions made by privileged access.,Threat Analytics SIEM / PAM: Session monitoring solution must allow for data analysis / logging of actions made by privileged access.,False
Identity and Access Management Guideline_v2.0,16.1.2,16.1.2,Match,Match,skipped,Skipped second-pass adjudication because first-pass is an exact match.,Maximum Session Time / Time-limited Access: Use of privileged access must be time-limited to the necessary minimum.,Maximum Session Time / Time-limited Access: Use of privileged access must be time-limited to the necessary minimum.,False
Identity and Access Management Guideline_v2.0,16.1.3,16.1.3,Content delta: requirement differs,Content delta: requirement differs,confirmed,Confirmed after footnote/reference stripping.,"In emergency situations, the approval for privileged access must occur through the responsible Manager on Duty. The Ticket Owner must ensure that the ICT incident documentation including approval is provided within 24 hours.","In emergency situations8 , the approval for privileged access must occur through the responsible Manager on Duty. The Ticket Owner must ensure that the ICT incident documentation including approval is provided within 24 hours. (For further details, refer also to the ICT Incident & Operational Event Management Guideline, in Chapter 3 Definitions “Major ICT-related Incident” and if escalation occurs, also ID 21 of the ICT Operations Guideline.)",False
Identity and Access Management Guideline_v2.0,17,17,Match,Match,skipped,Skipped second-pass adjudication because first-pass is an exact match.,"A procedure for Cloud Identity Access Management must be defined, implemented, monitored and controlled to protect against unauthorized usage or privilege escalation of Cloud-related accounts.","A procedure for Cloud Identity Access Management must be defined, implemented, monitored and controlled to protect against unauthorized usage or privilege escalation of Cloud-related accounts.",False
Identity and Access Management Guideline_v2.0,17.1,17.1,Match,Match,skipped,Skipped second-pass adjudication because first-pass is an exact match.,"Federated identities should be used, controlled, and traceability of access must be ensured.","Federated identities should be used, controlled, and traceability of access must be ensured.",False
Identity and Access Management Guideline_v2.0,17.2,17.2,Match,Match,skipped,Skipped second-pass adjudication because first-pass is an exact match.,Federated identities must be technically linked to a valid MyUserID or Account Owner Workgroup.,Federated identities must be technically linked to a valid MyUserID or Account Owner Workgroup.,False
Identity and Access Management Guideline_v2.0,17.3,17.3,Match,Match,skipped,Skipped second-pass adjudication because first-pass is an exact match.,Access event logs to IT Assets must be available and monitored.,Access event logs to IT Assets must be available and monitored.,False
Identity and Access Management Guideline_v2.0,17.4,17.4,Match,Match,skipped,Skipped second-pass adjudication because first-pass is an exact match.,CSP must only be able to access legal entity data and ICT Systems in the cloud after prior and explicit approval for each individual case.,CSP must only be able to access legal entity data and ICT Systems in the cloud after prior and explicit approval for each individual case.,False
Identity and Access Management Guideline_v2.0,17.5,17.5,Match,Match,skipped,Skipped second-pass adjudication because first-pass is an exact match.,Access requests by CSPs personnel to legal entity’s data must go through an access request process that requires explicit approval by the respective information owner.,Access requests by CSPs personnel to legal entity’s data must go through an access request process that requires explicit approval by the respective information owner.,False
Identity and Access Management Guideline_v2.0,17.6,17.6,Match,Match,skipped,Skipped second-pass adjudication because first-pass is an exact match.,The CSP must only be able to use “just in time” (temporary) credentials when technically feasible rather than persistent credentials based on the service models.,The CSP must only be able to use “just in time” (temporary) credentials when technically feasible rather than persistent credentials based on the service models.,False
Identity and Access Management Guideline_v2.0,17.7,17.7,Match,Match,skipped,Skipped second-pass adjudication because first-pass is an exact match.,"Access to cloud environments must be restricted and, where possible, only via the programmatic call of APIs (""infrastructure-as-code"").","Access to cloud environments must be restricted and, where possible, only via the programmatic call of APIs (""infrastructure-as-code"").",False
Identity and Access Management Guideline_v2.0,17.8,17.8,Match,Match,skipped,Skipped second-pass adjudication because first-pass is an exact match.,Cloud assets must use accounts which are centrally managed by the IAM process.,Cloud assets must use accounts which are centrally managed by the IAM process.,False
Identity and Access Management Guideline_v2.0,2,2,Match,Match,skipped,Skipped second-pass adjudication because first-pass is an exact match.,Access Rights for Identity Access Management must be defined and documented.,Access Rights for Identity Access Management must be defined and documented.,False
Identity and Access Management Guideline_v2.0,2.1,2.1,Match,Match,skipped,Skipped second-pass adjudication because first-pass is an exact match.,"Access rights including remote and emergency access must be assigned and provisioned for IT Assets based on need-to-know, need-to-use and least privilege principles.","Access rights including remote and emergency access must be assigned and provisioned for IT Assets based on need-to-know, need-to-use and least privilege principles.",False
Identity and Access Management Guideline_v2.0,2.2,2.2,Match,Match,skipped,Skipped second-pass adjudication because first-pass is an exact match.,Access rights must be designed in alignment with the information classification of the information asset.,Access rights must be designed in alignment with the information classification of the information asset.,False
Identity and Access Management Guideline_v2.0,2.3,2.3,Match,Match,skipped,Skipped second-pass adjudication because first-pass is an exact match.,"It must be ensured that roles and responsibilities are assigned to grant, review, and revoke access rights. Retention periods for logs must be defined in accordance with business and information security objectives, reason for event recording and results of the ICT risk assessment.","It must be ensured that roles and responsibilities are assigned to grant, review, and revoke access rights. Retention periods for logs must be defined in accordance with business and information security objectives, reason for event recording and results of the ICT risk assessment.",False
Identity and Access Management Guideline_v2.0,2.4,2.4,Match,Match,skipped,Skipped second-pass adjudication because first-pass is an exact match.,Role composition must be documented at the level of entitlements in a central tool.,Role composition must be documented at the level of entitlements in a central tool.,False
Identity and Access Management Guideline_v2.0,2.5,2.5,Match,Match,skipped,Skipped second-pass adjudication because first-pass is an exact match.,"Changes to the role composition must be processed (i.e. documented, approved, and tested) based on the change management process required in the Software and Change Management Guideline.","Changes to the role composition must be processed (i.e. documented, approved, and tested) based on the change management process required in the Software and Change Management Guideline.",False
Identity and Access Management Guideline_v2.0,3,3,Match,Match,skipped,Skipped second-pass adjudication because first-pass is an exact match.,"Segregation of Duties (SoD) must be defined, applied, and controlled to prevent any unauthorized access to sensitive data, circumventing access controls or conflicting business interests.","Segregation of Duties (SoD) must be defined, applied, and controlled to prevent any unauthorized access to sensitive data, circumventing access controls or conflicting business interests.",False
Identity and Access Management Guideline_v2.0,3.1,3.1,Content delta: requirement differs,Match,adjusted,Adjusted: delta was only footnote/reference marker noise.,The Business Owner is responsible to assign all roles and entitlements to SoD areas for which Segregation of Duty is required and must be implemented at technical level. Roles assigned to SoD areas must be documented (e.g. in the Authorization Concept of the IT Asset).,The Business Owner is responsible to assign all roles and entitlements to SoD areas [1] for which Segregation of Duty is required and must be implemented at technical level. Roles assigned to SoD areas must be documented (e.g. in the Authorization Concept of the IT Asset).,True
Identity and Access Management Guideline_v2.0,3.2,3.2,Content delta: requirement differs,Match,adjusted,Adjusted: delta was only footnote/reference marker noise.,SoD lifecycle change process must be documented.,SoD lifecycle change process must be documented. [2],True
Identity and Access Management Guideline_v2.0,3.3,3.3,Match,Match,skipped,Skipped second-pass adjudication because first-pass is an exact match.,Entitlements compositions must not contain any SoD conflict in itself.,Entitlements compositions must not contain any SoD conflict in itself.,False
Identity and Access Management Guideline_v2.0,3.4,3.4,Match,Match,skipped,Skipped second-pass adjudication because first-pass is an exact match.,Confirmed toxic SoD combinations must not be (re-) approved (ID 15 for further details).,Confirmed toxic SoD combinations must not be (re-) approved (ID 15 for further details).,False
Identity and Access Management Guideline_v2.0,3.5,3.5,Match,Match,skipped,Skipped second-pass adjudication because first-pass is an exact match.,Entitlements compositions must be assessed with respect to SoD requirements to enable SoD checks based on defined rules.,Entitlements compositions must be assessed with respect to SoD requirements to enable SoD checks based on defined rules.,False
Identity and Access Management Guideline_v2.0,3.6,3.6,Match,Match,skipped,Skipped second-pass adjudication because first-pass is an exact match.,SoD must be reflected in the role composition.,SoD must be reflected in the role composition.,False
Identity and Access Management Guideline_v2.0,3.7,3.7,Match,Match,skipped,Skipped second-pass adjudication because first-pass is an exact match.,The IT access rights allocated to staff must not conflict with any SoD defined rules.,The IT access rights allocated to staff must not conflict with any SoD defined rules.,False
Identity and Access Management Guideline_v2.0,3.8,3.8,Match,Match,skipped,Skipped second-pass adjudication because first-pass is an exact match.,"While requesting and before assigning access to an account, SoD check and handling must be performed.","While requesting and before assigning access to an account, SoD check and handling must be performed.",False
Identity and Access Management Guideline_v2.0,3.9,3.9,Match,Match,skipped,Skipped second-pass adjudication because first-pass is an exact match.,SoD conflicts must be classified and handled according to the defined and implemented SoD processes.,SoD conflicts must be classified and handled according to the defined and implemented SoD processes.,False
Identity and Access Management Guideline_v2.0,4,4,Match,Match,skipped,Skipped second-pass adjudication because first-pass is an exact match.,"For each IT Asset an authorization concept must be developed, implemented, and kept up to date to prevent any unauthorized access or breach of access controls.","For each IT Asset an authorization concept must be developed, implemented, and kept up to date to prevent any unauthorized access or breach of access controls.",False
Identity and Access Management Guideline_v2.0,4.1,4.1,Match,Match,skipped,Skipped second-pass adjudication because first-pass is an exact match.,An Authorization Concept must cover at least the following scope items:,An Authorization Concept must cover at least the following scope items:,False
Identity and Access Management Guideline_v2.0,4.1.1,4.1.1,Match,Match,skipped,Skipped second-pass adjudication because first-pass is an exact match.,"The Authorization Concept must be established based on the security requirements, business needs and the corresponding processes.","The Authorization Concept must be established based on the security requirements, business needs and the corresponding processes.",False
Identity and Access Management Guideline_v2.0,4.1.2,4.1.2,Match,Match,skipped,Skipped second-pass adjudication because first-pass is an exact match.,The Authorization Concept must define the complete design and content of roles and entitlements.,The Authorization Concept must define the complete design and content of roles and entitlements.,False
Identity and Access Management Guideline_v2.0,4.1.3,4.1.3,Match,Match,skipped,Skipped second-pass adjudication because first-pass is an exact match.,The Authorization Concept must define the design and management of user authorization and access (de-) provisioning.,The Authorization Concept must define the design and management of user authorization and access (de-) provisioning.,False
Identity and Access Management Guideline_v2.0,4.1.4,4.1.4,Match,Match,skipped,Skipped second-pass adjudication because first-pass is an exact match.,The Authorization Concept must describe how emergency access is managed and controlled.,The Authorization Concept must describe how emergency access is managed and controlled.,False
Identity and Access Management Guideline_v2.0,4.1.5,4.1.5,Match,Match,skipped,Skipped second-pass adjudication because first-pass is an exact match.,The Authorization Concept for the network infrastructure must define and describe the network access controls.,The Authorization Concept for the network infrastructure must define and describe the network access controls.,False
Identity and Access Management Guideline_v2.0,4.2,4.2,Match,Match,skipped,Skipped second-pass adjudication because first-pass is an exact match.,Authorization Concepts must be reviewed at least every 12 months and updated in case of changes.,Authorization Concepts must be reviewed at least every 12 months and updated in case of changes.,False
Identity and Access Management Guideline_v2.0,4.3,4.3,Match,Match,skipped,Skipped second-pass adjudication because first-pass is an exact match.,Authorization Concepts must be approved prior to activating access rights.,Authorization Concepts must be approved prior to activating access rights.,False
Identity and Access Management Guideline_v2.0,4.4,4.4,Match,Match,skipped,Skipped second-pass adjudication because first-pass is an exact match.,The Information Owner of the adopting LE using the application must review the Authorization Concept.,The Information Owner of the adopting LE using the application must review the Authorization Concept.,False
Identity and Access Management Guideline_v2.0,5,5,Match,Match,skipped,Skipped second-pass adjudication because first-pass is an exact match.,"Access controls must be defined, implemented, monitored and controlled to prevent any unauthorized access, avoid breach of access controls and restrict access to support the protection requirements considering each level of classification.","Access controls must be defined, implemented, monitored and controlled to prevent any unauthorized access, avoid breach of access controls and restrict access to support the protection requirements considering each level of classification.",False
Identity and Access Management Guideline_v2.0,5.1,5.1,Content delta: requirement differs,Content delta: requirement differs,confirmed,Confirmed after footnote/reference stripping.,"Unauthorized access must be defined, identified, prevented and denied by controls and measures for IT Assets and Non-IT Assets.","Unauthorized access must be defined, identified, prevented and denied by controls and measures for IT Assets and Non-IT Assets [1] . [1] Please refer to the SOD Matrix provided by Group Compliance on the intranet for further details. The functional SoD areas, where required, are defined by the Business Owner for specific applications.",False
Identity and Access Management Guideline_v2.0,5.3,5.3,Match,Match,skipped,Skipped second-pass adjudication because first-pass is an exact match.,"Entitlements for access to different Segregation Areas must only be assigned to users reflecting SoDs to access different Segregation Areas. Where separation of environment or duties is difficult (activities in the Green and Red Segregation Areas development and production activities performed by same teams), other controls such as monitoring of activities, audit trails and management supervision must be implemented.","Entitlements for access to different Segregation Areas must only be assigned to users reflecting SoDs to access different Segregation Areas. Where separation of environment or duties is difficult (activities in the Green and Red Segregation Areas development and production activities performed by same teams), other controls such as monitoring of activities, audit trails and management supervision must be implemented.",False
Identity and Access Management Guideline_v2.0,5.4,5.4,Match,Match,skipped,Skipped second-pass adjudication because first-pass is an exact match.,User accounts should be clearly distinguishable in context of the user interface.,User accounts should be clearly distinguishable in context of the user interface.,False
Identity and Access Management Guideline_v2.0,5.6,5.6,Content delta: requirement differs,Content delta: requirement differs,confirmed,Confirmed after footnote/reference stripping.,At least all accesses to Red and Yellow Segregation Area must be logged and all ICT Systems and users must only have access to networks and network services that they have been specifically authorized to use based on the need-to-know principle.,"Controls must be designed and implemented to limit physical or logical access to Information Assets, IT Assets and Non-IT Assets fulfilling this Guideline which refers to access rights and access rights administration.",False
Identity and Access Management Guideline_v2.0,5.7,,Missing in XLSM,Missing in XLSM,confirmed,Confirmed missing after second-pass check.,"Controls must be designed and implemented to limit physical or logical access to Information Assets, IT Assets and Non-IT Assets fulfilling this Guideline which refers to access rights and access rights administration.",,False
Identity and Access Management Guideline_v2.0,6,6,Match,Match,skipped,Skipped second-pass adjudication because first-pass is an exact match.,"Controls and measures must be designed, implemented and managed to ensure that access to information and IT Assets are conducted using a unique identity. The established IAM lifecycle process must manage and control these unique identities.","Controls and measures must be designed, implemented and managed to ensure that access to information and IT Assets are conducted using a unique identity. The established IAM lifecycle process must manage and control these unique identities.",False
Identity and Access Management Guideline_v2.0,6.1,6.1,Match,Match,skipped,Skipped second-pass adjudication because first-pass is an exact match.,"All internal and external individuals, who have access to Information Assets and IT Assets, must have a unique, global user ID (""MyUserID"") linked to a unique account. These accounts (other than shared accounts) must be linked to a MyUserID to remain traceable.","All internal and external individuals, who have access to Information Assets and IT Assets, must have a unique, global user ID (""MyUserID"") linked to a unique account. These accounts (other than shared accounts) must be linked to a MyUserID to remain traceable.",False
Identity and Access Management Guideline_v2.0,6.2,6.2,Match,Match,skipped,Skipped second-pass adjudication because first-pass is an exact match.,"Information on the creation, modification or deletion of unique identifiers assigned to unique user accounts must be logged, monitored, maintained and kept for at least 18 month – even following a reorganization or end of a contractual relationship with the user.","Information on the creation, modification or deletion of unique identifiers assigned to unique user accounts must be logged, monitored, maintained and kept for at least 18 month – even following a reorganization or end of a contractual relationship with the user.",False
Identity and Access Management Guideline_v2.0,7,7,Match,Match,skipped,Skipped second-pass adjudication because first-pass is an exact match.,Contractual obligations must consider the organisations demand on information security to ensure adherence and to prevent information leakage.,Contractual obligations must consider the organisations demand on information security to ensure adherence and to prevent information leakage.,False
Identity and Access Management Guideline_v2.0,7.1,7.1,Match,Match,skipped,Skipped second-pass adjudication because first-pass is an exact match.,"Personal secret authentication information such as passwords, PINs, keys, and tokens must never be shared or be made accessible to any other individual. The correct handling of cryptographic products and key material must be ensured and documented, and employees must be properly trained.","Personal secret authentication information such as passwords, PINs, keys, and tokens must never be shared or be made accessible to any other individual. The correct handling of cryptographic products and key material must be ensured and documented, and employees must be properly trained.",False
Identity and Access Management Guideline_v2.0,7.2,7.2,Match,Match,skipped,Skipped second-pass adjudication because first-pass is an exact match.,Only approved authentication mechanisms must be utilized by the contracting party.,Only approved authentication mechanisms must be utilized by the contracting party.,False
Identity and Access Management Guideline_v2.0,7.3,7.3,Match,Match,skipped,Skipped second-pass adjudication because first-pass is an exact match.,"When users are provided with new or updated secret authentication information, they must get temporary credentials, which must be changed upon first use. The secret authentication information must be valid for no longer than 24 hours.","When users are provided with new or updated secret authentication information, they must get temporary credentials, which must be changed upon first use. The secret authentication information must be valid for no longer than 24 hours.",False
Identity and Access Management Guideline_v2.0,7.4,7.4,Match,Match,skipped,Skipped second-pass adjudication because first-pass is an exact match.,Legal entity’s authentication information must not be used for non-business purposes. This includes but is not limited to not using the same password for the legal entity used and privately used user accounts.,Legal entity’s authentication information must not be used for non-business purposes. This includes but is not limited to not using the same password for the legal entity used and privately used user accounts.,False
Identity and Access Management Guideline_v2.0,7.5,7.5,Match,Match,skipped,Skipped second-pass adjudication because first-pass is an exact match.,Secret authentication information must be changed when suspected of compromise.,Secret authentication information must be changed when suspected of compromise.,False
Identity and Access Management Guideline_v2.0,8,8,Match,Match,skipped,Skipped second-pass adjudication because first-pass is an exact match.,"Passwords and PINs must be defined, kept safe and managed securely.","Passwords and PINs must be defined, kept safe and managed securely.",False
Identity and Access Management Guideline_v2.0,8.1,8.1,Match,Match,skipped,Skipped second-pass adjudication because first-pass is an exact match.,Login-credentials must consider the following:,Login-credentials must consider the following:,False
Identity and Access Management Guideline_v2.0,8.1.1,8.1.1,Match,Match,skipped,Skipped second-pass adjudication because first-pass is an exact match.,"Secret authentication information such as passwords, PINs, keys and tokens must be classified as strictly confidential and protected by cryptographic measures.","Secret authentication information such as passwords, PINs, keys and tokens must be classified as strictly confidential and protected by cryptographic measures.",False
Identity and Access Management Guideline_v2.0,8.1.2,8.1.2,Match,Match,skipped,Skipped second-pass adjudication because first-pass is an exact match.,Passwords must not be displayed by default as clear characters on the screen when being entered but must be hidden.,Passwords must not be displayed by default as clear characters on the screen when being entered but must be hidden.,False
Identity and Access Management Guideline_v2.0,8.1.3,8.1.3,Match,Match,skipped,Skipped second-pass adjudication because first-pass is an exact match.,"Where possible, legal entity owned ICT Systems should leverage central identity provider services, which manage the user passwords.","Where possible, legal entity owned ICT Systems should leverage central identity provider services, which manage the user passwords.",False
Identity and Access Management Guideline_v2.0,8.1.4,8.1.4,Match,Match,skipped,Skipped second-pass adjudication because first-pass is an exact match.,"User passwords (including technical accounts) must not be stored in ICT Systems in plaintext format, should be suitably protected and stored separately from ICT System data.","User passwords (including technical accounts) must not be stored in ICT Systems in plaintext format, should be suitably protected and stored separately from ICT System data.",False
Identity and Access Management Guideline_v2.0,8.1.5,8.1.5,Match,Match,skipped,Skipped second-pass adjudication because first-pass is an exact match.,User passwords must be protected by encryption during their transmission.,User passwords must be protected by encryption during their transmission.,False
Identity and Access Management Guideline_v2.0,8.1.6,8.1.6,Match,Match,skipped,Skipped second-pass adjudication because first-pass is an exact match.,Password transmission must be justified and authorized.,Password transmission must be justified and authorized.,False
Identity and Access Management Guideline_v2.0,8.1.7,8.1.7,Match,Match,skipped,Skipped second-pass adjudication because first-pass is an exact match.,Only authorized individuals and components must be allowed to trigger the change of passwords.,Only authorized individuals and components must be allowed to trigger the change of passwords.,False
Identity and Access Management Guideline_v2.0,8.2,8.2,Match,Match,skipped,Skipped second-pass adjudication because first-pass is an exact match.,A password management policy must be enforced with at least the following criteria:,A password management policy must be enforced with at least the following criteria:,False
Identity and Access Management Guideline_v2.0,8.2.1,8.2.1,Match,Match,skipped,Skipped second-pass adjudication because first-pass is an exact match.,Passwords for primary access must be at least 14 characters long with a lifelong validity.,Passwords for primary access must be at least 14 characters long with a lifelong validity.,False
Identity and Access Management Guideline_v2.0,8.2.2,8.2.2,Match,Match,skipped,Skipped second-pass adjudication because first-pass is an exact match.,Passwords for non-privileged secondary access must be at least 14 characters long with a lifelong validity.,Passwords for non-privileged secondary access must be at least 14 characters long with a lifelong validity.,False
Identity and Access Management Guideline_v2.0,8.2.3,8.2.3,Match,Match,skipped,Skipped second-pass adjudication because first-pass is an exact match.,Passwords for privileged access must be changed at least every 90 days.,Passwords for privileged access must be changed at least every 90 days.,False
Identity and Access Management Guideline_v2.0,8.2.4,8.2.4,Match,Match,skipped,Skipped second-pass adjudication because first-pass is an exact match.,"If 14 characters are technically not feasible, passwords must be at least 8 characters long and must be changed at least every 90 days.","If 14 characters are technically not feasible, passwords must be at least 8 characters long and must be changed at least every 90 days.",False
Identity and Access Management Guideline_v2.0,8.2.5,8.2.5,Match,Match,skipped,Skipped second-pass adjudication because first-pass is an exact match.,New passwords must be different from at least the last 6 passwords.,New passwords must be different from at least the last 6 passwords.,False
Identity and Access Management Guideline_v2.0,8.2.6,8.2.6,Match,Match,skipped,Skipped second-pass adjudication because first-pass is an exact match.,"Initial account passwords must be set up by Account Owners, latest during the first login to the ICT System. Alternatively, users might be given a temporary password by the ICT System administrator that must be changed during first login. This temporary password must be valid for no longer than 24 hours.","Initial account passwords must be set up by Account Owners, latest during the first login to the ICT System. Alternatively, users might be given a temporary password by the ICT System administrator that must be changed during first login. This temporary password must be valid for no longer than 24 hours.",False
Identity and Access Management Guideline_v2.0,8.2.7,8.2.7,Match,Match,skipped,Skipped second-pass adjudication because first-pass is an exact match.,"Password reset or recovery processes must follow the same rules as the initial password setup. Additionally, the identity of the requestor must be verified by the Asset Owner.","Password reset or recovery processes must follow the same rules as the initial password setup. Additionally, the identity of the requestor must be verified by the Asset Owner.",False
Identity and Access Management Guideline_v2.0,8.2.8,8.2.8,Match,Match,skipped,Skipped second-pass adjudication because first-pass is an exact match.,"All default ICT System accounts must be removed, disabled, or have their default passwords changed.","All default ICT System accounts must be removed, disabled, or have their default passwords changed.",False
Identity and Access Management Guideline_v2.0,8.2.9,8.2.9,Match,Match,skipped,Skipped second-pass adjudication because first-pass is an exact match.,"A password must at least contain characters of each of the following categories: upper case characters, lower case characters, numbers, special characters.","A password must at least contain characters of each of the following categories: upper case characters, lower case characters, numbers, special characters.",False
Identity and Access Management Guideline_v2.0,8.3,8.3,Match,Match,skipped,Skipped second-pass adjudication because first-pass is an exact match.,Every password change / reset must be logged and forwarded to SIEM.,Every password change / reset must be logged and forwarded to SIEM.,False
Identity and Access Management Guideline_v2.0,8.4,8.4,Match,Match,skipped,Skipped second-pass adjudication because first-pass is an exact match.,"PINs must be at least 4 digits long and have a lifelong validity. Following a risk-based approach, the minimum number of digits must be increased.","PINs must be at least 4 digits long and have a lifelong validity. Following a risk-based approach, the minimum number of digits must be increased.",False
Identity and Access Management Guideline_v2.0,8.5,8.5,Match,Match,skipped,Skipped second-pass adjudication because first-pass is an exact match.,"Policies and protocols for strong authentication mechanisms must be designed, implemented and controlled based on results of the data classification and the outcome of the ICT risk assessment processes (e.g., cryptographic measures must be commensurate to the classification of the data).","Policies and protocols for strong authentication mechanisms must be designed, implemented and controlled based on results of the data classification and the outcome of the ICT risk assessment processes (e.g., cryptographic measures must be commensurate to the classification of the data).",False
Identity and Access Management Guideline_v2.0,8.6,8.6,Match,Match,skipped,Skipped second-pass adjudication because first-pass is an exact match.,"Any credentialing concept that utilizes other means then passwords, such as passphrases, must provide bit entropy at least on the same level as the current password policy.","Any credentialing concept that utilizes other means then passwords, such as passphrases, must provide bit entropy at least on the same level as the current password policy.",False
Identity and Access Management Guideline_v2.0,9,9,Match,Match,skipped,Skipped second-pass adjudication because first-pass is an exact match.,"Secure authentication mechanisms must be defined, developed, and applied.","Secure authentication mechanisms must be defined, developed, and applied.",False
Identity and Access Management Guideline_v2.0,9.1,9.1,Match,Match,skipped,Skipped second-pass adjudication because first-pass is an exact match.,All legal entity owned ICT Systems must allow access to their resources only after users have been successfully authenticated and authorized.,All legal entity owned ICT Systems must allow access to their resources only after users have been successfully authenticated and authorized.,False
Identity and Access Management Guideline_v2.0,9.10,9.10,Match,Match,skipped,Skipped second-pass adjudication because first-pass is an exact match.,Any successful / unsuccessful log-on attempts must be logged.,Any successful / unsuccessful log-on attempts must be logged.,False
Identity and Access Management Guideline_v2.0,9.11,9.11,Match,Match,skipped,Skipped second-pass adjudication because first-pass is an exact match.,Authentication methods must be applied according to the established classification for Identity and Access Management and the overall risk profile of IT Assets.,Authentication methods must be applied according to the established classification for Identity and Access Management and the overall risk profile of IT Assets.,False
Identity and Access Management Guideline_v2.0,9.12,9.12,Match,Match,skipped,Skipped second-pass adjudication because first-pass is an exact match.,"Strong authentication methods must be established for remote access, for privileged access, for access to IT Assets supporting critical or important functions or for IT Assets that are publicly accessible.","Strong authentication methods must be established for remote access, for privileged access, for access to IT Assets supporting critical or important functions or for IT Assets that are publicly accessible.",False
Identity and Access Management Guideline_v2.0,9.13,9.13,Match,Match,skipped,Skipped second-pass adjudication because first-pass is an exact match.,A risk-based authentication concept for web-based IT Applications and those capable of handling federation protocol-based tokens must be implemented. The authentication strength must be in line with the Segregation Area and the application protection needs.,A risk-based authentication concept for web-based IT Applications and those capable of handling federation protocol-based tokens must be implemented. The authentication strength must be in line with the Segregation Area and the application protection needs.,False
Identity and Access Management Guideline_v2.0,9.2,9.2,Match,Match,skipped,Skipped second-pass adjudication because first-pass is an exact match.,Confidential data must be accessible only if the user is authenticated with a strong two- or multi-factor authentication.,Confidential data must be accessible only if the user is authenticated with a strong two- or multi-factor authentication.,False
Identity and Access Management Guideline_v2.0,9.3,9.3,Match,Match,skipped,Skipped second-pass adjudication because first-pass is an exact match.,"Where possible, ICT Systems should leverage Single-Sign-On (SSO) features provided centrally.","Where possible, ICT Systems should leverage Single-Sign-On (SSO) features provided centrally.",False
Identity and Access Management Guideline_v2.0,9.4,9.4,Match,Match,skipped,Skipped second-pass adjudication because first-pass is an exact match.,"If user credentials input is required, the log-on process must follow the following criteria:","If user credentials input is required, the log-on process must follow the following criteria:",False
Identity and Access Management Guideline_v2.0,9.4.1,9.4.1,Match,Match,skipped,Skipped second-pass adjudication because first-pass is an exact match.,Log-on information must be validated only upon completion of all input data.,Log-on information must be validated only upon completion of all input data.,False
Identity and Access Management Guideline_v2.0,9.4.2,9.4.2,Match,Match,skipped,Skipped second-pass adjudication because first-pass is an exact match.,"Authentication information, such as credentials, is only evaluated on the target ICT System, not on the client device.","Authentication information, such as credentials, is only evaluated on the target ICT System, not on the client device.",False
Identity and Access Management Guideline_v2.0,9.4.3,9.4.3,Match,Match,skipped,Skipped second-pass adjudication because first-pass is an exact match.,Brute-force protection must be implemented. The account must be locked after a maximum of 10 unsuccessful log-on attempts.,Brute-force protection must be implemented. The account must be locked after a maximum of 10 unsuccessful log-on attempts.,False
Identity and Access Management Guideline_v2.0,9.4.4,9.4.4,Match,Match,skipped,Skipped second-pass adjudication because first-pass is an exact match.,"When log-on fails, the error message must not provide any information to the user on the root cause of log-on failure.","When log-on fails, the error message must not provide any information to the user on the root cause of log-on failure.",False
Identity and Access Management Guideline_v2.0,9.5,9.5,Match,Match,skipped,Skipped second-pass adjudication because first-pass is an exact match.,"Depending on the criticality of confidentiality and authenticity protection goal and exposure of the IT Application, the IT Application must use dedicated robust authentication schemes.","Depending on the criticality of confidentiality and authenticity protection goal and exposure of the IT Application, the IT Application must use dedicated robust authentication schemes.",False
Identity and Access Management Guideline_v2.0,9.6,9.6,Match,Match,skipped,Skipped second-pass adjudication because first-pass is an exact match.,"For multi-factor authentication, only standard legal entity approved solutions must be used as the second and additional factors.","For multi-factor authentication, only standard legal entity approved solutions must be used as the second and additional factors.",False
Identity and Access Management Guideline_v2.0,9.7,9.7,Match,Match,skipped,Skipped second-pass adjudication because first-pass is an exact match.,"Two- or multi-factor authentication must be enforced, independent from legal entity’s endpoints.","Two- or multi-factor authentication must be enforced, independent from legal entity’s endpoints.",False
Identity and Access Management Guideline_v2.0,9.8,9.8,Match,Match,skipped,Skipped second-pass adjudication because first-pass is an exact match.,Locked accounts can only be released after secure user identity validation.,Locked accounts can only be released after secure user identity validation.,False
Identity and Access Management Guideline_v2.0,9.9,9.9,Match,Match,skipped,Skipped second-pass adjudication because first-pass is an exact match.,"Unlock of locked accounts must be justified, authorized, and documented.","Unlock of locked accounts must be justified, authorized, and documented.",False
Identity and Access Management_v2.0,5.5,5.5,Missing in DOCX,Missing in DOCX,confirmed,Confirmed missing after second-pass check.,,At least all accesses to Red and Yellow Segregation Area must be logged and all ICT Systems and users must only have access to networks and network services that they have been specifically authorized to use based on the need-to-know principle.,False
Network Security Guideline_v2.0,1,1,Match,Match,skipped,Skipped second-pass adjudication because first-pass is an exact match.,It must be ensured that networks are designed in line with the established IT security requirements.,It must be ensured that networks are designed in line with the established IT security requirements.,False
Network Security Guideline_v2.0,1.1,1.1,Match,Match,skipped,Skipped second-pass adjudication because first-pass is an exact match.,Relevant established requirements as well as best practices or standards within the industry must be taken into account when designing networks.,Relevant established requirements as well as best practices or standards within the industry must be taken into account when designing networks.,False
Network Security Guideline_v2.0,1.2,1.2,Match,Match,skipped,Skipped second-pass adjudication because first-pass is an exact match.,The network architecture and the network security design must be reviewed annually to identify potential vulnerabilities.,The network architecture and the network security design must be reviewed annually to identify potential vulnerabilities.,False
Network Security Guideline_v2.0,1.3,1.3,Match,Match,skipped,Skipped second-pass adjudication because first-pass is an exact match.,"The network topologies with all network connections and data flows must be documented, including but not limited to the clear specification of relevant elements like network security zones, network segments and their classification based on the assigned IT applications in the respective segment.","The network topologies with all network connections and data flows must be documented, including but not limited to the clear specification of relevant elements like network security zones, network segments and their classification based on the assigned IT applications in the respective segment.",False
Network Security Guideline_v2.0,1.4,1.4,Match,Match,skipped,Skipped second-pass adjudication because first-pass is an exact match.,The documentation on network topology must be reviewed and updated after major network changes or at least annually.,The documentation on network topology must be reviewed and updated after major network changes or at least annually.,False
Network Security Guideline_v2.0,1.5,1.5,Match,Match,skipped,Skipped second-pass adjudication because first-pass is an exact match.,Architecture guidance and best practices for the use of cloud services must be established to get the right balance between usage of cloud native services and avoidance of lock-in by providing the required interoperability and portability where needed.,Architecture guidance and best practices for the use of cloud services must be established to get the right balance between usage of cloud native services and avoidance of lock-in by providing the required interoperability and portability where needed.,False
Network Security Guideline_v2.0,10,10,Match,Match,skipped,Skipped second-pass adjudication because first-pass is an exact match.,It must be ensured that suitable web filtering is in place to prevent access to unauthorized or insecure resources.,It must be ensured that suitable web filtering is in place to prevent access to unauthorized or insecure resources.,False
Network Security Guideline_v2.0,10.1,10.1,Match,Match,skipped,Skipped second-pass adjudication because first-pass is an exact match.,"Proxies must check all unencrypted and encrypted communications. To do this, for all encrypted connections between external and internal networks, interception and inspection must be possible at the proxy, in both directions.","Proxies must check all unencrypted and encrypted communications. To do this, for all encrypted connections between external and internal networks, interception and inspection must be possible at the proxy, in both directions.",False
Network Security Guideline_v2.0,10.2,10.2,Match,Match,skipped,Skipped second-pass adjudication because first-pass is an exact match.,The management of blacklisted (denied) or whitelisted (allowed) destinations on proxies must be defined.,The management of blacklisted (denied) or whitelisted (allowed) destinations on proxies must be defined.,False
Network Security Guideline_v2.0,10.3,10.3,Match,Match,skipped,Skipped second-pass adjudication because first-pass is an exact match.,"Proxies must be able to protect from prohibited targets, detect malware and protect users and ICT systems from malicious content.","Proxies must be able to protect from prohibited targets, detect malware and protect users and ICT systems from malicious content.",False
Network Security Guideline_v2.0,10.4,10.4,Match,Match,skipped,Skipped second-pass adjudication because first-pass is an exact match.,Bypassing the proxies must be prevented by appropriate configuration.,Bypassing the proxies must be prevented by appropriate configuration.,False
Network Security Guideline_v2.0,10.5,10.5,Match,Match,skipped,Skipped second-pass adjudication because first-pass is an exact match.,"All proxy rules, including exceptions (whitelisting), must be revalidated at defined intervals.","All proxy rules, including exceptions (whitelisting), must be revalidated at defined intervals.",False
Network Security Guideline_v2.0,10.6,10.6,Match,Match,skipped,Skipped second-pass adjudication because first-pass is an exact match.,"Access to external websites must be managed based on defined processes for website white- and blacklisting, covering the following aspects: Roles and responsibilities Baseline of proxy rules Management of exceptional approvals process Management of proxy rule recertifications at defined intervals Monitoring activities","Access to external websites must be managed based on defined processes for website white- and blacklisting, covering the following aspects: - Roles and responsibilities - Baseline of proxy rules - Management of exceptional approvals process - Management of proxy rule recertifications at defined intervals - Monitoring activities",False
Network Security Guideline_v2.0,10.7,10.7,Match,Match,skipped,Skipped second-pass adjudication because first-pass is an exact match.,Access to the following types of websites must be blocked: Known or suspected malicious websites Command and control servers Malicious websites acquired from threat intelligence Websites sharing illegal content,Access to the following types of websites must be blocked: - Known or suspected malicious websites - Command and control servers - Malicious websites acquired from threat intelligence - Websites sharing illegal content,False
Network Security Guideline_v2.0,10.8,10.8,Match,Match,skipped,Skipped second-pass adjudication because first-pass is an exact match.,Websites that have an information upload function unless permitted for valid business reasons must be blocked following a risk-based approach.,Websites that have an information upload function unless permitted for valid business reasons must be blocked following a risk-based approach.,False
Network Security Guideline_v2.0,11,11,Match,Match,skipped,Skipped second-pass adjudication because first-pass is an exact match.,"For network and cloud-related events, event logging must be established so that security-related events are logged and made available for later analysis.","For network and cloud-related events, event logging must be established so that security-related events are logged and made available for later analysis.",False
Network Security Guideline_v2.0,11.1,11.1,Match,Match,skipped,Skipped second-pass adjudication because first-pass is an exact match.,Access to networks and network services must be logged and regularly evaluated for anomalies/attack scenarios.,Access to networks and network services must be logged and regularly evaluated for anomalies/attack scenarios.,False
Network Security Guideline_v2.0,11.2,11.2,Match,Match,skipped,Skipped second-pass adjudication because first-pass is an exact match.,Log management must be implemented to ensure that all security-relevant logs of IT Assets managed by Legal entity are persisted in a central space.,Log management must be implemented to ensure that all security-relevant logs of IT Assets managed by Legal entity are persisted in a central space.,False
Network Security Guideline_v2.0,11.3,11.3,Match,Match,skipped,Skipped second-pass adjudication because first-pass is an exact match.,At least the following events must be logged and reported to SIEM or equivalent or network performance monitoring solution at the legal entity in accordance with the ICT Incident & Operational Event Management Guideline: Network traffic activities Network performance,At least the following events must be logged and reported to SIEM or equivalent or network performance monitoring solution at the legal entity in accordance with the ICT Incident & Operational Event Management Guideline: - Network traffic activities - Network performance,False
Network Security Guideline_v2.0,11.4,11.4,Match,Match,skipped,Skipped second-pass adjudication because first-pass is an exact match.,"Unauthorized attempts to access the legal entity network must be banned, monitored, investigated, and reported to SIEM or equivalent at the legal entity.","Unauthorized attempts to access the legal entity network must be banned, monitored, investigated, and reported to SIEM or equivalent at the legal entity.",False
Network Security Guideline_v2.0,12,12,Content delta: description differs,Match,adjusted,Adjusted: delta was only footnote/reference marker noise.,"It must be ensured that a security concept is in place, maintained and submitted to the Bundesnetzagentur in relevant cases.","It must be ensured that a security concept is in place, maintained and submitted to the Bundesnetzagentur in relevant cases.",True
Network Security Guideline_v2.0,12.1,12.1,Content delta: description differs,Match,adjusted,Adjusted: delta was only footnote/reference marker noise.,A security concept which describes the threats and implemented security measures for the telecommunication network and/or offered telecommunication services and regularly verify their effectiveness must be created and maintained.,A security concept which describes the threats and implemented security measures for the telecommunication network and/or offered telecommunication services and regularly verify their effectiveness must be created and maintained.,True
Network Security Guideline_v2.0,12.2,12.2,Content delta: description differs,Match,adjusted,Adjusted: delta was only footnote/reference marker noise.,The security concept must be submitted to the Bundesnetzagentur when starting the operation and in case of significant changes.,The security concept must be submitted to the Bundesnetzagentur when starting the operation and in case of significant changes.,True
Network Security Guideline_v2.0,13,13,Match,Match,skipped,Skipped second-pass adjudication because first-pass is an exact match.,It must be ensured that robust cloud-specific security measures are in place.,It must be ensured that robust cloud-specific security measures are in place.,False
Network Security Guideline_v2.0,13.1,13.1,Match,Match,skipped,Skipped second-pass adjudication because first-pass is an exact match.,It must be ensured that appropriate controls to ensure isolation of tenants are implemented.,It must be ensured that appropriate controls to ensure isolation of tenants are implemented.,False
Network Security Guideline_v2.0,13.2,13.2,Match,Match,skipped,Skipped second-pass adjudication because first-pass is an exact match.,"Services of CSPs must be evaluated and tested, and it must be ensured that the services, including APIs, can be used to retrieve own data.","Services of CSPs must be evaluated and tested, and it must be ensured that the services, including APIs, can be used to retrieve own data.",False
Network Security Guideline_v2.0,13.3,13.3,Match,Match,skipped,Skipped second-pass adjudication because first-pass is an exact match.,"The legal entity must ensure that provisions included in the contract with the CSP to access the data upon termination of the contract, to download all relevant data, and to permanently delete the data upon request by legal entity.","The legal entity must ensure that provisions included in the contract with the CSP to access the data upon termination of the contract, to download all relevant data, and to permanently delete the data upon request by legal entity.",False
Network Security Guideline_v2.0,13.4,13.4,Match,Match,skipped,Skipped second-pass adjudication because first-pass is an exact match.,Transfer legal entity information/data to storage provided by cloud infrastructure is allowed only for authorized and approved suppliers. Other control requirements for suppliers are incorporated in the Third-Party ICT Risk Management Guideline. Measures must be implemented to prevent and detect the use of such non-authorized and non-approved suppliers.,Transfer legal entity information/data to storage provided by cloud infrastructure is allowed only for authorized and approved suppliers. Other control requirements for suppliers are incorporated in the Third-Party ICT Risk Management Guideline. Measures must be implemented to prevent and detect the use of such non-authorized and non-approved suppliers.,False
Network Security Guideline_v2.0,13.5,13.5,Match,Match,skipped,Skipped second-pass adjudication because first-pass is an exact match.,"It must be ensured host and guest OS, hypervisor or infrastructure control plane are hardened according to their respective industry best practices, and supported by technical controls, as part of a security baseline.","It must be ensured host and guest OS, hypervisor or infrastructure control plane are hardened according to their respective industry best practices, and supported by technical controls, as part of a security baseline.",False
Network Security Guideline_v2.0,13.6,13.6,Match,Match,skipped,Skipped second-pass adjudication because first-pass is an exact match.,Application and infrastructure architecture must be set up in such a way that intrusion or expansion of unauthorized access is made as difficult as possible.,Application and infrastructure architecture must be set up in such a way that intrusion or expansion of unauthorized access is made as difficult as possible.,False
Network Security Guideline_v2.0,13.7,13.7,Match,Match,skipped,Skipped second-pass adjudication because first-pass is an exact match.,"As part of ensuring an adequate level of cyber and information security, measures must be taken to secure network connections against disruption and unauthorized monitoring.","As part of ensuring an adequate level of cyber and information security, measures must be taken to secure network connections against disruption and unauthorized monitoring.",False
Network Security Guideline_v2.0,2,2,Match,Match,skipped,Skipped second-pass adjudication because first-pass is an exact match.,It must be ensured through appropriate network configuration that all network and infrastructure components are securely configured and hardened.,It must be ensured through appropriate network configuration that all network and infrastructure components are securely configured and hardened.,False
Network Security Guideline_v2.0,2.1,2.1,Match,Match,skipped,Skipped second-pass adjudication because first-pass is an exact match.,"Secure configuration and hardening baselines for all network and infrastructure components must be defined, documented, implemented and, for components in the Red and Yellow Segregation Areas regularly be reviewed in line with the ICT Operations Guideline.","Secure configuration and hardening baselines for all network and infrastructure components must be defined, documented, implemented and, for components in the Red and Yellow Segregation Areas regularly be reviewed in line with the ICT Operations Guideline.",False
Network Security Guideline_v2.0,2.1.1,2.1.1,Match,Match,skipped,Skipped second-pass adjudication because first-pass is an exact match.,"All instructions from vendors as well as best practices and standards within the industry, that can serve as a robust benchmark, must be followed.","All instructions from vendors as well as best practices and standards within the industry, that can serve as a robust benchmark, must be followed.",False
Network Security Guideline_v2.0,2.2,2.2,Match,Match,skipped,Skipped second-pass adjudication because first-pass is an exact match.,Hardening baselines must be implemented and verified before using a new or changed infrastructure component in the Red Segregation Area in line with the ICT Operations Guideline.,Hardening baselines must be implemented and verified before using a new or changed infrastructure component in the Red Segregation Area in line with the ICT Operations Guideline.,False
Network Security Guideline_v2.0,2.3,2.3,Match,Match,skipped,Skipped second-pass adjudication because first-pass is an exact match.,"Procedures must be in place to limit, lock and terminate ICT systems and remote sessions after a specific period of inactivity.","Procedures must be in place to limit, lock and terminate ICT systems and remote sessions after a specific period of inactivity.",False
Network Security Guideline_v2.0,2.4,2.4,Match,Match,skipped,Skipped second-pass adjudication because first-pass is an exact match.,Configuration files of security-relevant network components must be secured against tampering (running configuration files and start-up configuration files).,Configuration files of security-relevant network components must be secured against tampering (running configuration files and start-up configuration files).,False
Network Security Guideline_v2.0,3,3,Match,Match,skipped,Skipped second-pass adjudication because first-pass is an exact match.,"It must be ensured that network services are managed, and security features are documented in a way that ensures consistent and secure service delivery.","It must be ensured that network services are managed, and security features are documented in a way that ensures consistent and secure service delivery.",False
Network Security Guideline_v2.0,3.1,3.1,Match,Match,skipped,Skipped second-pass adjudication because first-pass is an exact match.,"A regular process must be defined and implemented to identify, specify, document, and monitor IT and information security measures and features (typically in a service catalogue, or Asset Security Documentation (ASD)), service levels and management requirements of all network services with their defined scope and applicability.","A regular process must be defined and implemented to identify, specify, document, and monitor IT and information security measures and features (typically in a service catalogue, or Asset Security Documentation (ASD)), service levels and management requirements of all network services with their defined scope and applicability.",False
Network Security Guideline_v2.0,3.1.1,3.1.1,Match,Match,skipped,Skipped second-pass adjudication because first-pass is an exact match.,It must be specified whether the services are provided by an ICT third-party service provider or an internal service provider.,It must be specified whether the services are provided by an ICT third-party service provider or an internal service provider.,False
Network Security Guideline_v2.0,3.2,3.2,Match,Match,skipped,Skipped second-pass adjudication because first-pass is an exact match.,"A regular process for managing network services must be defined as part of the network operational documentation and include responsibilities, standard and emergency operation procedures, defined implementation rules and related communication as part of change management process.","A regular process for managing network services must be defined as part of the network operational documentation and include responsibilities, standard and emergency operation procedures, defined implementation rules and related communication as part of change management process.",False
Network Security Guideline_v2.0,3.3,3.3,Match,Match,skipped,Skipped second-pass adjudication because first-pass is an exact match.,The scope of documentation must be in accordance with the asset specifications documented in an asset inventory.,The scope of documentation must be in accordance with the asset specifications documented in an asset inventory.,False
Network Security Guideline_v2.0,3.4,3.4,Match,Match,skipped,Skipped second-pass adjudication because first-pass is an exact match.,Each network segment must have a defined list of allowed access protocols.,Each network segment must have a defined list of allowed access protocols.,False
Network Security Guideline_v2.0,4,4,Match,Match,skipped,Skipped second-pass adjudication because first-pass is an exact match.,"It must be ensured that access to network-connected IT Assets, especially networks and network services, are controlled through stringent access controls and authentication mechanisms to ensure only authorized entities can connect and access the resources.","It must be ensured that access to network-connected IT Assets, especially networks and network services, are controlled through stringent access controls and authentication mechanisms to ensure only authorized entities can connect and access the resources.",False
Network Security Guideline_v2.0,4.1,4.1,Match,Match,skipped,Skipped second-pass adjudication because first-pass is an exact match.,Secure access to IT Assets from devices used for remote work must be ensured.,Secure access to IT Assets from devices used for remote work must be ensured.,False
Network Security Guideline_v2.0,4.2,4.2,Match,Match,skipped,Skipped second-pass adjudication because first-pass is an exact match.,"Network access controls must be identified and implemented to prevent and detect network connections by unauthorized devices or ICT systems, including endpoints not meeting the defined security requirements.","Network access controls must be identified and implemented to prevent and detect network connections by unauthorized devices or ICT systems, including endpoints not meeting the defined security requirements.",False
Network Security Guideline_v2.0,4.3,4.3,Match,Match,skipped,Skipped second-pass adjudication because first-pass is an exact match.,The network connection between external and internal ICT Systems must only be established after authentication and must be encrypted.,The network connection between external and internal ICT Systems must only be established after authentication and must be encrypted.,False
Network Security Guideline_v2.0,4.4,4.4,Match,Match,skipped,Skipped second-pass adjudication because first-pass is an exact match.,All IT Assets connecting to the corporate network of the legal entity’s internal wireless infrastructure must be authenticated.,All IT Assets connecting to the corporate network of the legal entity’s internal wireless infrastructure must be authenticated.,False
Network Security Guideline_v2.0,4.5,4.5,Match,Match,skipped,Skipped second-pass adjudication because first-pass is an exact match.,Access to internal legal entity ICT systems and networks from external/non-legal entity networks must only be possible after two-factor-authentication via approved legal entity environments.,Access to internal legal entity ICT systems and networks from external/non-legal entity networks must only be possible after two-factor-authentication via approved legal entity environments.,False
Network Security Guideline_v2.0,4.6,4.6,Match,Match,skipped,Skipped second-pass adjudication because first-pass is an exact match.,"All ICT Systems, including IT Applications, and users must only have access to networks and network services that they have been specifically authorized to use based on the need-to-know principle.","All ICT Systems, including IT Applications, and users must only have access to networks and network services that they have been specifically authorized to use based on the need-to-know principle.",False
Network Security Guideline_v2.0,5,5,Match,Match,skipped,Skipped second-pass adjudication because first-pass is an exact match.,"Network connections, including data in transit, must be protected in a way that preserves their integrity and ensures confidentiality.","Network connections, including data in transit, must be protected in a way that preserves their integrity and ensures confidentiality.",False
Network Security Guideline_v2.0,5.1,5.1,Match,Match,skipped,Skipped second-pass adjudication because first-pass is an exact match.,"Network connections, with the respective communication protocols used, as well as data in transit passing over all types of networks must be encrypted to preserve confidentiality, integrity, availability, and authenticity in line with the Encryption and Key Management Guideline by using standardized, secure cryptographic protocols (e.g., TLS) with legal entity approved cryptographic measures and a secure configuration to prevent man-in-the-middle attacks. The following must be ensured:","Network connections, with the respective communication protocols used, as well as data in transit passing over all types of networks must be encrypted to preserve confidentiality, integrity, availability, and authenticity in line with the Encryption and Key Management Guideline by using standardized, secure cryptographic protocols (e.g., TLS) with legal entity approved cryptographic measures and a secure configuration to prevent man-in-the-middle attacks. The following must be ensured:",False
Network Security Guideline_v2.0,5.1.1,5.1.1,Match,Match,skipped,Skipped second-pass adjudication because first-pass is an exact match.,Procedures must be established to assess compliance with the requirements on the protection of data during network transmission.,Procedures must be established to assess compliance with the requirements on the protection of data during network transmission.,False
Network Security Guideline_v2.0,5.1.2,5.1.2,Match,Match,skipped,Skipped second-pass adjudication because first-pass is an exact match.,Network traffic between internal networks and the Internet as well as other external connections must be secured.,Network traffic between internal networks and the Internet as well as other external connections must be secured.,False
Network Security Guideline_v2.0,6,6,Match,Match,skipped,Skipped second-pass adjudication because first-pass is an exact match.,Dedicated environments must be provided in accordance with their intended use.,Dedicated environments must be provided in accordance with their intended use.,False
Network Security Guideline_v2.0,6.1,6.1,Match,Match,skipped,Skipped second-pass adjudication because first-pass is an exact match.,"Red, Yellow, Blue and Green segregation areas must be segregated at least logically.","Red, Yellow, Blue and Green segregation areas must be segregated at least logically.",False
Network Security Guideline_v2.0,6.2,6.2,Match,Match,skipped,Skipped second-pass adjudication because first-pass is an exact match.,A physically separate network test lab must be provided for testing and acceptance testing of on-premises network services.,A physically separate network test lab must be provided for testing and acceptance testing of on-premises network services.,False
Network Security Guideline_v2.0,7,7,Match,Match,skipped,Skipped second-pass adjudication because first-pass is an exact match.,It must be ensured that networks are segregated appropriately.,It must be ensured that networks are segregated appropriately.,False
Network Security Guideline_v2.0,7.1,7.1,Match,Match,skipped,Skipped second-pass adjudication because first-pass is an exact match.,Groups of network connected IT Assets must be segmented and segregated into different types of network security zones according to their purpose:,Groups of network connected IT Assets must be segmented and segregated into different types of network security zones according to their purpose:,False
Network Security Guideline_v2.0,7.1.1,7.1.1,Match,Match,skipped,Skipped second-pass adjudication because first-pass is an exact match.,The network security zones types must at least be logically segregated from each other.,The network security zones types must at least be logically segregated from each other.,False
Network Security Guideline_v2.0,7.1.2,7.1.2,Match,Match,skipped,Skipped second-pass adjudication because first-pass is an exact match.,Within the network security zone types the network-connected IT Assets must be segregated on a risk-based approach.,Within the network security zone types the network-connected IT Assets must be segregated on a risk-based approach.,False
Network Security Guideline_v2.0,7.1.3,7.1.3,Match,Match,skipped,Skipped second-pass adjudication because first-pass is an exact match.,"Within the Internet and Partner network security zone types, the network-connected IT Assets must be assigned to their own DMZ on a risk-based approach.","Within the Internet and Partner network security zone types, the network-connected IT Assets must be assigned to their own DMZ on a risk-based approach.",False
Network Security Guideline_v2.0,7.2,7.2,Content delta: requirement differs,Content delta: requirement differs,confirmed,Confirmed after footnote/reference stripping.,"The following must be considered in the risk-based approach for segregation: The criticality or importance of the function those ICT Systems, including networks, support The established classification The overall risk profile of IT Assets using those ICT Systems, including networks","The following must be taken into accountconsidered in the risk-based approach for segregation: - The criticality or importance of the function those ICT Systems, including and networks, support - The established classification - The overall risk profile of IT Assets using those ICT Systems, including and networks",False
Network Security Guideline_v2.0,7.3,7.3,Match,Match,skipped,Skipped second-pass adjudication because first-pass is an exact match.,All network-connected IT Assets must be assigned to a network security zone that corresponds to their use case.,All network-connected IT Assets must be assigned to a network security zone that corresponds to their use case.,False
Network Security Guideline_v2.0,7.4,7.4,Match,Match,skipped,Skipped second-pass adjudication because first-pass is an exact match.,The perimeter of each network security zone must be defined.,The perimeter of each network security zone must be defined.,False
Network Security Guideline_v2.0,7.5,7.5,Match,Match,skipped,Skipped second-pass adjudication because first-pass is an exact match.,Connections from external networks must be terminated in designated DMZ and must be protected by two-stage firewall (inner and outer) which are from different vendors.,Connections from external networks must be terminated in designated DMZ and must be protected by two-stage firewall (inner and outer) which are from different vendors.,False
Network Security Guideline_v2.0,7.5.1,7.5.1,Content delta: requirement differs,Content delta: requirement differs,confirmed,Confirmed after footnote/reference stripping.,"For SaaS, equivalent protection level should be applied.","For SaaS, the same protection level should be applied.",False
Network Security Guideline_v2.0,7.5.2,7.5.2,Content delta: requirement differs,Content delta: requirement differs,confirmed,Confirmed after footnote/reference stripping.,"For IaaS and PaaS where network controls are harmonized with internal networks, PaaS and IaaS can be treated as internal networks. Otherwise, the same protections for external networks must be applied.","For IaaS and PaaS where network controls are harmonized with internal networks, PaaS and IaaS can be treated as internal networks. Otherwise, the same protection level as for external networks must be applied.",False
Network Security Guideline_v2.0,7.6,7.6,Content delta: requirement differs,Content delta: requirement differs,confirmed,Confirmed after footnote/reference stripping.,"If a DMZ is not used, whether due to business model limitations or other valid reasons, a justification must be documented and an equivalent solutions with an adequate verified level of protection must be implemented.","If a DMZ is not used, whether due to business model limitations or other valid reasons, a justification must be documented and other equivalent solutions with an adequate verified level of protection must be implemented.",False
Network Security Guideline_v2.0,7.7,7.7,Match,Match,skipped,Skipped second-pass adjudication because first-pass is an exact match.,"For the administration of IT Assets, a separate and dedicated network must be used.","For the administration of IT Assets, a separate and dedicated network must be used.",False
Network Security Guideline_v2.0,7.8,7.8,Match,Match,skipped,Skipped second-pass adjudication because first-pass is an exact match.,"Automated mechanisms must be in place and the network connection infrastructure must be designed in a way that allows to temporarily isolate, where necessary, subnetworks, network components and network connected IT Assets instantaneously.","Automated mechanisms must be in place and the network connection infrastructure must be designed in a way that allows to temporarily isolate, where necessary, subnetworks, network components and network connected IT Assets instantaneously.",False
Network Security Guideline_v2.0,8,8,Match,Match,skipped,Skipped second-pass adjudication because first-pass is an exact match.,Firewalls and connection filters must be implemented and managed to ensure reliable and strict control of data traffic between networks on an ongoing basis.,Firewalls and connection filters must be implemented and managed to ensure reliable and strict control of data traffic between networks on an ongoing basis.,False
Network Security Guideline_v2.0,8.1,8.1,Match,Match,skipped,Skipped second-pass adjudication because first-pass is an exact match.,Firewall configurations must prevent any unauthorized connections between network security zones.,Firewall configurations must prevent any unauthorized connections between network security zones.,False
Network Security Guideline_v2.0,8.10,8.10,Match,Match,skipped,Skipped second-pass adjudication because first-pass is an exact match.,The desktop firewall and/or application firewall must ensure that only authorized traffic enters or leaves the ICT System.,The desktop firewall and/or application firewall must ensure that only authorized traffic enters or leaves the ICT System.,False
Network Security Guideline_v2.0,8.2,8.2,Match,Match,skipped,Skipped second-pass adjudication because first-pass is an exact match.,Firewall rules must be implemented according to defined criteria for network connectivity.,Firewall rules must be implemented according to defined criteria for network connectivity.,False
Network Security Guideline_v2.0,8.3,8.3,Match,Match,skipped,Skipped second-pass adjudication because first-pass is an exact match.,"Implementation and removal of firewall rules must follow defined procedures, if possible, with an automatic workflow.","Implementation and removal of firewall rules must follow defined procedures, if possible, with an automatic workflow.",False
Network Security Guideline_v2.0,8.4,8.4,Match,Match,skipped,Skipped second-pass adjudication because first-pass is an exact match.,"If provisioning is done manually, additional controls (four-eyes-principle) must be established.","If provisioning is done manually, additional controls (four-eyes-principle) must be established.",False
Network Security Guideline_v2.0,8.5,8.5,Match,Match,skipped,Skipped second-pass adjudication because first-pass is an exact match.,"Roles, responsibilities and steps for the specification, implementation, approval, change and review of firewall rules and connection filters must be identified in defined procedures.","Roles, responsibilities and steps for the specification, implementation, approval, change and review of firewall rules and connection filters must be identified in defined procedures.",False
Network Security Guideline_v2.0,8.6,8.6,Match,Match,skipped,Skipped second-pass adjudication because first-pass is an exact match.,Firewall rules and connection filters must be recertified regularly and adhere to all of the following:,Firewall rules and connection filters must be recertified regularly and adhere to all of the following:,False
Network Security Guideline_v2.0,8.6.1,8.6.1,Match,Match,skipped,Skipped second-pass adjudication because first-pass is an exact match.,The recertification must be performed in accordance with the established classification and the overall risk profile of ICT Systems involved.,The recertification must be performed in accordance with the established classification and the overall risk profile of ICT Systems involved.,False
Network Security Guideline_v2.0,8.6.2,8.6.2,Match,Match,skipped,Skipped second-pass adjudication because first-pass is an exact match.,"For ICT Systems supporting critical or important functions, the adequacy of existing firewall rules and connection filters must be recertified at least every 6 months.","For ICT Systems supporting critical or important functions, the adequacy of existing firewall rules and connection filters must be recertified at least every 6 months.",False
Network Security Guideline_v2.0,8.7,8.7,Match,Match,skipped,Skipped second-pass adjudication because first-pass is an exact match.,All requests - including the justification for the firewall rule - must be documented (to ensure traceability).,All requests - including the justification for the firewall rule - must be documented (to ensure traceability).,False
Network Security Guideline_v2.0,8.8,8.8,Match,Match,skipped,Skipped second-pass adjudication because first-pass is an exact match.,Deviations from the Network Adequacy Matrix must be approved.,Deviations from the Network Adequacy Matrix must be approved.,False
Network Security Guideline_v2.0,8.9,8.9,Match,Match,skipped,Skipped second-pass adjudication because first-pass is an exact match.,Web-application firewalls must be installed in front of internet-facing web-based applications.,Web-application firewalls must be installed in front of internet-facing web-based applications.,False
Network Security Guideline_v2.0,9,9,Match,Match,skipped,Skipped second-pass adjudication because first-pass is an exact match.,It must be ensured that perimeters are secured in such a way that unauthorized access and connections are prevented.,It must be ensured that perimeters are secured in such a way that unauthorized access and connections are prevented.,False
Network Security Guideline_v2.0,9.1,9.1,Match,Match,skipped,Skipped second-pass adjudication because first-pass is an exact match.,Protective mechanisms must be implemented at each network security zone transition.,Protective mechanisms must be implemented at each network security zone transition.,False
Network Security Guideline_v2.0,9.2,9.2,Match,Match,skipped,Skipped second-pass adjudication because first-pass is an exact match.,Only necessary and allowed connectivity (according to applicable Security Documentation (SD) /Network Adequacy Matrix) between network security zones must be implemented.,Only necessary and allowed connectivity (according to applicable Security Documentation (SD) /Network Adequacy Matrix) between network security zones must be implemented.,False
Network Security Guideline_v2.0,9.3,9.3,Match,Match,skipped,Skipped second-pass adjudication because first-pass is an exact match.,"All inbound and outbound network traffic must be controlled, monitored based on the confidentiality class of the IT Assets, and denied by default by the principle of explicit allowance.","All inbound and outbound network traffic must be controlled, monitored based on the confidentiality class of the IT Assets, and denied by default by the principle of explicit allowance.",False
Network Security Guideline_v2.0,9.4,9.4,Match,Match,skipped,Skipped second-pass adjudication because first-pass is an exact match.,IDS and IPS must be in place to analyze all network traffic between network security zones to ensure that attacks or misuse are actively prevented.,IDS and IPS must be in place to analyze all network traffic between network security zones to ensure that attacks or misuse are actively prevented.,False
Network Security Guideline_v2.0,9.5,9.5,Match,Match,skipped,Skipped second-pass adjudication because first-pass is an exact match.,IDS and IPS must be updated at defined intervals on a risk-based approach.,IDS and IPS must be updated at defined intervals on a risk-based approach.,False
Network Security Guideline_v2.0,9.6,9.6,Match,Match,skipped,Skipped second-pass adjudication because first-pass is an exact match.,"Risk-based technical security measures must be implemented that are capable of detecting and responding to network-based attacks based on anomalous input or output traffic patterns and/or distributed denial of service (DDoS) and denial of service (DoS), including corresponding filtering capabilities.","Risk-based technical security measures must be implemented that are capable of detecting and responding to network-based attacks based on anomalous input or output traffic patterns and/or distributed denial of service (DDoS) and denial of service (DoS), including corresponding filtering capabilities.",False
Network Security Guideline_v2.0,9.7,9.7,Match,Match,skipped,Skipped second-pass adjudication because first-pass is an exact match.,"When using cloud services, the CSP must allow for controls to minimize and protect the perimeter of Publicly Accessible Endpoints.","When using cloud services, the CSP must allow for controls to minimize and protect the perimeter of Publicly Accessible Endpoints.",False
Network Security Guideline_v2.0,9.8,9.8,Match,Match,skipped,Skipped second-pass adjudication because first-pass is an exact match.,"It must be ensured that no network traffic could bypass perimeter security (e.g. firewalls, SDN). The protection used at the perimeter must be stateful.","It must be ensured that no network traffic could bypass perimeter security (e.g. firewalls, SDN). The protection used at the perimeter must be stateful.",False
Software Development and ICT Change Management Guideline_v2.0,1,1,Match,Match,skipped,Skipped second-pass adjudication because first-pass is an exact match.,It must be ensured that an ICT Change management process is in place to manage changes to IT Assets and non-IT Assets.,It must be ensured that an ICT Change management process is in place to manage changes to IT Assets and non-IT Assets.,False
Software Development and ICT Change Management Guideline_v2.0,1.1,1.1,Match,Match,skipped,Skipped second-pass adjudication because first-pass is an exact match.,"An ICT Change management process must be in place to ensure the controlled and systematic handling of ICT Changes and must cover at least the IT Assets software, hardware, network, firmware components, systems, security parameters, roles, and responsibilities.","An ICT Change management process must be in place to ensure the controlled and systematic handling of ICT Changes and must cover at least the IT Assets software, hardware, network, firmware components, systems, security parameters, roles, and responsibilities.",False
Software Development and ICT Change Management Guideline_v2.0,1.2,1.2,Match,Match,skipped,Skipped second-pass adjudication because first-pass is an exact match.,The ICT Change management process must contain at least the following steps: Formal documentation Classification Prioritization Authorization Approval Testing Implementation Validation Reporting,The ICT Change management process must contain at least the following steps: – Formal documentation – Classification – Prioritization – Authorization – Approval – Testing – Implementation – Validation – Reporting,False
Software Development and ICT Change Management Guideline_v2.0,1.3,1.3,Match,Match,skipped,Skipped second-pass adjudication because first-pass is an exact match.,During the ICT Change management process the following measures and mechanisms must be applied:,During the ICT Change management process the following measures and mechanisms must be applied:,False
Software Development and ICT Change Management Guideline_v2.0,1.3.1,1.3.1,Match,Match,skipped,Skipped second-pass adjudication because first-pass is an exact match.,The identification of the potential impact of ICT Changes on existing ICT security measures and an assessment of whether such change requires the adoption of additional ICT security measures.,The identification of the potential impact of ICT Changes on existing ICT security measures and an assessment of whether such change requires the adoption of additional ICT security measures.,False
Software Development and ICT Change Management Guideline_v2.0,1.3.2,1.3.2,Match,Match,skipped,Skipped second-pass adjudication because first-pass is an exact match.,Mechanism to ensure the segregation between the function to approve changes and the functions responsible for requesting and implementing those changes.,Mechanism to ensure the segregation between the function to approve changes and the functions responsible for requesting and implementing those changes.,False
Software Development and ICT Change Management Guideline_v2.0,1.3.3,1.3.3,Match,Match,skipped,Skipped second-pass adjudication because first-pass is an exact match.,Clear description and segregation of duties of roles and responsibilities.,Clear description and segregation of duties of roles and responsibilities.,False
Software Development and ICT Change Management Guideline_v2.0,1.3.4,1.3.4,Match,Match,skipped,Skipped second-pass adjudication because first-pass is an exact match.,"Fallback procedures and responsibilities including procedures, triggering conditions and responsibilities for aborting changes or recovering from unsuccessful implementation.","Fallback procedures and responsibilities including procedures, triggering conditions and responsibilities for aborting changes or recovering from unsuccessful implementation.",False
Software Development and ICT Change Management Guideline_v2.0,1.3.5,1.3.5,Match,Match,skipped,Skipped second-pass adjudication because first-pass is an exact match.,"Documentation and communication of ICT Change details including the purpose, scope, timeline of implementation and expected outcomes of the change.","Documentation and communication of ICT Change details including the purpose, scope, timeline of implementation and expected outcomes of the change.",False
Software Development and ICT Change Management Guideline_v2.0,1.4,1.4,Match,Match,skipped,Skipped second-pass adjudication because first-pass is an exact match.,"Documented processes must be implemented to ensure that ICT Changes are controlled and deployed in Red Segregation Area securely. This includes changes to organizational structure, ICT security-relevant processes, and changes that have an impact on information security processes.","Documented processes must be implemented to ensure that ICT Changes are controlled and deployed in Red Segregation Area securely. This includes changes to organizational structure, ICT security-relevant processes, and changes that have an impact on information security processes.",False
Software Development and ICT Change Management Guideline_v2.0,10,10,Match,Match,skipped,Skipped second-pass adjudication because first-pass is an exact match.,It must be ensured that relevant stakeholders are regularly informed about change activities.,It must be ensured that relevant stakeholders are regularly informed about change activities.,False
Software Development and ICT Change Management Guideline_v2.0,10.1,10.1,Match,Match,skipped,Skipped second-pass adjudication because first-pass is an exact match.,Communication regarding the change must be made to all relevant stakeholders or potentially impacted entities in a timely manner.,Communication regarding the change must be made to all relevant stakeholders or potentially impacted entities in a timely manner.,False
Software Development and ICT Change Management Guideline_v2.0,10.2,10.2,Match,Match,skipped,Skipped second-pass adjudication because first-pass is an exact match.,"Regular reports must be generated and distributed, covering change management activities, process performance, compliance, and, where appropriate, relevant KPIs and metrics.","Regular reports must be generated and distributed, covering change management activities, process performance, compliance, and, where appropriate, relevant KPIs and metrics.",False
Software Development and ICT Change Management Guideline_v2.0,11,11,Match,Match,skipped,Skipped second-pass adjudication because first-pass is an exact match.,It must be ensured that ICT Change management relevant events are logged.,It must be ensured that ICT Change management relevant events are logged.,False
Software Development and ICT Change Management Guideline_v2.0,11.1,11.1,Match,Match,skipped,Skipped second-pass adjudication because first-pass is an exact match.,All ICT Change management events must be logged in accordance with the ICT Incident & Operational Event Management Guideline.,All ICT Change management events must be logged in accordance with the ICT Incident & Operational Event Management Guideline.,False
Software Development and ICT Change Management Guideline_v2.0,12,12,Match,Match,skipped,Skipped second-pass adjudication because first-pass is an exact match.,It must be ensured that tools and software are used to support the process wherever possible.,It must be ensured that tools and software are used to support the process wherever possible.,False
Software Development and ICT Change Management Guideline_v2.0,12.1,12.1,Match,Match,skipped,Skipped second-pass adjudication because first-pass is an exact match.,Tools must be used to ensure control and transparency of the whole ICT Change Management process.,Tools must be used to ensure control and transparency of the whole ICT Change Management process.,False
Software Development and ICT Change Management Guideline_v2.0,13,13,Match,Match,skipped,Skipped second-pass adjudication because first-pass is an exact match.,"It must be ensured that the software development process is systematically managed, controlled and is aligned with business, technical, and regulatory requirements throughout its lifecycle.","It must be ensured that the software development process is systematically managed, controlled and is aligned with business, technical, and regulatory requirements throughout its lifecycle.",False
Software Development and ICT Change Management Guideline_v2.0,13.1,13.1,Match,Match,skipped,Skipped second-pass adjudication because first-pass is an exact match.,A structured secure software development process must be in place to manage and control the development of software successfully.,A structured secure software development process must be in place to manage and control the development of software successfully.,False
Software Development and ICT Change Management Guideline_v2.0,13.2,13.2,Content delta: requirement differs,Content delta: requirement differs,confirmed,Confirmed after footnote/reference stripping.,"The process must at least cover specifications for: Requirements determination Development objective (Technical) implementation (incl. programming Guidelines) Quality assurance Testing, acceptance, and approval Secure repositories for source code and configuration Roles and responsibilities in line with Segregation of Duties The process should cover specifications for: Generation and update of Software Bill of Materials (SBOM) and Cryptography Bill Of Materials ● (31.01.2027)","The process must at least cover specifications for: – Requirements determination – Development objective – (Technical) implementation (incl. programming Guidelines) – Quality assurance – Testing, acceptance, and approval – Secure repositories for source code and configuration – Roles and responsibilities in line with Segregation of Duties The process should cover: - Generation and update of Software Bill of Materials (SBOM) and Cryptography Bill Of Materials",False
Software Development and ICT Change Management Guideline_v2.0,13.3,13.3,Match,Match,skipped,Skipped second-pass adjudication because first-pass is an exact match.,Developers must not deploy software to the Red and Yellow Segregation Area in their function as a developer.,Developers must not deploy software to the Red and Yellow Segregation Area in their function as a developer.,False
Software Development and ICT Change Management Guideline_v2.0,13.4,13.4,Match,Match,skipped,Skipped second-pass adjudication because first-pass is an exact match.,"Depending on the protection need, it must be ensured that the confidentiality, the integrity, the availability, and the authenticity of all assets, whether directly involved or indirectly affected through dependencies, are maintained during development and after go-live.","Depending on the protection need, it must be ensured that the confidentiality, the integrity, the availability, and the authenticity of all assets, whether directly involved or indirectly affected through dependencies, are maintained during development and after go-live.",False
Software Development and ICT Change Management Guideline_v2.0,13.5,13.5,Match,Match,skipped,Skipped second-pass adjudication because first-pass is an exact match.,Functional and non-functional requirements must be used and treated identically during the software development process.,Functional and non-functional requirements must be used and treated identically during the software development process.,False
Software Development and ICT Change Management Guideline_v2.0,13.6,13.6,Match,Match,skipped,Skipped second-pass adjudication because first-pass is an exact match.,"Quality and security thresholds and corresponding controls must be defined, implemented, and assessed before IT Assets can be promoted to the next Segregation Area, e.g. Development (Green) to Test (Yellow/Blue) to Production (Red). These controls and thresholds are mandatory to be fulfilled.","Quality and security thresholds and corresponding controls must be defined, implemented, and assessed before IT Assets can be promoted to the next Segregation Area, e.g. Development (Green) to Test (Yellow/Blue) to Production (Red). These controls and thresholds are mandatory to be fulfilled.",False
Software Development and ICT Change Management Guideline_v2.0,13.7,13.7,Match,Match,skipped,Skipped second-pass adjudication because first-pass is an exact match.,"ICT Systems in all Segregation Areas should be labelled, to reflect the respective Segregation Area (e.g. in window title or GUI).","ICT Systems in all Segregation Areas should be labelled, to reflect the respective Segregation Area (e.g. in window title or GUI).",False
Software Development and ICT Change Management Guideline_v2.0,14,14,Match,Match,skipped,Skipped second-pass adjudication because first-pass is an exact match.,"It must be ensured that secure system architecture, secure engineering principles and secure coding are in place.","It must be ensured that secure system architecture, secure engineering principles and secure coding are in place.",False
Software Development and ICT Change Management Guideline_v2.0,14.1,14.1,Match,Match,skipped,Skipped second-pass adjudication because first-pass is an exact match.,"Secure engineering principles must be established, documented, and applied.","Secure engineering principles must be established, documented, and applied.",False
Software Development and ICT Change Management Guideline_v2.0,14.10,14.10,Content delta: requirement differs,Content delta: requirement differs,confirmed,Confirmed after footnote/reference stripping.,"AI-generated code must not bypass mandatory secure software development process and must be checked for hidden or unused functions and remote calls or external libraries,",Peer review must be performed on all AI generated code sections.,False
Software Development and ICT Change Management Guideline_v2.0,14.2,14.2,Match,Match,skipped,Skipped second-pass adjudication because first-pass is an exact match.,"Processes and principles for secure coding as part of secure engineering must be established and at least cover: Protection of source code against unauthorized access and tampering (e.g. versioning of source code) Measures to mitigate risk from unintentional alteration or intentional manipulation Use of security architecture principles (e.g. “security by design”, “least privilege”)","Processes and principles for secure coding as part of secure engineering must be established and at least cover: - Protection of source code against unauthorized access and tampering (e.g. versioning of source code) - Measures to mitigate risk from unintentional alteration or intentional manipulation - Use of security architecture principles (e.g. 'security by design', 'least privilege')",False
Software Development and ICT Change Management Guideline_v2.0,14.3,14.3,Match,Match,skipped,Skipped second-pass adjudication because first-pass is an exact match.,Planning and prerequisites before coding which should be in place include: Secure design and architecture Secure coding standards DBG-specific expectations and approved principles for secure coding,Planning and prerequisites before coding which should be in place include: - Secure design and architecture - Secure coding standards - DBG-specific expectations and approved principles for secure coding,False
Software Development and ICT Change Management Guideline_v2.0,14.4,14.4,Match,Match,skipped,Skipped second-pass adjudication because first-pass is an exact match.,Considerations during coding which should be in place include: Secure coding practices specific to the programming language Secure and structured programming techniques Documenting code Removing programming defects,Considerations during coding which should be in place include: - Secure coding practices specific to the programming language - Secure and structured programming techniques - Documenting code - Removing programming defects,False
Software Development and ICT Change Management Guideline_v2.0,14.5,14.5,Match,Match,skipped,Skipped second-pass adjudication because first-pass is an exact match.,Review and maintenance after coding which should be in place include: Updates should be securely packaged and deployed Vulnerability scanning and mitigation of source code and third-party libraries in accordance with the ICT Patch and Vulnerability Management Guideline,Review and maintenance after coding which should be in place include: - Updates should be securely packaged and deployed - Vulnerability scanning and mitigation of source code and third-party libraries in accordance with the ICT Patch and Vulnerability Management Guideline,False
Software Development and ICT Change Management Guideline_v2.0,14.6,14.6,Content delta: requirement differs,Content delta: requirement differs,confirmed,Confirmed after footnote/reference stripping.,"If AI-assisted coding is used, additional source code analysis should be performed to detect AI based functions.","If AI-assisted coding is used, additional source code analysis should be performed to detect used AI based functions.",False
Software Development and ICT Change Management Guideline_v2.0,14.7,14.7,Match,Match,skipped,Skipped second-pass adjudication because first-pass is an exact match.,"AI-generated code should be explicitly marked to enable review by the developer. Reviewed code should be marked, if feasible.","AI‑generated code should be explicitly marked to enable review by the developer. Reviewed code should be marked, if feasible.",False
Software Development and ICT Change Management Guideline_v2.0,14.8,14.8,Content delta: requirement differs,Content delta: requirement differs,confirmed,Confirmed after footnote/reference stripping.,Developers should document the prompts used for AI generated code (where feasible).,Developers must document which AI tool generated the code.,False
Software Development and ICT Change Management Guideline_v2.0,14.9,14.9,Content delta: requirement differs,Content delta: requirement differs,confirmed,Confirmed after footnote/reference stripping.,Peer review must be performed on all AI generated code sections.,Developers should document the prompts used for AI generated code (where feasible).,False
Software Development and ICT Change Management Guideline_v2.0,15,15,Match,Match,skipped,Skipped second-pass adjudication because first-pass is an exact match.,It must be ensured that source code is tested and verified.,It must be ensured that source code is tested and verified.,False
Software Development and ICT Change Management Guideline_v2.0,15.1,15.1,Match,Match,skipped,Skipped second-pass adjudication because first-pass is an exact match.,"In-house developed software and, where feasible, ICT third-party source code must be tested before implementing in the Red Segregation Area.","In-house developed software and, where feasible, ICT third-party source code must be tested before implementing in the Red Segregation Area.",False
Software Development and ICT Change Management Guideline_v2.0,15.2,15.2,Match,Match,skipped,Skipped second-pass adjudication because first-pass is an exact match.,Source code checks that must be carried out using both static and dynamic tests.,Source code checks that must be carried out using both static and dynamic tests.,False
Software Development and ICT Change Management Guideline_v2.0,16,16,Match,Match,skipped,Skipped second-pass adjudication because first-pass is an exact match.,It must be ensured that the tests and their processes are fully designed and carried out so that all relevant aspects are sufficiently tested.,It must be ensured that the tests and their processes are fully designed and carried out so that all relevant aspects are sufficiently tested.,False
Software Development and ICT Change Management Guideline_v2.0,16.1,16.1,Match,Match,skipped,Skipped second-pass adjudication because first-pass is an exact match.,A test management process must be in place for testing ICT Systems before use and after maintenance.,A test management process must be in place for testing ICT Systems before use and after maintenance.,False
Software Development and ICT Change Management Guideline_v2.0,16.2,16.2,Match,Match,skipped,Skipped second-pass adjudication because first-pass is an exact match.,The tests must be designed as following:,The tests must be designed as following:,False
Software Development and ICT Change Management Guideline_v2.0,16.2.1,16.2.1,Match,Match,skipped,Skipped second-pass adjudication because first-pass is an exact match.,The extent of tests must be based on the criticality of the IT Assets and related business processes.,The extent of tests must be based on the criticality of the IT Assets and related business processes.,False
Software Development and ICT Change Management Guideline_v2.0,16.2.2,16.2.2,Match,Match,skipped,Skipped second-pass adjudication because first-pass is an exact match.,"The tests must be designed to verify that new ICT Systems perform as intended, including the quality of internally developed software.","The tests must be designed to verify that new ICT Systems perform as intended, including the quality of internally developed software.",False
Software Development and ICT Change Management Guideline_v2.0,16.2.3,16.2.3,Match,Match,skipped,Skipped second-pass adjudication because first-pass is an exact match.,The tests must include security testing of software packages before implementing in Red Segregation Area.,The tests must include security testing of software packages before implementing in Red Segregation Area.,False
Software Development and ICT Change Management Guideline_v2.0,16.3,16.3,Match,Match,skipped,Skipped second-pass adjudication because first-pass is an exact match.,The scope of tests must at least consider: Functionality of the software (Re-)Testing of security functions (ID 17) Selection and protection of test data (ID 20),The scope of tests must at least consider: – Functionality of the software – (Re-)Testing of security functions (ID 17) – Selection and protection of test data (ID 20),False
Software Development and ICT Change Management Guideline_v2.0,16.4,16.4,Match,Match,skipped,Skipped second-pass adjudication because first-pass is an exact match.,"Appropriate test types must be developed, documented, and used for testing.","Appropriate test types must be developed, documented, and used for testing.",False
Software Development and ICT Change Management Guideline_v2.0,16.5,16.5,Match,Match,skipped,Skipped second-pass adjudication because first-pass is an exact match.,Access controls for Blue and Yellow Segregation Areas must be defined according to the Identity and Access Management Guideline.,Access controls for Blue and Yellow Segregation Areas must be defined according to the Identity and Access Management Guideline.,False
Software Development and ICT Change Management Guideline_v2.0,17,17,Match,Match,skipped,Skipped second-pass adjudication because first-pass is an exact match.,It must be ensured that security functions are thoroughly tested and validated.,It must be ensured that security functions are thoroughly tested and validated.,False
Software Development and ICT Change Management Guideline_v2.0,17.1,17.1,Match,Match,skipped,Skipped second-pass adjudication because first-pass is an exact match.,"Security functions must be tested, including (if relevant): Authentication mechanisms Access functions Logging & Monitoring Cryptographic mechanisms Validation of input data Audit-Logs Handling of exceptions","Security functions must be tested, including (if relevant): – Authentication mechanisms – Access functions – Logging & Monitoring – Cryptographic mechanisms – Validation of input data – Audit-Logs – Handling of exceptions",False
Software Development and ICT Change Management Guideline_v2.0,18,18,Match,Match,skipped,Skipped second-pass adjudication because first-pass is an exact match.,It must be ensured that the testing and development activities are properly documented.,It must be ensured that the testing and development activities are properly documented.,False
Software Development and ICT Change Management Guideline_v2.0,18.1,18.1,Match,Match,skipped,Skipped second-pass adjudication because first-pass is an exact match.,The IT Application and its development must be documented in a way that is comprehensible for competent third parties. The documentation must include at least: User documentation Technical system documentation Operating procedures and processes,The IT Application and its development must be documented in a way that is comprehensible for competent third parties. The documentation must include at least: – User documentation – Technical system documentation – Operating procedures and processes,False
Software Development and ICT Change Management Guideline_v2.0,18.2,18.2,Match,Match,skipped,Skipped second-pass adjudication because first-pass is an exact match.,Test management documentation must at least contain the following: Test case description Test data Expected test results Realized test results Actions derived from tests,Test management documentation must at least contain the following: – Test case description – Test data – Expected test results – Realized test results – Actions derived from tests,False
Software Development and ICT Change Management Guideline_v2.0,18.3,18.3,Match,Match,skipped,Skipped second-pass adjudication because first-pass is an exact match.,The operating procedures and processes must be defined for each IT Application and be available to the respective operators of the IT Application.,The operating procedures and processes must be defined for each IT Application and be available to the respective operators of the IT Application.,False
Software Development and ICT Change Management Guideline_v2.0,19,19,Match,Match,skipped,Skipped second-pass adjudication because first-pass is an exact match.,It must be ensured that discovered defects are recorded and that the methods for addressing them are clearly defined.,It must be ensured that discovered defects are recorded and that the methods for addressing them are clearly defined.,False
Software Development and ICT Change Management Guideline_v2.0,19.1,19.1,Match,Match,skipped,Skipped second-pass adjudication because first-pass is an exact match.,"Defects are identified, recorded, and eliminated prior to go live.","Defects are identified, recorded, and eliminated prior to go live.",False
Software Development and ICT Change Management Guideline_v2.0,19.2,19.2,Match,Match,skipped,Skipped second-pass adjudication because first-pass is an exact match.,Defects must be documented.,Defects must be documented.,False
Software Development and ICT Change Management Guideline_v2.0,19.3,19.3,Match,Match,skipped,Skipped second-pass adjudication because first-pass is an exact match.,Defect handling and emergency defect handling must be defined.,Defect handling and emergency defect handling must be defined.,False
Software Development and ICT Change Management Guideline_v2.0,2,2,Match,Match,skipped,Skipped second-pass adjudication because first-pass is an exact match.,It must be ensured that each change is classified and handled accordingly.,It must be ensured that each change is classified and handled accordingly.,False
Software Development and ICT Change Management Guideline_v2.0,2.1,2.1,Match,Match,skipped,Skipped second-pass adjudication because first-pass is an exact match.,Each change must be assigned to the following two change types:,Each change must be assigned to the following two change types:,False
Software Development and ICT Change Management Guideline_v2.0,2.1.1,2.1.1,Match,Match,skipped,Skipped second-pass adjudication because first-pass is an exact match.,Normal ICT Change: Normal ICT Changes adhere to every step outlined in the ICT-Change Management Processes.,Normal ICT Change: Normal ICT Changes adhere to every step outlined in the ICT-Change Management Processes.,False
Software Development and ICT Change Management Guideline_v2.0,2.1.2,2.1.2,Content delta: requirement differs,Content delta: requirement differs,confirmed,Confirmed after footnote/reference stripping.,Emergency ICT Change: Emergency ICT Changes are ICT Changes that require immediate implementation due to a high risk of service failure or prevention of an imminent service impact.,"Emergency ICT Change: Emergency ICT Changes are ICT Changes that require immediate implementation due to a high risk of service failure or prevention of an imminent service impact [1] . [1] E.g. service outage, critical incident, security breach or exploited vulnerabilities, data loss, reputational damage etc.",False
Software Development and ICT Change Management Guideline_v2.0,2.2,2.2,Content delta: requirement differs,Content delta: requirement differs,confirmed,Confirmed after footnote/reference stripping.,There may also be additional subordinate change types. These must comply with the specifications of this Guideline but may contain deviations in the order of process steps.,"There may also be additional subordinate change types [2] . These must comply with the specifications of this Guideline but may contain deviations in the order of process steps [3] . [2] E.g. pre-approved changes, expedited changes [3] E.g. approval, documentation",False
Software Development and ICT Change Management Guideline_v2.0,2.3,2.3,Content delta: requirement differs,Content delta: requirement differs,confirmed,Confirmed after footnote/reference stripping.,"An ICT Change is significant if it affects the security of assets supporting critical or important functions, decreases the security level, affects security features of IT Assets, or impacts any security-relevant components of the system.","An ICT Change is significant if it affects the security of assets supporting critical or important functions, decreases the security level, affects security features of IT Assets, or impacts any security-relevant components of the system [4] . [4] Significant Change has to be defined in more detail at the LE level in the CM procedure and map to “Major” change,e.g. new authentication mechanism, network component changes",False
Software Development and ICT Change Management Guideline_v2.0,20,20,Match,Match,skipped,Skipped second-pass adjudication because first-pass is an exact match.,It must be ensured that data is adequately protected.,It must be ensured that data is adequately protected.,False
Software Development and ICT Change Management Guideline_v2.0,20.1,20.1,Match,Match,skipped,Skipped second-pass adjudication because first-pass is an exact match.,Data must be protected according to its integrity and confidentiality in all Segregation Areas.,Data must be protected according to its integrity and confidentiality in all Segregation Areas.,False
Software Development and ICT Change Management Guideline_v2.0,20.2,20.2,Match,Match,skipped,Skipped second-pass adjudication because first-pass is an exact match.,"Sensitive data must always be stored in the Red Segregation Area or the Yellow Segregation Area, provided the protection level meets or exceeds that of the Red Segregation Area.","Sensitive data must always be stored in the Red Segregation Area or the Yellow Segregation Area, provided the protection level meets or exceeds that of the Red Segregation Area.",False
Software Development and ICT Change Management Guideline_v2.0,20.3,20.3,Match,Match,skipped,Skipped second-pass adjudication because first-pass is an exact match.,"Sensitive data must be anonymized, pseudonymized or randomized before it is copied to or stored in Green or Blue Segregation Area and must be approved by the Information Owner.","Sensitive data must be anonymized, pseudonymized or randomized before it is copied to or stored in Green or Blue Segregation Area and must be approved by the Information Owner.",False
Software Development and ICT Change Management Guideline_v2.0,20.4,20.4,Match,Match,skipped,Skipped second-pass adjudication because first-pass is an exact match.,"Exceptions may be required where sensitive production data is needed for specific test occasions. For this, the following requirements must be fulfilled: Approval by the responsible Information Owner Alignment with Group Data Protection for personal data Reporting and explanation when using sensitive production data for testing must be ensured Data storage as well as user access must be time limited and removed afterwards","Exceptions may be required where sensitive production data is needed for specific test occasions. For this, the following requirements must be fulfilled: – Approval by the responsible Information Owner – Alignment with Group Data Protection for personal data – Reporting and explanation when using sensitive production data for testing must be ensured – Data storage as well as user access must be time limited and removed afterwards",False
Software Development and ICT Change Management Guideline_v2.0,20.5,20.5,Content delta: requirement differs,Match,adjusted,Adjusted: delta was only footnote/reference marker noise.,Test data must be classified in accordance with the information classification scheme and should be protected accordingly.,Test data must be classified in accordance with the information classification scheme and should be protected accordingly. [1],True
Software Development and ICT Change Management Guideline_v2.0,20.6,20.6,Match,Match,skipped,Skipped second-pass adjudication because first-pass is an exact match.,Processes and procedures for data exchange between the respective Segregation Areas must be defined and followed.,Processes and procedures for data exchange between the respective Segregation Areas must be defined and followed.,False
Software Development and ICT Change Management Guideline_v2.0,21,21,Match,Match,skipped,Skipped second-pass adjudication because first-pass is an exact match.,It must be ensured that the ICT projects are handled in an appropriate manner.,It must be ensured that the ICT projects are handled in an appropriate manner.,False
Software Development and ICT Change Management Guideline_v2.0,21.1,21.1,Match,Match,skipped,Skipped second-pass adjudication because first-pass is an exact match.,"The ICT Project Management procedures must include: ICT project objectives ICT project governance ICT project planning, timeframe, steps, and relevant milestones ICT project risk assessment Roles and responsibilities Change management requirements Testing of all requirements Approval process for deploying IT Assets in Red Segregation Area","The ICT Project Management procedures must include: – ICT project objectives – ICT project governance – ICT project planning, timeframe, steps, and relevant milestones – ICT project risk assessment – Roles and responsibilities – Change management requirements – Testing of all requirements – Approval process for deploying IT Assets in Red Segregation Area",False
Software Development and ICT Change Management Guideline_v2.0,21.2,21.2,Match,Match,skipped,Skipped second-pass adjudication because first-pass is an exact match.,"ICT Project Management procedures that ensured effective management of ICT projects related to the acquisition, maintenance and development of ICT Systems must be developed, implemented, and documented.","ICT Project Management procedures that ensured effective management of ICT projects related to the acquisition, maintenance and development of ICT Systems must be developed, implemented, and documented.",False
Software Development and ICT Change Management Guideline_v2.0,21.3,21.3,Match,Match,skipped,Skipped second-pass adjudication because first-pass is an exact match.,Risks across ICT projects must be captured and remediated.,Risks across ICT projects must be captured and remediated.,False
Software Development and ICT Change Management Guideline_v2.0,21.4,21.4,Match,Match,skipped,Skipped second-pass adjudication because first-pass is an exact match.,"ICT projects affecting critical or important functions, and their risks must be reported to the management body either individually or in aggregate, based on the project's importance and size, and on a regular or event-driven basis.","ICT projects affecting critical or important functions, and their risks must be reported to the management body either individually or in aggregate, based on the project's importance and size, and on a regular or event-driven basis.",False
Software Development and ICT Change Management Guideline_v2.0,21.5,21.5,Match,Match,skipped,Skipped second-pass adjudication because first-pass is an exact match.,Any information or expertise required from the business areas or functions must be provided for the secure implementation of ICT projects.,Any information or expertise required from the business areas or functions must be provided for the secure implementation of ICT projects.,False
Software Development and ICT Change Management Guideline_v2.0,3,3,Match,Match,skipped,Skipped second-pass adjudication because first-pass is an exact match.,It must be ensured that emergency changes are handled according to the defined process.,It must be ensured that emergency changes are handled according to the defined process.,False
Software Development and ICT Change Management Guideline_v2.0,3.1,3.1,Match,Match,skipped,Skipped second-pass adjudication because first-pass is an exact match.,"As part of the ICT Change management process, procedures, protocols, and tools that provide adequate safeguards must be defined and established to manage Emergency ICT Changes.","As part of the ICT Change management process, procedures, protocols, and tools that provide adequate safeguards must be defined and established to manage Emergency ICT Changes.",False
Software Development and ICT Change Management Guideline_v2.0,3.2,3.2,Match,Match,skipped,Skipped second-pass adjudication because first-pass is an exact match.,"Emergency ICT Changes that meet the defined criteria may be implemented without an implementation plan, testing, documentation, or risk assessment. Following implementation, these changes must undergo a retrospective review, risk assessment, testing, documentation, and formal approval to the same extent as normal ICT Changes if not already existing.","Emergency ICT Changes that meet the defined criteria may be implemented without an implementation plan, testing, documentation, or risk assessment. Following implementation, these changes must undergo a retrospective review, risk assessment, testing, documentation, and formal approval to the same extent as normal ICT Changes if not already existing.",False
Software Development and ICT Change Management Guideline_v2.0,3.3,3.3,Match,Match,skipped,Skipped second-pass adjudication because first-pass is an exact match.,The implementation of Emergency ICT Change must be guided by the professional assessment of the team overseeing production systems and the business.,The implementation of Emergency ICT Change must be guided by the professional assessment of the team overseeing production systems and the business.,False
Software Development and ICT Change Management Guideline_v2.0,4,4,Match,Match,skipped,Skipped second-pass adjudication because first-pass is an exact match.,It must be ensured that every change has formal documentation.,It must be ensured that every change has formal documentation.,False
Software Development and ICT Change Management Guideline_v2.0,4.1,4.1,Match,Match,skipped,Skipped second-pass adjudication because first-pass is an exact match.,"All upcoming changes must be recorded and processed in the form of an ICT Change ticket including at least the following information: Unique ID and time stamp Reason and description Affected IT Assets, processes, units Target date Category Priority Possible effects of implementation and non-implementation and the resulting risks Where applicable, resources and budget owner required Fall-back procedure or other mitigation measures Applicant, approver Change Record Request Status Where applicable, link to related changes or incident","All upcoming changes must be recorded and processed in the form of an ICT Change ticket including at least the following information: – Unique ID and time stamp – Reason and description – Affected IT Assets, processes, units – Target date – Category – Priority – Possible effects of implementation and non-implementation and the resulting risks – Where applicable, resources and budget owner required – Fall-back procedure or other mitigation measures – Applicant, approver – Change Record Request Status – Where applicable, link to related changes or incident",False
Software Development and ICT Change Management Guideline_v2.0,4.2,4.2,Match,Match,skipped,Skipped second-pass adjudication because first-pass is an exact match.,"If no fall-back procedures or recovery mechanisms are available, a risk-based approach and associated mitigating measures must be performed.","If no fall-back procedures or recovery mechanisms are available, a risk-based approach and associated mitigating measures must be performed.",False
Software Development and ICT Change Management Guideline_v2.0,4.3,4.3,Match,Match,skipped,Skipped second-pass adjudication because first-pass is an exact match.,"All steps of the change management process must be documented to achieve a comprehensive and detailed record of activities, decisions, communications, approvals, and actions taken.","All steps of the change management process must be documented to achieve a comprehensive and detailed record of activities, decisions, communications, approvals, and actions taken.",False
Software Development and ICT Change Management Guideline_v2.0,4.4,4.4,Match,Match,skipped,Skipped second-pass adjudication because first-pass is an exact match.,Documentation impacted by the change must be updated.,Documentation impacted by the change must be updated.,False
Software Development and ICT Change Management Guideline_v2.0,5,5,Match,Match,skipped,Skipped second-pass adjudication because first-pass is an exact match.,It must be ensured that the feasibility and associated risks of the change are evaluated.,It must be ensured that the feasibility and associated risks of the change are evaluated.,False
Software Development and ICT Change Management Guideline_v2.0,5.1,5.1,Match,Match,skipped,Skipped second-pass adjudication because first-pass is an exact match.,It must be ensured that the desired solution is feasible and aligned with business needs.,It must be ensured that the desired solution is feasible and aligned with business needs.,False
Software Development and ICT Change Management Guideline_v2.0,5.2,5.2,Match,Match,skipped,Skipped second-pass adjudication because first-pass is an exact match.,"It must be ensured that the risks, security requirements and impacts of ICT Changes are assessed and appropriately documented including assignment to a change type.","It must be ensured that the risks, security requirements and impacts of ICT Changes are assessed and appropriately documented including assignment to a change type.",False
Software Development and ICT Change Management Guideline_v2.0,5.3,5.3,Match,Match,skipped,Skipped second-pass adjudication because first-pass is an exact match.,A risk assessment must be performed for significant changes and the regular risk assessment process must be followed.,A risk assessment must be performed for significant changes and the regular risk assessment process must be followed.,False
Software Development and ICT Change Management Guideline_v2.0,6,6,Match,Match,skipped,Skipped second-pass adjudication because first-pass is an exact match.,It must be ensured that every ICT Change is approved.,It must be ensured that every ICT Change is approved.,False
Software Development and ICT Change Management Guideline_v2.0,6.1,6.1,Match,Match,skipped,Skipped second-pass adjudication because first-pass is an exact match.,The approval level for every ICT Change must be defined and executed based on the results of the risk assessment.,The approval level for every ICT Change must be defined and executed based on the results of the risk assessment.,False
Software Development and ICT Change Management Guideline_v2.0,6.2,6.2,Match,Match,skipped,Skipped second-pass adjudication because first-pass is an exact match.,A Change Advisory Board (CAB) must approve changes to IT Assets in production or impacting production data and emergency changes.,A Change Advisory Board (CAB) must approve changes to IT Assets in production or impacting production data and emergency changes.,False
Software Development and ICT Change Management Guideline_v2.0,7,7,Match,Match,skipped,Skipped second-pass adjudication because first-pass is an exact match.,It must be ensured that ICT Changes are tested sufficiently.,It must be ensured that ICT Changes are tested sufficiently.,False
Software Development and ICT Change Management Guideline_v2.0,7.1,7.1,Match,Match,skipped,Skipped second-pass adjudication because first-pass is an exact match.,All ICT Changes must be tested to ensure they meet acceptance criteria.,All ICT Changes must be tested to ensure they meet acceptance criteria.,False
Software Development and ICT Change Management Guideline_v2.0,7.2,7.2,Match,Match,skipped,Skipped second-pass adjudication because first-pass is an exact match.,"ICT Changes must be tested in the Yellow, Blue or Green Segregation Area before promotion to Red Segregation Area.","ICT Changes must be tested in the Yellow, Blue or Green Segregation Area before promotion to Red Segregation Area.",False
Software Development and ICT Change Management Guideline_v2.0,7.3,7.3,Match,Match,skipped,Skipped second-pass adjudication because first-pass is an exact match.,The Yellow Segregation Area must be (nearly) identical to the Red Segregation Area.,The Yellow Segregation Area must be (nearly) identical to the Red Segregation Area.,False
Software Development and ICT Change Management Guideline_v2.0,7.4,7.4,Match,Match,skipped,Skipped second-pass adjudication because first-pass is an exact match.,Significant changes on IT Assets must be tested by simulating stressed conditions.,Significant changes on IT Assets must be tested by simulating stressed conditions.,False
Software Development and ICT Change Management Guideline_v2.0,7.5,7.5,Match,Match,skipped,Skipped second-pass adjudication because first-pass is an exact match.,"For significant changes, the following potential stakeholders must be involved appropriately in the design and conduction of tests: Clearing members and clients Interoperable central counterparties Users Critical utilities Critical service providers Other central securities depositories Other market infrastructures Other institutions with which central securities depositories have identified interdependencies in their ICT business continuity policy Other interested parties","For significant changes, the following potential stakeholders must be involved appropriately in the design and conduction of tests: - Clearing members and clients - Interoperable central counterparties - Users - Critical utilities - Critical service providers - Other central securities depositories - Other market infrastructures - Other institutions with which central securities depositories have identified interdependencies in their ICT business continuity policy - Other interested parties",False
Software Development and ICT Change Management Guideline_v2.0,7.6,7.6,Match,Match,skipped,Skipped second-pass adjudication because first-pass is an exact match.,Tests and their results must be documented.,Tests and their results must be documented.,False
Software Development and ICT Change Management Guideline_v2.0,8,8,Match,Match,skipped,Skipped second-pass adjudication because first-pass is an exact match.,It must be ensured that changes are implemented effectively.,It must be ensured that changes are implemented effectively.,False
Software Development and ICT Change Management Guideline_v2.0,8.1,8.1,Match,Match,skipped,Skipped second-pass adjudication because first-pass is an exact match.,"The following steps must be carried out during change implementation, where feasible with the support of a change implementation plan: Describe the sequence of implementation steps and timing of the roll-out. Describe resource requirements (if specific, requirements should be considered). Describe identified inter-dependencies and the interaction with other changes and how they are managed. Describe the criteria for successful production implementation. Describe installation verification requirements (if necessary and applicable). Describe fallback procedures. Identify and update all relevant documents impacted by the change implementation (e.g. business processes, system documentation, configuration details, and security concepts). Address key risks in the plan and formally review them including technical and business risks. Include an appropriate test plan. Include approval by affected Application Owners, if not already approved during change approval in ID 6.","The following steps must be carried out during change implementation, where feasible with the support of a change implementation plan: – Describe the sequence of implementation steps and timing of the roll-out. – Describe resource requirements (if specific, requirements should be considered). – Describe identified inter-dependencies and the interaction with other changes and how they are managed. – Describe the criteria for successful production implementation. – Describe installation verification requirements (if necessary and applicable). – Describe fallback procedures. – Identify and update all relevant documents impacted by the change implementation (e.g. business processes, system documentation, configuration details, and security concepts). – Address key risks in the plan and formally review them including technical and business risks. – Include an appropriate test plan. – Include approval by affected Application Owners, if not already approved during change approval in ID 6.",False
Software Development and ICT Change Management Guideline_v2.0,8.2,8.2,Match,Match,skipped,Skipped second-pass adjudication because first-pass is an exact match.,It must be ensured that changes are implemented within the agreed time frames (as defined in procedural or process level documents.,It must be ensured that changes are implemented within the agreed time frames (as defined in procedural or process level documents.,False
Software Development and ICT Change Management Guideline_v2.0,8.3,8.3,Match,Match,skipped,Skipped second-pass adjudication because first-pass is an exact match.,"Where appropriate after change implementation, training regarding the change must be provided.","Where appropriate after change implementation, training regarding the change must be provided.",False
Software Development and ICT Change Management Guideline_v2.0,9,9,Match,Match,skipped,Skipped second-pass adjudication because first-pass is an exact match.,"It must be ensured that the documentation on the changes is reviewed, and a post-implementation review is carried out.","It must be ensured that the documentation on the changes is reviewed, and a post-implementation review is carried out.",False
Software Development and ICT Change Management Guideline_v2.0,9.1,9.1,Match,Match,skipped,Skipped second-pass adjudication because first-pass is an exact match.,A post-implementation review must be conducted to evaluate whether the change met its objectives and to identify areas for improvement and included in the change ticket.,A post-implementation review must be conducted to evaluate whether the change met its objectives and to identify areas for improvement and included in the change ticket.,False
Software Development and ICT Change Management Guideline_v2.0,9.2,9.2,Match,Match,skipped,Skipped second-pass adjudication because first-pass is an exact match.,All documentation must be reviewed and checked against the ICT Change requirements.,All documentation must be reviewed and checked against the ICT Change requirements.,False
Software Development and ICT Change Management_v2.0,14.11,14.11,Missing in DOCX,Missing in DOCX,confirmed,Confirmed missing after second-pass check.,,AI-generated code must not bypass mandatory secure software development process and must be checked for hidden or unused functions and remote calls or external libraries. ●,False
Third Party ICT Risk Management Guideline_v2.0,1,1,Match,Match,skipped,Skipped second-pass adjudication because first-pass is an exact match.,ICT third-party relationship management must be documented and in place.,ICT third-party relationship management must be documented and in place.,False
Third Party ICT Risk Management Guideline_v2.0,1.1,1.1,Match,Match,skipped,Skipped second-pass adjudication because first-pass is an exact match.,ICT third-party relationship management including documented processes and procedures must be established. The ICT third-party relationship management must address Information Security requirements and ensure protection of information assets of the legal entity.,ICT third-party relationship management including documented processes and procedures must be established. The ICT third-party relationship management must address Information Security requirements and ensure protection of information assets of the legal entity.,False
Third Party ICT Risk Management Guideline_v2.0,1.10,1.10,Match,Match,skipped,Skipped second-pass adjudication because first-pass is an exact match.,The information security requirements must reflect the legal entity internal information security controls and may vary according to the respective service or product type.,The information security requirements must reflect the legal entity internal information security controls and may vary according to the respective service or product type.,False
Third Party ICT Risk Management Guideline_v2.0,1.11,1.11,Match,Match,skipped,Skipped second-pass adjudication because first-pass is an exact match.,ICT third-parties must be classified and registered according to critical or important functions and the following criteria based on a maximum principle across all services: Critical: All regulatory outsourcing management relevant ICT third-parties and services or ICT third-parties with access to critical information Major: All third-party management relevant ICT third-parties or ICT third-parties with access to information which is classified as major Minor: All ICT third-parties with access to information which is classified as minor Negligible: All other ICT third-parties or information,ICT third-parties must be classified and registered according to critical or important functions and the following criteria based on a maximum principle across all services: - Critical: All regulatory outsourcing management relevant ICT third-parties and services or ICT third-parties with access to critical information - Major: All third-party management relevant ICT third-parties or ICT third-parties with access to information which is classified as major - Minor: All ICT third-parties with access to information which is classified as minor - Negligible: All other ICT third-parties or information,False
Third Party ICT Risk Management Guideline_v2.0,1.2,1.2,Match,Match,skipped,Skipped second-pass adjudication because first-pass is an exact match.,ICT third-party relationship management must be integrated in the overall security measures and reflected in the risk assessment process; relevant ICT Risk Assessment and ICT Risk Management requirements are to be found in the ICT Risk Management Guideline.,ICT third-party relationship management must be integrated in the overall security measures and reflected in the risk assessment process; relevant ICT Risk Assessment and ICT Risk Management requirements are to be found in the ICT Risk Management Guideline.,False
Third Party ICT Risk Management Guideline_v2.0,1.3,1.3,Match,Match,skipped,Skipped second-pass adjudication because first-pass is an exact match.,"The ICT third-party relationship management must consider: Categories of ICT third-parties according to critical or important functions of the services/ products they provide to the legal entity, linked to the ICT Risk Management requirements The inventory of the ICT third-party relationships in a register of all ICT Risk Management relevant ICT third-party relationships with the respective categories of services/ products as well as classification of the ICT third-party relationships. The register inventory should be aligned or merged with the register of information The classification of criticality of information assets accessed by ICT third-party in the context of an ICT third-party relationship must be based on how information assets are accessed and handled (for more details – refer to the Third Party Risk Policy)","The ICT third-party relationship management must consider: - Categories of ICT third-parties according to critical or important functions of the services/ products they provide to the legal entity, linked to the ICT Risk Management requirements. - The inventory of the ICT third-party relationships in a register of all ICT Risk Management relevant ICT third-party relationships with the respective categories of services/ products as well as classification of the ICT third-party relationships. The register inventory should be aligned or merged with the register of information. - The classification of criticality of information assets accessed by ICT third-party in the context of an ICT third-party relationship must be based on how information assets are accessed and handled (for more details - refer to the Third Party Risk Policy).",False
Third Party ICT Risk Management Guideline_v2.0,1.4,1.4,Match,Match,skipped,Skipped second-pass adjudication because first-pass is an exact match.,All processes with ICT third-party linkage including dependencies to critical and important functions must be identified and documented.,All processes with ICT third-party linkage including dependencies to critical and important functions must be identified and documented.,False
Third Party ICT Risk Management Guideline_v2.0,1.5,1.5,Match,Match,skipped,Skipped second-pass adjudication because first-pass is an exact match.,Information Security requirements must be contractually agreed with each ICT third-party based on the type of ICT third-party relationship.,Information Security requirements must be contractually agreed with each ICT third-party based on the type of ICT third-party relationship.,False
Third Party ICT Risk Management Guideline_v2.0,1.6,1.6,Match,Match,skipped,Skipped second-pass adjudication because first-pass is an exact match.,"Information Security requirements must reflect the whole lifecycle of the ICT third-party relationship – initiating, contracting, renewing, and renegotiating relationships as well as terminating the respective relationships.","Information Security requirements must reflect the whole lifecycle of the ICT third-party relationship – initiating, contracting, renewing, and renegotiating relationships as well as terminating the respective relationships.",False
Third Party ICT Risk Management Guideline_v2.0,1.7,1.7,Match,Match,skipped,Skipped second-pass adjudication because first-pass is an exact match.,It must be contractually agreed and monitored that the Information Security requirements apply throughout the whole lifecycle of the ICT third-party relationship and to the whole supply chain.,It must be contractually agreed and monitored that the Information Security requirements apply throughout the whole lifecycle of the ICT third-party relationship and to the whole supply chain.,False
Third Party ICT Risk Management Guideline_v2.0,1.8,1.8,Match,Match,skipped,Skipped second-pass adjudication because first-pass is an exact match.,"In cases where it is not possible for the legal entity to place requirements on an ICT third-party, the legal entity must implement compensating controls as necessary based on an ICT third-party risk assessment.","In cases where it is not possible for the legal entity to place requirements on an ICT third-party, the legal entity must implement compensating controls as necessary based on an ICT third-party risk assessment.",False
Third Party ICT Risk Management Guideline_v2.0,1.9,1.9,Match,Match,skipped,Skipped second-pass adjudication because first-pass is an exact match.,All relevant information security requirements must be established and agreed with each ICT third-party according to the specifically identified ICT third-party risk classification.,All relevant information security requirements must be established and agreed with each ICT third-party according to the specifically identified ICT third-party risk classification.,False
Third Party ICT Risk Management Guideline_v2.0,10,10,Match,Match,skipped,Skipped second-pass adjudication because first-pass is an exact match.,Additional control requirements for Cloud Service Providers must be documented and in place.,Additional control requirements for Cloud Service Providers must be documented and in place.,False
Third Party ICT Risk Management Guideline_v2.0,10.1,10.1,Match,Match,skipped,Skipped second-pass adjudication because first-pass is an exact match.,"The legal entity must maintain an inventory for controlling and monitoring the service providers and ICT third-parties who contribute services to the delivery of the cloud service. The following information must be maintained in the inventory: Company name Address Locations of data processing and storage Responsible contact person at the CSP and roles and contact details of individuals responsible for supporting the cloud service within the organisation (e.g. business owners and individuals responsible for administering and securing the cloud service) and the CSP (e.g. commercial and technical advisors) Classification based on the risk assessment The criticality of the business processes they support Description of the services and main cloud features used (e.g. private or public cloud; IaaS, PaaS or SaaS; and type of cloud management console) Beginning of service usage Proof of compliance with contractually agreed requirements","The legal entity must maintain an inventory for controlling and monitoring the service providers and ICT third-parties who contribute services to the delivery of the cloud service. The following information must be maintained in the inventory: - Company name - Address - Locations of data processing and storage - Responsible contact person at the CSP and roles and contact details of individuals responsible for supporting the cloud service within the organisation (e.g. business owners and individuals responsible for administering and securing the cloud service) and the CSP (e.g. commercial and technical advisors) - Classification based on the risk assessment - The criticality of the business processes they support - Description of the services and main cloud features used (e.g. private or public cloud; IaaS, PaaS or SaaS; and type of cloud management console) - Beginning of service usage - Proof of compliance with contractually agreed requirements",False
Third Party ICT Risk Management Guideline_v2.0,10.10,10.10,Match,Match,skipped,Skipped second-pass adjudication because first-pass is an exact match.,"The legal entity must ensure interoperability and portability of IT Assets, namely their capacity to exchange information and mutually use the information.","The legal entity must ensure interoperability and portability of IT Assets, namely their capacity to exchange information and mutually use the information.",False
Third Party ICT Risk Management Guideline_v2.0,10.11,10.11,Match,Match,skipped,Skipped second-pass adjudication because first-pass is an exact match.,The legal entity must take the necessary measures to be in a position to adequately transfer the outsourced activities into a cloud computing infrastructure to a different provider or to perform those activities itself whenever the continuity or quality of the service provision is likely to be affected.,The legal entity must take the necessary measures to be in a position to adequately transfer the outsourced activities into a cloud computing infrastructure to a different provider or to perform those activities itself whenever the continuity or quality of the service provision is likely to be affected.,False
Third Party ICT Risk Management Guideline_v2.0,10.12,10.12,Match,Match,skipped,Skipped second-pass adjudication because first-pass is an exact match.,Deletion of legal entity owned data and IT Assets must be possible.,Deletion of legal entity owned data and IT Assets must be possible.,False
Third Party ICT Risk Management Guideline_v2.0,10.13,10.13,Match,Match,skipped,Skipped second-pass adjudication because first-pass is an exact match.,"The legal entity must ensure protection of the data concerned by outsourcing in accordance with the General Data Protection Regulation (GDPR) and with the requirements of the authority competent in this matter, e.g. the National Commission for Data Protection (CNPD).","The legal entity must ensure protection of the data concerned by outsourcing in accordance with the General Data Protection Regulation (GDPR) and with the requirements of the authority competent in this matter, e.g. the National Commission for Data Protection (CNPD).",False
Third Party ICT Risk Management Guideline_v2.0,10.14,10.14,Match,Match,skipped,Skipped second-pass adjudication because first-pass is an exact match.,"The legal entity must ensure that its data is only stored and processed in countries in line with legal entity and legal requirements (for details regarding enforcing and monitoring regulatory requirements, please refer to the Outsourcing & Third Party Risk Policy).","The legal entity must ensure that its data is only stored and processed in countries in line with legal entity and legal requirements (for details regarding enforcing and monitoring regulatory requirements, please refer to the Outsourcing & Third Party Risk Policy).",False
Third Party ICT Risk Management Guideline_v2.0,10.15,10.15,Match,Match,skipped,Skipped second-pass adjudication because first-pass is an exact match.,"A process must be implemented that ensures for third-party information requests (e.g. governmental information requests or requests in case of legal causes), that any request is assessed against a valid legal basis, only data that is required for the specific investigation is made accessible and that the legal entity will be informed in such cases when legally permitted.","A process must be implemented that ensures for third-party information requests (e.g. governmental information requests or requests in case of legal causes), that any request is assessed against a valid legal basis, only data that is required for the specific investigation is made accessible and that the legal entity will be informed in such cases when legally permitted.",False
Third Party ICT Risk Management Guideline_v2.0,10.16,10.16,Match,Match,skipped,Skipped second-pass adjudication because first-pass is an exact match.,"Based on the different service models of the cloud services, the legal entity must implement the appropriate security controls, vendor recommended settings and assign an appropriate owner and document them as a basis for the risk assessment.","Based on the different service models of the cloud services, the legal entity must implement the appropriate security controls, vendor recommended settings and assign an appropriate owner and document them as a basis for the risk assessment.",False
Third Party ICT Risk Management Guideline_v2.0,10.17,10.17,Match,Match,skipped,Skipped second-pass adjudication because first-pass is an exact match.,There must be controls for secure procurement of resources in line with requirements of the legal entity.,There must be controls for secure procurement of resources in line with requirements of the legal entity.,False
Third Party ICT Risk Management Guideline_v2.0,10.18,10.18,Match,Match,skipped,Skipped second-pass adjudication because first-pass is an exact match.,"For critical cloud components like virtualization software etc., which cannot be validated by the legal entity according to baselines (since they are managed by the CSP), it must be contractually agreed that the CSP has to ensure appropriate patching and hardening.","For critical cloud components like virtualization software etc., which cannot be validated by the legal entity according to baselines (since they are managed by the CSP), it must be contractually agreed that the CSP has to ensure appropriate patching and hardening.",False
Third Party ICT Risk Management Guideline_v2.0,10.19,10.19,Match,Match,skipped,Skipped second-pass adjudication because first-pass is an exact match.,The legal entity must ensure through contractually agreed reports provided by the CSP to verify the procedures for monitoring compliance with the requirements relating to the following aspects: Configuration of ICT System components Performance and availability of ICT System components Response time to malfunctions and ICT-related Incidents Recovery time (time until completion of error handling),The legal entity must ensure through contractually agreed reports provided by the CSP to verify the procedures for monitoring compliance with the requirements relating to the following aspects: - Configuration of ICT System components - Performance and availability of ICT System components - Response time to malfunctions and ICT-related Incidents - Recovery time (time until completion of error handling),False
Third Party ICT Risk Management Guideline_v2.0,10.2,10.2,Match,Match,skipped,Skipped second-pass adjudication because first-pass is an exact match.,"Roles and responsibilities for protecting the cloud environment must be agreed, including shared responsibilities and the need for collaboration, which may be the responsibility of: CSPs, such as securing the underlying cloud infrastructure, the backend services and physical infrastructure The organisation itself, such as for securing its personal data, performing user management, and securely configuring ICT Systems Other external ICT third-parties (e.g. Cloud Access Security Brokers (CASBs), Identity as a Service (IDaaS) ICT third-parties or network service providers), such as for providing specific cloud or generic network services","Roles and responsibilities for protecting the cloud environment must be agreed, including shared responsibilities and the need for collaboration, which may be the responsibility of: - CSPs, such as securing the underlying cloud infrastructure, the backend services and physical infrastructure - The organisation itself, such as for securing its personal data, performing user management, and securely configuring ICT Systems - Other external ICT third-parties (e.g. Cloud Access Security Brokers (CASBs), Identity as a Service (IDaaS) ICT third-parties or network service providers), such as for providing specific cloud or generic network services",False
Third Party ICT Risk Management Guideline_v2.0,10.20,10.20,Match,Match,skipped,Skipped second-pass adjudication because first-pass is an exact match.,"The legal entity must ensure that all cloud resources (owning and using assets) are automatically and regularly monitored in accordance with business objectives, security requirements, and compliance obligations. If a baseline deviation is identified the Asset Owner must be notified. All baseline deviations must be remediated by the Asset Owner. Monitoring must include: Managing vulnerabilities by performing vulnerability scanning, conducting regular penetration tests, considering crowdsourced penetration testing and carrying out code reviews Extending security event management into the cloud environment by using a cloud-based security information and event management (SIEM) platform, connecting the cloud environment to an on-premises SIEM and/or leveraging a managed security service provider (MSSP) Integrating the use of cloud services into an appropriate ICT-related Incident management process through creating a cloud ICT-related Incident management capability, establishing a cloud ICT-related Incident management process, and developing cloud service-specific ICT-related Incident Management plans Accordance with the contractual agreements, for example regarding compliance with SLAs","The legal entity must ensure that all cloud resources (owning and using assets) are automatically and regularly monitored in accordance with business objectives, security requirements, and compliance obligations. If a baseline deviation is identified the Asset Owner must be notified. All baseline deviations must be remediated by the Asset Owner. Monitoring must include: - Managing vulnerabilities by performing vulnerability scanning, conducting regular penetration tests, considering crowdsourced penetration testing and carrying out code reviews - Extending security event management into the cloud environment by using a cloud-based security information and event management (SIEM) platform, connecting the cloud environment to an on-premises SIEM and/or leveraging a managed security service provider (MSSP) - Integrating the use of cloud services into an appropriate ICT-related Incident management process through creating a cloud ICT-related Incident management capability, establishing a cloud ICT-related Incident management process, and developing cloud service-specific ICT-related Incident Management plans - Accordance with the contractual agreements, for example regarding compliance with SLAs",False
Third Party ICT Risk Management Guideline_v2.0,10.3,10.3,Match,Match,skipped,Skipped second-pass adjudication because first-pass is an exact match.,Mandatory onsite inspection must be carried out in regular intervals depending on the existence of material workload or not.,Mandatory onsite inspection must be carried out in regular intervals depending on the existence of material workload or not.,False
Third Party ICT Risk Management Guideline_v2.0,10.4,10.4,Match,Match,skipped,Skipped second-pass adjudication because first-pass is an exact match.,"The legal entity must have access to the staff of the cloud computing service provider, subject to prior notification within a reasonable time frame. This is for queries, interviews, or audit.","The legal entity must have access to the staff of the cloud computing service provider, subject to prior notification within a reasonable time frame. This is for queries, interviews, or audit.",False
Third Party ICT Risk Management Guideline_v2.0,10.5,10.5,Match,Match,skipped,Skipped second-pass adjudication because first-pass is an exact match.,"The legal entity must have access to the relevant documentation of the cloud computing service provider (this documentation must notably include audit reports, certification reports, policies and procedures).","The legal entity must have access to the relevant documentation of the cloud computing service provider (this documentation must notably include audit reports, certification reports, policies and procedures).",False
Third Party ICT Risk Management Guideline_v2.0,10.6,10.6,Match,Match,skipped,Skipped second-pass adjudication because first-pass is an exact match.,The legal entity must have the possibility to communicate observations to the supervised institution (ISCR and resource operator).,The legal entity must have the possibility to communicate observations to the supervised institution (ISCR and resource operator).,False
Third Party ICT Risk Management Guideline_v2.0,10.7,10.7,Match,Match,skipped,Skipped second-pass adjudication because first-pass is an exact match.,The legal entity must establish architecture Guidelines and best practices for the use of cloud services to get the right balance between usage of cloud native services and avoidance of lock in by providing the required interoperability and portability where needed.,The legal entity must establish architecture Guidelines and best practices for the use of cloud services to get the right balance between usage of cloud native services and avoidance of lock in by providing the required interoperability and portability where needed.,False
Third Party ICT Risk Management Guideline_v2.0,10.8,10.8,Match,Match,skipped,Skipped second-pass adjudication because first-pass is an exact match.,"The CSP must communicate to the legal entity about changes that could have a significant impact on the IT Asset functionality used by the legal entity (exception: the changes relating to corrective maintenance), prior to its implementation, so that the legal entity may take the necessary measures in case of material change or discontinuity.","The CSP must communicate to the legal entity about changes that could have a significant impact on the IT Asset functionality used by the legal entity (exception: the changes relating to corrective maintenance), prior to its implementation, so that the legal entity may take the necessary measures in case of material change or discontinuity.",False
Third Party ICT Risk Management Guideline_v2.0,10.9,10.9,Match,Match,skipped,Skipped second-pass adjudication because first-pass is an exact match.,The legal entity must have access to the institution’s data and ICT Systems hosted on a cloud computing infrastructure. This access must be managed by the resource operator. Access should be provided during an audit performed by the legal entity or regulator but not on an ongoing basis.,The legal entity must have access to the institution’s data and ICT Systems hosted on a cloud computing infrastructure. This access must be managed by the resource operator. Access should be provided during an audit performed by the legal entity or regulator but not on an ongoing basis.,False
Third Party ICT Risk Management Guideline_v2.0,11,11,Match,Match,skipped,Skipped second-pass adjudication because first-pass is an exact match.,Additional control requirements for CSSF regulated legal entities must be documented and in place.,Additional control requirements for CSSF regulated legal entities must be documented and in place.,False
Third Party ICT Risk Management Guideline_v2.0,11.1,11.1,Match,Match,skipped,Skipped second-pass adjudication because first-pass is an exact match.,Legal entities using cloud services must designate a qualified Cloud Officer.,Legal entities using cloud services must designate a qualified Cloud Officer.,False
Third Party ICT Risk Management Guideline_v2.0,11.2,11.2,Match,Match,skipped,Skipped second-pass adjudication because first-pass is an exact match.,Outsourced activities must be specified as material or non-material within the cloud computing infrastructure outsourcing register / inventory.,Outsourced activities must be specified as material or non-material within the cloud computing infrastructure outsourcing register / inventory.,False
Third Party ICT Risk Management Guideline_v2.0,11.3,11.3,Match,Match,skipped,Skipped second-pass adjudication because first-pass is an exact match.,The cloud computing infrastructure outsourcing register / inventory must be transmitted to the competent authority upon request.,The cloud computing infrastructure outsourcing register / inventory must be transmitted to the competent authority upon request.,False
Third Party ICT Risk Management Guideline_v2.0,12,12,Match,Match,skipped,Skipped second-pass adjudication because first-pass is an exact match.,Additional control requirements must be documented and in place for outsourcing to Cloud Service Providers.,Additional control requirements must be documented and in place for outsourcing to Cloud Service Providers.,False
Third Party ICT Risk Management Guideline_v2.0,12.1,12.1,Match,Match,skipped,Skipped second-pass adjudication because first-pass is an exact match.,"It should be decided individually, which information from those layers that are the responsibility of the cloud provider should also be included in the CMDB of the supervised entity.","It should be decided individually, which information from those layers that are the responsibility of the cloud provider should also be included in the CMDB of the supervised entity.",False
Third Party ICT Risk Management Guideline_v2.0,12.10,12.10,Match,Match,skipped,Skipped second-pass adjudication because first-pass is an exact match.,The covered legal entity must define and document tasks and responsibilities in relation to the operational functions and activities in its information domain for all cloud services used.,The covered legal entity must define and document tasks and responsibilities in relation to the operational functions and activities in its information domain for all cloud services used.,False
Third Party ICT Risk Management Guideline_v2.0,12.11,12.11,Match,Match,skipped,Skipped second-pass adjudication because first-pass is an exact match.,Service agreements with cloud service providers must include provisions limiting changes directly impacting covered legal entity owned environments/tenants to explicitly authorized requests within service level agreements between CSPs and the covered legal entity.,Service agreements with cloud service providers must include provisions limiting changes directly impacting covered legal entity owned environments/tenants to explicitly authorized requests within service level agreements between CSPs and the covered legal entity.,False
Third Party ICT Risk Management Guideline_v2.0,12.12,12.12,Match,Match,skipped,Skipped second-pass adjudication because first-pass is an exact match.,"Policies and procedures must be in place for interoperability and portability of application interfaces, information processing, application development, data exchange and include requirements for: Communications between application interfaces Information processing interoperability Application development portability Information/Data exchange, usage, portability, integrity, and persistence","Policies and procedures must be in place for interoperability and portability of application interfaces, information processing, application development, data exchange and include requirements for: - Communications between application interfaces - Information processing interoperability - Application development portability - Information/Data exchange, usage, portability, integrity, and persistence",False
Third Party ICT Risk Management Guideline_v2.0,12.13,12.13,Match,Match,skipped,Skipped second-pass adjudication because first-pass is an exact match.,It must be contractually ensured that covered legal entity has access to data upon contract termination with the cloud service provider. Provisions must include at least: Data format Length of time the data will be stored Scope of the data retained and made available to the CSCs Data deletion policy,It must be contractually ensured that covered legal entity has access to data upon contract termination with the cloud service provider. Provisions must include at least: - Data format - Length of time the data will be stored - Scope of the data retained and made available to the CSCs - Data deletion policy,False
Third Party ICT Risk Management Guideline_v2.0,12.2,12.2,Match,Match,skipped,Skipped second-pass adjudication because first-pass is an exact match.,The legal entity must put in place policies on the use of cloud services that span both overarching requirements applicable to all service providers and associated services as well as provisions applicable to specific providers and services.,The legal entity must put in place policies on the use of cloud services that span both overarching requirements applicable to all service providers and associated services as well as provisions applicable to specific providers and services.,False
Third Party ICT Risk Management Guideline_v2.0,12.3,12.3,Match,Match,skipped,Skipped second-pass adjudication because first-pass is an exact match.,"The policies for cloud use must at least cover the topics of cloud compliance, identity and access management, encryption and key management, development and operation, hardening of applications, interfaces and environments, control of subcontractors and IT emergency management.","The policies for cloud use must at least cover the topics of cloud compliance, identity and access management, encryption and key management, development and operation, hardening of applications, interfaces and environments, control of subcontractors and IT emergency management.",False
Third Party ICT Risk Management Guideline_v2.0,12.4,12.4,Match,Match,skipped,Skipped second-pass adjudication because first-pass is an exact match.,"The legal entity must maintain sufficient quantitative and qualitative resources for the use of the cloud and anchor them organizationally (human, financial and other resources). This applies in particular to governance, risk management and outsourcing management.","The legal entity must maintain sufficient quantitative and qualitative resources for the use of the cloud and anchor them organizationally (human, financial and other resources). This applies in particular to governance, risk management and outsourcing management.",False
Third Party ICT Risk Management Guideline_v2.0,12.5,12.5,Match,Match,skipped,Skipped second-pass adjudication because first-pass is an exact match.,"The legal entity must ensure that employees in charge of tasks related to cloud have appropriate and relevant skills and knowledge of how the cloud works, the risks associated with it and the technical and organizational peculiarities of cloud operation. The more technical the tasks, the more specific the knowledge of the cloud provider and the cloud services should be.","The legal entity must ensure that employees in charge of tasks related to cloud have appropriate and relevant skills and knowledge of how the cloud works, the risks associated with it and the technical and organizational peculiarities of cloud operation. The more technical the tasks, the more specific the knowledge of the cloud provider and the cloud services should be.",False
Third Party ICT Risk Management Guideline_v2.0,12.6,12.6,Match,Match,skipped,Skipped second-pass adjudication because first-pass is an exact match.,The legal entity must specify (architectural) requirements in the cloud to be able to implement them technically when developing cloud applications and configuring cloud environments.,The legal entity must specify (architectural) requirements in the cloud to be able to implement them technically when developing cloud applications and configuring cloud environments.,False
Third Party ICT Risk Management Guideline_v2.0,12.7,12.7,Match,Match,skipped,Skipped second-pass adjudication because first-pass is an exact match.,"Backups of business-critical data and configurations must be documented and also be stored outside the affected cloud at regular intervals, e.g. on-premise or with another cloud provider.","Backups of business-critical data and configurations must be documented and also be stored outside the affected cloud at regular intervals, e.g. on-premise or with another cloud provider.",False
Third Party ICT Risk Management Guideline_v2.0,12.8,12.8,Match,Match,skipped,Skipped second-pass adjudication because first-pass is an exact match.,"If a joint test of the ICT continuity plans with the cloud provider is not possible, it must be ensured that all affected components are adequately covered by own tests or by appropriate test evidence.","If a joint test of the ICT continuity plans with the cloud provider is not possible, it must be ensured that all affected components are adequately covered by own tests or by appropriate test evidence.",False
Third Party ICT Risk Management Guideline_v2.0,12.9,12.9,Match,Match,skipped,Skipped second-pass adjudication because first-pass is an exact match.,"In the information domain where all primary and secondary assets are mapped, all layers that under the shared responsibility model fall under the responsibility of the covered legal entity must be displayed.","In the information domain where all primary and secondary assets are mapped, all layers that under the shared responsibility model fall under the responsibility of the covered legal entity must be displayed.",False
Third Party ICT Risk Management Guideline_v2.0,13,13,Match,Match,skipped,Skipped second-pass adjudication because first-pass is an exact match.,It must be ensured that measures are documented and in place for ICT Third-Party Software Development.,It must be ensured that measures are documented and in place for ICT Third-Party Software Development.,False
Third Party ICT Risk Management Guideline_v2.0,13.1,13.1,Match,Match,skipped,Skipped second-pass adjudication because first-pass is an exact match.,Equivalent security measures must be applied to outsourced software development as to legal entity software development (for more details – refer to the Software Development and ICT Change Management Guideline).,Equivalent security measures must be applied to outsourced software development as to legal entity software development (for more details – refer to the Software Development and ICT Change Management Guideline).,False
Third Party ICT Risk Management Guideline_v2.0,13.2,13.2,Match,Match,skipped,Skipped second-pass adjudication because first-pass is an exact match.,Ensure that outsourced development must be adequately evaluated and handled.,Ensure that outsourced development must be adequately evaluated and handled.,False
Third Party ICT Risk Management Guideline_v2.0,2,2,Match,Match,skipped,Skipped second-pass adjudication because first-pass is an exact match.,ICT third-party agreements must be documented and in place.,ICT third-party agreements must be documented and in place.,False
Third Party ICT Risk Management Guideline_v2.0,2.1,2.1,Match,Match,skipped,Skipped second-pass adjudication because first-pass is an exact match.,"Contracts with ICT third-parties in scope with access to information assets of the legal entity must contain effective and enforceable control requirements for Information Security, based on ICT Risk Framework (for more details – refer to the ICT Risk Management Guideline) – based on Information Security Classification of ICT third-parties.","Contracts with ICT third-parties in scope with access to information assets of the legal entity must contain effective and enforceable control requirements for Information Security, based on ICT Risk Framework (for more details – refer to the ICT Risk Management Guideline) – based on Information Security Classification of ICT third-parties.",False
Third Party ICT Risk Management Guideline_v2.0,2.10,2.10,Match,Match,skipped,Skipped second-pass adjudication because first-pass is an exact match.,Access rights for employees of ICT third-parties must be reviewed at least every 12 months and every 6 months for ICT Systems supporting critical or important functions. Access rights must be adjusted in case of changes in the role and/or accessed information.,Access rights for employees of ICT third-parties must be reviewed at least every 12 months and every 6 months for ICT Systems supporting critical or important functions. Access rights must be adjusted in case of changes in the role and/or accessed information.,False
Third Party ICT Risk Management Guideline_v2.0,2.2,2.2,Match,Match,skipped,Skipped second-pass adjudication because first-pass is an exact match.,"Relevant contacts must be defined by both the ICT third-party and the legal entity, including a contact person for information security issues. For KRITIS-relevant assets the service provider must provide a 24x7 security contact for ICT-related Incidents.","Relevant contacts must be defined by both the ICT third-party and the legal entity, including a contact person for information security issues. For KRITIS-relevant assets the service provider must provide a 24x7 security contact for ICT-related Incidents.",False
Third Party ICT Risk Management Guideline_v2.0,2.3,2.3,Match,Match,skipped,Skipped second-pass adjudication because first-pass is an exact match.,"Contracts with ICT third-parties must be regularly reviewed (at least once a year), and reviewed if one of the following cases occurs and updated, if required: In case of significant change of the ICT third-party relationship and/or ICT third-party organization and/or ICT third-party service In case of significant change of ICT Risk Management Framework if required In case of special request of relevant stakeholders (e.g. regulators, auditors)","Contracts with ICT third-parties must be regularly reviewed (at least once a year), and reviewed if one of the following cases occurs and updated, if required: - In case of significant change of the ICT third-party relationship and/or ICT third-party organization and/or ICT third-party service - In case of significant change of ICT Risk Management Framework if required - In case of special request of relevant stakeholders (e.g. regulators, auditors)",False
Third Party ICT Risk Management Guideline_v2.0,2.4,2.4,Match,Match,skipped,Skipped second-pass adjudication because first-pass is an exact match.,"If no update to agreements based on the review is needed, a confirmation must be documented.","If no update to agreements based on the review is needed, a confirmation must be documented.",False
Third Party ICT Risk Management Guideline_v2.0,2.5,2.5,Content delta: requirement differs,Content delta: requirement differs,confirmed,Confirmed after footnote/reference stripping.,"The Information Security requirements must be contractually agreed with the ICT third-party and documented, particularly including: Security mechanisms, service levels descriptions (including updates and revisions thereof) and management requirements for all outsourced services Description of the information to be provided or accessed and methods of providing or accessing the information Mapping between the legal entity’s information classification scheme and the information classification scheme of the ICT third-party Applicable legal, statutory, regulatory, and contractual requirements, including a description of how it will be ensured that they are met Relevant provisions for sub-contracting, including controls that need to be established, such as agreement on the use of sub-ICT third-parties Indemnities and remediation for failure of contractor to meet requirements (except contracts between DBG entities) Secure transfer of business information (for details refer to the Data Leakage Prevention Guideline) Outsourced development requirement for an Asset Security Documentation for third-party developed applications, for a risk assessment for all third-party developed applications, for source code scans for third-party developed code following the same requirements as for internally developed source code. Vulnerability reporting, handling and disclosure Defect resolution and conflict resolution processes Defined change management process that covers intervention possibility for the affected legal entity Non-disclosure and confidentiality provisions as stated in ID 8 ICT third-party employee screening requirements as stated in ID 5 Training, awareness, and education measures of ICT third-party employees as stated in ID 6 Comprehensive monitoring and review instruments including metrics for measuring adherence to information security requirements Right to conduct periodic and ad hoc ICT third-party security audits based on the criticality of the ICT third-party (can be performed by a third-party or waived if the ICT third-party provides proof of applicable certification) The implementation of a framework based on ICT Security Policies and Standards as well as best practices that comply with applicable ICT Security regulations and international standards, including the governance structure for ICT Security, roles & responsibilities, resources, policies, and processes Compliance with state-of-the-art security standards for critical or important functions supporting ICT services The implementation of effective controls to protect its assets associated with information and information processing facilities over its lifecycle The implementation of management responsibilities and procedures for an effective and orderly response to ICT-related Incidents as well as the implementation of a Business Continuity Management Definition and implementation of an Information Security framework Locations of data processing and storage of ICT services and access to data and premises relating to ICT services supporting critical or important functions Clauses to guarantee access, recovery and return in an easily obtainable format of personal and non-personal processed data in the event of insolvency, resolution or termination of the ICT third-party Termination clauses upon conclusion of the agreement including records management, return of assets, secure disposal of information and other associated assets, handover support to another ICT third-party or to the legal entity itself, and any ongoing confidentiality obligation","The Information Security requirements must be contractually agreed with the ICT third-party and documented, particularly including: - Security mechanisms, service levels descriptions (including updates and revisions thereof) and management requirements for all outsourced services. - Description of the information to be provided or accessed and methods of providing or accessing the information. - Mapping between the legal entity's information classification scheme and the information classification scheme of the ICT third-party. - Applicable legal, statutory, regulatory, and contractual requirements, including a description of how it will be ensured that they are met. - Relevant provisions for sub-contracting, including controls that need to be established, such as agreement on the use of sub-ICT third-parties. - Indemnities and remediation for failure of contractor to meet requirements (except contracts between DBG entities). - Secure transfer of business information (for details refer to the Data Leakage Prevention Guideline). - Outsourced development requirement for an Asset Security Documentation for third-party developed applications, for a risk assessment for all third-party developed applications, for source code scans for third-party developed code following the same requirements as for internally developed source code. - Vulnerability reporting, handling and disclosure. - Defect resolution and conflict resolution processes. - Defined change management process that covers intervention possibility for the affected legal entity. - Non-disclosure and confidentiality provisions as stated in ID 8. - ICT third-party employee screening requirements as stated in ID 5. - Training, awareness, and education measures of ICT third-party employees as stated in ID 6. - Comprehensive monitoring and review instruments including metrics for measuring adherence to information security requirements. - Right to conduct periodic and ad hoc ICT third-party security audits based on the criticality of the ICT third-party (can be performed by a third-party or waived if the ICT third-party provides proof of applicable certification). - The implementation of a framework based on ICT Security Policies and Standards as well as best practices that complies with applicable ICT Security regulations and international standards, including the governance structure for ICT Security, roles & responsibilities, resources, policies, and processes. - Compliance with state-of-the-art security standards for critical or important functions supporting ICT services - The implementation of effective controls to protect its assets associated with information and information processing facilities over its lifecycle. - The implementation of management responsibilities and procedures for an effective and orderly response to ICT-related Incidents as well as the implementation of a Business Continuity Management. - Definition and implementation of an Information Security framework. - Locations of data processing and storage of ICT services and access to data and premises relating to ICT services supporting critical or important functions - Clauses to guarantee access, recovery and return in an easily obtainable format of personal and non-personal processed data in the event of insolvency, resolution or termination of the ICT third-party. - Termination clauses upon conclusion of the agreement including records management, return of assets, secure disposal of information and other associated assets, handover support to another ICT third-party or to the legal entity itself, and any ongoing confidentiality obligation.",False
Third Party ICT Risk Management Guideline_v2.0,2.6,2.6,Match,Match,skipped,Skipped second-pass adjudication because first-pass is an exact match.,"A mechanism must be in place to govern the accessibility of contractually agreed information and evidences by both the ICT third-party and the legal entity, including evidences and assurance mechanisms of third-party attestations for relevant information security requirements related to the ICT third-party processes.","A mechanism must be in place to govern the accessibility of contractually agreed information and evidences by both the ICT third-party and the legal entity, including evidences and assurance mechanisms of third-party attestations for relevant information security requirements related to the ICT third-party processes.",False
Third Party ICT Risk Management Guideline_v2.0,2.7,2.7,Match,Match,skipped,Skipped second-pass adjudication because first-pass is an exact match.,Critical ICT third-parties must contractually agree to perform services in accordance with the legal entity’s internal Information Security requirements for the framework based on ICT Security Policies and Standards.,Critical ICT third-parties must contractually agree to perform services in accordance with the legal entity’s internal Information Security requirements for the framework based on ICT Security Policies and Standards.,False
Third Party ICT Risk Management Guideline_v2.0,2.8,2.8,Match,Match,skipped,Skipped second-pass adjudication because first-pass is an exact match.,It must be ensured that evidences that are required by contract for the provided services are collected.,It must be ensured that evidences that are required by contract for the provided services are collected.,False
Third Party ICT Risk Management Guideline_v2.0,2.9,2.9,Match,Match,skipped,Skipped second-pass adjudication because first-pass is an exact match.,Access rights for employees of ICT third-parties must be aligned with their services/ products and data access required in line with minimal needs or need-to-know principles; for logical access – refer to the Identity and Access Management Guideline).,Access rights for employees of ICT third-parties must be aligned with their services/ products and data access required in line with minimal needs or need-to-know principles; for logical access – refer to the Identity and Access Management Guideline).,False
Third Party ICT Risk Management Guideline_v2.0,3,3,Match,Match,skipped,Skipped second-pass adjudication because first-pass is an exact match.,The ICT third-party supply chain must be protected.,The ICT third-party supply chain must be protected.,False
Third Party ICT Risk Management Guideline_v2.0,3.1,3.1,Match,Match,skipped,Skipped second-pass adjudication because first-pass is an exact match.,Information Security requirements and appropriate security practices must be defined for ICT product or service acquisition that are binding for the entire supply chain.,Information Security requirements and appropriate security practices must be defined for ICT product or service acquisition that are binding for the entire supply chain.,False
Third Party ICT Risk Management Guideline_v2.0,3.2,3.2,Match,Match,skipped,Skipped second-pass adjudication because first-pass is an exact match.,Assurance must be obtained that delivered ICT products achieve the required security levels and are functioning as expected.,Assurance must be obtained that delivered ICT products achieve the required security levels and are functioning as expected.,False
Third Party ICT Risk Management Guideline_v2.0,3.3,3.3,Match,Match,skipped,Skipped second-pass adjudication because first-pass is an exact match.,"Processes must be established for managing ICT component life cycle and the protection criteria (CIA) confidentiality, integrity, and availability.","Processes must be established for managing ICT component life cycle and the protection criteria (CIA) confidentiality, integrity, and availability.",False
Third Party ICT Risk Management Guideline_v2.0,3.4,3.4,Match,Match,skipped,Skipped second-pass adjudication because first-pass is an exact match.,Processes must be established for managing security risks associated with components not being longer available or ICT third-parties no longer providing these components.,Processes must be established for managing security risks associated with components not being longer available or ICT third-parties no longer providing these components.,False
Third Party ICT Risk Management Guideline_v2.0,4,4,Match,Match,skipped,Skipped second-pass adjudication because first-pass is an exact match.,"Monitoring, review and change management procedures for ICT third-party services must be documented and in place.","Monitoring, review and change management procedures for ICT third-party services must be documented and in place.",False
Third Party ICT Risk Management Guideline_v2.0,4.1,4.1,Match,Match,skipped,Skipped second-pass adjudication because first-pass is an exact match.,ICT third-parties and their provided services must be monitored with agreed instruments implemented within the entire ICT third-party lifecycle management process.,ICT third-parties and their provided services must be monitored with agreed instruments implemented within the entire ICT third-party lifecycle management process.,False
Third Party ICT Risk Management Guideline_v2.0,4.10,4.10,Match,Match,skipped,Skipped second-pass adjudication because first-pass is an exact match.,Key Performance Indicators reporting that are delivered by the ICT third-party must be reviewed depending on their contractually agreed KPI delivery (Assessment if the Information Security provisions of the agreements are being adhered to and that ICT-related Incidents and problems are managed properly).,Key Performance Indicators reporting that are delivered by the ICT third-party must be reviewed depending on their contractually agreed KPI delivery (Assessment if the Information Security provisions of the agreements are being adhered to and that ICT-related Incidents and problems are managed properly).,False
Third Party ICT Risk Management Guideline_v2.0,4.11,4.11,Match,Match,skipped,Skipped second-pass adjudication because first-pass is an exact match.,Assurance of the ICT third-party’s cyber resilience capabilities must be obtained if relevant for services/criticality.,Assurance of the ICT third-party’s cyber resilience capabilities must be obtained if relevant for services/criticality.,False
Third Party ICT Risk Management Guideline_v2.0,4.12,4.12,Match,Match,skipped,Skipped second-pass adjudication because first-pass is an exact match.,"A process to manage the relationship between the legal entity and the ICT third-party must be established to ensure that ICT-related Incidents and problems are managed properly, including: Provision of information about ICT events or ICT-related Incidents and review of this information Identification and management of information security vulnerabilities Conduction of penetration tests to assess the effectiveness of implemented cyber and internal ICT security measures if relevant for services/criticality Sufficient service capability together with workable plans designed to ensure that agreed service continuity levels are maintained following major service failures or disaster","A process to manage the relationship between the legal entity and the ICT third-party must be established to ensure that ICT-related Incidents and problems are managed properly, including: - Provision of information about ICT events or ICT-related Incidents and review of this information. - Identification and management of information security vulnerabilities. - Conduction of penetration tests to assess the effectiveness of implemented cyber and internal ICT security measures if relevant for services/criticality. - Sufficient service capability together with workable plans designed to ensure that agreed service continuity levels are maintained following major service failures or disaster.",False
Third Party ICT Risk Management Guideline_v2.0,4.13,4.13,Match,Match,skipped,Skipped second-pass adjudication because first-pass is an exact match.,"Changes to the provision of services by ICT third-parties, including maintaining and improving existing Information Security policies, procedures, and controls, must be managed, taking account of the criticality of business information, ICT Systems and processes involved and the re-assessment of risks.","Changes to the provision of services by ICT third-parties, including maintaining and improving existing Information Security policies, procedures, and controls, must be managed, taking account of the criticality of business information, ICT Systems and processes involved and the re-assessment of risks.",False
Third Party ICT Risk Management Guideline_v2.0,4.14,4.14,Match,Match,skipped,Skipped second-pass adjudication because first-pass is an exact match.,"It must be ensured that any changes in ICT third-parties services initiate a classification review (as stated in ID 1) of the ICT third-party and classification is adjusted, if needed.","It must be ensured that any changes in ICT third-parties services initiate a classification review (as stated in ID 1) of the ICT third-party and classification is adjusted, if needed.",False
Third Party ICT Risk Management Guideline_v2.0,4.2,4.2,Match,Match,skipped,Skipped second-pass adjudication because first-pass is an exact match.,It must be ensured that ICT third-parties and services are reviewed according to their criticality based on the information security classification of ICT third-parties.,It must be ensured that ICT third-parties and services are reviewed according to their criticality based on the information security classification of ICT third-parties.,False
Third Party ICT Risk Management Guideline_v2.0,4.3,4.3,Match,Match,skipped,Skipped second-pass adjudication because first-pass is an exact match.,"ICT third-party service delivery regarding the contractually agreed information security requirements must be reviewed and documented at least every 12 months and in if the following events occur: In case of significant change of the ICT third-party relationship and/or ICT third-party organization and/or ICT third-party service In case of significant change of ICT Risk Framework if required In case of special request of relevant stakeholders (e.g. regulators, auditors) In case of major ICT-related Incident (for more details – refer to the ICT Incident & Operational Event Management Guideline)","ICT third-party service delivery regarding the contractually agreed information security requirements must be reviewed and documented at least every 12 months and in if the following events occur: - In case of significant change of the ICT third-party relationship and/or ICT third-party organization and/or ICT third-party service - In case of significant change of ICT Risk Framework if required - In case of special request of relevant stakeholders (e.g. regulators, auditors) - In case of major ICT-related Incident (for more details – refer to the ICT Incident & Operational Event Management Guideline)",False
Third Party ICT Risk Management Guideline_v2.0,4.4,4.4,Match,Match,skipped,Skipped second-pass adjudication because first-pass is an exact match.,"Responsibility for managing ICT third-party relationships must be assigned to a dedicated individual or team with sufficient professional and technical skills and resources to monitor that the requirements, in particular the information security requirements, are being met.","Responsibility for managing ICT third-party relationships must be assigned to a dedicated individual or team with sufficient professional and technical skills and resources to monitor that the requirements, in particular the information security requirements, are being met.",False
Third Party ICT Risk Management Guideline_v2.0,4.5,4.5,Match,Match,skipped,Skipped second-pass adjudication because first-pass is an exact match.,"It must be ensured that the ICT third-parties’ and sub-ICT third-parties’ services and security capabilities can be audited or at least assessed through ICT third-parties’ self-assessments, based on a risk-based approach.","It must be ensured that the ICT third-parties’ and sub-ICT third-parties’ services and security capabilities can be audited or at least assessed through ICT third-parties’ self-assessments, based on a risk-based approach.",False
Third Party ICT Risk Management Guideline_v2.0,4.6,4.6,Match,Match,skipped,Skipped second-pass adjudication because first-pass is an exact match.,Risk mitigation procedures and audit procedures must be defined and implemented if one criterion does not fit.,Risk mitigation procedures and audit procedures must be defined and implemented if one criterion does not fit.,False
Third Party ICT Risk Management Guideline_v2.0,4.7,4.7,Match,Match,skipped,Skipped second-pass adjudication because first-pass is an exact match.,"It must be ensured, on an ongoing basis, that ICT third-party arrangements meet appropriate performance and quality standards in line with the agreed framework.","It must be ensured, on an ongoing basis, that ICT third-party arrangements meet appropriate performance and quality standards in line with the agreed framework.",False
Third Party ICT Risk Management Guideline_v2.0,4.8,4.8,Match,Match,skipped,Skipped second-pass adjudication because first-pass is an exact match.,"Regarding controlling and monitoring of ICT third-parties, it must be ensured to monitor compliance with applicable legal and regulatory requirements as stated.","Regarding controlling and monitoring of ICT third-parties, it must be ensured to monitor compliance with applicable legal and regulatory requirements as stated.",False
Third Party ICT Risk Management Guideline_v2.0,4.9,4.9,Match,Match,skipped,Skipped second-pass adjudication because first-pass is an exact match.,"It must be ensured to include the results of the monitoring in the review of the third-party's risk assessment. Identified violations and deviations are subjected to analysis, evaluation, and treatment in accordance with the risk management procedure.","It must be ensured to include the results of the monitoring in the review of the third-party's risk assessment. Identified violations and deviations are subjected to analysis, evaluation, and treatment in accordance with the risk management procedure.",False
Third Party ICT Risk Management Guideline_v2.0,5,5,Match,Match,skipped,Skipped second-pass adjudication because first-pass is an exact match.,Screening of ICT third-parties must be documented and in place.,Screening of ICT third-parties must be documented and in place.,False
Third Party ICT Risk Management Guideline_v2.0,5.1,5.1,Match,Match,skipped,Skipped second-pass adjudication because first-pass is an exact match.,Contractual arrangements between the legal entity and the ICT third-party must specify the responsibilities of the ICT third-party for conducting background checks for all employees who have access to the legal entity's data and ICT Systems.,Contractual arrangements between the legal entity and the ICT third-party must specify the responsibilities of the ICT third-party for conducting background checks for all employees who have access to the legal entity's data and ICT Systems.,False
Third Party ICT Risk Management Guideline_v2.0,5.2,5.2,Match,Match,skipped,Skipped second-pass adjudication because first-pass is an exact match.,It must be documented in writing that a background check has been performed for the employees assigned by the ICT third-party (incl. sub-ICT third-parties) prior to the start of their work for the legal entity.,It must be documented in writing that a background check has been performed for the employees assigned by the ICT third-party (incl. sub-ICT third-parties) prior to the start of their work for the legal entity.,False
Third Party ICT Risk Management Guideline_v2.0,5.3,5.3,Match,Match,skipped,Skipped second-pass adjudication because first-pass is an exact match.,Information Security responsibilities of the legal entity must be communicated to all ICT third-parties prior to the commencement of their respective contract.,Information Security responsibilities of the legal entity must be communicated to all ICT third-parties prior to the commencement of their respective contract.,False
Third Party ICT Risk Management Guideline_v2.0,6,6,Match,Match,skipped,Skipped second-pass adjudication because first-pass is an exact match.,"Information security awareness, education and trainings for ICT third-parties must be documented and in place.","Information security awareness, education and trainings for ICT third-parties must be documented and in place.",False
Third Party ICT Risk Management Guideline_v2.0,6.1,6.1,Match,Match,skipped,Skipped second-pass adjudication because first-pass is an exact match.,It must be contractually agreed that the ICT third-party must only assign professionally qualified employee to the legal entity.,It must be contractually agreed that the ICT third-party must only assign professionally qualified employee to the legal entity.,False
Third Party ICT Risk Management Guideline_v2.0,6.2,6.2,Match,Match,skipped,Skipped second-pass adjudication because first-pass is an exact match.,It must be documented in writing that the employees assigned by the ICT third-party have appropriate qualifications before starting their work for the legal entity.,It must be documented in writing that the employees assigned by the ICT third-party have appropriate qualifications before starting their work for the legal entity.,False
Third Party ICT Risk Management Guideline_v2.0,6.3,6.3,Match,Match,skipped,Skipped second-pass adjudication because first-pass is an exact match.,It must be contractually agreed that the ICT third-party must train its assigned employees regularly in relation to the requirements of Information Security and must inform them about special Information Security requirements of the legal entity prior to employment. The communicated information security controls to the respective employees must be at least those contractually agreed upon.,It must be contractually agreed that the ICT third-party must train its assigned employees regularly in relation to the requirements of Information Security and must inform them about special Information Security requirements of the legal entity prior to employment. The communicated information security controls to the respective employees must be at least those contractually agreed upon.,False
Third Party ICT Risk Management Guideline_v2.0,6.4,6.4,Match,Match,skipped,Skipped second-pass adjudication because first-pass is an exact match.,It must be contractually agreed that the ICT third-party participates in the legal entity’s ICT security awareness programs and digital operational resilience training.,It must be contractually agreed that the ICT third-party participates in the legal entity’s ICT security awareness programs and digital operational resilience training.,False
Third Party ICT Risk Management Guideline_v2.0,7,7,Match,Match,skipped,Skipped second-pass adjudication because first-pass is an exact match.,A secure procedure for offboarding of third-party or change of third-party must be documented and in place.,A secure procedure for offboarding of third-party or change of third-party must be documented and in place.,False
Third Party ICT Risk Management Guideline_v2.0,7.1,7.1,Match,Match,skipped,Skipped second-pass adjudication because first-pass is an exact match.,It must be contractually agreed upon the possibility of terminating the arrangement in the following cases:,It must be contractually agreed upon the possibility of terminating the arrangement in the following cases:,False
Third Party ICT Risk Management Guideline_v2.0,7.1.1,7.1.1,Match,Match,skipped,Skipped second-pass adjudication because first-pass is an exact match.,"Substantial violation of relevant laws, rules, or contractual provisions by the ICT third-party.","Substantial violation of relevant laws, rules, or contractual provisions by the ICT third-party.",False
Third Party ICT Risk Management Guideline_v2.0,7.1.2,7.1.2,Match,Match,skipped,Skipped second-pass adjudication because first-pass is an exact match.,"Events found during the monitoring of ICT third-party risk that have the potential to change how the functions provided by the contractual arrangement are performed, such as significant modifications that impact the arrangement or the circumstances of the ICT third-party.","Events found during the monitoring of ICT third-party risk that have the potential to change how the functions provided by the contractual arrangement are performed, such as significant modifications that impact the arrangement or the circumstances of the ICT third-party.",False
Third Party ICT Risk Management Guideline_v2.0,7.1.3,7.1.3,Match,Match,skipped,Skipped second-pass adjudication because first-pass is an exact match.,"Weaknesses regarding the management and security (availability, authenticity, integrity and, confidentiality) of confidential, personal, or otherwise sensitive data or information on the part of the ICT third-party.","Weaknesses regarding the management and security (availability, authenticity, integrity and, confidentiality) of confidential, personal, or otherwise sensitive data or information on the part of the ICT third-party.",False
Third Party ICT Risk Management Guideline_v2.0,7.1.4,7.1.4,Match,Match,skipped,Skipped second-pass adjudication because first-pass is an exact match.,The competent authority is no longer capable of properly supervising the legal entity due to the circumstances of the contractual obligations with the ICT third-party.,The competent authority is no longer capable of properly supervising the legal entity due to the circumstances of the contractual obligations with the ICT third-party.,False
Third Party ICT Risk Management Guideline_v2.0,7.2,7.2,Match,Match,skipped,Skipped second-pass adjudication because first-pass is an exact match.,Contractual obligations with ICT third-parties must ensure that Information Security requirements are followed for a defined period after the termination of their contract to ensure orderly transfer of the function in the event of the termination.,Contractual obligations with ICT third-parties must ensure that Information Security requirements are followed for a defined period after the termination of their contract to ensure orderly transfer of the function in the event of the termination.,False
Third Party ICT Risk Management Guideline_v2.0,7.3,7.3,Match,Match,skipped,Skipped second-pass adjudication because first-pass is an exact match.,Access management processes must ensure a rapid off-boarding of employees of ICT third-parties as soon as possible (for logical access – refer to the Identity and Access Management Guideline).,Access management processes must ensure a rapid off-boarding of employees of ICT third-parties as soon as possible (for logical access – refer to the Identity and Access Management Guideline).,False
Third Party ICT Risk Management Guideline_v2.0,8,8,Match,Match,skipped,Skipped second-pass adjudication because first-pass is an exact match.,Confidentiality or non-disclosure agreements must be documented and in place.,Confidentiality or non-disclosure agreements must be documented and in place.,False
Third Party ICT Risk Management Guideline_v2.0,8.1,8.1,Match,Match,skipped,Skipped second-pass adjudication because first-pass is an exact match.,"All information, based on its confidentiality, which are exchanged with a ICT third-party within the legal entity’s internal network and leaving the legal entity’s internal network must be protected in transit, either physically or logically, by both the ICT third-party and the legal entity using legal entity approved Cryptographic Measures; for more details – refer to the Encryption and Key Management Guideline.","All information, based on its confidentiality, which are exchanged with a ICT third-party within the legal entity’s internal network and leaving the legal entity’s internal network must be protected in transit, either physically or logically, by both the ICT third-party and the legal entity using legal entity approved Cryptographic Measures; for more details – refer to the Encryption and Key Management Guideline.",False
Third Party ICT Risk Management Guideline_v2.0,8.2,8.2,Match,Match,skipped,Skipped second-pass adjudication because first-pass is an exact match.,"It must be ensured that the ICT third-party complies with the requirements for the secure exchange of information between the ICT third-party and the legal entity, both within the legal entity’s internal network and leaving the legal entity’s internal network; for more details – refer to the Identity and Access Management Guideline.","It must be ensured that the ICT third-party complies with the requirements for the secure exchange of information between the ICT third-party and the legal entity, both within the legal entity's internal network and leaving the legal entity's internal network; for more details - refer to the Identity and Access Management Guideline.",False
Third Party ICT Risk Management Guideline_v2.0,8.3,8.3,Match,Match,skipped,Skipped second-pass adjudication because first-pass is an exact match.,"Information Security requirements on confidentiality and non-disclosure reflecting the organisation’s needs for the protection of information must be reviewed and updated at least once every 12 months and ad hoc, if necessary.","Information Security requirements on confidentiality and non-disclosure reflecting the organisation’s needs for the protection of information must be reviewed and updated at least once every 12 months and ad hoc, if necessary.",False
Third Party ICT Risk Management Guideline_v2.0,8.4,8.4,Match,Match,skipped,Skipped second-pass adjudication because first-pass is an exact match.,ICT third-party non-disclosure provisions containing Information Security requirements must be in place prior to being given access for the ICT third-party to information and other associated assets. The requirements to protect confidential information must be addressed using legally enforceable terms.,ICT third-party non-disclosure provisions containing Information Security requirements must be in place prior to being given access for the ICT third-party to information and other associated assets. The requirements to protect confidential information must be addressed using legally enforceable terms.,False
Third Party ICT Risk Management Guideline_v2.0,8.5,8.5,Match,Match,skipped,Skipped second-pass adjudication because first-pass is an exact match.,Contracts with ICT third-parties who have access to information assets of the legal entity must contain effective and enforceable confidentiality provisions containing Information Security requirements. These confidentiality terms must be in place throughout the whole ICT third-party relationship lifecycle and must be reviewed at least once every 12 months.,Contracts with ICT third-parties who have access to information assets of the legal entity must contain effective and enforceable confidentiality provisions containing Information Security requirements. These confidentiality terms must be in place throughout the whole ICT third-party relationship lifecycle and must be reviewed at least once every 12 months.,False
Third Party ICT Risk Management Guideline_v2.0,8.6,8.6,Match,Match,skipped,Skipped second-pass adjudication because first-pass is an exact match.,Information Security requirements on confidentiality and non-disclosure must be defined according to: Necessary level of confidentiality of documents accessed by the respective ICT third-party; the determination of confidentiality is to be found in the Data Leakage Prevention Guideline Criticality of information assets accessed by the respective ICT third-party. The determination of criticality is to be found in the ICT Risk Management Access permission to documents and information assets; for more details - refer to the Identity and Access Management Guideline,Information Security requirements on confidentiality and non-disclosure must be defined according to: - Necessary level of confidentiality of documents accessed by the respective ICT third-party; the determination of confidentiality is to be found in the Data Leakage Prevention Guideline - Criticality of information assets accessed by the respective ICT third-party. The determination of criticality is to be found in the ICT Risk Management - Access permission to documents and information assets; for more details - refer to the Identity and Access Management Guideline.,False
Third Party ICT Risk Management Guideline_v2.0,9,9,Match,Match,skipped,Skipped second-pass adjudication because first-pass is an exact match.,Additional control requirements for CCSF regulated legal entities must be documented and in place.,Additional control requirements for CCSF regulated legal entities must be documented and in place.,False
Third Party ICT Risk Management Guideline_v2.0,9.1,9.1,Match,Match,skipped,Skipped second-pass adjudication because first-pass is an exact match.,"When a CSSF regulated legal entity intends to outsource a critical or important function, the competent authority must be notified at least three (3) months before the planned outsourcing comes into effect. If the CSP and the resource operation are authorized according to CSSF, the competent authority must be notified at least one (1) month before.","When a CSSF regulated legal entity intends to outsource a critical or important function, the competent authority must be notified at least three (3) months before the planned outsourcing comes into effect. If the CSP and the resource operation are authorized according to CSSF, the competent authority must be notified at least one (1) month before.",False
Third Party ICT Risk Management Guideline_v2.0,9.2,9.2,Match,Match,skipped,Skipped second-pass adjudication because first-pass is an exact match.,The competent authority must be notified in case of changes to the outsourcing of critical or important functions as well as when terminating outsourcing of critical or important functions.,The competent authority must be notified in case of changes to the outsourcing of critical or important functions as well as when terminating outsourcing of critical or important functions.,False
Third Party ICT Risk Management Guideline_v2.0,9.3,9.3,Match,Match,skipped,Skipped second-pass adjudication because first-pass is an exact match.,Any notification to the competent authority must be submitted by using the forms available on the CSSF website.,Any notification to the competent authority must be submitted by using the forms available on the CSSF website.,False
Third Party ICT Risk Management Guideline_v2.0,9.4,9.4,Match,Match,skipped,Skipped second-pass adjudication because first-pass is an exact match.,"Before entering into any outsourcing arrangement, legal entities must undertake appropriate due diligence on the prospective ICT third-party.","Before entering into any outsourcing arrangement, legal entities must undertake appropriate due diligence on the prospective ICT third-party.",False
