pdf_name,col_1,col_2,col_3,col_4,col_5,col_6,col_7,col_8,col_9,col_10,col_11,col_12,col_13,col_14,col_15,col_16
Data Center and Physical Protection Guideline v2.0,<Specify ID:,,,,,,,,,,,,,,,
Data Center and Physical Protection Guideline v2.0,,<Name of control requirement (e.g. Access to production data)>,,,,,,,,,,,,,,
Data Center and Physical Protection Guideline v2.0,xx (version,,,,,,,,,,,,,,,
Data Center and Physical Protection Guideline v2.0,x)>,,,,,,,,,,,,,,,
Data Center and Physical Protection Guideline v2.0,,,,,,,,,,,,,,,,
Data Center and Physical Protection Guideline v2.0,1,<Description of the control requirement>,,,,,,,,,,,,,,
Data Center and Physical Protection Guideline v2.0,1.1,<Lists the criteria applying to the control requirement>,,,,,,,,,,,,,,
Data Center and Physical Protection Guideline v2.0,,,,,,,,,,,,,,,,
Data Center and Physical Protection Guideline v2.0,1.1.1,<Lists the sub-criteria applying to the control requirement>,,,,,,,,,,,,,,
Data Center and Physical Protection Guideline v2.0,,,Asset-Types: <Lists asset types applicable to the control requirement>,,,,,,,,,,,,,
Data Center and Physical Protection Guideline v2.0,,,Key references: <Lists key regulatory references and industry best practice requirements affecting this,,,,,,,,,,,,,
Data Center and Physical Protection Guideline v2.0,,"control requirement (e.g., ISO/IEC 27001:2022 A.5.10, A.8.1)>","control requirement (e.g., ISO/IEC 27001:2022 A.5.10, A.8.1)>",,,,,,,,,,,,,
Data Center and Physical Protection Guideline v2.0,,,,,,,,,,,,,,,,
Data Center and Physical Protection Guideline v2.0,ID: 1,,,,,,,,,,,,,,,
Data Center and Physical Protection Guideline v2.0,,Data center security - Environmental requirements,,,,,,,,,,,,,,
Data Center and Physical Protection Guideline v2.0,(version 2.0),,,,,,,,,,,,,,,
Data Center and Physical Protection Guideline v2.0,,,,,,,,,,,,,,,,
Data Center and Physical Protection Guideline v2.0,1,Environmental safeguards must be considered for data center,,,,,,,,,,,,,,
Data Center and Physical Protection Guideline v2.0,,locations.,,,,,,,,,,,,,,
Data Center and Physical Protection Guideline v2.0,DOR.ICT.DCP.EVR.001,,,,,,,,,,,,,,,
Data Center and Physical Protection Guideline v2.0,1.1,Areas susceptible to flooding and floodplains must be avoided. (ENV01.01),,,,,,,,,,,,,,
Data Center and Physical Protection Guideline v2.0,DOR.ICT.DCP.EVR.002,"Asset-Types: Business Process, Datacenter",,,,,,,,,,,,,,
Data Center and Physical Protection Guideline v2.0,,Key References: TüVIT TSI v4.4 ENV01.01,,,,,,,,,,,,,,
Data Center and Physical Protection Guideline v2.0,1.2,Production and storage facilities or pipelines which are at risk of explosion,,,,,,,,,,,,,,
Data Center and Physical Protection Guideline v2.0,,must be avoided. (ENV02.01),,,,,,,,,,,,,,
Data Center and Physical Protection Guideline v2.0,DOR.ICT.DCP.EVR.003,,,,,,,,,,,,,,,
Data Center and Physical Protection Guideline v2.0,,"Asset-Types: Business Process, Datacenter",,,,,,,,,,,,,,
Data Center and Physical Protection Guideline v2.0,,Key References: TüVIT TSI v4.4 ENV02.01,,,,,,,,,,,,,,
Data Center and Physical Protection Guideline v2.0,1.3,Operating and storage facilities with harmful emissions or the release of,,,,,,,,,,,,,,
Data Center and Physical Protection Guideline v2.0,,pollutants must be avoided. (ENV03.01),,,,,,,,,,,,,,
Data Center and Physical Protection Guideline v2.0,DOR.ICT.DCP.EVR.004,,,,,,,,,,,,,,,
Data Center and Physical Protection Guideline v2.0,,"Asset-Types: Business Process, Datacenter",,,,,,,,,,,,,,
Data Center and Physical Protection Guideline v2.0,,Key References: TüVIT TSI v4.4 ENV03.01,,,,,,,,,,,,,,
Data Center and Physical Protection Guideline v2.0,1.4,Sources of electromagnetic interference must be avoided. (ENV04.01),,,,,,,,,,,,,,
Data Center and Physical Protection Guideline v2.0,DOR.ICT.DCP.EVR.005,"Asset-Types: Business Process, Datacenter",,,,,,,,,,,,,,
Data Center and Physical Protection Guideline v2.0,,Key References: TüVIT TSI v4.4 ENV04.01,,,,,,,,,,,,,,
Data Center and Physical Protection Guideline v2.0,1.5,Sources of vibration must be avoided. (ENV05.01),,,,,,,,,,,,,,
Data Center and Physical Protection Guideline v2.0,DOR.ICT.DCP.EVR.006,"Asset-Types: Business Process, Datacenter",,,,,,,,,,,,,,
Data Center and Physical Protection Guideline v2.0,,Key References: TüVIT TSI v4.4 ENV05.01,,,,,,,,,,,,,,
Data Center and Physical Protection Guideline v2.0,1.6,Transport routes with an increased volume of hazardous materials must be,,,,,,,,,,,,,,
Data Center and Physical Protection Guideline v2.0,,"avoided. (ENV06.01, ENV06.01I)",,,,,,,,,,,,,,
Data Center and Physical Protection Guideline v2.0,DOR.ICT.DCP.EVR.007,,,,,,,,,,,,,,,
Data Center and Physical Protection Guideline v2.0,,"Asset-Types: Business Process, Datacenter",,,,,,,,,,,,,,
Data Center and Physical Protection Guideline v2.0,,Key References: TüVIT TSI v4.4 ENV06.01,,,,,,,,,,,,,,
Data Center and Physical Protection Guideline v2.0,1.7,Properties in the neighborhood which are at risk of being attacked must be,,,,,,,,,,,,,,
Data Center and Physical Protection Guideline v2.0,,avoided. (ENV07.01),,,,,,,,,,,,,,
Data Center and Physical Protection Guideline v2.0,DOR.ICT.DCP.EVR.008,,,,,,,,,,,,,,,
Data Center and Physical Protection Guideline v2.0,,"Asset-Types: Business Process, Datacenter",,,,,,,,,,,,,,
Data Center and Physical Protection Guideline v2.0,,Key References: TüVIT TSI v4.4 ENV07.01,,,,,,,,,,,,,,
Data Center and Physical Protection Guideline v2.0,1.8,Locations in the vicinity of major events and access routes leading to them,,,,,,,,,,,,,,
Data Center and Physical Protection Guideline v2.0,,must be avoided. (ENV08.01),,,,,,,,,,,,,,
Data Center and Physical Protection Guideline v2.0,DOR.ICT.DCP.EVR.009,,,,,,,,,,,,,,,
Data Center and Physical Protection Guideline v2.0,,"Asset-Types: Business Process, Datacenter",,,,,,,,,,,,,,
Data Center and Physical Protection Guideline v2.0,,Key References: TüVIT TSI v4.4 ENV08.01,,,,,,,,,,,,,,
Data Center and Physical Protection Guideline v2.0,ID: 2,,,,,,,,,,,,,,,
Data Center and Physical Protection Guideline v2.0,,Data center security - Construction requirements,,,,,,,,,,,,,,
Data Center and Physical Protection Guideline v2.0,(version 2.0),,,,,,,,,,,,,,,
Data Center and Physical Protection Guideline v2.0,,,,,,,,,,,,,,,,
Data Center and Physical Protection Guideline v2.0,2,Data center locations must meet the following constructional criteria:,,,,,,,,,,,,,,
Data Center and Physical Protection Guideline v2.0,DOR.ICT.DCP.COR.001,,,,,,,,,,,,,,,
Data Center and Physical Protection Guideline v2.0,2.1,"Security areas must be in inconspicuous, unexposed position. (CON01.01)",,,,,,,,,,,,,,
Data Center and Physical Protection Guideline v2.0,DOR.ICT.DCP.COR.002,"Asset-Types: Business Process, Datacenter",,,,,,,,,,,,,,
Data Center and Physical Protection Guideline v2.0,,Key References: TüVIT TSI v4.4 CON01.01,,,,,,,,,,,,,,
Data Center and Physical Protection Guideline v2.0,2.2,Building areas with potential hazards must be avoided. (CON01.02),,,,,,,,,,,,,,
Data Center and Physical Protection Guideline v2.0,DOR.ICT.DCP.COR.003,"Asset-Types: Business Process, Datacenter",,,,,,,,,,,,,,
Data Center and Physical Protection Guideline v2.0,,Key References: TüVIT TSI v4.4 CON01.02,,,,,,,,,,,,,,
Data Center and Physical Protection Guideline v2.0,2.3,Contiguous security areas must exist. (CON01.03),,,,,,,,,,,,,,
Data Center and Physical Protection Guideline v2.0,DOR.ICT.DCP.COR.004,"Asset-Types: Business Process, Datacenter",,,,,,,,,,,,,,
Data Center and Physical Protection Guideline v2.0,,Key References: TüVIT TSI v4.4 CON01.03,,,,,,,,,,,,,,
Data Center and Physical Protection Guideline v2.0,2.4,There must be a functional room layout with fire separation. (CON01.04),,,,,,,,,,,,,,
Data Center and Physical Protection Guideline v2.0,DOR.ICT.DCP.COR.005,"Asset-Types: Business Process, Datacenter",,,,,,,,,,,,,,
Data Center and Physical Protection Guideline v2.0,,Key References: TüVIT TSI v4.4 CON01.04,,,,,,,,,,,,,,
Data Center and Physical Protection Guideline v2.0,2.5,"Area, height, structural properties, and transportation routes must be",,,,,,,,,,,,,,
Data Center and Physical Protection Guideline v2.0,,sufficiently dimensioned. (CON01.05),,,,,,,,,,,,,,
Data Center and Physical Protection Guideline v2.0,DOR.ICT.DCP.COR.006,,,,,,,,,,,,,,,
Data Center and Physical Protection Guideline v2.0,,"Asset-Types: Business Process, Datacenter",,,,,,,,,,,,,,
Data Center and Physical Protection Guideline v2.0,,Key References: TüVIT TSI v4.4 CON01.05,,,,,,,,,,,,,,
Data Center and Physical Protection Guideline v2.0,2.6,Areas of responsibility for the technical and IT personnel must be physically,,,,,,,,,,,,,,
Data Center and Physical Protection Guideline v2.0,,separated. (CON01.06),,,,,,,,,,,,,,
Data Center and Physical Protection Guideline v2.0,DOR.ICT.DCP.COR.007,,,,,,,,,,,,,,,
Data Center and Physical Protection Guideline v2.0,,"Asset-Types: Business Process, Datacenter",,,,,,,,,,,,,,
Data Center and Physical Protection Guideline v2.0,,Key References: TüVIT TSI v4.4 CON01.06,,,,,,,,,,,,,,
Data Center and Physical Protection Guideline v2.0,2.7,Perimeter and front area must be secured. (CON01.08),,,,,,,,,,,,,,
Data Center and Physical Protection Guideline v2.0,DOR.ICT.DCP.COR.008,"Asset-Types: Business Process, Datacenter",,,,,,,,,,,,,,
Data Center and Physical Protection Guideline v2.0,,Key References: TüVIT TSI v4.4 CON01.08,,,,,,,,,,,,,,
Data Center and Physical Protection Guideline v2.0,2.8,Parking opportunities must not exist along the external walls of IT rooms.,,,,,,,,,,,,,,
Data Center and Physical Protection Guideline v2.0,,(CON01.09),,,,,,,,,,,,,,
Data Center and Physical Protection Guideline v2.0,DOR.ICT.DCP.COR.009,,,,,,,,,,,,,,,
Data Center and Physical Protection Guideline v2.0,,"Asset-Types: Business Process, Datacenter",,,,,,,,,,,,,,
Data Center and Physical Protection Guideline v2.0,,Key References: TüVIT TSI v4.4 CON01.09,,,,,,,,,,,,,,
Data Center and Physical Protection Guideline v2.0,2.9,Alternative access routes must be available. (CON01.10A),,,,,,,,,,,,,,
Data Center and Physical Protection Guideline v2.0,DOR.ICT.DCP.COR.010,"Asset-Types: Business Process, Datacenter",,,,,,,,,,,,,,
Data Center and Physical Protection Guideline v2.0,,Key References: TüVIT TSI v4.4 CON01.10,,,,,,,,,,,,,,
Data Center and Physical Protection Guideline v2.0,2.10,Reserved areas must be provided if the concept of operation provides for,,,,,,,,,,,,,,
Data Center and Physical Protection Guideline v2.0,,the temporary use of technical installations. (CON01.11),,,,,,,,,,,,,,
Data Center and Physical Protection Guideline v2.0,DOR.ICT.DCP.COR.011,,,,,,,,,,,,,,,
Data Center and Physical Protection Guideline v2.0,,"Asset-Types: Business Process, Datacenter",,,,,,,,,,,,,,
Data Center and Physical Protection Guideline v2.0,,Key References: TüVIT TSI v4.4 CON01.11,,,,,,,,,,,,,,
Data Center and Physical Protection Guideline v2.0,ID: 3,Data center security - Fire protection and extinguishing system,,,,,,,,,,,,,,
Data Center and Physical Protection Guideline v2.0,(version 2.0),requirements,,,,,,,,,,,,,,
Data Center and Physical Protection Guideline v2.0,3,The following criteria apply to fire protection and extinguishing,,,,,,,,,,,,,,
Data Center and Physical Protection Guideline v2.0,,system:,,,,,,,,,,,,,,
Data Center and Physical Protection Guideline v2.0,DOR.ICT.DCP.FEX.001,,,,,,,,,,,,,,,
Data Center and Physical Protection Guideline v2.0,3.1,Advanced and appropriate fire alarm systems must be used. (FIR01.01),,,,,,,,,,,,,,
Data Center and Physical Protection Guideline v2.0,DOR.ICT.DCP.FEX.002,"Asset-Types: Business Process, Datacenter",,,,,,,,,,,,,,
Data Center and Physical Protection Guideline v2.0,,Key References: TüVIT TSI v4.4 FIR01.01,,,,,,,,,,,,,,
Data Center and Physical Protection Guideline v2.0,3.2,IT and technical areas must be monitored for fire. (FIR01.02),,,,,,,,,,,,,,
Data Center and Physical Protection Guideline v2.0,DOR.ICT.DCP.FEX.003,"Asset-Types: Business Process, Datacenter",,,,,,,,,,,,,,
Data Center and Physical Protection Guideline v2.0,,Key References: TüVIT TSI v4.4 FIR01.02,,,,,,,,,,,,,,
Data Center and Physical Protection Guideline v2.0,ID: 4,,,,,,,,,,,,,,,
Data Center and Physical Protection Guideline v2.0,,Data center security - Security systems and organizational requirements,,,,,,,,,,,,,,
Data Center and Physical Protection Guideline v2.0,(version 2.0),,,,,,,,,,,,,,,
Data Center and Physical Protection Guideline v2.0,,,,,,,,,,,,,,,,
Data Center and Physical Protection Guideline v2.0,4,Security systems and organizational measures must meet the,,,,,,,,,,,,,,
Data Center and Physical Protection Guideline v2.0,,following criteria:,,,,,,,,,,,,,,
Data Center and Physical Protection Guideline v2.0,DOR.ICT.DCP.SSR.001,,,,,,,,,,,,,,,
Data Center and Physical Protection Guideline v2.0,4.1,An appropriate access control system using state-of-the-art technology must,,,,,,,,,,,,,,
Data Center and Physical Protection Guideline v2.0,,be used. (SEC01.01),,,,,,,,,,,,,,
Data Center and Physical Protection Guideline v2.0,DOR.ICT.DCP.SSR.002,,,,,,,,,,,,,,,
Data Center and Physical Protection Guideline v2.0,,"Asset-Types: Business Process, Datacenter",,,,,,,,,,,,,,
Data Center and Physical Protection Guideline v2.0,,Key References: TüVIT TSI v4.4 SEC01.01,,,,,,,,,,,,,,
Data Center and Physical Protection Guideline v2.0,4.2,Central data base of the access control system must be protected.,,,,,,,,,,,,,,
Data Center and Physical Protection Guideline v2.0,,(SEC01.02),,,,,,,,,,,,,,
Data Center and Physical Protection Guideline v2.0,DOR.ICT.DCP.SSR.003,,,,,,,,,,,,,,,
Data Center and Physical Protection Guideline v2.0,,"Asset-Types: Business Process, Datacenter",,,,,,,,,,,,,,
Data Center and Physical Protection Guideline v2.0,,Key References: TüVIT TSI v4.4 SEC01.02,,,,,,,,,,,,,,
Data Center and Physical Protection Guideline v2.0,4.3,Cables must be laid sabotage-protected and must be monitored. (SEC01.03),,,,,,,,,,,,,,
Data Center and Physical Protection Guideline v2.0,DOR.ICT.DCP.SSR.004,"Asset-Types: Business Process, Datacenter",,,,,,,,,,,,,,
Data Center and Physical Protection Guideline v2.0,,Key References: TüVIT TSI v4.4 SEC01.03,,,,,,,,,,,,,,
Data Center and Physical Protection Guideline v2.0,4.4,Technical components of the access security system must be provided with,,,,,,,,,,,,,,
Data Center and Physical Protection Guideline v2.0,,a back-up power supply. (SEC01.04),,,,,,,,,,,,,,
Data Center and Physical Protection Guideline v2.0,DOR.ICT.DCP.SSR.005,,,,,,,,,,,,,,,
Data Center and Physical Protection Guideline v2.0,,"Asset-Types: Business Process, Datacenter",,,,,,,,,,,,,,
Data Center and Physical Protection Guideline v2.0,,Key References: TüVIT TSI v4.4 SEC01.04,,,,,,,,,,,,,,
Data Center and Physical Protection Guideline v2.0,4.5,Suitable readers must be used for the access control system. (SEC01.05),,,,,,,,,,,,,,
Data Center and Physical Protection Guideline v2.0,DOR.ICT.DCP.SSR.006,"Asset-Types: Business Process, Datacenter",,,,,,,,,,,,,,
Data Center and Physical Protection Guideline v2.0,,Key References: TüVIT TSI v4.4 SEC01.05,,,,,,,,,,,,,,
Data Center and Physical Protection Guideline v2.0,4.6,Identification devices (IDD) of the access control system must be issued and,,,,,,,,,,,,,,
Data Center and Physical Protection Guideline v2.0,,used in a secure way. (SEC01.06),,,,,,,,,,,,,,
Data Center and Physical Protection Guideline v2.0,DOR.ICT.DCP.SSR.007,,,,,,,,,,,,,,,
Data Center and Physical Protection Guideline v2.0,,"Asset-Types: Business Process, Datacenter",,,,,,,,,,,,,,
Data Center and Physical Protection Guideline v2.0,,Key References: TüVIT TSI v4.4 SEC01.06,,,,,,,,,,,,,,
Data Center and Physical Protection Guideline v2.0,4.7,Access attempts through doors secured with the access control system must,,,,,,,,,,,,,,
Data Center and Physical Protection Guideline v2.0,,be logged and data must be stored for at least 30 days. (SEC01.07),,,,,,,,,,,,,,
Data Center and Physical Protection Guideline v2.0,DOR.ICT.DCP.SSR.008,,,,,,,,,,,,,,,
Data Center and Physical Protection Guideline v2.0,,"Asset-Types: Business Process, Datacenter",,,,,,,,,,,,,,
Data Center and Physical Protection Guideline v2.0,,Key References: TüVIT TSI v4.4 SEC01.07,,,,,,,,,,,,,,
Data Center and Physical Protection Guideline v2.0,4.8,"Besides the IDD, a second factor (knowledge or biometrics) must be used",,,,,,,,,,,,,,
Data Center and Physical Protection Guideline v2.0,,for access to IT rooms or the entire security area. (SEC01.08),,,,,,,,,,,,,,
Data Center and Physical Protection Guideline v2.0,DOR.ICT.DCP.SSR.009,,,,,,,,,,,,,,,
Data Center and Physical Protection Guideline v2.0,,"Asset-Types: Business Process, Datacenter",,,,,,,,,,,,,,
Data Center and Physical Protection Guideline v2.0,,Key References: TüVIT TSI v4.4 SEC01.08,,,,,,,,,,,,,,
Data Center and Physical Protection Guideline v2.0,4.9,A security zone concept must exist. (SEC01.09),,,,,,,,,,,,,,
Data Center and Physical Protection Guideline v2.0,DOR.ICT.DCP.SSR.010,"Asset-Types: Business Process, Datacenter",,,,,,,,,,,,,,
Data Center and Physical Protection Guideline v2.0,,Key References: TüVIT TSI v4.4 SEC01.09,,,,,,,,,,,,,,
Data Center and Physical Protection Guideline v2.0,4.10,Doors to rooms which are important for IT or strategically important (e.g.,,,,,,,,,,,,,,
Data Center and Physical Protection Guideline v2.0,,technical security center) must have door open time monitoring including,,,,,,,,,,,,,,
Data Center and Physical Protection Guideline v2.0,,,,,,,,,,,,,,,,
Data Center and Physical Protection Guideline v2.0,ID: 5,,,,,,,,,,,,,,,
Data Center and Physical Protection Guideline v2.0,,Data center security - Cabling requirements,,,,,,,,,,,,,,
Data Center and Physical Protection Guideline v2.0,(version 2.0),,,,,,,,,,,,,,,
Data Center and Physical Protection Guideline v2.0,,,,,,,,,,,,,,,,
Data Center and Physical Protection Guideline v2.0,5,,,,,,,,,,,,,,,
Data Center and Physical Protection Guideline v2.0,,Data center cabling must meet the following criteria:,,,,,,,,,,,,,,
Data Center and Physical Protection Guideline v2.0,DOR.ICT.DCP.CAB.001,,,,,,,,,,,,,,,
Data Center and Physical Protection Guideline v2.0,,,,,,,,,,,,,,,,
Data Center and Physical Protection Guideline v2.0,5.1,WAN routes as far as to the facility transfer point (external network interface),,,,,,,,,,,,,,
Data Center and Physical Protection Guideline v2.0,,must run on separate paths without any particular hazards due to fire and,,,,,,,,,,,,,,
Data Center and Physical Protection Guideline v2.0,DOR.ICT.DCP.CAB.002,,,,,,,,,,,,,,,
Data Center and Physical Protection Guideline v2.0,,mechanical influences and external network interface must be redundant.,,,,,,,,,,,,,,
Data Center and Physical Protection Guideline v2.0,,,,,,,,,,,,,,,,
Data Center and Physical Protection Guideline v2.0,,(CAB01.01),,,,,,,,,,,,,,
Data Center and Physical Protection Guideline v2.0,,"Asset-Types: Business Process, Datacenter",,,,,,,,,,,,,,
Data Center and Physical Protection Guideline v2.0,,Key References: TüVIT TSI v4.4 CAB01.01,,,,,,,,,,,,,,
Data Center and Physical Protection Guideline v2.0,5.2,The communication cabling must run in an adequate manner. (CAB01.02E),,,,,,,,,,,,,,
Data Center and Physical Protection Guideline v2.0,DOR.ICT.DCP.CAB.003,"Asset-Types: Business Process, Datacenter",,,,,,,,,,,,,,
Data Center and Physical Protection Guideline v2.0,,Key References: TüVIT TSI v4.4 CAB01.02,,,,,,,,,,,,,,
Data Center and Physical Protection Guideline v2.0,5.3,Telecommunication cable routing must be separated and redundant.,,,,,,,,,,,,,,
Data Center and Physical Protection Guideline v2.0,,(CAB01.03E),,,,,,,,,,,,,,
Data Center and Physical Protection Guideline v2.0,DOR.ICT.DCP.CAB.004,,,,,,,,,,,,,,,
Data Center and Physical Protection Guideline v2.0,,"Asset-Types: Business Process, Datacenter",,,,,,,,,,,,,,
Data Center and Physical Protection Guideline v2.0,,Key References: TüVIT TSI v4.4 CAB01.03,,,,,,,,,,,,,,
Data Center and Physical Protection Guideline v2.0,5.4,Cables must be laid in an organized manner. (CAB01.04),,,,,,,,,,,,,,
Data Center and Physical Protection Guideline v2.0,DOR.ICT.DCP.CAB.005,"Asset-Types: Business Process, Datacenter",,,,,,,,,,,,,,
Data Center and Physical Protection Guideline v2.0,,Key References: TüVIT TSI v4.4 CAB01.04,,,,,,,,,,,,,,
Data Center and Physical Protection Guideline v2.0,5.5,Rack infeed connection must be secured against accidental loosening.,,,,,,,,,,,,,,
Data Center and Physical Protection Guideline v2.0,,(CAB01.05),,,,,,,,,,,,,,
Data Center and Physical Protection Guideline v2.0,DOR.ICT.DCP.CAB.006,,,,,,,,,,,,,,,
Data Center and Physical Protection Guideline v2.0,ID: 6,,,,,,,,,,,,,,,
Data Center and Physical Protection Guideline v2.0,,Data center security - Power requirements,,,,,,,,,,,,,,
Data Center and Physical Protection Guideline v2.0,(version 2.0),,,,,,,,,,,,,,,
Data Center and Physical Protection Guideline v2.0,,,,,,,,,,,,,,,,
Data Center and Physical Protection Guideline v2.0,6,,,,,,,,,,,,,,,
Data Center and Physical Protection Guideline v2.0,,The power supply in the data centers must meet the following criteria:,,,,,,,,,,,,,,
Data Center and Physical Protection Guideline v2.0,DOR.ICT.DCP.POW.001,,,,,,,,,,,,,,,
Data Center and Physical Protection Guideline v2.0,,,,,,,,,,,,,,,,
Data Center and Physical Protection Guideline v2.0,6.1,The energy supply in the building must be based on a 5-wire network and at,,,,,,,,,,,,,,
Data Center and Physical Protection Guideline v2.0,,least the IT area must be included in the TN-S structure. (POW01.01),,,,,,,,,,,,,,
Data Center and Physical Protection Guideline v2.0,DOR.ICT.DCP.POW.002,,,,,,,,,,,,,,,
Data Center and Physical Protection Guideline v2.0,,"Asset-Types: Business Process, Datacenter",,,,,,,,,,,,,,
Data Center and Physical Protection Guideline v2.0,,Key References: TüVIT TSI v4.4 POW01.01,,,,,,,,,,,,,,
Data Center and Physical Protection Guideline v2.0,6.2,A secondary or an additional power supply must be available in addition to,,,,,,,,,,,,,,
Data Center and Physical Protection Guideline v2.0,,the primary power supply. (POW01.02),,,,,,,,,,,,,,
Data Center and Physical Protection Guideline v2.0,DOR.ICT.DCP.POW.003,,,,,,,,,,,,,,,
Data Center and Physical Protection Guideline v2.0,,"Asset-Types: Business Process, Datacenter",,,,,,,,,,,,,,
Data Center and Physical Protection Guideline v2.0,,Key References: TüVIT TSI v4.4 POW01.02,,,,,,,,,,,,,,
Data Center and Physical Protection Guideline v2.0,6.3,The redundant connection to the mains must be either two supplies from,,,,,,,,,,,,,,
Data Center and Physical Protection Guideline v2.0,,separate and independent primary and secondary sources or two supplies,,,,,,,,,,,,,,
Data Center and Physical Protection Guideline v2.0,DOR.ICT.DCP.POW.004,,,,,,,,,,,,,,,
Data Center and Physical Protection Guideline v2.0,,from one primary source. (POW01.02A),,,,,,,,,,,,,,
Data Center and Physical Protection Guideline v2.0,,,,,,,,,,,,,,,,
Data Center and Physical Protection Guideline v2.0,,"Asset-Types: Business Process, Datacenter",,,,,,,,,,,,,,
Data Center and Physical Protection Guideline v2.0,,Key References: TüVIT TSI v4.4 POW01.02A,,,,,,,,,,,,,,
Data Center and Physical Protection Guideline v2.0,6.4,Primary and secondary supply lines must be routed on separate paths.,,,,,,,,,,,,,,
Data Center and Physical Protection Guideline v2.0,,(POW01.03),,,,,,,,,,,,,,
Data Center and Physical Protection Guideline v2.0,DOR.ICT.DCP.POW.005,,,,,,,,,,,,,,,
Data Center and Physical Protection Guideline v2.0,,"Asset-Types: Business Process, Datacenter",,,,,,,,,,,,,,
Data Center and Physical Protection Guideline v2.0,,Key References: TüVIT TSI v4.4 POW01.03,,,,,,,,,,,,,,
Data Center and Physical Protection Guideline v2.0,6.5,Secondary of additional supply must automatically take over all critical load if,,,,,,,,,,,,,,
Data Center and Physical Protection Guideline v2.0,,the primary supply fails (and vice versa). (POW01.04),,,,,,,,,,,,,,
Data Center and Physical Protection Guideline v2.0,DOR.ICT.DCP.POW.006,,,,,,,,,,,,,,,
Data Center and Physical Protection Guideline v2.0,,"Asset-Types: Business Process, Datacenter",,,,,,,,,,,,,,
Data Center and Physical Protection Guideline v2.0,,Key References: TüVIT TSI v4.4 POW01.04,,,,,,,,,,,,,,
Data Center and Physical Protection Guideline v2.0,6.6,Additional supply must be available for all supply paths. (POW01.05),,,,,,,,,,,,,,
Data Center and Physical Protection Guideline v2.0,DOR.ICT.DCP.POW.007,"Asset-Types: Business Process, Datacenter",,,,,,,,,,,,,,
Data Center and Physical Protection Guideline v2.0,,Key References: TüVIT TSI v4.4 POW01.05,,,,,,,,,,,,,,
Data Center and Physical Protection Guideline v2.0,6.7,Power supply for the IT devices must be redundant. (POW01.06),,,,,,,,,,,,,,
Data Center and Physical Protection Guideline v2.0,DOR.ICT.DCP.POW.008,"Asset-Types: Business Process, Datacenter",,,,,,,,,,,,,,
Data Center and Physical Protection Guideline v2.0,,Key References: TüVIT TSI v4.4 POW01.06,,,,,,,,,,,,,,
Data Center and Physical Protection Guideline v2.0,6.8,Couplings between redundant low-voltage distributions must be protected,,,,,,,,,,,,,,
Data Center and Physical Protection Guideline v2.0,,against erroneous switching operations. (POW01.07A),,,,,,,,,,,,,,
Data Center and Physical Protection Guideline v2.0,DOR.ICT.DCP.POW.009,,,,,,,,,,,,,,,
Data Center and Physical Protection Guideline v2.0,,"Asset-Types: Business Process, Datacenter",,,,,,,,,,,,,,
Data Center and Physical Protection Guideline v2.0,,Key References: TüVIT TSI v4.4 POW01.07,,,,,,,,,,,,,,
Data Center and Physical Protection Guideline v2.0,6.9,Transformers must have sufficient power reserves. (POW01.08A),,,,,,,,,,,,,,
Data Center and Physical Protection Guideline v2.0,DOR.ICT.DCP.POW.010,"Asset-Types: Business Process, Datacenter",,,,,,,,,,,,,,
Data Center and Physical Protection Guideline v2.0,,Key References: TüVIT TSI v4.4 POW01.08,,,,,,,,,,,,,,
Data Center and Physical Protection Guideline v2.0,6.10,Supply lines must be protected against external influences. (POW02.02),,,,,,,,,,,,,,
Data Center and Physical Protection Guideline v2.0,ID: 7,,,,,,,,,,,,,,,
Data Center and Physical Protection Guideline v2.0,,Data center security - Air conditioning and ventilation,,,,,,,,,,,,,,
Data Center and Physical Protection Guideline v2.0,(version 2.0),,,,,,,,,,,,,,,
Data Center and Physical Protection Guideline v2.0,,,,,,,,,,,,,,,,
Data Center and Physical Protection Guideline v2.0,7,Data centers must meet the following air conditioning and ventilation,,,,,,,,,,,,,,
Data Center and Physical Protection Guideline v2.0,,criteria:,,,,,,,,,,,,,,
Data Center and Physical Protection Guideline v2.0,DOR.ICT.DCP.ACV.001,,,,,,,,,,,,,,,
Data Center and Physical Protection Guideline v2.0,7.1,Data Center areas must comply with secure operational conditions.,,,,,,,,,,,,,,
Data Center and Physical Protection Guideline v2.0,,(ACV01.01),,,,,,,,,,,,,,
Data Center and Physical Protection Guideline v2.0,DOR.ICT.DCP.ACV.002,,,,,,,,,,,,,,,
Data Center and Physical Protection Guideline v2.0,,"Asset-Types: Business Process, Datacenter",,,,,,,,,,,,,,
Data Center and Physical Protection Guideline v2.0,,Key References: TüVIT TSI v4.4 ACV01.01,,,,,,,,,,,,,,
Data Center and Physical Protection Guideline v2.0,7.2,Data Center areas and technical components must have sufficient,,,,,,,,,,,,,,
Data Center and Physical Protection Guideline v2.0,,ventilation. (ACV01.02),,,,,,,,,,,,,,
Data Center and Physical Protection Guideline v2.0,DOR.ICT.DCP.ACV.003,,,,,,,,,,,,,,,
Data Center and Physical Protection Guideline v2.0,,"Asset-Types: Business Process, Datacenter",,,,,,,,,,,,,,
Data Center and Physical Protection Guideline v2.0,,Key References: TüVIT TSI v4.4 ACV01.02,,,,,,,,,,,,,,
Data Center and Physical Protection Guideline v2.0,7.3,Devices must be installed in an airflow-optimized and hazard-free way.,,,,,,,,,,,,,,
Data Center and Physical Protection Guideline v2.0,,(ACV02.01),,,,,,,,,,,,,,
Data Center and Physical Protection Guideline v2.0,DOR.ICT.DCP.ACV.004,,,,,,,,,,,,,,,
Data Center and Physical Protection Guideline v2.0,,"Asset-Types: Business Process, Datacenter",,,,,,,,,,,,,,
Data Center and Physical Protection Guideline v2.0,,Key References: TüVIT TSI v4.4 ACV02.01,,,,,,,,,,,,,,
Data Center and Physical Protection Guideline v2.0,7.4,Leakages must be reliably detected. (ACV03.01),,,,,,,,,,,,,,
Data Center and Physical Protection Guideline v2.0,DOR.ICT.DCP.ACV.005,"Asset-Types: Business Process, Datacenter",,,,,,,,,,,,,,
Data Center and Physical Protection Guideline v2.0,,Key References: TüVIT TSI v4.4 ACV03.01,,,,,,,,,,,,,,
Data Center and Physical Protection Guideline v2.0,7.5,"Active mechanical components (on the producer, distributor side) must be",,,,,,,,,,,,,,
Data Center and Physical Protection Guideline v2.0,,designed redundantly. (ACV04.01),,,,,,,,,,,,,,
Data Center and Physical Protection Guideline v2.0,DOR.ICT.DCP.ACV.006,,,,,,,,,,,,,,,
Data Center and Physical Protection Guideline v2.0,,"Asset-Types: Business Process, Datacenter",,,,,,,,,,,,,,
Data Center and Physical Protection Guideline v2.0,,Key References: TüVIT TSI v4.4 ACV04.01,,,,,,,,,,,,,,
Data Center and Physical Protection Guideline v2.0,7.6,Singular cooling distribution systems or sections must be implemented in,,,,,,,,,,,,,,
Data Center and Physical Protection Guideline v2.0,,high quality and checked by extensive quality assurance measures.,,,,,,,,,,,,,,
Data Center and Physical Protection Guideline v2.0,DOR.ICT.DCP.ACV.007,,,,,,,,,,,,,,,
Data Center and Physical Protection Guideline v2.0,,(ACV04.02),,,,,,,,,,,,,,
Data Center and Physical Protection Guideline v2.0,,,,,,,,,,,,,,,,
Data Center and Physical Protection Guideline v2.0,,"Asset-Types: Business Process, Datacenter",,,,,,,,,,,,,,
Data Center and Physical Protection Guideline v2.0,,Key References: TüVIT TSI v4.4 ACV04.02,,,,,,,,,,,,,,
Data Center and Physical Protection Guideline v2.0,7.7,Cooling distribution must be designed in a way that a failure of passive,,,,,,,,,,,,,,
Data Center and Physical Protection Guideline v2.0,,"components does not result in a failure of the IT. (ACV04.02E, ACV04.02I)",,,,,,,,,,,,,,
Data Center and Physical Protection Guideline v2.0,DOR.ICT.DCP.ACV.008,,,,,,,,,,,,,,,
Data Center and Physical Protection Guideline v2.0,,"Asset-Types: Business Process, Datacenter",,,,,,,,,,,,,,
Data Center and Physical Protection Guideline v2.0,,Key References: TüVIT TSI v4.4 ACV04.02A,,,,,,,,,,,,,,
Data Center and Physical Protection Guideline v2.0,7.8,The plant must be designed in a way that maintenance can be carried out to,,,,,,,,,,,,,,
Data Center and Physical Protection Guideline v2.0,,active components at any time without interruptions to operations.,,,,,,,,,,,,,,
Data Center and Physical Protection Guideline v2.0,DOR.ICT.DCP.ACV.009,,,,,,,,,,,,,,,
Data Center and Physical Protection Guideline v2.0,,(ACV04.03),,,,,,,,,,,,,,
Data Center and Physical Protection Guideline v2.0,,,,,,,,,,,,,,,,
Data Center and Physical Protection Guideline v2.0,,"Asset-Types: Business Process, Datacenter",,,,,,,,,,,,,,
Data Center and Physical Protection Guideline v2.0,,Key References: TüVIT TSI v4.4 ACV04.03,,,,,,,,,,,,,,
Data Center and Physical Protection Guideline v2.0,7.9,The routes must be protected against third-party influence and fire.,,,,,,,,,,,,,,
Data Center and Physical Protection Guideline v2.0,,(ACV04.04),,,,,,,,,,,,,,
Data Center and Physical Protection Guideline v2.0,DOR.ICT.DCP.ACV.010,,,,,,,,,,,,,,,
Data Center and Physical Protection Guideline v2.0,ID: 8,,,,,,,,,,,,,,,
Data Center and Physical Protection Guideline v2.0,,Data center security - Organizational requirements,,,,,,,,,,,,,,
Data Center and Physical Protection Guideline v2.0,(version 2.0),,,,,,,,,,,,,,,
Data Center and Physical Protection Guideline v2.0,,,,,,,,,,,,,,,,
Data Center and Physical Protection Guideline v2.0,8,,,,,,,,,,,,,,,
Data Center and Physical Protection Guideline v2.0,,Organizational measures must meet the following criteria:,,,,,,,,,,,,,,
Data Center and Physical Protection Guideline v2.0,DOR.ICT.DCP.ORG.001,,,,,,,,,,,,,,,
Data Center and Physical Protection Guideline v2.0,,,,,,,,,,,,,,,,
Data Center and Physical Protection Guideline v2.0,8.1,Backup data must be transferred to a different fire compartment and at least,,,,,,,,,,,,,,
Data Center and Physical Protection Guideline v2.0,,once per week to a different building. (ORG01.01),,,,,,,,,,,,,,
Data Center and Physical Protection Guideline v2.0,DOR.ICT.DCP.ORG.002,,,,,,,,,,,,,,,
Data Center and Physical Protection Guideline v2.0,,"Asset-Types: Business Process, Datacenter",,,,,,,,,,,,,,
Data Center and Physical Protection Guideline v2.0,,Key References: TüVIT TSI v4.4 ORG01.01,,,,,,,,,,,,,,
Data Center and Physical Protection Guideline v2.0,8.2,Secure area must be equipped with smoking ban signs. (ORG02.01),,,,,,,,,,,,,,
Data Center and Physical Protection Guideline v2.0,DOR.ICT.DCP.ORG.003,"Asset-Types: Business Process, Datacenter",,,,,,,,,,,,,,
Data Center and Physical Protection Guideline v2.0,,Key References: TüVIT TSI v4.4 ORG02.01,,,,,,,,,,,,,,
Data Center and Physical Protection Guideline v2.0,8.3,"IT rooms, all relevant technical rooms, routes, and external installations must",,,,,,,,,,,,,,
Data Center and Physical Protection Guideline v2.0,,undergo a visual inspection at least once a week and the performance of the,,,,,,,,,,,,,,
Data Center and Physical Protection Guideline v2.0,DOR.ICT.DCP.ORG.004,,,,,,,,,,,,,,,
Data Center and Physical Protection Guideline v2.0,,inspection must be recorded. (ORG03.01),,,,,,,,,,,,,,
Data Center and Physical Protection Guideline v2.0,,,,,,,,,,,,,,,,
Data Center and Physical Protection Guideline v2.0,,"Asset-Types: Business Process, Datacenter",,,,,,,,,,,,,,
Data Center and Physical Protection Guideline v2.0,,Key References: TüVIT TSI v4.4 ORG03.01,,,,,,,,,,,,,,
Data Center and Physical Protection Guideline v2.0,8.4,"Operations must comply in terms of adherence to the rules, tidiness,",,,,,,,,,,,,,,
Data Center and Physical Protection Guideline v2.0,,"cleanliness, accessibility, inscriptions, signs, and disposal. (ORG04.01)",,,,,,,,,,,,,,
Data Center and Physical Protection Guideline v2.0,DOR.ICT.DCP.ORG.005,,,,,,,,,,,,,,,
Data Center and Physical Protection Guideline v2.0,,"Asset-Types: Business Process, Datacenter",,,,,,,,,,,,,,
Data Center and Physical Protection Guideline v2.0,,Key References: TüVIT TSI v4.4 ORG04.01,,,,,,,,,,,,,,
Data Center and Physical Protection Guideline v2.0,8.5,Responsibilities for the implementation of physical security measures must,,,,,,,,,,,,,,
Data Center and Physical Protection Guideline v2.0,,be defined. People authorized to enter protection class 4 must require,,,,,,,,,,,,,,
Data Center and Physical Protection Guideline v2.0,DOR.ICT.DCP.ORG.006,,,,,,,,,,,,,,,
Data Center and Physical Protection Guideline v2.0,,additional authorization to take people with them. (ORG05.01),,,,,,,,,,,,,,
Data Center and Physical Protection Guideline v2.0,,,,,,,,,,,,,,,,
Data Center and Physical Protection Guideline v2.0,,"Asset-Types: Business Process, Datacenter",,,,,,,,,,,,,,
Data Center and Physical Protection Guideline v2.0,,Key References: TüVIT TSI v4.4 ORG05.01,,,,,,,,,,,,,,
Data Center and Physical Protection Guideline v2.0,8.6,Relevant parameters of technical component operations must be recorded,,,,,,,,,,,,,,
Data Center and Physical Protection Guideline v2.0,,and regularly evaluated according to defined responsibilities. (ORG05.02E),,,,,,,,,,,,,,
Data Center and Physical Protection Guideline v2.0,DOR.ICT.DCP.ORG.007,,,,,,,,,,,,,,,
Data Center and Physical Protection Guideline v2.0,,"Asset-Types: Business Process, Datacenter",,,,,,,,,,,,,,
Data Center and Physical Protection Guideline v2.0,,Key References: TüVIT TSI v4.4 ORG05.02,,,,,,,,,,,,,,
Data Center and Physical Protection Guideline v2.0,8.7,With respect to the letting of data center areas there must be – with,,,,,,,,,,,,,,
Data Center and Physical Protection Guideline v2.0,,"reference to the customer – rules concerning physical security, energy",,,,,,,,,,,,,,
Data Center and Physical Protection Guideline v2.0,DOR.ICT.DCP.ORG.008,,,,,,,,,,,,,,,
Data Center and Physical Protection Guideline v2.0,,"efficiency, capacity planning, business organization and the exchange of",,,,,,,,,,,,,,
Data Center and Physical Protection Guideline v2.0,,,,,,,,,,,,,,,,
Data Center and Physical Protection Guideline v2.0,,information to which the customer must comply. Compliance must be,,,,,,,,,,,,,,
Data Center and Physical Protection Guideline v2.0,,verified. (ORG05.03E),,,,,,,,,,,,,,
Data Center and Physical Protection Guideline v2.0,,"Asset-Types: Business Process, Datacenter",,,,,,,,,,,,,,
Data Center and Physical Protection Guideline v2.0,,Key References: TüVIT TSI v4.4 ORG05.03,,,,,,,,,,,,,,
Data Center and Physical Protection Guideline v2.0,8.8,"Important key indicators (KPI, Key Performance Indicators) must be",,,,,,,,,,,,,,
Data Center and Physical Protection Guideline v2.0,,"recorded, evaluated, and used for process improvement. (ORG05.04E)",,,,,,,,,,,,,,
Data Center and Physical Protection Guideline v2.0,DOR.ICT.DCP.ORG.009,,,,,,,,,,,,,,,
Data Center and Physical Protection Guideline v2.0,,"Asset-Types: Business Process, Datacenter",,,,,,,,,,,,,,
Data Center and Physical Protection Guideline v2.0,,Key References: TüVIT TSI v4.4 ORG05.04,,,,,,,,,,,,,,
Data Center and Physical Protection Guideline v2.0,ID: 9,,,,,,,,,,,,,,,
Data Center and Physical Protection Guideline v2.0,,Data center security - Documentation requirements,,,,,,,,,,,,,,
Data Center and Physical Protection Guideline v2.0,(version 2.0),,,,,,,,,,,,,,,
Data Center and Physical Protection Guideline v2.0,,,,,,,,,,,,,,,,
Data Center and Physical Protection Guideline v2.0,9,,,,,,,,,,,,,,,
Data Center and Physical Protection Guideline v2.0,,The following data center documentation must be available:,,,,,,,,,,,,,,
Data Center and Physical Protection Guideline v2.0,DOR.ICT.DCP.DOC.001,,,,,,,,,,,,,,,
Data Center and Physical Protection Guideline v2.0,,,,,,,,,,,,,,,,
Data Center and Physical Protection Guideline v2.0,9.1,Data center operating manual with security concept. (DOC01.01),,,,,,,,,,,,,,
Data Center and Physical Protection Guideline v2.0,DOR.ICT.DCP.DOC.002,"Asset-Types: Business Process, Datacenter",,,,,,,,,,,,,,
Data Center and Physical Protection Guideline v2.0,,Key References: TüVIT TSI v4.4 DOC01.01,,,,,,,,,,,,,,
Data Center and Physical Protection Guideline v2.0,ID: 10 (version 2.0),Data center security - Dual Site Data Center requirements,,,,,,,,,,,,,,
Data Center and Physical Protection Guideline v2.0,10,,,,,,,,,,,,,,,
Data Center and Physical Protection Guideline v2.0,,Dual site data centers must comply with the following criteria:,,,,,,,,,,,,,,
Data Center and Physical Protection Guideline v2.0,DOR.ICT.DCP.DSD.001,,,,,,,,,,,,,,,
Data Center and Physical Protection Guideline v2.0,,,,,,,,,,,,,,,,
Data Center and Physical Protection Guideline v2.0,10.1,The size of the data center IT areas must not differ by more than 1/3.,,,,,,,,,,,,,,
Data Center and Physical Protection Guideline v2.0,,(DDC01.01),,,,,,,,,,,,,,
Data Center and Physical Protection Guideline v2.0,DOR.ICT.DCP.DSD.002,,,,,,,,,,,,,,,
Data Center and Physical Protection Guideline v2.0,,"Asset-Types: Business Process, Datacenter",,,,,,,,,,,,,,
Data Center and Physical Protection Guideline v2.0,,Key References: TüVIT TSI v4.4 DDC01.01,,,,,,,,,,,,,,
Data Center and Physical Protection Guideline v2.0,ID: 11,,,,,,,,,,,,,,,
Data Center and Physical Protection Guideline v2.0,,Physical security perimeters and zone concepts,,,,,,,,,,,,,,
Data Center and Physical Protection Guideline v2.0,(version 2.0),,,,,,,,,,,,,,,
Data Center and Physical Protection Guideline v2.0,,,,,,,,,,,,,,,,
Data Center and Physical Protection Guideline v2.0,11,It must be ensured that physical security perimeters and zone concepts,,,,,,,,,,,,,,
Data Center and Physical Protection Guideline v2.0,,are in place.,,,,,,,,,,,,,,
Data Center and Physical Protection Guideline v2.0,DOR.ICT.DCP.PEZ.001,,,,,,,,,,,,,,,
Data Center and Physical Protection Guideline v2.0,11.1,Physical security perimeters must be defined and used following a risk-based,,,,,,,,,,,,,,
Data Center and Physical Protection Guideline v2.0,,approach.,,,,,,,,,,,,,,
Data Center and Physical Protection Guideline v2.0,DOR.ICT.DCP.PEZ.002,,,,,,,,,,,,,,,
Data Center and Physical Protection Guideline v2.0,,"Asset-Types: Business Process, Building, Room",,,,,,,,,,,,,,
Data Center and Physical Protection Guideline v2.0,,"Key References: §8a (1) BSIG 72, ISO/IEC 27002:2022 A.7.1",,,,,,,,,,,,,,
Data Center and Physical Protection Guideline v2.0,11.2,"Physical security perimeters and zone concepts must be implemented,",,,,,,,,,,,,,,
Data Center and Physical Protection Guideline v2.0,,"maintained, reviewed, and regularly tested following a risk-based approach to",,,,,,,,,,,,,,
Data Center and Physical Protection Guideline v2.0,DOR.ICT.DCP.PEZ.003,ensure separation and monitored transitions between the zones.,,,,,,,,,,,,,,
Data Center and Physical Protection Guideline v2.0,,,,,,,,,,,,,,,,
Data Center and Physical Protection Guideline v2.0,,"Asset-Types: Business Process, Building, Room",,,,,,,,,,,,,,
Data Center and Physical Protection Guideline v2.0,,"Key References: §8a (1) BSIG 72, ISO/IEC 27002:2022 A.7.1",,,,,,,,,,,,,,
Data Center and Physical Protection Guideline v2.0,ID: 12,,,,,,,,,,,,,,,
Data Center and Physical Protection Guideline v2.0,,Physical security risk assessments,,,,,,,,,,,,,,
Data Center and Physical Protection Guideline v2.0,(version 2.0),,,,,,,,,,,,,,,
Data Center and Physical Protection Guideline v2.0,,,,,,,,,,,,,,,,
Data Center and Physical Protection Guideline v2.0,12,It must be ensured that physical security risk assessments are,,,,,,,,,,,,,,
Data Center and Physical Protection Guideline v2.0,,performed appropriately.,,,,,,,,,,,,,,
Data Center and Physical Protection Guideline v2.0,DOR.ICT.DCP.PSR.001,,,,,,,,,,,,,,,
Data Center and Physical Protection Guideline v2.0,12.1,Periodic physical security risk assessments must be carried out at least,,,,,,,,,,,,,,
Data Center and Physical Protection Guideline v2.0,,,annually,", follow relevant control requirements outlined in the ICT Risk",,,,,,,,,,,,
Data Center and Physical Protection Guideline v2.0,DOR.ICT.DCP.PSR.002,,,,,,,,,,,,,,,
Data Center and Physical Protection Guideline v2.0,,"Management Guideline, and additionally consider changes regarding local",,,,,,,,,,,,,,
Data Center and Physical Protection Guideline v2.0,,,,,,,,,,,,,,,,
Data Center and Physical Protection Guideline v2.0,,"topography (natural hazards), urban threats (crime, civil unrest, terrorism) and",,,,,,,,,,,,,,
Data Center and Physical Protection Guideline v2.0,,general risks.,,,,,,,,,,,,,,
Data Center and Physical Protection Guideline v2.0,,Asset-Types: Business Process,,,,,,,,,,,,,,
Data Center and Physical Protection Guideline v2.0,,Key References: ISO/IEC 27002:2022 A.7.5,,,,,,,,,,,,,,
Data Center and Physical Protection Guideline v2.0,12.2,"Prior to selecting a site, possible consequences resulting from the local",,,,,,,,,,,,,,
Data Center and Physical Protection Guideline v2.0,,topography and urban threats must be assessed.,,,,,,,,,,,,,,
Data Center and Physical Protection Guideline v2.0,DOR.ICT.DCP.PSR.003,,,,,,,,,,,,,,,
Data Center and Physical Protection Guideline v2.0,,,,,,,,,,,,,,,,
Data Center and Physical Protection Guideline v2.0,,Asset-Types: Business Process,,,,,,,,,,,,,,
Data Center and Physical Protection Guideline v2.0,,Key References: ISO/IEC 27002:2022 A.7.5,,,,,,,,,,,,,,
Data Center and Physical Protection Guideline v2.0,ID: 13 (version 2.0),Site and Infrastructure Security,,,,,,,,,,,,,,
Data Center and Physical Protection Guideline v2.0,13,It must be ensured that physical security measures for buildings and,,,,,,,,,,,,,,
Data Center and Physical Protection Guideline v2.0,,rooms are defined and in place.,,,,,,,,,,,,,,
Data Center and Physical Protection Guideline v2.0,DOR.ICT.DCP.SIS.001,,,,,,,,,,,,,,,
Data Center and Physical Protection Guideline v2.0,13.1,Physical protection against physical threats and malicious attacks must be,,,,,,,,,,,,,,
Data Center and Physical Protection Guideline v2.0,,designed and applied based on the overall ICT risk profile (including threat,,,,,,,,,,,,,,
Data Center and Physical Protection Guideline v2.0,DOR.ICT.DCP.SIS.002,,,,,,,,,,,,,,,
Data Center and Physical Protection Guideline v2.0,,landscape) and the classification of the buildings and rooms.,,,,,,,,,,,,,,
Data Center and Physical Protection Guideline v2.0,,,,,,,,,,,,,,,,
Data Center and Physical Protection Guideline v2.0,,"Asset-Types: Business Process, Building, Room",,,,,,,,,,,,,,
Data Center and Physical Protection Guideline v2.0,,Key References: DORA RTS RMF A.18.1,,,,,,,,,,,,,,
Data Center and Physical Protection Guideline v2.0,13.2,"Where applicable, buildings should be unobtrusive and give minimum",,,,,,,,,,,,,,
Data Center and Physical Protection Guideline v2.0,,"indication of their purpose, with no obvious signs, outside or inside the",,,,,,,,,,,,,,
Data Center and Physical Protection Guideline v2.0,DOR.ICT.DCP.SIS.003,,,,,,,,,,,,,,,
Data Center and Physical Protection Guideline v2.0,,"building, identifying the presence of information processing activities.",,,,,,,,,,,,,,
Data Center and Physical Protection Guideline v2.0,,,,,,,,,,,,,,,,
Data Center and Physical Protection Guideline v2.0,,"Asset-Types: Information, Business Process, Building",,,,,,,,,,,,,,
Data Center and Physical Protection Guideline v2.0,,Key References: ISO 27001:2022 Cor 202203 A.7.3,,,,,,,,,,,,,,
Data Center and Physical Protection Guideline v2.0,13.3,Electromagnetic shielding should also be considered as appropriate.,,,,,,,,,,,,,,
Data Center and Physical Protection Guideline v2.0,DOR.ICT.DCP.SIS.004,"Asset-Types: Business Process, Building",,,,,,,,,,,,,,
Data Center and Physical Protection Guideline v2.0,,Key References: ISO 27001:2022 Cor 202203 A.7.3,,,,,,,,,,,,,,
Data Center and Physical Protection Guideline v2.0,13.4,All power and communication lines must be protected against unauthorized,,,,,,,,,,,,,,
Data Center and Physical Protection Guideline v2.0,,"access, physical tampering, interception, flash burst, fire and/or damage.",,,,,,,,,,,,,,
Data Center and Physical Protection Guideline v2.0,DOR.ICT.DCP.SIS.005,,,,,,,,,,,,,,,
Data Center and Physical Protection Guideline v2.0,,"Asset-Types: Information, Business Process, Network Connection, Building, Room",,,,,,,,,,,,,,
Data Center and Physical Protection Guideline v2.0,,Key References: ISO 27001:2022 Cor 202203 A.7.12,,,,,,,,,,,,,,
Data Center and Physical Protection Guideline v2.0,13.5,"Adequate health monitoring, tamper detection and physical surveillance of",,,,,,,,,,,,,,
Data Center and Physical Protection Guideline v2.0,,"access panels/cabling, critical bridge rooms, etc. must be performed regularly.",,,,,,,,,,,,,,
Data Center and Physical Protection Guideline v2.0,DOR.ICT.DCP.SIS.006,,,,,,,,,,,,,,,
Data Center and Physical Protection Guideline v2.0,,"Asset-Types: Business Process, Network Connection, Building, Room",,,,,,,,,,,,,,
Data Center and Physical Protection Guideline v2.0,,Key References: ISO 27001:2022 Cor 202203 A.7.12,,,,,,,,,,,,,,
Data Center and Physical Protection Guideline v2.0,13.6,Power and telecommunications lines into information processing facilities,,,,,,,,,,,,,,
Data Center and Physical Protection Guideline v2.0,,"must be placed underground, where applicable.",,,,,,,,,,,,,,
Data Center and Physical Protection Guideline v2.0,DOR.ICT.DCP.SIS.007,,,,,,,,,,,,,,,
Data Center and Physical Protection Guideline v2.0,,"Asset-Types: Information, Business Process, Network Connection, Building",,,,,,,,,,,,,,
Data Center and Physical Protection Guideline v2.0,,Key References: ISO 27001:2022 Cor 202203 A.7.12,,,,,,,,,,,,,,
Data Center and Physical Protection Guideline v2.0,13.7,Power and telecommunication lines must be separated to prevent,,,,,,,,,,,,,,
Data Center and Physical Protection Guideline v2.0,,interference.,,,,,,,,,,,,,,
Data Center and Physical Protection Guideline v2.0,DOR.ICT.DCP.SIS.008,,,,,,,,,,,,,,,
Data Center and Physical Protection Guideline v2.0,,"Asset-Types: Information, Business Process, Network Connection, Building",,,,,,,,,,,,,,
Data Center and Physical Protection Guideline v2.0,,Key References: ISO 27001:2022 Cor 202203 A.7.12,,,,,,,,,,,,,,
Data Center and Physical Protection Guideline v2.0,13.8,Network cabling must be protected from unauthorized interception or damage,,,,,,,,,,,,,,
Data Center and Physical Protection Guideline v2.0,,(by using a conduit or by avoiding routes through public areas).,,,,,,,,,,,,,,
Data Center and Physical Protection Guideline v2.0,DOR.ICT.DCP.SIS.009,,,,,,,,,,,,,,,
Data Center and Physical Protection Guideline v2.0,,"Asset-Types: Business Process, Network Connection, Building, Room",,,,,,,,,,,,,,
Data Center and Physical Protection Guideline v2.0,,Key References: ISO 27001:2022 Cor 202203 A.7.12,,,,,,,,,,,,,,
Data Center and Physical Protection Guideline v2.0,13.9,Clearly identifiable cable and equipment markings must be used to minimize,,,,,,,,,,,,,,
Data Center and Physical Protection Guideline v2.0,,handling errors.,,,,,,,,,,,,,,
Data Center and Physical Protection Guideline v2.0,DOR.ICT.DCP.SIS.010,,,,,,,,,,,,,,,
Data Center and Physical Protection Guideline v2.0,ID: 14 (version 2.0),Environmental Threats,,,,,,,,,,,,,,
Data Center and Physical Protection Guideline v2.0,14,It must be ensured that measures are defined and in place to protect,,,,,,,,,,,,,,
Data Center and Physical Protection Guideline v2.0,,against environmental threats.,,,,,,,,,,,,,,
Data Center and Physical Protection Guideline v2.0,DOR.ICT.DCP.ENV.001,,,,,,,,,,,,,,,
Data Center and Physical Protection Guideline v2.0,14.1,Physical protection against natural disasters must be designed and applied,,,,,,,,,,,,,,
Data Center and Physical Protection Guideline v2.0,,following a risk-based approach.,,,,,,,,,,,,,,
Data Center and Physical Protection Guideline v2.0,DOR.ICT.DCP.ENV.002,,,,,,,,,,,,,,,
Data Center and Physical Protection Guideline v2.0,,"Asset-Types: Business Process, Building, Room",,,,,,,,,,,,,,
Data Center and Physical Protection Guideline v2.0,,Key References: DORA RTS RMF A.18.2b),,,,,,,,,,,,,,
Data Center and Physical Protection Guideline v2.0,14.2,Advice regarding environmental issues and how to deal with them should be,,,,,,,,,,,,,,
Data Center and Physical Protection Guideline v2.0,,obtained.,,,,,,,,,,,,,,
Data Center and Physical Protection Guideline v2.0,DOR.ICT.DCP.ENV.003,,,,,,,,,,,,,,,
Data Center and Physical Protection Guideline v2.0,,"Asset-Types: Business Process, Building, Room",,,,,,,,,,,,,,
Data Center and Physical Protection Guideline v2.0,,Key References: ISO 27001:2022 Cor 202203 A.7.5,,,,,,,,,,,,,,
Data Center and Physical Protection Guideline v2.0,14.3,"Environmental conditions, such as temperature and humidity, must be",,,,,,,,,,,,,,
Data Center and Physical Protection Guideline v2.0,,monitored for conditions which could adversely affect the operation of,,,,,,,,,,,,,,
Data Center and Physical Protection Guideline v2.0,DOR.ICT.DCP.ENV.004,,,,,,,,,,,,,,,
Data Center and Physical Protection Guideline v2.0,,information processing facilities.,,,,,,,,,,,,,,
Data Center and Physical Protection Guideline v2.0,,,,,,,,,,,,,,,,
Data Center and Physical Protection Guideline v2.0,,"Asset-Types: Information, Business Process, Building, Room",,,,,,,,,,,,,,
Data Center and Physical Protection Guideline v2.0,,Key References: ISO 27001:2022 Cor 202203 A.7.8,,,,,,,,,,,,,,
Data Center and Physical Protection Guideline v2.0,14.4,Lightning protection must be applied to all buildings and lightning protection,,,,,,,,,,,,,,
Data Center and Physical Protection Guideline v2.0,,filters must be fitted to all incoming power and communications lines.,,,,,,,,,,,,,,
Data Center and Physical Protection Guideline v2.0,DOR.ICT.DCP.ENV.005,,,,,,,,,,,,,,,
Data Center and Physical Protection Guideline v2.0,,"Asset-Types: Business Process, Network Connection, Building",,,,,,,,,,,,,,
Data Center and Physical Protection Guideline v2.0,,Key References: ISO 27001:2022 Cor 202203 A.7.8,,,,,,,,,,,,,,
Data Center and Physical Protection Guideline v2.0,ID: 15 (version 2.0),Physical security monitoring and logging,,,,,,,,,,,,,,
Data Center and Physical Protection Guideline v2.0,15,"It must be ensured that buildings, rooms and sensitive designated",,,,,,,,,,,,,,
Data Center and Physical Protection Guideline v2.0,,areas are monitored for unauthorized physical access and relevant,,,,,,,,,,,,,,
Data Center and Physical Protection Guideline v2.0,DOR.ICT.DCP.MOL.001,,,,,,,,,,,,,,,
Data Center and Physical Protection Guideline v2.0,,events are logged.,,,,,,,,,,,,,,
Data Center and Physical Protection Guideline v2.0,,,,,,,,,,,,,,,,
Data Center and Physical Protection Guideline v2.0,15.1,"Buildings, rooms and sensitive designated areas must be continuously",,,,,,,,,,,,,,
Data Center and Physical Protection Guideline v2.0,,"monitored for unauthorized physical access by surveillance systems, either",,,,,,,,,,,,,,
Data Center and Physical Protection Guideline v2.0,DOR.ICT.DCP.MOL.002,,,,,,,,,,,,,,,
Data Center and Physical Protection Guideline v2.0,,managed internally or by a monitoring service provider.,,,,,,,,,,,,,,
Data Center and Physical Protection Guideline v2.0,,,,,,,,,,,,,,,,
Data Center and Physical Protection Guideline v2.0,,"Asset-Types: Business Process, Building, Room",,,,,,,,,,,,,,
Data Center and Physical Protection Guideline v2.0,,Key References: ISO 27001:2022 Cor 202203 A7.4,,,,,,,,,,,,,,
Data Center and Physical Protection Guideline v2.0,15.2,"In accordance with the applicable regulations, business needs and",,,,,,,,,,,,,,
Data Center and Physical Protection Guideline v2.0,,"information security objectives, physical access logs must follow a retention",,,,,,,,,,,,,,
Data Center and Physical Protection Guideline v2.0,DOR.ICT.DCP.MOL.003,,,,,,,,,,,,,,,
Data Center and Physical Protection Guideline v2.0,,period of 2 years.,,,,,,,,,,,,,,
Data Center and Physical Protection Guideline v2.0,,,,,,,,,,,,,,,,
Data Center and Physical Protection Guideline v2.0,,Asset-Types: Business Process,,,,,,,,,,,,,,
Data Center and Physical Protection Guideline v2.0,,"Key References: ISO 27001:2022 Cor 202203 A7.4, DORA RTS RMF A.12.2a),",,,,,,,,,,,,,,
Data Center and Physical Protection Guideline v2.0,,"A.12.2ci), A.21.1giii)",,,,,,,,,,,,,,
Data Center and Physical Protection Guideline v2.0,15.3,"In accordance with the applicable regulations, business needs and",,,,,,,,,,,,,,
Data Center and Physical Protection Guideline v2.0,,"information security objectives, CCTV logs must follow a minimum retention",,,,,,,,,,,,,,
Data Center and Physical Protection Guideline v2.0,DOR.ICT.DCP.MOL.004,,,,,,,,,,,,,,,
Data Center and Physical Protection Guideline v2.0,,period of 3 days. If a longer retention period than 3 days is required due to,,,,,,,,,,,,,,
Data Center and Physical Protection Guideline v2.0,,,,,,,,,,,,,,,,
Data Center and Physical Protection Guideline v2.0,ID: 16 (version 2.0),Physical Access Controls,,,,,,,,,,,,,,
Data Center and Physical Protection Guideline v2.0,16,It must be ensured that physical access control measures are defined,,,,,,,,,,,,,,
Data Center and Physical Protection Guideline v2.0,,and in place.,,,,,,,,,,,,,,
Data Center and Physical Protection Guideline v2.0,DOR.ICT.DCP.ACC.001,,,,,,,,,,,,,,,
Data Center and Physical Protection Guideline v2.0,16.1,"People with access to buildings, rooms and sensitive designated areas must",,,,,,,,,,,,,,
Data Center and Physical Protection Guideline v2.0,,be identified and logged. The identification and logging process must follow a,,,,,,,,,,,,,,
Data Center and Physical Protection Guideline v2.0,DOR.ICT.DCP.ACC.002,,,,,,,,,,,,,,,
Data Center and Physical Protection Guideline v2.0,,risk-based approach.,,,,,,,,,,,,,,
Data Center and Physical Protection Guideline v2.0,,,,,,,,,,,,,,,,
Data Center and Physical Protection Guideline v2.0,,"Asset-Types: Information, Business Process, Building, Room",,,,,,,,,,,,,,
Data Center and Physical Protection Guideline v2.0,,Key References: DORA RTS RMF A.21.1g.i),,,,,,,,,,,,,,
Data Center and Physical Protection Guideline v2.0,16.2,Physical access rights to critical non-IT Assets must be granted based on the,,,,,,,,,,,,,,
Data Center and Physical Protection Guideline v2.0,,need-to-know and least privilege principles and on an ad-hoc basis.,,,,,,,,,,,,,,
Data Center and Physical Protection Guideline v2.0,DOR.ICT.DCP.ACC.003,,,,,,,,,,,,,,,
Data Center and Physical Protection Guideline v2.0,,"Asset-Types: Business Process, Building, Room",,,,,,,,,,,,,,
Data Center and Physical Protection Guideline v2.0,,Key References: DORA RTS RMF A.21.1g.ii),,,,,,,,,,,,,,
Data Center and Physical Protection Guideline v2.0,16.3,"Physical access to buildings, rooms and sensitive designated areas must be",,,,,,,,,,,,,,
Data Center and Physical Protection Guideline v2.0,,monitored.,,,,,,,,,,,,,,
Data Center and Physical Protection Guideline v2.0,DOR.ICT.DCP.ACC.004,,,,,,,,,,,,,,,
Data Center and Physical Protection Guideline v2.0,,"Asset-Types: Business Process, Building, Room",,,,,,,,,,,,,,
Data Center and Physical Protection Guideline v2.0,,Key References: DORA RTS RMF A.21.1g.iii),,,,,,,,,,,,,,
Data Center and Physical Protection Guideline v2.0,16.4,Physical access rights must be reviewed to ensure prompt revoking of,,,,,,,,,,,,,,
Data Center and Physical Protection Guideline v2.0,,unnecessary access rights.,,,,,,,,,,,,,,
Data Center and Physical Protection Guideline v2.0,DOR.ICT.DCP.ACC.005,,,,,,,,,,,,,,,
Data Center and Physical Protection Guideline v2.0,,"Asset-Types: Business Process, Building, Room",,,,,,,,,,,,,,
Data Center and Physical Protection Guideline v2.0,,Key References: DORA RTS RMF A.21.1g.iv),,,,,,,,,,,,,,
Data Center and Physical Protection Guideline v2.0,ID: 17 (version 2.0),Visitor Management,,,,,,,,,,,,,,
Data Center and Physical Protection Guideline v2.0,17,Visitors must be treated specially with regard to physical access to,,,,,,,,,,,,,,
Data Center and Physical Protection Guideline v2.0,,"buildings, rooms and sensitive designated areas, if relevant.",,,,,,,,,,,,,,
Data Center and Physical Protection Guideline v2.0,DOR.ICT.DCP.VIS.001,,,,,,,,,,,,,,,
Data Center and Physical Protection Guideline v2.0,17.1,Visitors must be authenticated by appropriate means.,,,,,,,,,,,,,,
Data Center and Physical Protection Guideline v2.0,DOR.ICT.DCP.VIS.002,"Asset-Types: Business Process, Building",,,,,,,,,,,,,,
Data Center and Physical Protection Guideline v2.0,,"Key References: DORA RTS RMF A.21.1g), ISO/IEC 27002:2022 A.7.2",,,,,,,,,,,,,,
Data Center and Physical Protection Guideline v2.0,17.2,The data and time of entry and departure of the visitors should be recorded.,,,,,,,,,,,,,,
Data Center and Physical Protection Guideline v2.0,DOR.ICT.DCP.VIS.003,"Asset-Types: Business Process, Building",,,,,,,,,,,,,,
Data Center and Physical Protection Guideline v2.0,,"Key References: DORA RTS RMF A.21.1g), ISO/IEC 27002:2022 A.7.2",,,,,,,,,,,,,,
Data Center and Physical Protection Guideline v2.0,17.3,"All visitors must be supervised within the buildings, rooms and, if relevant,",,,,,,,,,,,,,,
Data Center and Physical Protection Guideline v2.0,,"sensitive designated areas, of DBG.",,,,,,,,,,,,,,
Data Center and Physical Protection Guideline v2.0,,,,,,,,,,,,,,,,
Data Center and Physical Protection Guideline v2.0,ID: 18,,,,,,,,,,,,,,,
Data Center and Physical Protection Guideline v2.0,,Sensitive designated areas,,,,,,,,,,,,,,
Data Center and Physical Protection Guideline v2.0,(version 2.0),,,,,,,,,,,,,,,
Data Center and Physical Protection Guideline v2.0,,,,,,,,,,,,,,,,
Data Center and Physical Protection Guideline v2.0,18,It must be ensured that measures are in place to protect sensitive,,,,,,,,,,,,,,
Data Center and Physical Protection Guideline v2.0,,designated areas,,,,,,,,,,,,,,
Data Center and Physical Protection Guideline v2.0,DOR.ICT.DCP.SDA.001,,,,,,,,,,,,,,,
Data Center and Physical Protection Guideline v2.0,18.1,Sensitive designated areas must be identified.,,,,,,,,,,,,,,
Data Center and Physical Protection Guideline v2.0,DOR.ICT.DCP.SDA.002,"Asset-Types: Business Process, Building, Room",,,,,,,,,,,,,,
Data Center and Physical Protection Guideline v2.0,,Key References: DORA RTS RMF A.18.2b),,,,,,,,,,,,,,
Data Center and Physical Protection Guideline v2.0,18.2,Specific protection measures to protect sensitive designated areas from,,,,,,,,,,,,,,
Data Center and Physical Protection Guideline v2.0,,,"attacks, accidents, and environmental threats and hazards",must be defined,,,,,,,,,,,,
Data Center and Physical Protection Guideline v2.0,DOR.ICT.DCP.SDA.003,,,,,,,,,,,,,,,
Data Center and Physical Protection Guideline v2.0,,and applied.,,,,,,,,,,,,,,
Data Center and Physical Protection Guideline v2.0,,,,,,,,,,,,,,,,
Data Center and Physical Protection Guideline v2.0,,"Asset-Types: Business Process, Building, Room",,,,,,,,,,,,,,
Data Center and Physical Protection Guideline v2.0,,Key References: DORA RTS RMF A.18.2b),,,,,,,,,,,,,,
Data Center and Physical Protection Guideline v2.0,18.3,Arrangements for working in secure areas must cover employees and the,,,,,,,,,,,,,,
Data Center and Physical Protection Guideline v2.0,,external party users.,,,,,,,,,,,,,,
Data Center and Physical Protection Guideline v2.0,DOR.ICT.DCP.SDA.005,,,,,,,,,,,,,,,
Data Center and Physical Protection Guideline v2.0,,"Asset-Types: Business Process, Building, Room",,,,,,,,,,,,,,
Data Center and Physical Protection Guideline v2.0,,Key References: ISO 27001:2022 Cor 202203 A.7.6,,,,,,,,,,,,,,
Data Center and Physical Protection Guideline v2.0,ID: 19 (version 2.0),Equipment,,,,,,,,,,,,,,
Data Center and Physical Protection Guideline v2.0,19,It must be ensured that measures are defined and in place for protecting,,,,,,,,,,,,,,
Data Center and Physical Protection Guideline v2.0,,equipment accordingly against threats.,,,,,,,,,,,,,,
Data Center and Physical Protection Guideline v2.0,DOR.ICT.DCP.EQP.001,,,,,,,,,,,,,,,
Data Center and Physical Protection Guideline v2.0,19.1,Equipment must be sited and protected to reduce the risks from,,,,,,,,,,,,,,
Data Center and Physical Protection Guideline v2.0,,"environmental threats and hazards, opportunities for unauthorized access",,,,,,,,,,,,,,
Data Center and Physical Protection Guideline v2.0,DOR.ICT.DCP.EQP.002,,,,,,,,,,,,,,,
Data Center and Physical Protection Guideline v2.0,,and with consideration of reduction of viewing information by unauthorized,,,,,,,,,,,,,,
Data Center and Physical Protection Guideline v2.0,,,,,,,,,,,,,,,,
Data Center and Physical Protection Guideline v2.0,,personnel.,,,,,,,,,,,,,,
Data Center and Physical Protection Guideline v2.0,,"Asset-Types: Information, Business Process, Hardware Appliance, End User Device,",,,,,,,,,,,,,,
Data Center and Physical Protection Guideline v2.0,,"Mobile Device, Processing Peripheral, Storage Media, Other Device, Storage, Server",,,,,,,,,,,,,,
Data Center and Physical Protection Guideline v2.0,,"& Host Hardware, Building",,,,,,,,,,,,,,
Data Center and Physical Protection Guideline v2.0,,Key References: ISO 27001:2022 Cor 202203 A.7.8,,,,,,,,,,,,,,
Data Center and Physical Protection Guideline v2.0,19.2,The equipment must be adequately managed. Risks arising from outdated,,,,,,,,,,,,,,
Data Center and Physical Protection Guideline v2.0,,ICT Systems must be regularly identified and evaluated (lifecycle,,,,,,,,,,,,,,
Data Center and Physical Protection Guideline v2.0,DOR.ICT.DCP.EQP.003,,,,,,,,,,,,,,,
Data Center and Physical Protection Guideline v2.0,,management).,,,,,,,,,,,,,,
Data Center and Physical Protection Guideline v2.0,,,,,,,,,,,,,,,,
Data Center and Physical Protection Guideline v2.0,,"Asset-Types: Business Process, Hardware Appliance, End User Device, Mobile",,,,,,,,,,,,,,
Data Center and Physical Protection Guideline v2.0,,"Device, Processing Peripheral, Storage Media, Other Device, Storage, Server & Host",,,,,,,,,,,,,,
Data Security Governance Guideline_v3.0,,,,,,,,,,,,,,,,
Data Security Governance Guideline_v3.0,,,,,,,,,,,,,,,,
Data Security Governance Guideline_v3.0,<Specify ID:,,,,,,,,,,,,,,,
Data Security Governance Guideline_v3.0,,<Name of control requirement (e.g. Access to production data)>,,,,,,,,,,,,,,
Data Security Governance Guideline_v3.0,xx (version,,,,,,,,,,,,,,,
Data Security Governance Guideline_v3.0,x)>,,,,,,,,,,,,,,,
Data Security Governance Guideline_v3.0,,,,,,,,,,,,,,,,
Data Security Governance Guideline_v3.0,1,<Description of the control requirement>,,,,,,,,,,,,,,
Data Security Governance Guideline_v3.0,1.1,<Lists the criteria applying to the control requirement>,,,,,,,,,,,,,,
Data Security Governance Guideline_v3.0,,,,,,,,,,,,,,,,
Data Security Governance Guideline_v3.0,1.1.1,<Lists the sub-criteria applying to the control requirement>,,,,,,,,,,,,,,
Data Security Governance Guideline_v3.0,,,Asset-Types: <Lists asset types applicable to the control requirement>,,,,,,,,,,,,,
Data Security Governance Guideline_v3.0,,,Key references: <Lists key regulatory references and industry best practice requirements affecting this,,,,,,,,,,,,,
Data Security Governance Guideline_v3.0,,"control requirement (e.g., ISO/IEC 27001:2022 A.5.10, A.8.1)>","control requirement (e.g., ISO/IEC 27001:2022 A.5.10, A.8.1)>",,,,,,,,,,,,,
Data Security Governance Guideline_v3.0,,,,,,,,,,,,,,,,
Data Security Governance Guideline_v3.0,,,,,,,,,,,,,,,,
Data Security Governance Guideline_v3.0,,,,,,,,,,,,,,,,
Data Security Governance Guideline_v3.0,"The terms in this document are defined in the overall ICT Risk Glossary, which is provided on the Intranet",,,,,,,,,,,,,,,
Data Security Governance Guideline_v3.0,website.,,,,,,,,,,,,,,,
Data Security Governance Guideline_v3.0,,,,,,,,,,,,,,,,
Data Security Governance Guideline_v3.0,ID: 1,,,,,,,,,,,,,,,
Data Security Governance Guideline_v3.0,,Labelling of information,,,,,,,,,,,,,,
Data Security Governance Guideline_v3.0,(version 3.0),,,,,,,,,,,,,,,
Data Security Governance Guideline_v3.0,,,,,,,,,,,,,,,,
Data Security Governance Guideline_v3.0,1,Information must be labelled considering its confidentiality and business,,,,,,,,,,,,,,
Data Security Governance Guideline_v3.0,,impact2.,,,,,,,,,,,,,,
Data Security Governance Guideline_v3.0,DOR.ICT.DSG.LOI.001,,,,,,,,,,,,,,,
Data Security Governance Guideline_v3.0,1.1,"Information must be labelled, considering its confidentiality, business impact3",,,,,,,,,,,,,,
Data Security Governance Guideline_v3.0,,and in accordance with the below listed labels:,,,,,,,,,,,,,,
Data Security Governance Guideline_v3.0,,,,,,,,,,,,,,,,
Data Security Governance Guideline_v3.0,,- “Strictly Confidential” - information with a business impact classified as,,,,,,,,,,,,,,
Data Security Governance Guideline_v3.0,DOR.ICT.DSG.LOI.002,,,,,,,,,,,,,,,
Data Security Governance Guideline_v3.0,,"“Critical” and limited for the use within a very limited group of people,",,,,,,,,,,,,,,
Data Security Governance Guideline_v3.0,,,,,,,,,,,,,,,,
Data Security Governance Guideline_v3.0,,typically protected by regulation or law.,,,,,,,,,,,,,,
Data Security Governance Guideline_v3.0,,- “Confidential” - information with a business impact classified as “Major”,,,,,,,,,,,,,,
Data Security Governance Guideline_v3.0,,and limited for use only by a restricted group of people.,,,,,,,,,,,,,,
Data Security Governance Guideline_v3.0,,- “Internal” - information with a business impact classified as “Minor” and,,,,,,,,,,,,,,
Data Security Governance Guideline_v3.0,,limited for use only within the legal entities.,,,,,,,,,,,,,,
Data Security Governance Guideline_v3.0,,"Asset-Types: Information, Business Process, Desktop Application",,,,,,,,,,,,,,
Data Security Governance Guideline_v3.0,,Key References: ISO 27001:2022 Cor 202203 A.5.13,,,,,,,,,,,,,,
Data Security Governance Guideline_v3.0,1.2,Information classified as “Public” (information with a business impact9,,,,,,,,,,,,,,
Data Security Governance Guideline_v3.0,,classified as “Negligible” and limited to and authorized for general use inside,,,,,,,,,,,,,,
Data Security Governance Guideline_v3.0,DOR.ICT.DSG.LOI.003,,,,,,,,,,,,,,,
Data Security Governance Guideline_v3.0,,and outside the legal entity) and “External” (Information with a business,,,,,,,,,,,,,,
Data Security Governance Guideline_v3.0,,,,,,,,,,,,,,,,
Data Security Governance Guideline_v3.0,,impact,,9,classified as “Minor” and authorized for the use inside and outside of,,,,,,,,,,,
Data Security Governance Guideline_v3.0,,DBG) should be labelled.,,,,,,,,,,,,,,
Data Security Governance Guideline_v3.0,,"Asset-Types: Information, Business Process, Desktop Application",,,,,,,,,,,,,,
Data Security Governance Guideline_v3.0,,Key References: ISO 27001:2022 Cor 202203 A.5.13,,,,,,,,,,,,,,
Data Security Governance Guideline_v3.0,1.3,All physical and printable electronic documents classified as “Internal”,,,,,,,,,,,,,,
Data Security Governance Guideline_v3.0,,,"""Confidential"", ""Strictly Confidential""",,,,should,be labelled based on the,,,,,,,,
Data Security Governance Guideline_v3.0,DOR.ICT.DSG.LOI.004,confidentiality of included information at the time when they are created and,,,,,,,,,,,,,,
Data Security Governance Guideline_v3.0,,before printing.,,,,,,,,,,,,,,
Data Security Governance Guideline_v3.0,,"Asset-Types: Information, Business Process, Desktop Application",,,,,,,,,,,,,,
Data Security Governance Guideline_v3.0,,Key References: ISO 27001:2022 Cor 202203 A.5.13,,,,,,,,,,,,,,
Data Security Governance Guideline_v3.0,1.4,"Process(es), control(s) should be established to monitor, track and enforce",,,,,,,,,,,,,,
Data Security Governance Guideline_v3.0,,applicable controls over the declassification of,,,,,,,"emails, documents",ensuring,,,,,,
Data Security Governance Guideline_v3.0,DOR.ICT.DSG.LOI.006,proper labelling and protection.,,,,Measures must be implemented to prevent,,,,,,,,,,
Data Security Governance Guideline_v3.0,,label circumvention when file formats are changed ●.,,,,,,,,,,,,,,
Data Security Governance Guideline_v3.0,,"Asset-Types: Information, Business Process, Desktop Application",,,,,,,,,,,,,,
Data Security Governance Guideline_v3.0,,Key References: ISO 27001:2022 Cor 202203 A.5.13,,,,,,,,,,,,,,
Data Security Governance Guideline_v3.0,ID: 2,,,,,,,,,,,,,,,
Data Security Governance Guideline_v3.0,,Data Crown Jewel Inventory & Data Flow Management,,,,,,,,,,,,,,
Data Security Governance Guideline_v3.0,(version 3.0),,,,,,,,,,,,,,,
Data Security Governance Guideline_v3.0,,,,,,,,,,,,,,,,
Data Security Governance Guideline_v3.0,,"Data flows for all Data Crown Jewels must be documented, and the Data",,,,,,,,,,,,,,
Data Security Governance Guideline_v3.0,2,,,,,,,,,,,,,,,
Data Security Governance Guideline_v3.0,,Crown Jewel inventory as well as the associated Data Flow Registry,,,,,,,,,,,,,,
Data Security Governance Guideline_v3.0,DOR.ICT.DSG.DCJ.001,must be maintained and regularly updated.,,,,,,,,,,,,,,
Data Security Governance Guideline_v3.0,,,,,,,,,,,,,,,,
Data Security Governance Guideline_v3.0,2.1,"Data flows for each Data Crown Jewel must be documented, maintained in",,,,,,,,,,,,,,
Data Security Governance Guideline_v3.0,,centralized Data Flow Registry●.,,,,,,,,,,,,,,
Data Security Governance Guideline_v3.0,DOR.ICT.DSG.DCJ.002,,,,,,,,,,,,,,,
Data Security Governance Guideline_v3.0,,Data Crown Jewels4 are mission-critical data whose unauthorized disclosure,,,,,,,,,,,,,,
Data Security Governance Guideline_v3.0,,,,,,,,,,,,,,,,
Data Security Governance Guideline_v3.0,,would cause intolerable and existential business impact. This includes but is,,,,,,,,,,,,,,
Data Security Governance Guideline_v3.0,,not limited to:,,,,,,,,,,,,,,
Data Security Governance Guideline_v3.0,,- Regulatory Impact: Severe regulatory consequences such as the,,,,,,,,,,,,,,
Data Security Governance Guideline_v3.0,,"revocation of essential licenses or authorizations, making continued",,,,,,,,,,,,,,
Data Security Governance Guideline_v3.0,,business operations impossible.,,,,,,,,,,,,,,
Data Security Governance Guideline_v3.0,,- Financial Impact: Severe financial losses that threaten the,,,,,,,,,,,,,,
Data Security Governance Guideline_v3.0,,organization’s solvency or ability to continue operations.,,,,,,,,,,,,,,
Data Security Governance Guideline_v3.0,,- Customer and Market Trust Impact: Severe and sustained harmful,,,,,,,,,,,,,,
Data Security Governance Guideline_v3.0,,"customer or market reaction, e.g. significant market movements that",,,,,,,,,,,,,,
Data Security Governance Guideline_v3.0,,threaten business viability.,,,,,,,,,,,,,,
Data Security Governance Guideline_v3.0,,- Operational Impact: Permanent or sustained disruption of critical core,,,,,,,,,,,,,,
Data Security Governance Guideline_v3.0,,services and operations that prevents the organization from,,,,,,,,,,,,,,
Data Security Governance Guideline_v3.0,,functioning,,,,,,,,,,,,,,
Data Security Governance Guideline_v3.0,,Asset-Types: Business Process,,,,,,,,,,,,,,
Data Security Governance Guideline_v3.0,,"Key References: ISO 27001:2022 Cor 202203 A.5.9, A.5.13, A.5.14, A.5.33, A.8.12",,,,,,,,,,,,,,
Data Security Governance Guideline_v3.0,2.2,The inventory of Data Crown Jewels and associated Data Flow Registry must,,,,,,,,,,,,,,
Data Security Governance Guideline_v3.0,,be reviewed at least annually to ensure completeness and ongoing,,,,,,,,,,,,,,
Data Security Governance Guideline_v3.0,,,,,,,,,,,,,,,,
Data Security Governance Guideline_v3.0,,relevance●.,,,,,,,,,,,,,,
Data Security Governance Guideline_v3.0,,Asset-Types: Business Process,,,,,,,,,,,,,,
Data Security Governance Guideline_v3.0,DOR.ICT.DSG.DCJ.003,,,,,,,,,,,,,,,
Data Security Governance Guideline_v3.0,,"Key References: ISO 27001:2022 Cor 202203 A.5.9, A.5.13, A.5.14, A.5.33, A.8.12",,,,,,,,,,,,,,
Data Security Governance Guideline_v3.0,,,,,,,,,,,,,,,,
Data Security Governance Guideline_v3.0,ID: 3,,,,,,,,,,,,,,,
Data Security Governance Guideline_v3.0,,DLP tool and measure implementation,,,,,,,,,,,,,,
Data Security Governance Guideline_v3.0,(version 3.0),,,,,,,,,,,,,,,
Data Security Governance Guideline_v3.0,,,,,,,,,,,,,,,,
Data Security Governance Guideline_v3.0,3,It must be ensured that unauthorized data disclosure is mitigated and,,,,,,,,,,,,,,
Data Security Governance Guideline_v3.0,,transferred data is protected.,,,,,,,,,,,,,,
Data Security Governance Guideline_v3.0,DOR.ICT.DSG.MON.001,,,,,,,,,,,,,,,
Data Security Governance Guideline_v3.0,3.1,Data Leakage Prevention tool and measures must be implemented to,,,,,,,,,,,,,,
Data Security Governance Guideline_v3.0,,"identify, monitor, and detect data leakage and",,,,protect data in transit,,. This,,,,,,,,
Data Security Governance Guideline_v3.0,DOR.ICT.DSG.MON.002,,,,,,,,,,,,,,,
Data Security Governance Guideline_v3.0,,must,protect data against,unauthorized,disclosure,,", copying, or transmission,",,,,,,,,,
Data Security Governance Guideline_v3.0,,,,,,,,,,,,,,,,
Data Security Governance Guideline_v3.0,,through risk-based approach.,,,,,,,,,,,,,,
Data Security Governance Guideline_v3.0,,"Asset-Types: Information, Business Process, Commercial-off-the-Shelf Solution,",,,,,,,,,,,,,,
Data Security Governance Guideline_v3.0,,"Underlaying Software/Technology, SaaS, Desktop Application, Tool, End User",,,,,,,,,,,,,,
Data Security Governance Guideline_v3.0,,"Device, Mobile Device, Processing Peripheral, Other Device, Network Connection",,,,,,,,,,,,,,
Data Security Governance Guideline_v3.0,,"Key References: DORA RTS RMF A.14.1b), ISO/IEC 27001: 2022 A.5.10, A.5.14,",,,,,,,,,,,,,,
Data Security Governance Guideline_v3.0,,"A.5.33, A.8.12",,,,,,,,,,,,,,
Data Security Governance Guideline_v3.0,ID: 4,,,,,,,,,,,,,,,
Data Security Governance Guideline_v3.0,,Email monitoring and protection,,,,,,,,,,,,,,
Data Security Governance Guideline_v3.0,(version 3.0),,,,,,,,,,,,,,,
Data Security Governance Guideline_v3.0,,,,,,,,,,,,,,,,
Data Security Governance Guideline_v3.0,4,Data Leakage Prevention measures for communications over email5 must be,,,,,,,,,,,,,,
Data Security Governance Guideline_v3.0,,implemented.,,,,,,,,,,,,,,
Data Security Governance Guideline_v3.0,DOR.ICT.DSG.E,,,,,,,,,,,,,,,
Data Security Governance Guideline_v3.0,MA.001,,,,,,,,,,,,,,,
Data Security Governance Guideline_v3.0,4.1,"Monitoring of emails must be enabled, at least based on the classification labels.",,,,,,,,,,,,,,
Data Security Governance Guideline_v3.0,,,"Monitoring of emails must be enabled, at least based on the classification labels.",,,,,,,,,,,,,
Data Security Governance Guideline_v3.0,DOR.ICT.DSG.E,,Emails – especially non-labelled outbound ones – and attachments must be subject,,,,,,,,,,,,,
Data Security Governance Guideline_v3.0,MA.002,to appropriate technical controls.,to appropriate technical controls.,,,,,,,,,,,,,
Data Security Governance Guideline_v3.0,,,,,,,,,,,,,,,,
Data Security Governance Guideline_v3.0,,,,Public,External,Internal,Confidential,,"Strictly
Confidential",,Data Crown Jewels,,,,,
Data Security Governance Guideline_v3.0,,"Labelling
Validation
with
Content
Monitoring6",,"− Organizational control mandatory for emails to external recipient ●
− Technical control mandatory for emails to external recipient,
following a risk-based approach and wherever reasonable
implementable7●",,,,,,,,− Organizational,,,,
Data Security Governance Guideline_v3.0,,,,,,,,,,,,control mandatory,,,,
Data Security Governance Guideline_v3.0,,,,,,,,,,,,for emails to,,,,
Data Security Governance Guideline_v3.0,,,,,,,,,,,,external,,,,
Data Security Governance Guideline_v3.0,,,,,,,,,,,,recipients●,,,,
Data Security Governance Guideline_v3.0,,,,,,,,,,,,− Technical control,,,,
Data Security Governance Guideline_v3.0,,,,,,,,,,,,mandatory for,,,,
Data Security Governance Guideline_v3.0,,,,,,,,,,,,emails to external,,,,
Data Security Governance Guideline_v3.0,,,,,,,,,,,,recipients●,,,,
Data Security Governance Guideline_v3.0,,"Recipient
validation8",,"Not
required","Organizational
control mandatory
for emails to
external recipients●",,,− Organizational control,,,,− Organizational,,,,
Data Security Governance Guideline_v3.0,,,,,,,,mandatory for emails to,,,,control mandatory,,,,
Data Security Governance Guideline_v3.0,,,,,,,,external recipients●,,,,for emails to,,,,
Data Security Governance Guideline_v3.0,,,,,,,,− Technical control mandatory,,,,external,,,,
Data Security Governance Guideline_v3.0,,,,,,,,for emails to external,,,,recipients●,,,,
Data Security Governance Guideline_v3.0,,,,,,,,"recipient, following a risk-",,,,− Technical control,,,,
Data Security Governance Guideline_v3.0,,,,,,,,based approach and,,,,mandatory for,,,,
Data Security Governance Guideline_v3.0,,,,,,,,wherever reasonable,,,,emails to external,,,,
Data Security Governance Guideline_v3.0,,,,,,,,implementable13 ●,,,,recipients●,,,,
Data Security Governance Guideline_v3.0,,,,,,,,,,,,,,,,
Data Security Governance Guideline_v3.0,,"Asset-Types: Information, Business Process",,,,,,,,,,,,,,
Data Security Governance Guideline_v3.0,,Key References: ISO 27001:2022 Cor 202203 A.5.10,,,,,,,,,,,,,,
Data Security Governance Guideline_v3.0,,,,,,,,,,,,,,,,
Data Security Governance Guideline_v3.0,,DBAG and/or adopting legal entity email addresses created for externals sending,,,,,,,,,,,,,,
Data Security Governance Guideline_v3.0,4.2,,,,,,,,,,,,,,,
Data Security Governance Guideline_v3.0,,strictly confidential messages must be secured by specific DLP measures,,,,,,,,,,,,,,
Data Security Governance Guideline_v3.0,DOR.ICT.DSG.E,mentioned above.,,,,,,,,,,,,,,
Data Security Governance Guideline_v3.0,MA.003,,,,,,,,,,,,,,,
Data Security Governance Guideline_v3.0,,"Asset-Types: Information, Business Process",,,,,,,,,,,,,,
Data Security Governance Guideline_v3.0,,,,,,,,,,,,,,,,
Data Security Governance Guideline_v3.0,,Key References: ISO 27001:2022 Cor 202203 A.5.10,,,,,,,,,,,,,,
Data Security Governance Guideline_v3.0,4.3,"The maximum principle must be applied, ensuring that the overall classification for",,,,,,,,,,,,,,
Data Security Governance Guideline_v3.0,,,"The maximum principle must be applied, ensuring that the overall classification for",,,,,,,,,,,,,
Data Security Governance Guideline_v3.0,,,email reflects the highest sensitivity of any contained component wherever,,,,,,,,,,,,,
Data Security Governance Guideline_v3.0,,possible●.,possible●.,,,,,,,,,,,,,
Data Security Governance Guideline_v3.0,,"Asset-Types: Information, Business Process, Desktop Application",,,,,,,,,,,,,,
Data Security Governance Guideline_v3.0,,Key References: ISO 27001:2022 Cor 202203 A.5.13,,,,,,,,,,,,,,
Data Security Governance Guideline_v3.0,ID: 5,,,,,,,,,,,,,,,
Data Security Governance Guideline_v3.0,,DLP Endpoint protection,,,,,,,,,,,,,,
Data Security Governance Guideline_v3.0,(version 3.0),,,,,,,,,,,,,,,
Data Security Governance Guideline_v3.0,,,,,,,,,,,,,,,,
Data Security Governance Guideline_v3.0,5,DLP Endpoint protection must be implemented to protect workstation,,,,,,,,,,,,,,
Data Security Governance Guideline_v3.0,,"devices and user equipment from data leakage, restricting the use of",,,,,,,,,,,,,,
Data Security Governance Guideline_v3.0,DOR.ICT.DSG.EPP.001,"removable storage media by default, subject only to temporary,",,,,,,,,,,,,,,
Data Security Governance Guideline_v3.0,,monitored exceptions based on legitimate need.,,,,,,,,,,,,,,
Data Security Governance Guideline_v3.0,5.1,All hardware and activation of ports that can be used for connection of,,,,,,,,,,,,,,
Data Security Governance Guideline_v3.0,DOR.ICT.DSG.EPP.002,storage media must be blocked. The necessary ports to use storage media,,,,,,,,,,,,,,
Data Security Governance Guideline_v3.0,,"must be enabled temporarily only if there is a business, technical or",,,,,,,,,,,,,,
Data Security Governance Guideline_v3.0,,"operational need, unless there is no other data access solution and exception",,,,,,,,,,,,,,
Data Security Governance Guideline_v3.0,,"process must be established, implemented●.",,,,,,,,,,,,,,
Data Security Governance Guideline_v3.0,,"Asset-Types: Information, Business Process, Hardware Appliance, End User Device,",,,,,,,,,,,,,,
Data Security Governance Guideline_v3.0,,"Mobile Device, Storage, Server & Host Hardware",,,,,,,,,,,,,,
Data Security Governance Guideline_v3.0,,Key References: ISO 27001:2022 Cor 202203 A.5.10,,,,,,,,,,,,,,
Data Security Governance Guideline_v3.0,5.2,Standard software images must be designed and implemented for all,,,,,,,,,,,,,,
Data Security Governance Guideline_v3.0,DOR.ICT.DSG.EPP.003,"workstation devices of legal entities, ensuring that ports for storage media",,,,,,,,,,,,,,
Data Security Governance Guideline_v3.0,,"connections are deactivated, anti-malware protection is in place, and",,,,,,,,,,,,,,
Data Security Governance Guideline_v3.0,,administrator rights for users are disabled.,,,,,,,,,,,,,,
Data Security Governance Guideline_v3.0,,"Asset-Types: Information, Business Process, End User Device, Mobile Device",,,,,,,,,,,,,,
Data Security Governance Guideline_v3.0,,Key References: ISO 27001:2022 Cor 202203 A.5.10,,,,,,,,,,,,,,
Data Security Governance Guideline_v3.0,5.3,"If there is a need to use removable storage media, transfer of information to",,,,,,,,,,,,,,
Data Security Governance Guideline_v3.0,DOR.ICT.DSG.EPP.004,such storage media must be monitored.,,,,,,,,,,,,,,
Data Security Governance Guideline_v3.0,,"Asset-Types: Information, Business Process, End User Device, Mobile Device,",,,,,,,,,,,,,,
Data Security Governance Guideline_v3.0,,Storage Media,,,,,,,,,,,,,,
Data Security Governance Guideline_v3.0,,Key References: ISO 27001:2022 Cor 202203 A.5.10,,,,,,,,,,,,,,
Data Security Governance Guideline_v3.0,ID: 6,,,,,,,,,,,,,,,
Data Security Governance Guideline_v3.0,,Data Leakage Prevention for online and instant messaging services,,,,,,,,,,,,,,
Data Security Governance Guideline_v3.0,(version 3.0),,,,,,,,,,,,,,,
Data Security Governance Guideline_v3.0,,,,,,,,,,,,,,,,
Data Security Governance Guideline_v3.0,6,Use of Online and Instant messaging services must be restricted to,,,,,,,,,,,,,,
Data Security Governance Guideline_v3.0,,,"authorized services, with appropriate measures applied when processing",,,,,,,,,,,,,
Data Security Governance Guideline_v3.0,DOR.ICT.DSG.I,,,,,,,,,,,,,,,
Data Security Governance Guideline_v3.0,,information based on its classification,information based on its classification,,,,,,,,,,,,,
Data Security Governance Guideline_v3.0,MS.001,,,,,,,,,,,,,,,
Data Security Governance Guideline_v3.0,6.1,Use of online services must be limited as below:,,,,,,,,,,,,,,
Data Security Governance Guideline_v3.0,DOR.ICT.DSG.I,,,,,,,,,,,,,,,
Data Security Governance Guideline_v3.0,,,,,,,Public,External,Internal,"Confident
ial",,Strictly,,"Data Crown
Jewels",,
Data Security Governance Guideline_v3.0,MS.002,,,,,,,,,,,,,,,
Data Security Governance Guideline_v3.0,,,,,,,,,,,,Confident,,,,
Data Security Governance Guideline_v3.0,,,,,,,,,,,,ial,,,,
Data Security Governance Guideline_v3.0,,"Online file
sharing",,,Secure,,"Not
required","Not
required","Not
required",Should,Mandatory,Mandatory,,Mandatory●,,
Data Security Governance Guideline_v3.0,,,,,File,,,,,,,,,,,
Data Security Governance Guideline_v3.0,,,,,Transfer,,,,,,,,,,,
Data Security Governance Guideline_v3.0,,,,,(e.g. Data,,,,,,,,,,,
Data Security Governance Guideline_v3.0,,,,,room),,,,,,,,,,,
Data Security Governance Guideline_v3.0,ID: 7,,,,,,,,,,,,,,,
Data Security Governance Guideline_v3.0,,Secure Printing of Sensitive Information,,,,,,,,,,,,,,
Data Security Governance Guideline_v3.0,(version 3.0),,,,,,,,,,,,,,,
Data Security Governance Guideline_v3.0,,,,,,,,,,,,,,,,
Data Security Governance Guideline_v3.0,7,It must be ensured that printing activities11 are controlled in accordance with,,,,,,,,,,,,,,
Data Security Governance Guideline_v3.0,,the classification of information to prevent data leakage.,,,,,,,,,,,,,,
Data Security Governance Guideline_v3.0,DOR.ICT.DSG.SP,,,,,,,,,,,,,,,
Data Security Governance Guideline_v3.0,R.001,,,,,,,,,,,,,,,
Data Security Governance Guideline_v3.0,7.1,"For “Strictly Confidential” information or Data Crown Jewels, appropriate",,,,,,,,,,,,,,
Data Security Governance Guideline_v3.0,DOR.ICT.DSG.SP,confirmation mechanisms must be implemented prior to printing:,,,,,,,,,,,,,,
Data Security Governance Guideline_v3.0,R.002,,,,,,,,,,,,,,,
Data Security Governance Guideline_v3.0,,,,,,,,,,,,,,,,
Data Security Governance Guideline_v3.0,,,,,,,,,,,,,,,,
Data Security Governance Guideline_v3.0,,,,,Public,External,Internal,,,Confidential,,Strictly,,Data Crown,,
Data Security Governance Guideline_v3.0,,,,,,,,,,,,Confidential,,Jewels,,
Data Security Governance Guideline_v3.0,,,Confirmation,,"Not
required","Not
required","Not
required",Not,,Not required,Should●,Should●,,Mandatory●,,
Data Security Governance Guideline_v3.0,,,Request,,,,,required,,,,,,,,
Data Security Governance Guideline_v3.0,,,,,,,,,,,,,,,,
Data Security Governance Guideline_v3.0,,"Asset-Types: Information, Business Process",,,,,,,,,,,,,,
Data Security Governance Guideline_v3.0,,"Key References: ISO 27001:2022 Cor 202203 A.5.10, A.5.33, A.8.12",,,,,,,,,,,,,,
Data Security Governance Guideline_v3.0,ID: 8,,,,,,,,,,,,,,,
Data Security Governance Guideline_v3.0,,Storage media management,,,,,,,,,,,,,,
Data Security Governance Guideline_v3.0,(version 3.0),,,,,,,,,,,,,,,
Data Security Governance Guideline_v3.0,,,,,,,,,,,,,,,,
Data Security Governance Guideline_v3.0,8,Management procedures and measures must be in place to securely,,,,,,,,,,,,,,
Data Security Governance Guideline_v3.0,,manage storage media and the data it contains throughout its lifecycle.,,,,,,,,,,,,,,
Data Security Governance Guideline_v3.0,DOR.ICT.DSG.SMM.001,,,,,,,,,,,,,,,
Data Security Governance Guideline_v3.0,8.1,All copies of storage media should be clearly marked as such. Multiple,,,,,,,,,,,,,,
Data Security Governance Guideline_v3.0,DOR.ICT.DSG.SMM.002,copies of sensitive data should be stored on separate media in separate,,,,,,,,,,,,,,
Data Security Governance Guideline_v3.0,,locations.,,,,,,,,,,,,,,
Data Security Governance Guideline_v3.0,,"Asset-Types: Information, Business Process, Storage Media, Storage",,,,,,,,,,,,,,
Data Security Governance Guideline_v3.0,,Key References: ISO 27001:2022 Cor 202203 A.5.33,,,,,,,,,,,,,,
Data Security Governance Guideline_v3.0,8.2,"All types of storage media should have its lifetime defined, type and",,,,,,,,,,,,,,
Data Security Governance Guideline_v3.0,DOR.ICT.DSG.SMM.003,frequency of tests for guaranteeing the availability of stored data without,,,,,,,,,,,,,,
Data Security Governance Guideline_v3.0,,degradation.,,,,,,,,,,,,,,
Data Security Governance Guideline_v3.0,,"Asset-Types: Information, Business Process, Storage Media",,,,,,,,,,,,,,
Data Security Governance Guideline_v3.0,,Key References: ISO 27001:2022 Cor 202203 A.5.33,,,,,,,,,,,,,,
Data Security Governance Guideline_v3.0,8.3,Legal entity data which needs to be retained longer than the life of the,,,,,,,,,,,,,,
Data Security Governance Guideline_v3.0,DOR.ICT.DSG.SMM.004,storage media must be stored on new media before the end of its lifetime.,,,,,,,,,,,,,,
Data Security Governance Guideline_v3.0,,"Asset-Types: Information, Business Process, Storage Media",,,,,,,,,,,,,,
Data Security Governance Guideline_v3.0,,Key References: ISO 27001:2022 Cor 202203 A.5.33,,,,,,,,,,,,,,
Data Security Governance Guideline_v3.0,8.4,"To mitigate the risk of media degrading while stored data is still needed, the",,,,,,,,,,,,,,
Data Security Governance Guideline_v3.0,DOR.ICT.DSG.SMM.005,data should be transferred to fresh storage media before becoming,,,,,,,,,,,,,,
Data Security Governance Guideline_v3.0,,unreadable.,,,,,,,,,,,,,,
Data Security Governance Guideline_v3.0,,"Asset-Types: Information, Business Process, Storage Media",,,,,,,,,,,,,,
Data Security Governance Guideline_v3.0,,Key References: ISO 27001:2022 Cor 202203 A.5.33,,,,,,,,,,,,,,
Data Security Governance Guideline_v3.0,8.5,"Where electronic storage media are chosen, procedures to ensure the ability",,,,,,,,,,,,,,
Data Security Governance Guideline_v3.0,DOR.ICT.DSG.SMM.006,to access records throughout the retention period should be established.,,,,,,,,,,,,,,
Data Security Governance Guideline_v3.0,,"Asset-Types: Information, Business Process, Storage Media",,,,,,,,,,,,,,
Data Security Governance Guideline_v3.0,,Key References: ISO 27001:2022 Cor 202203 A.5.33,,,,,,,,,,,,,,
Data Security Governance Guideline_v3.0,8.6,Storage should be chosen such that required records can be retrieved in an,,,,,,,,,,,,,,
Data Security Governance Guideline_v3.0,DOR.ICT.DSG.SMM.007,acceptable time frame and format.,,,,,,,,,,,,,,
Data Security Governance Guideline_v3.0,,"Asset-Types: Information, Business Process, Storage Media",,,,,,,,,,,,,,
Data Security Governance Guideline_v3.0,,Key References: ISO 27001:2022 Cor 202203 A.5.33,,,,,,,,,,,,,,
Data Security Governance Guideline_v3.0,8.7,For all storage media it must be defined if it is authorized to be taken off-,,,,,,,,,,,,,,
Data Security Governance Guideline_v3.0,DOR.ICT.DSG.SMM.008,premises.,,,,,,,,,,,,,,
Data Security Governance Guideline_v3.0,,"Asset-Types: Information, Business Process, Storage Media",,,,,,,,,,,,,,
Data Security Governance Guideline_v3.0,,Key References: ISO 27001:2022 Cor 202203 A.5.33,,,,,,,,,,,,,,
Data Security Governance Guideline_v3.0,"ID: 9
(version 3.0)",,,,,,,,,,,,,,,
Data Security Governance Guideline_v3.0,,Protection of media,,,,,,,,,,,,,,
Data Security Governance Guideline_v3.0,,,,,,,,,,,,,,,,
Data Security Governance Guideline_v3.0,"9
DOR.ICT.DSG.PMD.001","It must be ensured that all media is securely handled, stored, and",,,,,,,,,,,,,,
Data Security Governance Guideline_v3.0,,transported to prevent unauthorized access or data leakage considering,,,,,,,,,,,,,,
Data Security Governance Guideline_v3.0,,the classification.,,,,,,,,,,,,,,
Data Security Governance Guideline_v3.0,ID: 10 (version 3.0),Transfer of media,,,,,,,,,,,,,,
Data Security Governance Guideline_v3.0,10,The transfer of media must be securely managed to ensure the,,,,,,,,,,,,,,
Data Security Governance Guideline_v3.0,,protection and integrity of the information throughout the entire,,,,,,,,,,,,,,
Data Security Governance Guideline_v3.0,DOR.ICT.DSG.TMD.001,,,,,,,,,,,,,,,
Data Security Governance Guideline_v3.0,,transfer process.,,,,,,,,,,,,,,
Data Security Governance Guideline_v3.0,,,,,,,,,,,,,,,,
Data Security Governance Guideline_v3.0,10.1,Courier identification standards and procedures to verify the identification of,,,,,,,,,,,,,,
Data Security Governance Guideline_v3.0,,"couriers should be defined to ensure that only authorized, reliable transport",,,,,,,,,,,,,,
Data Security Governance Guideline_v3.0,,,,,,,,,,,,,,,,
Data Security Governance Guideline_v3.0,,or couriers are used for the transfer of media.,,,,,,,,,,,,,,
Data Security Governance Guideline_v3.0,DOR.ICT.DSG.TMD.002,"Asset-Types: Information, Business Process, Storage Media",,,,,,,,,,,,,,
Data Security Governance Guideline_v3.0,,Key References: ISO 27001:2022 Cor 202203 A.7.10,,,,,,,,,,,,,,
Data Security Governance Guideline_v3.0,ID: 11 (version 3.0),Secure data and media disposal,,,,,,,,,,,,,,
Data Security Governance Guideline_v3.0,11,Procedures and measures for secure disposal of data and media,,,,,,,,,,,,,,
Data Security Governance Guideline_v3.0,,containing information must be defined and implemented.,,,,,,,,,,,,,,
Data Security Governance Guideline_v3.0,DOR.ICT.DSG.SMD.001,,,,,,,,,,,,,,,
Data Security Governance Guideline_v3.0,11.1,"The procedures and measures for secure disposal of data, present on",,,,,,,,,,,,,,
Data Security Governance Guideline_v3.0,,"premises or stored externally, must be implemented proportionally to the",,,,,,,,,,,,,,
Data Security Governance Guideline_v3.0,DOR.ICT.DSG.SMD.002,,,,,,,,,,,,,,,
Data Security Governance Guideline_v3.0,,classification label of information and make sure that the data is deleted,,,,,,,,,,,,,,
Data Security Governance Guideline_v3.0,,,,,,,,,,,,,,,,
Data Security Governance Guideline_v3.0,,securely and completely.,,,,,,,,,,,,,,
Data Security Governance Guideline_v3.0,,"Asset-Types: Business Process, Storage Media, Storage",,,,,,,,,,,,,,
Data Security Governance Guideline_v3.0,,"Key References: DORA RTS RMF A.11. 2h), 2i)",,,,,,,,,,,,,,
Data Security Governance Guideline_v3.0,11.2,The procedures and measures for secure disposal of media containing,,,,,,,,,,,,,,
Data Security Governance Guideline_v3.0,,information must be implemented proportionally to the classification label of,,,,,,,,,,,,,,
Data Security Governance Guideline_v3.0,DOR.ICT.DSG.SMD.003,,,,,,,,,,,,,,,
Data Security Governance Guideline_v3.0,,"information, ensuring data is irrevocably deleted from storage media,",,,,,,,,,,,,,,
Data Security Governance Guideline_v3.0,,,,,,,,,,,,,,,,
Data Security Governance Guideline_v3.0,,"storages, databases, and endpoint devices.",,,,,,,,,,,,,,
Data Security Governance Guideline_v3.0,,"Asset-Types: Information, Business Process, SaaS, Cloud Appliance, Cloud PaaS,",,,,,,,,,,,,,,
Data Security Governance Guideline_v3.0,,"End User Device, Mobile Device, Storage Media, Storage, Room, Datacenter",,,,,,,,,,,,,,
Data Security Governance Guideline_v3.0,,"Key References: DORA RTS RMF A.11. 2h), 2i)",,,,,,,,,,,,,,
Data Security Governance Guideline_v3.0,11.2.1,Media must be securely disposed by using disposal mechanism approved,,,,,,,,,,,,,,
Data Security Governance Guideline_v3.0,,by the legal entity.,,,,,,,,,,,,,,
Data Security Governance Guideline_v3.0,DOR.ICT.DSG.SMD.004,,,,,,,,,,,,,,,
Data Security Governance Guideline_v3.0,,"Asset-Types: Information, Business Process, End User Device, Mobile Device,",,,,,,,,,,,,,,
Data Security Governance Guideline_v3.0,,"Storage Media, Storage",,,,,,,,,,,,,,
Data Security Governance Guideline_v3.0,,"Key References: DORA RTS RMF A.11. 2h), 2i)",,,,,,,,,,,,,,
Data Security Governance Guideline_v3.0,11.2.2,Media must be disposed of in a way that renders the stored data,,,,,,,,,,,,,,
Data Security Governance Guideline_v3.0,,unrecoverable by any forensic means.,,,,,,,,,,,,,,
Data Security Governance Guideline_v3.0,DOR.ICT.DSG.SMD.005,,,,,,,,,,,,,,,
Data Security Governance Guideline_v3.0,,"Asset-Types: Information, Business Process, End User Device, Mobile Device,",,,,,,,,,,,,,,
Data Security Governance Guideline_v3.0,,"Storage Media, Storage",,,,,,,,,,,,,,
Data Security Governance Guideline_v3.0,,"Key References: DORA RTS RMF A.11. 2h), 2i)",,,,,,,,,,,,,,
Data Security Governance Guideline_v3.0,11.2.3,"Media must be securely and safely stored before disposal, by storing in",,,,,,,,,,,,,,
Data Security Governance Guideline_v3.0,,locked storage rooms or containers.,,,,,,,,,,,,,,
Data Security Governance Guideline_v3.0,DOR.ICT.DSG.SMD.006,,,,,,,,,,,,,,,
Data Security Governance Guideline_v3.0,,"Asset-Types: Information, Business Process, End User Device, Mobile Device,",,,,,,,,,,,,,,
Data Security Governance Guideline_v3.0,,"Storage Media, Storage, Room",,,,,,,,,,,,,,
Data Security Governance Guideline_v3.0,,"Key References: DORA RTS RMF A.11. 2h), 2i)",,,,,,,,,,,,,,
Data Security Governance Guideline_v3.0,11.2.4,Disposal of media must only be performed in areas intended for this,,,,,,,,,,,,,,
Data Security Governance Guideline_v3.0,,purpose.,,,,,,,,,,,,,,
Data Security Governance Guideline_v3.0,DOR.ICT.DSG.SMD.007,,,,,,,,,,,,,,,
Data Security Governance Guideline_v3.0,,"Asset-Types: Information, Business Process, End User Device, Mobile Device,",,,,,,,,,,,,,,
Data Security Governance Guideline_v3.0,,"Storage Media, Storage",,,,,,,,,,,,,,
Data Security Governance Guideline_v3.0,,"Key References: DORA RTS RMF A.11. 2h), 2i)",,,,,,,,,,,,,,
Data Security Governance Guideline_v3.0,11.2.5,All steps of the media disposal process must be suitably documented.,,,,,,,,,,,,,,
Data Security Governance Guideline_v3.0,DOR.ICT.DSG.SMD.008,"Asset-Types: Information, Business Process, End User Device, Mobile Device,",,,,,,,,,,,,,,
Data Security Governance Guideline_v3.0,,"Storage Media, Storage, Room",,,,,,,,,,,,,,
Data Security Governance Guideline_v3.0,,"Key References: DORA RTS RMF A.11. 2h), 2i)",,,,,,,,,,,,,,
Data Security Governance Guideline_v3.0,11.2.6,"All media items should be collected and disposed of securely, rather than",,,,,,,,,,,,,,
Data Security Governance Guideline_v3.0,,attempting to separate out the sensitive items.,,,,,,,,,,,,,,
Data Security Governance Guideline_v3.0,DOR.ICT.DSG.SMD.009,,,,,,,,,,,,,,,
Encryption and Key Management Guideline_v2.0,<Specify ID:,,,,,,,,,,,,,,,
Encryption and Key Management Guideline_v2.0,,<Name of control requirement (e.g. Access to production data)>,,,,,,,,,,,,,,
Encryption and Key Management Guideline_v2.0,xx (version,,,,,,,,,,,,,,,
Encryption and Key Management Guideline_v2.0,x)>,,,,,,,,,,,,,,,
Encryption and Key Management Guideline_v2.0,,,,,,,,,,,,,,,,
Encryption and Key Management Guideline_v2.0,1,<Description of the control requirement>,,,,,,,,,,,,,,
Encryption and Key Management Guideline_v2.0,1.1,<Lists the criteria applying to the control requirement>,,,,,,,,,,,,,,
Encryption and Key Management Guideline_v2.0,,,,,,,,,,,,,,,,
Encryption and Key Management Guideline_v2.0,1.1.1,<Lists the sub-criteria applying to the control requirement>,,,,,,,,,,,,,,
Encryption and Key Management Guideline_v2.0,,,Asset-Types: <Lists asset types applicable to the control requirement>,,,,,,,,,,,,,
Encryption and Key Management Guideline_v2.0,,,Key references: <Lists key regulatory references and industry best practice requirements affecting this,,,,,,,,,,,,,
Encryption and Key Management Guideline_v2.0,,"control requirement (e.g., ISO/IEC 27001:2022 A.5.10, A.8.1)>","control requirement (e.g., ISO/IEC 27001:2022 A.5.10, A.8.1)>",,,,,,,,,,,,,
Encryption and Key Management Guideline_v2.0,,,,,,,,,,,,,,,,
Encryption and Key Management Guideline_v2.0,,,,,,,,,,,,,,,,
Encryption and Key Management Guideline_v2.0,"The terms in this document are defined in the overall ICT Risk Glossary, which is provided",,,,,,,,,,,,,,,
Encryption and Key Management Guideline_v2.0,on the Intranet website.,,,,,,,,,,,,,,,
Encryption and Key Management Guideline_v2.0,ID: 1,,,,,,,,,,,,,,,
Encryption and Key Management Guideline_v2.0,,"Procedure, Development and Governance",,,,,,,,,,,,,,
Encryption and Key Management Guideline_v2.0,(version 2.0),,,,,,,,,,,,,,,
Encryption and Key Management Guideline_v2.0,,,,,,,,,,,,,,,,
Encryption and Key Management Guideline_v2.0,1,"An Encryption and Key Management procedure must be defined,",,,,,,,,,,,,,,
Encryption and Key Management Guideline_v2.0,DOR.ICT.EKM.PDG.001,"documented, and implemented to ensure company data is protected.",,,,,,,,,,,,,,
Encryption and Key Management Guideline_v2.0,,"The procedure must include controls, rules, and guidance for the",,,,,,,,,,,,,,
Encryption and Key Management Guideline_v2.0,,implementation.,,,,,,,,,,,,,,
Encryption and Key Management Guideline_v2.0,1.1,Encryption and Key management controls and guidance must entail rules,,,,,,,,,,,,,,
Encryption and Key Management Guideline_v2.0,,"around preservation of confidentiality, integrity, availability, and authenticity of",,,,,,,,,,,,,,
Encryption and Key Management Guideline_v2.0,DOR.ICT.EKM.PDG.002,,,,,,,,,,,,,,,
Encryption and Key Management Guideline_v2.0,,data.,,,,,,,,,,,,,,
Encryption and Key Management Guideline_v2.0,,,,,,,,,,,,,,,,
Encryption and Key Management Guideline_v2.0,,Asset-Types: Business Process,,,,,,,,,,,,,,
Encryption and Key Management Guideline_v2.0,,Key References: DORA RTS RMF A.6.1,,,,,,,,,,,,,,
Encryption and Key Management Guideline_v2.0,1.2,"In instances where adherence to leading practices, standards, or the",,,,,,,,,,,,,,
Encryption and Key Management Guideline_v2.0,,"utilization of the most reliable techniques, including the updating or changing",,,,,,,,,,,,,,
Encryption and Key Management Guideline_v2.0,DOR.ICT.EKM.PDG.003,,,,,,,,,,,,,,,
Encryption and Key Management Guideline_v2.0,,"of cryptographic technology, is not feasible, Encryption and Key management",,,,,,,,,,,,,,
Encryption and Key Management Guideline_v2.0,,,,,,,,,,,,,,,,
Encryption and Key Management Guideline_v2.0,,"controls, rules and guidance must entail mitigation and monitoring measures,",,,,,,,,,,,,,,
Encryption and Key Management Guideline_v2.0,,accompanied by a reasoned explanation for the deviation.,,,,,,,,,,,,,,
Encryption and Key Management Guideline_v2.0,,"Asset-Types: Commercial-off-the-Shelf Solution, Underlaying Software/Technology,",,,,,,,,,,,,,,
Encryption and Key Management Guideline_v2.0,,"SaaS, Tool, Certificate, Software Appliance, Hardware Appliance, Cloud Appliance,",,,,,,,,,,,,,,
Encryption and Key Management Guideline_v2.0,,"Operating System, Cloud PaaS, Container, End User Device, Mobile Device,",,,,,,,,,,,,,,
Encryption and Key Management Guideline_v2.0,,"Processing Peripheral, Storage Media, Other Device, Storage, Server & Host",,,,,,,,,,,,,,
Encryption and Key Management Guideline_v2.0,,"Hardware, Network Connection",,,,,,,,,,,,,,
Encryption and Key Management Guideline_v2.0,,Key References: DORA RTS RMF A.6.5,,,,,,,,,,,,,,
Encryption and Key Management Guideline_v2.0,1.3,"Encryption and Key management procedure must entail activities on review,",,,,,,,,,,,,,,
Encryption and Key Management Guideline_v2.0,,"approval, implementation, and communication of cryptographic and key",,,,,,,,,,,,,,
Encryption and Key Management Guideline_v2.0,DOR.ICT.EKM.PDG.004,management technology changes.,,,,,,,,,,,,,,
Encryption and Key Management Guideline_v2.0,,,,,,,,,,,,,,,,
Encryption and Key Management Guideline_v2.0,,"Asset-Types: Commercial-off-the-Shelf Solution, Underlaying Software/Technology,",,,,,,,,,,,,,,
Encryption and Key Management Guideline_v2.0,,"SaaS, Tool, Certificate, Software Appliance, Hardware Appliance, Cloud Appliance,",,,,,,,,,,,,,,
Encryption and Key Management Guideline_v2.0,,"Operating System, Cloud PaaS, Container, End User Device, Mobile Device,",,,,,,,,,,,,,,
Encryption and Key Management Guideline_v2.0,,"Processing Peripheral, Storage Media, Other Device, Storage, Server & Host",,,,,,,,,,,,,,
Encryption and Key Management Guideline_v2.0,,"Hardware, Network Connection",,,,,,,,,,,,,,
Encryption and Key Management Guideline_v2.0,,Key References: DORA RTS RMF A.6.4,,,,,,,,,,,,,,
Encryption and Key Management Guideline_v2.0,ID: 2,,,,,,,,,,,,,,,
Encryption and Key Management Guideline_v2.0,,Selection and implementation of cryptographic measures,,,,,,,,,,,,,,
Encryption and Key Management Guideline_v2.0,(version 2.0),,,,,,,,,,,,,,,
Encryption and Key Management Guideline_v2.0,,,,,,,,,,,,,,,,
Encryption and Key Management Guideline_v2.0,2,"Cryptographic measures selection, implementation must be aligned",,,,,,,,,,,,,,
Encryption and Key Management Guideline_v2.0,DOR.ICT.EKM.SCM.001,"with recognized standards, applicable legislation, and legal entities’",,,,,,,,,,,,,,
Encryption and Key Management Guideline_v2.0,,approval. They must provide sufficient strength and commensurate to,,,,,,,,,,,,,,
Encryption and Key Management Guideline_v2.0,,applicable data classification.,,,,,,,,,,,,,,
Encryption and Key Management Guideline_v2.0,ID: 3,"Review, assessment and monitoring of cryptographic measures and",,,,,,,,,,,,,,
Encryption and Key Management Guideline_v2.0,(version 2.0),products,,,,,,,,,,,,,,
Encryption and Key Management Guideline_v2.0,3,Cryptographic measures and products must undergo regular,,,,,,,,,,,,,,
Encryption and Key Management Guideline_v2.0,,"assessment, monitoring regarding compliance with applicable",,,,,,,,,,,,,,
Encryption and Key Management Guideline_v2.0,DOR.ICT.EKM.RAM.001,,,,,,,,,,,,,,,
Encryption and Key Management Guideline_v2.0,,"standards, legislation, and adherence with developments in",,,,,,,,,,,,,,
Encryption and Key Management Guideline_v2.0,,,,,,,,,,,,,,,,
Encryption and Key Management Guideline_v2.0,,cryptanalysis to ensure they remain resilient against cyber threats.,,,,,,,,,,,,,,
Encryption and Key Management Guideline_v2.0,ID: 4,,,,,,,,,,,,,,,
Encryption and Key Management Guideline_v2.0,,"Documentation, inventory of key and cryptographic measures",,,,,,,,,,,,,,
Encryption and Key Management Guideline_v2.0,(version 2.0),,,,,,,,,,,,,,,
Encryption and Key Management Guideline_v2.0,,,,,,,,,,,,,,,,
Encryption and Key Management Guideline_v2.0,4,"Documentation of cryptographic measures, cryptographic inventory",,,,,,,,,,,,,,
Encryption and Key Management Guideline_v2.0,,,and Cryptographic Bill of Materials (CBOM),", PKI architecture,",,,,,,,,,,,,
Encryption and Key Management Guideline_v2.0,DOR.ICT.EKM.DCM.001,,,,,,,,,,,,,,,
Encryption and Key Management Guideline_v2.0,,connection paths with corresponding key and certificate register must,,,,,,,,,,,,,,
Encryption and Key Management Guideline_v2.0,,,,,,,,,,,,,,,,
Encryption and Key Management Guideline_v2.0,,be established and regularly maintained to ensure proper operation and,,,,,,,,,,,,,,
Encryption and Key Management Guideline_v2.0,,compliance.,,,,,,,,,,,,,,
Encryption and Key Management Guideline_v2.0,4.1,The cryptographic measures must be documented to ensure that they are,,,,,,,,,,,,,,
Encryption and Key Management Guideline_v2.0,,"safely operated, and an overview of the implemented measures is provided:",,,,,,,,,,,,,,
Encryption and Key Management Guideline_v2.0,DOR.ICT.EKM.DCM.002,,,,,,,,,,,,,,,
Encryption and Key Management Guideline_v2.0,,Details of all algorithms and protocols used for the protection of classified,,,,,,,,,,,,,,
Encryption and Key Management Guideline_v2.0,,,,,,,,,,,,,,,,
Encryption and Key Management Guideline_v2.0,,"data and the keys used should be documented. More precisely, for",,,,,,,,,,,,,,
Encryption and Key Management Guideline_v2.0,,"algorithms and protocols at least the aspects bit security, protection level,",,,,,,,,,,,,,,
Encryption and Key Management Guideline_v2.0,,"standard as well as usage and for keys the strength, expiry date and usage",,,,,,,,,,,,,,
Encryption and Key Management Guideline_v2.0,,must be recorded.,,,,,,,,,,,,,,
Encryption and Key Management Guideline_v2.0,,"Asset-Types: Information, Commercial-off-the-Shelf Solution, Underlaying",,,,,,,,,,,,,,
Encryption and Key Management Guideline_v2.0,,"Software/Technology, Tool, Certificate, Software Appliance, Hardware Appliance,",,,,,,,,,,,,,,
Encryption and Key Management Guideline_v2.0,,"Cloud Appliance, Operating System, Cloud PaaS, Container, End User Device,",,,,,,,,,,,,,,
Encryption and Key Management Guideline_v2.0,,"Mobile Device, Processing Peripheral, Storage Media, Other Device, Storage, Server",,,,,,,,,,,,,,
Encryption and Key Management Guideline_v2.0,,"& Host Hardware, Network Connection",,,,,,,,,,,,,,
Encryption and Key Management Guideline_v2.0,,Key References: ISO 27001:2022 Cor 202203 A.8.24,,,,,,,,,,,,,,
Encryption and Key Management Guideline_v2.0,4.2,The PKIs must be documented to ensure their safe operation.,,,,,,,,,,,,,,
Encryption and Key Management Guideline_v2.0,DOR.ICT.EKM.DCM.003,"Asset-Types: Information, Commercial-off-the-Shelf Solution, Underlaying",,,,,,,,,,,,,,
Encryption and Key Management Guideline_v2.0,,"Software/Technology, SaaS, Tool, Certificate, Software Appliance, Hardware",,,,,,,,,,,,,,
Encryption and Key Management Guideline_v2.0,,"Appliance, Cloud Appliance, Operating System, Cloud PaaS, Container, End User",,,,,,,,,,,,,,
Encryption and Key Management Guideline_v2.0,,"Device, Mobile Device, Processing Peripheral, Storage Media, Other Device,",,,,,,,,,,,,,,
Encryption and Key Management Guideline_v2.0,,"Storage, Server & Host Hardware, Network Connection",,,,,,,,,,,,,,
Encryption and Key Management Guideline_v2.0,,Key References: ISO 27001:2022 Cor 202203 A.8.24,,,,,,,,,,,,,,
Encryption and Key Management Guideline_v2.0,ID: 5,,,,,,,,,,,,,,,
Encryption and Key Management Guideline_v2.0,,Protection of data in transit,,,,,,,,,,,,,,
Encryption and Key Management Guideline_v2.0,(version 2.0),,,,,,,,,,,,,,,
Encryption and Key Management Guideline_v2.0,,,,,,,,,,,,,,,,
Encryption and Key Management Guideline_v2.0,5,Data in transit must be protected in accordance with its classification,,,,,,,,,,,,,,
Encryption and Key Management Guideline_v2.0,,and risk analysis and exchanged through secure network only.,,,,,,,,,,,,,,
Encryption and Key Management Guideline_v2.0,DOR.ICT.EKM.PDT.001,,,,,,,,,,,,,,,
Encryption and Key Management Guideline_v2.0,5.1,Data in transit must be protected depending on its classification based on the,,,,,,,,,,,,,,
Encryption and Key Management Guideline_v2.0,,results of the approved data classification and risk analysis.,,,,,,,,,,,,,,
Encryption and Key Management Guideline_v2.0,DOR.ICT.EKM.PDT.002,,,,,,,,,,,,,,,
Encryption and Key Management Guideline_v2.0,ID: 6,,,,,,,,,,,,,,,
Encryption and Key Management Guideline_v2.0,,Protection of data at rest,,,,,,,,,,,,,,
Encryption and Key Management Guideline_v2.0,(version 2.0),,,,,,,,,,,,,,,
Encryption and Key Management Guideline_v2.0,,,,,,,,,,,,,,,,
Encryption and Key Management Guideline_v2.0,6,Protection of data at rest and rules for encryption of data must be in,,,,,,,,,,,,,,
Encryption and Key Management Guideline_v2.0,,place and aligned with data classification and risk analysis.,,,,,,,,,,,,,,
Encryption and Key Management Guideline_v2.0,DOR.ICT.EKM.DAR.001,,,,,,,,,,,,,,,
Encryption and Key Management Guideline_v2.0,6.1,Data stored inside of internal infrastructure or legal entity approved data,,,,,,,,,,,,,,
Encryption and Key Management Guideline_v2.0,,"centers must be protected with respect to confidentiality, integrity and",,,,,,,,,,,,,,
Encryption and Key Management Guideline_v2.0,DOR.ICT.EKM.DAR.002,,,,,,,,,,,,,,,
Encryption and Key Management Guideline_v2.0,,authenticity depending on its classification and risk analysis.,,,,,,,,,,,,,,
Encryption and Key Management Guideline_v2.0,,,,,,,,,,,,,,,,
Encryption and Key Management Guideline_v2.0,,"Asset-Types: Information, Business Process, Commercial-off-the-Shelf Solution,",,,,,,,,,,,,,,
Encryption and Key Management Guideline_v2.0,,"Underlaying Software/Technology, SaaS, Tool, Software Appliance, Hardware",,,,,,,,,,,,,,
Encryption and Key Management Guideline_v2.0,,"Appliance, Cloud Appliance, Cloud PaaS, End User Device, Mobile Device, Storage",,,,,,,,,,,,,,
Encryption and Key Management Guideline_v2.0,,"Media, Other Device, Storage, Server & Host Hardware, Datacenter",,,,,,,,,,,,,,
Encryption and Key Management Guideline_v2.0,,Key References: ISO 27001:2022 Cor 202203 A.8.24,,,,,,,,,,,,,,
Encryption and Key Management Guideline_v2.0,6.1.1,Independent of the classification the following data must be protected by,,,,,,,,,,,,,,
Encryption and Key Management Guideline_v2.0,,cryptographic measures to preserve confidentiality: personalized security,,,,,,,,,,,,,,
Encryption and Key Management Guideline_v2.0,DOR.ICT.EKM.DAR.003,,,,,,,,,,,,,,,
Encryption and Key Management Guideline_v2.0,,credentials.,,,,,,,,,,,,,,
Encryption and Key Management Guideline_v2.0,,,,,,,,,,,,,,,,
Encryption and Key Management Guideline_v2.0,,"Asset-Types: Information, Business Process, Commercial-off-the-Shelf Solution,",,,,,,,,,,,,,,
Encryption and Key Management Guideline_v2.0,,"Underlaying Software/Technology, SaaS, Tool, Software Appliance, Hardware",,,,,,,,,,,,,,
Encryption and Key Management Guideline_v2.0,,"Appliance, Cloud Appliance, Cloud PaaS, End User Device, Mobile Device,",,,,,,,,,,,,,,
Encryption and Key Management Guideline_v2.0,,"Storage Media, Other Device, Storage",,,,,,,,,,,,,,
Encryption and Key Management Guideline_v2.0,,Key References: ISO 27001:2022 Cor 202203 A.8.24,,,,,,,,,,,,,,
Encryption and Key Management Guideline_v2.0,6.1.2,Data stored within internal infrastructure classified as “critical” or “major”3,,,,,,,,,,,,,,
Encryption and Key Management Guideline_v2.0,,with respect to confidentiality and/or integrity and/or authenticity,,,"or ""Data",,,,,,,,,,,
Encryption and Key Management Guideline_v2.0,DOR.ICT.EKM.DAR.004,,,,,,,,,,,,,,,
Encryption and Key Management Guideline_v2.0,,,"Crown Jewel""4",or where the visible label of the data is “strictly confidential”,,,,,,,,,,,,
Encryption and Key Management Guideline_v2.0,,,,,,,,,,,,,,,,
Encryption and Key Management Guideline_v2.0,,"or “confidential”, should be protected by cryptographic measures.",,,,,,,,,,,,,,
Encryption and Key Management Guideline_v2.0,,"Asset-Types: Information, Business Process, Commercial-off-the-Shelf Solution,",,,,,,,,,,,,,,
Encryption and Key Management Guideline_v2.0,,"Underlaying Software/Technology, Tool, Software Appliance, Hardware Appliance,",,,,,,,,,,,,,,
Encryption and Key Management Guideline_v2.0,,"Cloud Appliance, Cloud PaaS, End User Device, Mobile Device, Storage Media,",,,,,,,,,,,,,,
Encryption and Key Management Guideline_v2.0,,Storage,,,,,,,,,,,,,,
Encryption and Key Management Guideline_v2.0,,Key References: DORA RTS RMF A.6.2a),,,,,,,,,,,,,,
Encryption and Key Management Guideline_v2.0,ID: 8,,,,,,,,,,,,,,,
Encryption and Key Management Guideline_v2.0,,Key Management and Governance,,,,,,,,,,,,,,
Encryption and Key Management Guideline_v2.0,(version 2.0),,,,,,,,,,,,,,,
Encryption and Key Management Guideline_v2.0,,,,,,,,,,,,,,,,
Encryption and Key Management Guideline_v2.0,8,It must be ensured that requirements and guidance for cryptographic,,,,,,,,,,,,,,
Encryption and Key Management Guideline_v2.0,,key management are in place.,,,,,,,,,,,,,,
Encryption and Key Management Guideline_v2.0,DOR.ICT.EKM.KMG.001,,,,,,,,,,,,,,,
Encryption and Key Management Guideline_v2.0,8.1,Requirements for cryptographic key management must cover the entire,,,,,,,,,,,,,,
Encryption and Key Management Guideline_v2.0,,"lifecycle of cryptographic keys,",,"including generating, renewing, storing,",,,,,,,,,,,,
Encryption and Key Management Guideline_v2.0,DOR.ICT.EKM.KMG.002,,,,,,,,,,,,,,,
Encryption and Key Management Guideline_v2.0,,,"backing up, archiving, retrieving, transmitting, retiring, revoking, and",,,,,,,,,,,,,
Encryption and Key Management Guideline_v2.0,,,,,,,,,,,,,,,,
Encryption and Key Management Guideline_v2.0,,destroying those cryptographic keys.,destroying those cryptographic keys,,,,,,,,,,,,,
Encryption and Key Management Guideline_v2.0,,"Asset-Types: Information, Commercial-off-the-Shelf Solution, Underlaying",,,,,,,,,,,,,,
Encryption and Key Management Guideline_v2.0,,"Software/Technology, Tool, Certificate, Software Appliance, Hardware Appliance,",,,,,,,,,,,,,,
Encryption and Key Management Guideline_v2.0,,"Cloud Appliance, Cloud PaaS, Container,End User Device, Mobile Device,",,,,,,,,,,,,,,
Encryption and Key Management Guideline_v2.0,,"Processing Peripheral, Storage Media, Other Device, Storage, Server & Host",,,,,,,,,,,,,,
Encryption and Key Management Guideline_v2.0,,Hardware,,,,,,,,,,,,,,
Encryption and Key Management Guideline_v2.0,,Key References: DORA RTS RMF A.6.2d,,,,,,,,,,,,,,
Encryption and Key Management Guideline_v2.0,8.2,Requirements must specify how cryptographic keys are correctly used and,,,,,,,,,,,,,,
Encryption and Key Management Guideline_v2.0,,protected.,,,,,,,,,,,,,,
Encryption and Key Management Guideline_v2.0,DOR.ICT.EKM.KMG.003,,,,,,,,,,,,,,,
Encryption and Key Management Guideline_v2.0,,"Asset-Types: Information, Commercial-off-the-Shelf Solution, Underlaying",,,,,,,,,,,,,,
Encryption and Key Management Guideline_v2.0,,"Software/Technology, Tool, Certificate, Software Appliance, Hardware Appliance,",,,,,,,,,,,,,,
Encryption and Key Management Guideline_v2.0,,"Cloud Appliance, Cloud PaaS, Container, End User Device, Mobile Device,",,,,,,,,,,,,,,
Encryption and Key Management Guideline_v2.0,,"Processing Peripheral, Storage Media, Other Device, Storage, Server & Host",,,,,,,,,,,,,,
Encryption and Key Management Guideline_v2.0,,Hardware,,,,,,,,,,,,,,
Encryption and Key Management Guideline_v2.0,,Key References: DORA RTS RMF A.7.1,,,,,,,,,,,,,,
Encryption and Key Management Guideline_v2.0,8.3,The cryptographic keys should be dedicated to a single purpose.,,,,,,,,,,,,,,
Encryption and Key Management Guideline_v2.0,DOR.ICT.EKM.KMG.004,"Asset-Types: Information, Business Process, Commercial-off-the-Shelf Solution,",,,,,,,,,,,,,,
Encryption and Key Management Guideline_v2.0,,"Underlaying Software/Technology, Tool, Certificate, Software Appliance, Hardware",,,,,,,,,,,,,,
Encryption and Key Management Guideline_v2.0,,"Appliance, Cloud Appliance, Cloud PaaS, Container, End User Device, Mobile",,,,,,,,,,,,,,
Encryption and Key Management Guideline_v2.0,,"Device, Processing Peripheral, Storage Media, Other Device, Storage, Server & Host",,,,,,,,,,,,,,
Encryption and Key Management Guideline_v2.0,,Hardware,,,,,,,,,,,,,,
Encryption and Key Management Guideline_v2.0,,Key References: ISO 27001:2022 Cor 202203 A.8.24,,,,,,,,,,,,,,
Encryption and Key Management Guideline_v2.0,8.3.1,The key should be either used for encryption or for digital signatures.,,,,,,,,,,,,,,
Encryption and Key Management Guideline_v2.0,DOR.ICT.EKM.KMG.005,"Asset-Types: Information, Business Process, Commercial-off-the-Shelf Solution,",,,,,,,,,,,,,,
Encryption and Key Management Guideline_v2.0,,"Underlaying Software/Technology, Tool, Certificate, Software Appliance,",,,,,,,,,,,,,,
Encryption and Key Management Guideline_v2.0,,"Hardware Appliance, Cloud Appliance, Cloud PaaS, Container, End User Device,",,,,,,,,,,,,,,
Encryption and Key Management Guideline_v2.0,,"Mobile Device, Processing Peripheral, Storage Media, Other Device, Storage,",,,,,,,,,,,,,,
Encryption and Key Management Guideline_v2.0,,Server & Host Hardware,,,,,,,,,,,,,,
Encryption and Key Management Guideline_v2.0,,Key References: ISO 27001:2022 Cor 202203 A.8.24,,,,,,,,,,,,,,
Encryption and Key Management Guideline_v2.0,ID: 9,,,,,,,,,,,,,,,
Encryption and Key Management Guideline_v2.0,,Key generation,,,,,,,,,,,,,,
Encryption and Key Management Guideline_v2.0,(version 2.0),,,,,,,,,,,,,,,
Encryption and Key Management Guideline_v2.0,,,,,,,,,,,,,,,,
Encryption and Key Management Guideline_v2.0,9,It must be ensured that key generation is performed appropriately with,,,,,,,,,,,,,,
Encryption and Key Management Guideline_v2.0,,sufficient security measures and that generated keys meet applicable,,,,,,,,,,,,,,
Encryption and Key Management Guideline_v2.0,DOR.ICT.EKM.KGN.001,,,,,,,,,,,,,,,
Encryption and Key Management Guideline_v2.0,,strength and quality requirements.,,,,,,,,,,,,,,
Encryption and Key Management Guideline_v2.0,,,,,,,,,,,,,,,,
Encryption and Key Management Guideline_v2.0,9.1,The key generation and utilized random number generators must comply with,,,,,,,,,,,,,,
Encryption and Key Management Guideline_v2.0,,the requirements specified in BSI standards or by using hardware coming,,,,,,,,,,,,,,
Encryption and Key Management Guideline_v2.0,DOR.ICT.EKM.KGN.002,,,,,,,,,,,,,,,
Encryption and Key Management Guideline_v2.0,,with a NIST FIPS 140-2 validation,,,and NIST FIPS 140-3 validation should be,,,,,,,,,,,
Encryption and Key Management Guideline_v2.0,,,,,,,,,,,,,,,,
Encryption and Key Management Guideline_v2.0,,,used if possible,. For detailed requirements on key generation and random,,,,,,,,,,,,
Encryption and Key Management Guideline_v2.0,,"number generator, please refer to",,,"BSI TR 02102-1, 23.01.2026",and NIST SP,,,,,,,,,,
Encryption and Key Management Guideline_v2.0,,"800-90A, 06.2015.",,,,,,,,,,,,,,
Encryption and Key Management Guideline_v2.0,,"Asset-Types: Information, Business Process, Commercial-off-the-Shelf Solution,",,,,,,,,,,,,,,
Encryption and Key Management Guideline_v2.0,,"Underlaying Software/Technology, SaaS, Tool, Certificate, Software Appliance,",,,,,,,,,,,,,,
Encryption and Key Management Guideline_v2.0,ID: 10 (version 2.0),Key distribution,,,,,,,,,,,,,,
Encryption and Key Management Guideline_v2.0,10,Keys must be protected when distributed.,,,,,,,,,,,,,,
Encryption and Key Management Guideline_v2.0,DOR.ICT.EKM.KDS.001,,,,,,,,,,,,,,,
Encryption and Key Management Guideline_v2.0,10.1,It must be ensured that only authorized key holders receive secret keys.,,,,,,,,,,,,,,
Encryption and Key Management Guideline_v2.0,DOR.ICT.EKM.KDS.002,"Asset-Types: Information, Business Process, Commercial-off-the-Shelf Solution,",,,,,,,,,,,,,,
Encryption and Key Management Guideline_v2.0,,"Underlaying Software/Technology, SaaS, Tool, Certificate, Software Appliance,",,,,,,,,,,,,,,
Encryption and Key Management Guideline_v2.0,,"Hardware Appliance, Cloud Appliance, Cloud PaaS, Container, End User Device,",,,,,,,,,,,,,,
Encryption and Key Management Guideline_v2.0,,"Mobile Device, Processing Peripheral, Storage Media, Other Device, Server & Host",,,,,,,,,,,,,,
Encryption and Key Management Guideline_v2.0,,"Hardware, Network Connection",,,,,,,,,,,,,,
Encryption and Key Management Guideline_v2.0,,Key References: ISO 27001:2022 Cor 202203 A.8.24,,,,,,,,,,,,,,
Encryption and Key Management Guideline_v2.0,10.2,The key holder should formally acknowledge that they understand and accept,,,,,,,,,,,,,,
Encryption and Key Management Guideline_v2.0,,their key-custodian responsibilities.,,,,,,,,,,,,,,
Encryption and Key Management Guideline_v2.0,DOR.ICT.EKM.KDS.003,,,,,,,,,,,,,,,
Encryption and Key Management Guideline_v2.0,,"Asset-Types: Information, Business Process, Commercial-off-the-Shelf Solution,",,,,,,,,,,,,,,
Encryption and Key Management Guideline_v2.0,,"Underlaying Software/Technology, SaaS, Tool, Certificate, Software Appliance,",,,,,,,,,,,,,,
Encryption and Key Management Guideline_v2.0,,"Hardware Appliance, Cloud Appliance, Cloud PaaS, Container, End User Device,",,,,,,,,,,,,,,
Encryption and Key Management Guideline_v2.0,,"Mobile Device, Processing Peripheral, Storage Media, Other Device, Server & Host",,,,,,,,,,,,,,
Encryption and Key Management Guideline_v2.0,ID: 11 (version,,,,,,,,,,,,,,,
Encryption and Key Management Guideline_v2.0,,Key installation,,,,,,,,,,,,,,
Encryption and Key Management Guideline_v2.0,2.0),,,,,,,,,,,,,,,
Encryption and Key Management Guideline_v2.0,,,,,,,,,,,,,,,,
Encryption and Key Management Guideline_v2.0,11,Keys must be checked prior to installation and deployment.,,,,,,,,,,,,,,
Encryption and Key Management Guideline_v2.0,DOR.ICT.EKM.INS.001,,,,,,,,,,,,,,,
Encryption and Key Management Guideline_v2.0,11.1,"Before key installation, the key holder receiving the key must verify its integrity",,,,,,,,,,,,,,
Encryption and Key Management Guideline_v2.0,,"and authenticity, following a risk-based approach.",,,,,,,,,,,,,,
Encryption and Key Management Guideline_v2.0,DOR.ICT.EKM.INS.002,,,,,,,,,,,,,,,
Encryption and Key Management Guideline_v2.0,,"Asset-Types: Information, Business Process, Commercial-off-the-Shelf Solution,",,,,,,,,,,,,,,
Encryption and Key Management Guideline_v2.0,,"Underlaying Software/Technology, SaaS, Tool, Certificate, Software Appliance,",,,,,,,,,,,,,,
Encryption and Key Management Guideline_v2.0,,"Hardware Appliance, Cloud Appliance, Cloud PaaS, Container, End User Device,",,,,,,,,,,,,,,
Encryption and Key Management Guideline_v2.0,,"Mobile Device, Processing Peripheral, Storage Media, Other Device, Storage, Server &",,,,,,,,,,,,,,
Encryption and Key Management Guideline_v2.0,,"Host Hardware, Network Connection",,,,,,,,,,,,,,
Encryption and Key Management Guideline_v2.0,,Key References: ISO 27001:2022 Cor 202203 A.8.24,,,,,,,,,,,,,,
Encryption and Key Management Guideline_v2.0,11.2,Additional SSH-key-related requirements:,,,,,,,,,,,,,,
Encryption and Key Management Guideline_v2.0,,,,,,,,,,,,,,,,
Encryption and Key Management Guideline_v2.0,,When the SSH target Account Owner receives a key deployment request the,,,,,,,,,,,,,,
Encryption and Key Management Guideline_v2.0,DOR.ICT.EKM.INS.003,following attributes must be checked: It must be verified whether the SSH-key,,,,,,,,,,,,,,
Encryption and Key Management Guideline_v2.0,,pair expiration date has not been met yet and no deletion date is documented,,,,,,,,,,,,,,
Encryption and Key Management Guideline_v2.0,,for the SSH-key pair.,,,,,,,,,,,,,,
Encryption and Key Management Guideline_v2.0,,"Asset-Types: Information, Business Process, Commercial-off-the-Shelf Solution,",,,,,,,,,,,,,,
Encryption and Key Management Guideline_v2.0,,"Underlaying Software/Technology, SaaS, Tool, Certificate, Software Appliance,",,,,,,,,,,,,,,
Encryption and Key Management Guideline_v2.0,,"Hardware Appliance, Cloud Appliance, Cloud PaaS, Container, End User Device,",,,,,,,,,,,,,,
Encryption and Key Management Guideline_v2.0,,"Mobile Device, Processing Peripheral, Storage Media, Other Device, Storage, Server &",,,,,,,,,,,,,,
Encryption and Key Management Guideline_v2.0,,"Host Hardware, Network Connection",,,,,,,,,,,,,,
Encryption and Key Management Guideline_v2.0,,Key References: ISO 27001:2022 Cor 202203 A.8.24,,,,,,,,,,,,,,
Encryption and Key Management Guideline_v2.0,ID: 12 (version 2.0),Key storage,,,,,,,,,,,,,,
Encryption and Key Management Guideline_v2.0,12,Cryptographic keys must be physically and/or logically protected,,,,,,,,,,,,,,
Encryption and Key Management Guideline_v2.0,,"against modification, theft, loss, and deletion, in accordance with the",,,,,,,,,,,,,,
Encryption and Key Management Guideline_v2.0,DOR.ICT.EKM.STO.001,,,,,,,,,,,,,,,
Encryption and Key Management Guideline_v2.0,,classification level of the data they protect and aligned with risk-based,,,,,,,,,,,,,,
Encryption and Key Management Guideline_v2.0,,,,,,,,,,,,,,,,
Encryption and Key Management Guideline_v2.0,,approach.,,,,,,,,,,,,,,
Encryption and Key Management Guideline_v2.0,12.1,The keys must be stored such that the strength and quality demanded by the,,,,,,,,,,,,,,
Encryption and Key Management Guideline_v2.0,,legal entity is provided.,,,,,,,,,,,,,,
Encryption and Key Management Guideline_v2.0,,,,,,,,,,,,,,,,
Encryption and Key Management Guideline_v2.0,,"Asset-Types: Information, Business Process, Commercial-off-the-Shelf Solution,",,,,,,,,,,,,,,
Encryption and Key Management Guideline_v2.0,DOR.ICT.EKM.STO.002,,,,,,,,,,,,,,,
Encryption and Key Management Guideline_v2.0,,"Underlaying Software/Technology, SaaS, Tool, Certificate, Software Appliance,",,,,,,,,,,,,,,
Encryption and Key Management Guideline_v2.0,,"Hardware Appliance, Cloud Appliance, Cloud PaaS, Container, End User Device,",,,,,,,,,,,,,,
Encryption and Key Management Guideline_v2.0,,"Mobile Device, Processing Peripheral, Storage Media, Other Device, Storage, Server",,,,,,,,,,,,,,
Encryption and Key Management Guideline_v2.0,,"& Host Hardware, Network Connection",,,,,,,,,,,,,,
Encryption and Key Management Guideline_v2.0,,Key References: ISO 27001:2022 Cor 202203 A.8.24,,,,,,,,,,,,,,
Encryption and Key Management Guideline_v2.0,12.2,Key-encrypting keys must be stored separately from data-encrypting keys.,,,,,,,,,,,,,,
Encryption and Key Management Guideline_v2.0,DOR.ICT.EKM.STO.003,"Asset-Types: Information, Business Process, Commercial-off-the-Shelf Solution,",,,,,,,,,,,,,,
Encryption and Key Management Guideline_v2.0,,"Underlaying Software/Technology, SaaS, Tool, Certificate, Software Appliance,",,,,,,,,,,,,,,
Encryption and Key Management Guideline_v2.0,,"Hardware Appliance, Cloud Appliance, Cloud PaaS, Container, End User Device,",,,,,,,,,,,,,,
Encryption and Key Management Guideline_v2.0,ID: 13 (version 2.0),Key renewal/rotation,,,,,,,,,,,,,,
Encryption and Key Management Guideline_v2.0,13,Key renewal and session key change should be performed regularly to,,,,,,,,,,,,,,
Encryption and Key Management Guideline_v2.0,,avoid compromise over time.,,,,,,,,,,,,,,
Encryption and Key Management Guideline_v2.0,DOR.ICT.EKM.KRN.001,,,,,,,,,,,,,,,
Encryption and Key Management Guideline_v2.0,13.1,"To address potential compromise of key material over time, a periodic key",,,,,,,,,,,,,,
Encryption and Key Management Guideline_v2.0,,renewal should be performed.,,,,,,,,,,,,,,
Encryption and Key Management Guideline_v2.0,DOR.ICT.EKM.KRN.002,,,,,,,,,,,,,,,
Encryption and Key Management Guideline_v2.0,,"Asset-Types: Information, Business Process, Commercial-off-the-Shelf Solution,",,,,,,,,,,,,,,
Encryption and Key Management Guideline_v2.0,,"Underlaying Software/Technology, SaaS, Tool, Certificate, Software Appliance,",,,,,,,,,,,,,,
Encryption and Key Management Guideline_v2.0,,"Hardware Appliance, Cloud Appliance, Cloud PaaS, Container, End User Device,",,,,,,,,,,,,,,
Encryption and Key Management Guideline_v2.0,,"Mobile Device, Processing Peripheral, Storage Media, Other Device, Storage, Server",,,,,,,,,,,,,,
Encryption and Key Management Guideline_v2.0,,"& Host Hardware, Network Connection",,,,,,,,,,,,,,
Encryption and Key Management Guideline_v2.0,,Key References: ISO 27001:2022 Cor 202203 A.8.24,,,,,,,,,,,,,,
Encryption and Key Management Guideline_v2.0,13.1.1,"For each use of cryptographic measures, the validity period of keys should",,,,,,,,,,,,,,
Encryption and Key Management Guideline_v2.0,,be determined by consideration of the cryptographic algorithms and,,,,,,,,,,,,,,
Encryption and Key Management Guideline_v2.0,DOR.ICT.EKM.KRN.003,,,,,,,,,,,,,,,
Encryption and Key Management Guideline_v2.0,,"parameters, the threat vectors and landscape, the sensitivity and",,,,,,,,,,,,,,
Encryption and Key Management Guideline_v2.0,,,,,,,,,,,,,,,,
Encryption and Key Management Guideline_v2.0,,"protection requirements of the data, the frequency, volume and use case",,,,,,,,,,,,,,
Encryption and Key Management Guideline_v2.0,,"of key usage, the level of security of the key storage and the operational",,,,,,,,,,,,,,
Encryption and Key Management Guideline_v2.0,,criticality.,,,,,,,,,,,,,,
Encryption and Key Management Guideline_v2.0,,"Asset-Types: Information, Business Process, Commercial-off-the-Shelf Solution,",,,,,,,,,,,,,,
Encryption and Key Management Guideline_v2.0,,"Underlaying Software/Technology, SaaS, Tool, Certificate, Software Appliance,",,,,,,,,,,,,,,
Encryption and Key Management Guideline_v2.0,,"Hardware Appliance, Cloud Appliance, Cloud PaaS, Container, End User Device,",,,,,,,,,,,,,,
Encryption and Key Management Guideline_v2.0,,"Mobile Device, Processing Peripheral, Storage Media, Other Device, Storage,",,,,,,,,,,,,,,
Encryption and Key Management Guideline_v2.0,,"Server & Host Hardware, Network Connection",,,,,,,,,,,,,,
Encryption and Key Management Guideline_v2.0,,Key References: ISO 27001:2022 Cor 202203 A.8.24,,,,,,,,,,,,,,
Encryption and Key Management Guideline_v2.0,13.1.2,The process to renew keys should be initiated early enough to ensure that,,,,,,,,,,,,,,
Encryption and Key Management Guideline_v2.0,,a new key is in place before the old key expires.,,,,,,,,,,,,,,
Encryption and Key Management Guideline_v2.0,DOR.ICT.EKM.KRN.004,,,,,,,,,,,,,,,
Encryption and Key Management Guideline_v2.0,,"Asset-Types: Information, Business Process, Commercial-off-the-Shelf Solution,",,,,,,,,,,,,,,
Encryption and Key Management Guideline_v2.0,,"Underlaying Software/Technology, SaaS, Tool, Certificate, Software Appliance,",,,,,,,,,,,,,,
Encryption and Key Management Guideline_v2.0,,"Hardware Appliance, Cloud Appliance, Cloud PaaS, Container, End User Device,",,,,,,,,,,,,,,
Encryption and Key Management Guideline_v2.0,,"Mobile Device, Processing Peripheral, Storage Media, Other Device, Storage,",,,,,,,,,,,,,,
Encryption and Key Management Guideline_v2.0,,"Server & Host Hardware, Network Connection",,,,,,,,,,,,,,
Encryption and Key Management Guideline_v2.0,,Key References: ISO 27001:2022 Cor 202203 A.8.24,,,,,,,,,,,,,,
Encryption and Key Management Guideline_v2.0,13.1.3,The new keys should be generated independently from the previous key.,,,,,,,,,,,,,,
Encryption and Key Management Guideline_v2.0,DOR.ICT.EKM.KRN.005,"Asset-Types: Information, Business Process, Commercial-off-the-Shelf Solution,",,,,,,,,,,,,,,
Encryption and Key Management Guideline_v2.0,,"Underlaying Software/Technology, SaaS, Tool, Certificate, Software Appliance,",,,,,,,,,,,,,,
Encryption and Key Management Guideline_v2.0,,"Hardware Appliance, Cloud Appliance, Cloud PaaS, Container, End User Device,",,,,,,,,,,,,,,
Encryption and Key Management Guideline_v2.0,,"Mobile Device, Processing Peripheral, Storage Media, Other Device, Storage,",,,,,,,,,,,,,,
Encryption and Key Management Guideline_v2.0,,"Server & Host Hardware, Network Connection",,,,,,,,,,,,,,
Encryption and Key Management Guideline_v2.0,,Key References: ISO 27001:2022 Cor 202203 A.8.24,,,,,,,,,,,,,,
Encryption and Key Management Guideline_v2.0,13.1.4,Additional SSH-key-related requirements:,,,,,,,,,,,,,,
Encryption and Key Management Guideline_v2.0,,,,,,,,,,,,,,,,
Encryption and Key Management Guideline_v2.0,DOR.ICT.EKM.KRN.006,SSH-key pairs held by a group of individuals should be changed whenever,,,,,,,,,,,,,,
Encryption and Key Management Guideline_v2.0,,an individual is removed from the group.,,,,,,,,,,,,,,
Encryption and Key Management Guideline_v2.0,,,,,,,,,,,,,,,,
Encryption and Key Management Guideline_v2.0,ID: 14 (version 2.0),Key backup and archiving,,,,,,,,,,,,,,
Encryption and Key Management Guideline_v2.0,14,"Cryptographic keys must be securely protected in backup, archive and",,,,,,,,,,,,,,
Encryption and Key Management Guideline_v2.0,,their availability must be ensured when needed.,,,,,,,,,,,,,,
Encryption and Key Management Guideline_v2.0,DOR.ICT.EKM.BCK.001,,,,,,,,,,,,,,,
Encryption and Key Management Guideline_v2.0,14.1,Cryptographic keys must be protected when backed up and/or archived.,,,,,,,,,,,,,,
Encryption and Key Management Guideline_v2.0,DOR.ICT.EKM.BCK.002,"Asset-Types: Information, Business Process, Commercial-off-the-Shelf Solution,",,,,,,,,,,,,,,
Encryption and Key Management Guideline_v2.0,,"Underlaying Software/Technology, SaaS, Tool, Certificate, Software Appliance,",,,,,,,,,,,,,,
Encryption and Key Management Guideline_v2.0,,"Hardware Appliance, Cloud Appliance, Cloud PaaS, Container, End User Device,",,,,,,,,,,,,,,
Encryption and Key Management Guideline_v2.0,,"Mobile Device, Processing Peripheral, Storage Media, Other Device, Storage, Server",,,,,,,,,,,,,,
Encryption and Key Management Guideline_v2.0,,"& Host Hardware, Network Connection",,,,,,,,,,,,,,
Encryption and Key Management Guideline_v2.0,,Key References: ISO 27001:2022 Cor 202203 A.8.24,,,,,,,,,,,,,,
Encryption and Key Management Guideline_v2.0,14.1.1,The same level of protection as for key storage must be provided for the,,,,,,,,,,,,,,
Encryption and Key Management Guideline_v2.0,,backed up and archived data as well.,,,,,,,,,,,,,,
Encryption and Key Management Guideline_v2.0,DOR.ICT.EKM.BCK.003,,,,,,,,,,,,,,,
Encryption and Key Management Guideline_v2.0,,"Asset-Types: Information, Business Process, Commercial-off-the-Shelf Solution,",,,,,,,,,,,,,,
Encryption and Key Management Guideline_v2.0,,"Underlaying Software/Technology, SaaS, Tool, Certificate, Software Appliance,",,,,,,,,,,,,,,
Encryption and Key Management Guideline_v2.0,,"Hardware Appliance, Cloud Appliance, Cloud PaaS, Container, End User Device,",,,,,,,,,,,,,,
Encryption and Key Management Guideline_v2.0,,"Mobile Device, Processing Peripheral, Storage Media, Other Device, Storage,",,,,,,,,,,,,,,
Encryption and Key Management Guideline_v2.0,,"Server & Host Hardware, Network Connection",,,,,,,,,,,,,,
Encryption and Key Management Guideline_v2.0,,Key References: ISO 27001:2022 Cor 202203 A.8.24,,,,,,,,,,,,,,
Encryption and Key Management Guideline_v2.0,14.1.2,Keys must be deposited (respectively backed up and/or archived) when,,,,,,,,,,,,,,
Encryption and Key Management Guideline_v2.0,,"they are used for encryption or, in case of a key loss, access to the",,,,,,,,,,,,,,
Encryption and Key Management Guideline_v2.0,DOR.ICT.EKM.BCK.004,,,,,,,,,,,,,,,
Encryption and Key Management Guideline_v2.0,,encrypted data is still required.,,,,,,,,,,,,,,
Encryption and Key Management Guideline_v2.0,,,,,,,,,,,,,,,,
Encryption and Key Management Guideline_v2.0,ID: 15 (version,,,,,,,,,,,,,,,
Encryption and Key Management Guideline_v2.0,,ICT-related Incidents involving cryptographic keys,,,,,,,,,,,,,,
Encryption and Key Management Guideline_v2.0,2.0),,,,,,,,,,,,,,,
Encryption and Key Management Guideline_v2.0,,,,,,,,,,,,,,,,
Encryption and Key Management Guideline_v2.0,15,It must be ensured that ICT-related Incidents involving cryptographic,,,,,,,,,,,,,,
Encryption and Key Management Guideline_v2.0,,"keys are understood, identified and that countermeasures are available",,,,,,,,,,,,,,
Encryption and Key Management Guideline_v2.0,DOR.ICT.EKM.KIN.001,,,,,,,,,,,,,,,
Encryption and Key Management Guideline_v2.0,,for overall ICT-related Incident response.,,,,,,,,,,,,,,
Encryption and Key Management Guideline_v2.0,,,,,,,,,,,,,,,,
Encryption and Key Management Guideline_v2.0,15.1,Possible ICT-related Incidents involving cases such as loss or failure of,,,,,,,,,,,,,,
Encryption and Key Management Guideline_v2.0,,cryptographic keys must be identified in advance.,,,,,,,,,,,,,,
Encryption and Key Management Guideline_v2.0,,,,,,,,,,,,,,,,
Encryption and Key Management Guideline_v2.0,,"Asset-Types: Information, Business Process, Commercial-off-the-Shelf Solution,",,,,,,,,,,,,,,
Encryption and Key Management Guideline_v2.0,DOR.ICT.EKM.KIN.002,"Underlaying Software/Technology, SaaS, Tool, Certificate, Software Appliance,",,,,,,,,,,,,,,
Encryption and Key Management Guideline_v2.0,,"Hardware Appliance, Cloud Appliance, Cloud PaaS, Container, End User Device,",,,,,,,,,,,,,,
Encryption and Key Management Guideline_v2.0,,,,,,,,,,,,,,,,
Encryption and Key Management Guideline_v2.0,,"Mobile Device, Processing Peripheral, Storage Media, Other Device, Storage, Server &",,,,,,,,,,,,,,
Encryption and Key Management Guideline_v2.0,,"Host Hardware, Network Connection",,,,,,,,,,,,,,
Encryption and Key Management Guideline_v2.0,,Key References: DORA RTS RMF A.7.3),,,,,,,,,,,,,,
Encryption and Key Management Guideline_v2.0,ID: 16 (version 2.0),Key deletion,,,,,,,,,,,,,,
Encryption and Key Management Guideline_v2.0,16,Key deletion must be performed securely to ensure non-recoverability.,,,,,,,,,,,,,,
Encryption and Key Management Guideline_v2.0,DOR.ICT.EKM.KDE.001,,,,,,,,,,,,,,,
Encryption and Key Management Guideline_v2.0,16.1,"If keys are no longer required, they must be deleted in a secure way.",,,,,,,,,,,,,,
Encryption and Key Management Guideline_v2.0,DOR.ICT.EKM.KDE.002,"Asset-Types: Information, Business Process, Commercial-off-the-Shelf Solution,",,,,,,,,,,,,,,
Encryption and Key Management Guideline_v2.0,,"Underlaying Software/Technology, SaaS, Tool, Certificate, Software Appliance,",,,,,,,,,,,,,,
Encryption and Key Management Guideline_v2.0,,"Hardware Appliance, Cloud Appliance, Cloud PaaS, Container, End User Device,",,,,,,,,,,,,,,
Encryption and Key Management Guideline_v2.0,,"Mobile Device, Processing Peripheral, Storage Media, Storage, Server & Host",,,,,,,,,,,,,,
Encryption and Key Management Guideline_v2.0,,"Hardware, Network Connection",,,,,,,,,,,,,,
Encryption and Key Management Guideline_v2.0,,Key References: ISO 27001:2022 Cor 202203 A.8.24,,,,,,,,,,,,,,
Encryption and Key Management Guideline_v2.0,16.2,PKI-specific and certificate-related requirements:,,,,,,,,,,,,,,
Encryption and Key Management Guideline_v2.0,,,,,,,,,,,,,,,,
Encryption and Key Management Guideline_v2.0,,It should be prevented that deleted keys can be recovered by any party in,,,,,,,,,,,,,,
Encryption and Key Management Guideline_v2.0,DOR.ICT.EKM.KDE.003,case keys are stored in a Hardware Secure Module (HSM).,,,,,,,,,,,,,,
Encryption and Key Management Guideline_v2.0,,,,,,,,,,,,,,,,
Encryption and Key Management Guideline_v2.0,ID: 17 (version 2.0),Cloud-specific encryption requirements,,,,,,,,,,,,,,
Encryption and Key Management Guideline_v2.0,17,It must be ensured that appropriate cryptographic measures and,,,,,,,,,,,,,,
Encryption and Key Management Guideline_v2.0,,cryptographic key management are in place for cloud.,,,,,,,,,,,,,,
Encryption and Key Management Guideline_v2.0,DOR.ICT.EKM.CLD.001,,,,,,,,,,,,,,,
Encryption and Key Management Guideline_v2.0,17.1,Rules for secure cloud cryptographic key management including key,,,,,,,,,,,,,,
Encryption and Key Management Guideline_v2.0,,"generation, storage and sharing of keys, must be defined and implemented.",,,,,,,,,,,,,,
Encryption and Key Management Guideline_v2.0,DOR.ICT.EKM.CLD.002,,,,,,,,,,,,,,,
Encryption and Key Management Guideline_v2.0,,"Asset-Types: Information, Business Process, SaaS, Certificate, Cloud Appliance,",,,,,,,,,,,,,,
Encryption and Key Management Guideline_v2.0,,"Cloud PaaS, Storage, Supplier",,,,,,,,,,,,,,
Encryption and Key Management Guideline_v2.0,,Key References: ISO 27001:2022 Cor 202203 A.8.24,,,,,,,,,,,,,,
Encryption and Key Management Guideline_v2.0,17.1.1,For IT Assets classified as major and critical regarding confidentiality or,,,,,,,,,,,,,,
Encryption and Key Management Guideline_v2.0,,,"systems that process, store Data crown jewels4",", the key generation should",,,,,,,,,,,,
Encryption and Key Management Guideline_v2.0,DOR.ICT.EKM.CLD.003,,,,,,,,,,,,,,,
Encryption and Key Management Guideline_v2.0,,be done inside hardware security modules (HSM) that complies with FIPS,,,,,,,,,,,,,,
Encryption and Key Management Guideline_v2.0,,,,,,,,,,,,,,,,
Encryption and Key Management Guideline_v2.0,,140-2 Level 3 or with FIPS 140-3 Level 3 if possible.,,,,,,,,,,,,,,
Encryption and Key Management Guideline_v2.0,,"Asset-Types: Information, Business Process, Certificate, Cloud Appliance, Cloud",,,,,,,,,,,,,,
Encryption and Key Management Guideline_v2.0,,PaaS,,,,,,,,,,,,,,
Encryption and Key Management Guideline_v2.0,,Key References: /,,,,,,,,,,,,,,
Encryption and Key Management Guideline_v2.0,17.1.2,The default key storage of the CSP may be used for negligible and minor3,,,,,,,,,,,,,,
Encryption and Key Management Guideline_v2.0,,regarding confidentiality of classified IT Assets for the key generation.,,,,,,,,,,,,,,
Encryption and Key Management Guideline_v2.0,DOR.ICT.EKM.CLD.004,,,,,,,,,,,,,,,
Encryption and Key Management Guideline_v2.0,,"Asset-Types: Information, Cloud Appliance, Cloud PaaS, Storage",,,,,,,,,,,,,,
Encryption and Key Management Guideline_v2.0,,Key References: ISO 27001:2022 Cor 202203 A.8.24,,,,,,,,,,,,,,
Encryption and Key Management Guideline_v2.0,17.1.3,"Keys must be shared as cryptograms, e.g., encrypted with the addressee's",,,,,,,,,,,,,,
Encryption and Key Management Guideline_v2.0,,public key via secure e-mail or secure file transfer or via HSM native,,,,,,,,,,,,,,
Encryption and Key Management Guideline_v2.0,DOR.ICT.EKM.CLD.005,,,,,,,,,,,,,,,
Encryption and Key Management Guideline_v2.0,,envelope encryption. Other mechanisms for key distribution are not,,,,,,,,,,,,,,
Encryption and Key Management Guideline_v2.0,,,,,,,,,,,,,,,,
Encryption and Key Management Guideline_v2.0,,acceptable.,,,,,,,,,,,,,,
Encryption and Key Management Guideline_v2.0,,"Asset-Types: Information, Business Process, SaaS, Certificate, Cloud Appliance,",,,,,,,,,,,,,,
Encryption and Key Management Guideline_v2.0,,Cloud PaaS,,,,,,,,,,,,,,
Encryption and Key Management Guideline_v2.0,,Key References: ISO 27001:2022 Cor 202203 A.8.24,,,,,,,,,,,,,,
Encryption and Key Management Guideline_v2.0,17.1.4,It must be contractually ensured that cloud service providers provide the,,,,,,,,,,,,,,
Encryption and Key Management Guideline_v2.0,,ability for the covered legal entity to manage own data encryption keys.,,,,,,,,,,,,,,
Encryption and Key Management Guideline_v2.0,DOR.ICT.EKM.CLD.006,,,,,,,,,,,,,,,
Encryption and Key Management Guideline_v2.0,,"Asset-Types: Information, Business Process, Supplier",,,,,,,,,,,,,,
Encryption and Key Management Guideline_v2.0,,Key References: CCM requirement CEK08,,,,,,,,,,,,,,
Encryption and Key Management Guideline_v2.0,17.1.5,The legal entity must ensure that API keys are secure.,,,,,,,,,,,,,,
Encryption and Key Management Guideline_v2.0,DOR.ICT.EKM.CLD.007,"Asset-Types: Information, SaaS, Certificate, Cloud Appliance, Cloud PaaS",,,,,,,,,,,,,,
Encryption and Key Management Guideline_v2.0,,Key References: ISO 27001:2022 Cor 202203 A.8.22,,,,,,,,,,,,,,
Encryption and Key Management Guideline_v2.0,17.2,It must be ensured that connections are established using industry standard,,,,,,,,,,,,,,
Encryption and Key Management Guideline_v2.0,,"protocols including but not limited to HTTPS, IPSec, SSH. Connection in",,,,,,,,,,,,,,
Encryption and Key Management Guideline_v2.0,DOR.ICT.EKM.CLD.008,,,,,,,,,,,,,,,
Encryption and Key Management Guideline_v2.0,,public networks must always be encrypted.,,,,,,,,,,,,,,
Encryption and Key Management Guideline_v2.0,,,,,,,,,,,,,,,,
Encryption and Key Management Guideline_v2.0,ID: 18 (version 2.0),Certificate validation requirements,,,,,,,,,,,,,,
Encryption and Key Management Guideline_v2.0,18,"When encrypting or verifying messages, it must be ensured that the",,,,,,,,,,,,,,
Encryption and Key Management Guideline_v2.0,,certificate meets security requirements by checking the key holder’s,,,,,,,,,,,,,,
Encryption and Key Management Guideline_v2.0,DOR.ICT.EKM.CER.001,,,,,,,,,,,,,,,
Encryption and Key Management Guideline_v2.0,,"data, the validity of the certificate chain, expiration dates, and the",,,,,,,,,,,,,,
Encryption and Key Management Guideline_v2.0,,,,,,,,,,,,,,,,
Encryption and Key Management Guideline_v2.0,,Certificate Revocation List (CRL); report any non-compliant certificates,,,,,,,,,,,,,,
Encryption and Key Management Guideline_v2.0,,as ICT-related Incidents.,,,,,,,,,,,,,,
Encryption and Key Management Guideline_v2.0,18.1,PKI-specific and certificate-related requirements:,,,,,,,,,,,,,,
Encryption and Key Management Guideline_v2.0,,,,,,,,,,,,,,,,
Encryption and Key Management Guideline_v2.0,,When a user encrypts the message sent to a receiver or verifies a received,,,,,,,,,,,,,,
Encryption and Key Management Guideline_v2.0,,"signed message, it must be checked whether the certificate fulfills the",,,,,,,,,,,,,,
Encryption and Key Management Guideline_v2.0,DOR.ICT.EKM.CER.002,,,,,,,,,,,,,,,
Encryption and Key Management Guideline_v2.0,,necessary security requirements. Certificates which do not meet the,,,,,,,,,,,,,,
Encryption and Key Management Guideline_v2.0,,,,,,,,,,,,,,,,
Encryption and Key Management Guideline_v2.0,,requirements listed below must be reported as an ICT-related Incident.,,,,,,,,,,,,,,
Encryption and Key Management Guideline_v2.0,,"Asset-Types: Information, Commercial-off-the-Shelf Solution, Underlaying",,,,,,,,,,,,,,
Encryption and Key Management Guideline_v2.0,,"Software/Technology, SaaS, Tool, Certificate, Software Appliance, Hardware",,,,,,,,,,,,,,
Encryption and Key Management Guideline_v2.0,,"Appliance, Cloud Appliance, Cloud PaaS, Container, End User Device, Mobile",,,,,,,,,,,,,,
Encryption and Key Management Guideline_v2.0,,"Device, Processing Peripheral, Storage Media, Other Device, Server & Host",,,,,,,,,,,,,,
Encryption and Key Management Guideline_v2.0,,"Hardware, Network Connection",,,,,,,,,,,,,,
Encryption and Key Management Guideline_v2.0,,Key References: ISO 27001:2022 Cor 202203 A.8.24,,,,,,,,,,,,,,
Encryption and Key Management Guideline_v2.0,18.1.1,It must be verified whether the data of the key holder matches the subject,,,,,,,,,,,,,,
Encryption and Key Management Guideline_v2.0,,or subject alternative name contained in the certificate.,,,,,,,,,,,,,,
Encryption and Key Management Guideline_v2.0,DOR.ICT.EKM.CER.003,,,,,,,,,,,,,,,
Encryption and Key Management Guideline_v2.0,,"Asset-Types: Information, Commercial-off-the-Shelf Solution, Underlaying",,,,,,,,,,,,,,
Encryption and Key Management Guideline_v2.0,,"Software/Technology, SaaS, Tool, Certificate, Software Appliance, Hardware",,,,,,,,,,,,,,
Encryption and Key Management Guideline_v2.0,,"Appliance, Cloud Appliance, Cloud PaaS, Container, End User Device, Mobile",,,,,,,,,,,,,,
Encryption and Key Management Guideline_v2.0,,"Device, Processing Peripheral, Storage Media, Other Device, Server & Host",,,,,,,,,,,,,,
Encryption and Key Management Guideline_v2.0,,"Hardware, Network Connection",,,,,,,,,,,,,,
Encryption and Key Management Guideline_v2.0,,Key References: ISO 27001:2022 Cor 202203 A.8.24,,,,,,,,,,,,,,
Encryption and Key Management Guideline_v2.0,18.1.2,It must be verified whether the whole certificate chain (up until the root-,,,,,,,,,,,,,,
Encryption and Key Management Guideline_v2.0,,CA) is valid.,,,,,,,,,,,,,,
Encryption and Key Management Guideline_v2.0,DOR.ICT.EKM.CER.004,,,,,,,,,,,,,,,
Encryption and Key Management Guideline_v2.0,,"Asset-Types: Information, Commercial-off-the-Shelf Solution, Underlaying",,,,,,,,,,,,,,
Encryption and Key Management Guideline_v2.0,,"Software/Technology, SaaS, Tool, Certificate, Software Appliance, Hardware",,,,,,,,,,,,,,
Encryption and Key Management Guideline_v2.0,,"Appliance, Cloud Appliance, Cloud PaaS, Container, End User Device, Mobile",,,,,,,,,,,,,,
Encryption and Key Management Guideline_v2.0,,"Device, Processing Peripheral, Storage Media, Other Device, Server & Host",,,,,,,,,,,,,,
Encryption and Key Management Guideline_v2.0,,"Hardware, Network Connection",,,,,,,,,,,,,,
Encryption and Key Management Guideline_v2.0,,Key References: ISO 27001:2022 Cor 202203 A.8.24,,,,,,,,,,,,,,
Encryption and Key Management Guideline_v2.0,18.1.3,It must be verified whether the validity of the certificates has not yet,,,,,,,,,,,,,,
Encryption and Key Management Guideline_v2.0,,expired.,,,,,,,,,,,,,,
Encryption and Key Management Guideline_v2.0,DOR.ICT.EKM.CER.005,,,,,,,,,,,,,,,
Encryption and Key Management Guideline_v2.0,ID: 19 (version 2.0),Electronic messaging controls,,,,,,,,,,,,,,
Encryption and Key Management Guideline_v2.0,19,It must be ensured that all business information transfers use,,,,,,,,,,,,,,
Encryption and Key Management Guideline_v2.0,,"cryptographic measures to meet confidentiality, integrity, authenticity,",,,,,,,,,,,,,,
Encryption and Key Management Guideline_v2.0,DOR.ICT.EKM.EMC.001,,,,,,,,,,,,,,,
Encryption and Key Management Guideline_v2.0,,"and non-repudiation requirements, with encryption for ""strictly",,,,,,,,,,,,,,
Encryption and Key Management Guideline_v2.0,,,,,,,,,,,,,,,,
Encryption and Key Management Guideline_v2.0,,"confidential"" data",or Data Crown Jewel4 being implemented where,,,,,,,,,,,,,
Encryption and Key Management Guideline_v2.0,,possible.,,,,,,,,,,,,,,
Encryption and Key Management Guideline_v2.0,19.1,Solutions for electronic business information transfer must provide adequate,,,,,,,,,,,,,,
Encryption and Key Management Guideline_v2.0,,protection capabilities by using cryptographic measures to comply with the,,,,,,,,,,,,,,
Encryption and Key Management Guideline_v2.0,,,,,,,,,,,,,,,,
Encryption and Key Management Guideline_v2.0,,"confidentiality, authenticity, integrity, and non-repudiation requirements of the",,,,,,,,,,,,,,
Encryption and Key Management Guideline_v2.0,,transferred business information.,,,,,,,,,,,,,,
Encryption and Key Management Guideline_v2.0,DOR.ICT.EKM.EMC.002,,,,,,,,,,,,,,,
Encryption and Key Management Guideline_v2.0,,"Asset-Types: Information, Commercial-off-the-Shelf Solution, Underlaying",,,,,,,,,,,,,,
Encryption and Key Management Guideline_v2.0,,"Software/Technology, SaaS, Tool, Certificate, Software Appliance, Hardware",,,,,,,,,,,,,,
Encryption and Key Management Guideline_v2.0,,"Appliance, Cloud Appliance, Cloud PaaS, End User Device, Mobile Device, Storage",,,,,,,,,,,,,,
Encryption and Key Management Guideline_v2.0,,"Media, Other Device, Server & Host Hardware, Network Connection, Supplier",,,,,,,,,,,,,,
Encryption and Key Management Guideline_v2.0,,Key References: ISO 27001:2022 Cor 202203 A.5.14,,,,,,,,,,,,,,
Encryption and Key Management Guideline_v2.0,19.2,A concept to identify and consider the integrity requirements of the data must,,,,,,,,,,,,,,
Encryption and Key Management Guideline_v2.0,,be defined and implemented.,,,,,,,,,,,,,,
Encryption and Key Management Guideline_v2.0,DOR.ICT.EKM.EMC.003,,,,,,,,,,,,,,,
Encryption and Key Management Guideline_v2.0,,"Asset-Types: Information, Commercial-off-the-Shelf Solution, Underlaying",,,,,,,,,,,,,,
Encryption and Key Management Guideline_v2.0,,"Software/Technology, SaaS, Tool, Certificate, Software Appliance, Hardware",,,,,,,,,,,,,,
Encryption and Key Management Guideline_v2.0,,"Appliance, Cloud Appliance, Cloud PaaS, End User Device, Mobile Device, Storage",,,,,,,,,,,,,,
Encryption and Key Management Guideline_v2.0,,"Media, Other Device, Server & Host Hardware, Network Connection",,,,,,,,,,,,,,
Encryption and Key Management Guideline_v2.0,,Key References: ISO 27001:2022 Cor 202203 A.5.14,,,,,,,,,,,,,,
Encryption and Key Management Guideline_v2.0,19.3,"For information which is classified as “strictly confidential” or ""Data Crown",,,,,,,,,,,,,,
Encryption and Key Management Guideline_v2.0,,"Jewel""4, all communication should be encrypted.",,,,,,,,,,,,,,
Encryption and Key Management Guideline_v2.0,DOR.ICT.EKM.EMC.004,,,,,,,,,,,,,,,
Encryption and Key Management Guideline_v2.0,,"Asset-Types: Information, Commercial-off-the-Shelf Solution, Underlaying",,,,,,,,,,,,,,
Encryption and Key Management Guideline_v2.0,,"Software/Technology, SaaS, Tool, Certificate, Software Appliance, Hardware",,,,,,,,,,,,,,
Encryption and Key Management Guideline_v2.0,,"Appliance, Cloud Appliance, Cloud PaaS, End User Device, Mobile Device, Storage",,,,,,,,,,,,,,
Encryption and Key Management Guideline_v2.0,,"Media, Other Device, Server & Host Hardware, Network Connection",,,,,,,,,,,,,,
Encryption and Key Management Guideline_v2.0,,Key References: ISO 27001:2022 Cor 202203 A.5.14,,,,,,,,,,,,,,
Human-related ICT Management Guideline_v2.0,<Specify ID:,,,,,,,,,,,,,,,
Human-related ICT Management Guideline_v2.0,,<Name of control requirement (e.g. Access to production data)>,,,,,,,,,,,,,,
Human-related ICT Management Guideline_v2.0,xx (version,,,,,,,,,,,,,,,
Human-related ICT Management Guideline_v2.0,x)>,,,,,,,,,,,,,,,
Human-related ICT Management Guideline_v2.0,,,,,,,,,,,,,,,,
Human-related ICT Management Guideline_v2.0,1,<Description of the control requirement>,,,,,,,,,,,,,,
Human-related ICT Management Guideline_v2.0,1.1,<Lists the criteria applying to the control requirement>,,,,,,,,,,,,,,
Human-related ICT Management Guideline_v2.0,,,,,,,,,,,,,,,,
Human-related ICT Management Guideline_v2.0,1.1.1,<Lists the sub-criteria applying to the control requirement>,,,,,,,,,,,,,,
Human-related ICT Management Guideline_v2.0,,,Asset-Types: <Lists asset types applicable to the control requirement>,,,,,,,,,,,,,
Human-related ICT Management Guideline_v2.0,,,Key references: <Lists key regulatory references and industry best practice requirements affecting this,,,,,,,,,,,,,
Human-related ICT Management Guideline_v2.0,,"control requirement (e.g., ISO/IEC 27001:2022 A.5.10, A.8.1)>","control requirement (e.g., ISO/IEC 27001:2022 A.5.10, A.8.1)>",,,,,,,,,,,,,
Human-related ICT Management Guideline_v2.0,,,,,,,,,,,,,,,,
Human-related ICT Management Guideline_v2.0,,,,,,,,,,,,,,,,
Human-related ICT Management Guideline_v2.0,"The terms in this document are defined in the overall ICT Risk Glossary, which is",,,,,,,,,,,,,,,
Human-related ICT Management Guideline_v2.0,provided on the Intranet website.,,,,,,,,,,,,,,,
Human-related ICT Management Guideline_v2.0,ID: 1,,,,,,,,,,,,,,,
Human-related ICT Management Guideline_v2.0,,Screening and verification procedures,,,,,,,,,,,,,,
Human-related ICT Management Guideline_v2.0,(version 2.0),,,,,,,,,,,,,,,
Human-related ICT Management Guideline_v2.0,,,,,,,,,,,,,,,,
Human-related ICT Management Guideline_v2.0,1,Procedures for screening and verifying candidates before employment,,,,,,,,,,,,,,
Human-related ICT Management Guideline_v2.0,,"must be defined, implemented, managed, and controlled.",,,,,,,,,,,,,,
Human-related ICT Management Guideline_v2.0,DOR.ICT.HRM.SVP.001,,,,,,,,,,,,,,,
Human-related ICT Management Guideline_v2.0,1.1,Procedures for screening and verification must be documented and reviewed,,,,,,,,,,,,,,
Human-related ICT Management Guideline_v2.0,,at least every 12 months. The procedures must at least consider:,,,,,,,,,,,,,,
Human-related ICT Management Guideline_v2.0,DOR.ICT.HRM.SVP.002,,,,,,,,,,,,,,,
Human-related ICT Management Guideline_v2.0,,- The candidate’s curriculum vitae and criminal records,,,,,,,,,,,,,,
Human-related ICT Management Guideline_v2.0,,- Claimed academic and professional qualifications,,,,,,,,,,,,,,
Human-related ICT Management Guideline_v2.0,,- Independent identity verification,,,,,,,,,,,,,,
Human-related ICT Management Guideline_v2.0,,- External references for employees with executive employment,,,,,,,,,,,,,,
Human-related ICT Management Guideline_v2.0,,contracts (for Level 5 and above),,,,,,,,,,,,,,
Human-related ICT Management Guideline_v2.0,,,,,,,,,,,,,,,,
Human-related ICT Management Guideline_v2.0,,"Asset-Types: Information, Business Process",,,,,,,,,,,,,,
Human-related ICT Management Guideline_v2.0,,Key References: ISO 27001:2022 Cor 202203 A.6.1,,,,,,,,,,,,,,
Human-related ICT Management Guideline_v2.0,ID: 2,,,,,,,,,,,,,,,
Human-related ICT Management Guideline_v2.0,,Contractual obligations regarding information security,,,,,,,,,,,,,,
Human-related ICT Management Guideline_v2.0,(version 2.0),,,,,,,,,,,,,,,
Human-related ICT Management Guideline_v2.0,,,,,,,,,,,,,,,,
Human-related ICT Management Guideline_v2.0,2,Contractual obligations must consider the organization’s demand on,,,,,,,,,,,,,,
Human-related ICT Management Guideline_v2.0,,information security to ensure adherence and to prevent information,,,,,,,,,,,,,,
Human-related ICT Management Guideline_v2.0,DOR.ICT.HRM.CON.001,,,,,,,,,,,,,,,
Human-related ICT Management Guideline_v2.0,,leakage.,,,,,,,,,,,,,,
Human-related ICT Management Guideline_v2.0,,,,,,,,,,,,,,,,
Human-related ICT Management Guideline_v2.0,2.1,The contractual obligations for personnel must take into consideration the,,,,,,,,,,,,,,
Human-related ICT Management Guideline_v2.0,,organization’s information security Policies and Guidelines and their,,,,,,,,,,,,,,
Human-related ICT Management Guideline_v2.0,DOR.ICT.HRM.CON.002,,,,,,,,,,,,,,,
Human-related ICT Management Guideline_v2.0,,adherence to these.,,,,,,,,,,,,,,
Human-related ICT Management Guideline_v2.0,,,,,,,,,,,,,,,,
Human-related ICT Management Guideline_v2.0,,"Asset-Types: Information, Business Process",,,,,,,,,,,,,,
Human-related ICT Management Guideline_v2.0,,Key References: ISO 27001:2022 Cor 202203 A.6.2,,,,,,,,,,,,,,
Human-related ICT Management Guideline_v2.0,2.2,Confidentiality or non-disclosure agreements must be signed prior to being,,,,,,,,,,,,,,
Human-related ICT Management Guideline_v2.0,,given access to information and other associated assets.,,,,,,,,,,,,,,
Human-related ICT Management Guideline_v2.0,DOR.ICT.HRM.CON.003,,,,,,,,,,,,,,,
Human-related ICT Management Guideline_v2.0,,"Asset-Types: Information, Business Process",,,,,,,,,,,,,,
Human-related ICT Management Guideline_v2.0,,Key References: ISO 27001:2022 Cor 202203 A.6.2,,,,,,,,,,,,,,
Human-related ICT Management Guideline_v2.0,ID: 3,General requirements for ICT security awareness program and Digital,,,,,,,,,,,,,,
Human-related ICT Management Guideline_v2.0,(version 2.0),operational resilience (DOR) training,,,,,,,,,,,,,,
Human-related ICT Management Guideline_v2.0,3,It must be ensured that the ICT security awareness program and DOR,,,,,,,,,,,,,,
Human-related ICT Management Guideline_v2.0,,"training fulfil the general requirements in terms of target group, content",,,,,,,,,,,,,,
Human-related ICT Management Guideline_v2.0,DOR.ICT.HRM.AWE.001,,,,,,,,,,,,,,,
Human-related ICT Management Guideline_v2.0,,and necessary adjustments.,,,,,,,,,,,,,,
Human-related ICT Management Guideline_v2.0,,,,,,,,,,,,,,,,
Human-related ICT Management Guideline_v2.0,3.1,The following must apply to all employees of legal entities and ICT third-party,,,,,,,,,,,,,,
Human-related ICT Management Guideline_v2.0,,service providers who either use or have access to the IT and non-IT Assets,,,,,,,,,,,,,,
Human-related ICT Management Guideline_v2.0,DOR.ICT.HRM.AWE.002,,,,,,,,,,,,,,,
Human-related ICT Management Guideline_v2.0,,of the legal entity:,,,,,,,,,,,,,,
Human-related ICT Management Guideline_v2.0,,,,,,,,,,,,,,,,
Human-related ICT Management Guideline_v2.0,,Asset-Types: Business Process,,,,,,,,,,,,,,
Human-related ICT Management Guideline_v2.0,,Key References: DORA RTS RMF A.19.b.i,,,,,,,,,,,,,,
Human-related ICT Management Guideline_v2.0,3.1.1,They must be aware of information security requirements derived from,,,,,,,,,,,,,,
Human-related ICT Management Guideline_v2.0,,"relevant security Policies, Guidelines and Procedures and comply with",,,,,,,,,,,,,,
Human-related ICT Management Guideline_v2.0,DOR.ICT.HRM.AWE.003,,,,,,,,,,,,,,,
Human-related ICT Management Guideline_v2.0,,them in their daily work.,,,,,,,,,,,,,,
Human-related ICT Management Guideline_v2.0,,,,,,,,,,,,,,,,
Human-related ICT Management Guideline_v2.0,,Asset-Types: Business Process,,,,,,,,,,,,,,
Human-related ICT Management Guideline_v2.0,,Key References: DORA RTS RMF A.19.b.i,,,,,,,,,,,,,,
Human-related ICT Management Guideline_v2.0,3.1.2,They must be aware of reporting channels for the detection of anomalous,,,,,,,,,,,,,,
Human-related ICT Management Guideline_v2.0,,"behavior, including reporting channels for whistleblowing.",,,,,,,,,,,,,,
Human-related ICT Management Guideline_v2.0,DOR.ICT.HRM.AWE.004,,,,,,,,,,,,,,,
Human-related ICT Management Guideline_v2.0,,Asset-Types: Business Process,,,,,,,,,,,,,,
Human-related ICT Management Guideline_v2.0,,Key References: DORA RTS RMF A.19.b.ii,,,,,,,,,,,,,,
Human-related ICT Management Guideline_v2.0,3.2,ICT security awareness program and DOR training that cover ICT security,,,,,,,,,,,,,,
Human-related ICT Management Guideline_v2.0,,obligations and raise awareness of ICT risks among all employees must be,,,,,,,,,,,,,,
Human-related ICT Management Guideline_v2.0,DOR.ICT.HRM.AWE.005,,,,,,,,,,,,,,,
Human-related ICT Management Guideline_v2.0,,defined.,,,,,,,,,,,,,,
Human-related ICT Management Guideline_v2.0,,,,,,,,,,,,,,,,
Human-related ICT Management Guideline_v2.0,,"Asset-Types: Information, Business Process",,,,,,,,,,,,,,
Human-related ICT Management Guideline_v2.0,,Key References: ISO 27001:2022 Cor 202203 A.6.3,,,,,,,,,,,,,,
Human-related ICT Management Guideline_v2.0,3.3,The ICT security awareness program and DOR training must include at least,,,,,,,,,,,,,,
Human-related ICT Management Guideline_v2.0,,the following information:,,,,,,,,,,,,,,
Human-related ICT Management Guideline_v2.0,DOR.ICT.HRM.AWE.006,,,,,,,,,,,,,,,
Human-related ICT Management Guideline_v2.0,,"Asset-Types: Information, Business Process",,,,,,,,,,,,,,
Human-related ICT Management Guideline_v2.0,,Key References: ISO 27001:2022 Cor 202203 A.6.3,,,,,,,,,,,,,,
Human-related ICT Management Guideline_v2.0,3.3.1,Personal responsibility for own actions and omissions and general,,,,,,,,,,,,,,
Human-related ICT Management Guideline_v2.0,,responsibilities to protect IT and non-IT Assets.,,,,,,,,,,,,,,
Human-related ICT Management Guideline_v2.0,DOR.ICT.HRM.AWE.007,,,,,,,,,,,,,,,
Human-related ICT Management Guideline_v2.0,,"Asset-Types: Information, Business Process",,,,,,,,,,,,,,
Human-related ICT Management Guideline_v2.0,,Key References: ISO 27001:2022 Cor 202203 A.6.3,,,,,,,,,,,,,,
Human-related ICT Management Guideline_v2.0,3.3.2,Fundamental information security obligations (such as reporting ICT-,,,,,,,,,,,,,,
Human-related ICT Management Guideline_v2.0,,"related incidents), generally applicable security measures and information",,,,,,,,,,,,,,
Human-related ICT Management Guideline_v2.0,DOR.ICT.HRM.AWE.008,,,,,,,,,,,,,,,
Human-related ICT Management Guideline_v2.0,,on behavior when security-relevant events occur.,,,,,,,,,,,,,,
Human-related ICT Management Guideline_v2.0,,,,,,,,,,,,,,,,
Human-related ICT Management Guideline_v2.0,,"Asset-Types: Information, Business Process",,,,,,,,,,,,,,
Human-related ICT Management Guideline_v2.0,,Key References: ISO 27001:2022 Cor 202203 A.6.3,,,,,,,,,,,,,,
Human-related ICT Management Guideline_v2.0,3.3.3,Prevalent and emerging cyber threats and risks.,,,,,,,,,,,,,,
Human-related ICT Management Guideline_v2.0,DOR.ICT.HRM.AWE.009,"Asset-Types: Information, Business Process",,,,,,,,,,,,,,
Human-related ICT Management Guideline_v2.0,,Key References: ISO 27001:2022 Cor 202203 A.6.3,,,,,,,,,,,,,,
Human-related ICT Management Guideline_v2.0,3.4,The ICT security awareness program and DOR training must be developed,,,,,,,,,,,,,,
Human-related ICT Management Guideline_v2.0,,and provided for at least the following target groups:,,,,,,,,,,,,,,
Human-related ICT Management Guideline_v2.0,DOR.ICT.HRM.AWE.010,,,,,,,,,,,,,,,
Human-related ICT Management Guideline_v2.0,ID: 4,,,,,,,,,,,,,,,
Human-related ICT Management Guideline_v2.0,,Digital operational resilience (DOR) training,,,,,,,,,,,,,,
Human-related ICT Management Guideline_v2.0,(version 2.0),,,,,,,,,,,,,,,
Human-related ICT Management Guideline_v2.0,,,,,,,,,,,,,,,,
Human-related ICT Management Guideline_v2.0,4,"It must be ensured that structured training is provided, ranging from",,,,,,,,,,,,,,
Human-related ICT Management Guideline_v2.0,,"medium to the highest level of complexity, which builds DOR",,,,,,,,,,,,,,
Human-related ICT Management Guideline_v2.0,DOR.ICT.HRM.DTR.001,,,,,,,,,,,,,,,
Human-related ICT Management Guideline_v2.0,,"capabilities by equipping both specialists and all employees, including",,,,,,,,,,,,,,
Human-related ICT Management Guideline_v2.0,,,,,,,,,,,,,,,,
Human-related ICT Management Guideline_v2.0,,"the management body, with technical and other relevant skills to",,,,,,,,,,,,,,
Human-related ICT Management Guideline_v2.0,,adequately deal with ICT disruptions and other relevant ICT-related,,,,,,,,,,,,,,
Human-related ICT Management Guideline_v2.0,,challenges.,,,,,,,,,,,,,,
Human-related ICT Management Guideline_v2.0,4.1,The level of complexity of the DOR training must be tailored to the functions,,,,,,,,,,,,,,
Human-related ICT Management Guideline_v2.0,,"of the internal employees, management body or employees of third-party",,,,,,,,,,,,,,
Human-related ICT Management Guideline_v2.0,DOR.ICT.HRM.DTR.002,,,,,,,,,,,,,,,
Human-related ICT Management Guideline_v2.0,,service providers.,,,,,,,,,,,,,,
Human-related ICT Management Guideline_v2.0,,,,,,,,,,,,,,,,
Human-related ICT Management Guideline_v2.0,,Asset-Types: Business Process,,,,,,,,,,,,,,
Human-related ICT Management Guideline_v2.0,,Key References: /,,,,,,,,,,,,,,
Human-related ICT Management Guideline_v2.0,4.2,The following must apply to employees for whom it is relevant by virtue of,,,,,,,,,,,,,,
Human-related ICT Management Guideline_v2.0,,their role or responsibilities:,,,,,,,,,,,,,,
Human-related ICT Management Guideline_v2.0,DOR.ICT.HRM.DTR.003,,,,,,,,,,,,,,,
Human-related ICT Management Guideline_v2.0,ID: 5,,,,,,,,,,,,,,,
Human-related ICT Management Guideline_v2.0,,AI Awareness and Literacy Program,,,,,,,,,,,,,,
Human-related ICT Management Guideline_v2.0,(version 2.0),,,,,,,,,,,,,,,
Human-related ICT Management Guideline_v2.0,,,,,,,,,,,,,,,,
Human-related ICT Management Guideline_v2.0,5,A comprehensive and role-specific AI literacy program must be,,,,,,,,,,,,,,
Human-related ICT Management Guideline_v2.0,,,A comprehensive and role-specific AI literacy program must be,,,,,,,,,,,,,
Human-related ICT Management Guideline_v2.0,,,"established, maintained, and continuously improved to ensure that all",,,,,,,,,,,,,
Human-related ICT Management Guideline_v2.0,DOR.ICT.RAI.ALP.001,,,,,,,,,,,,,,,
Human-related ICT Management Guideline_v2.0,,,personnel involved in the AI system lifecycle possess the necessary,,,,,,,,,,,,,
Human-related ICT Management Guideline_v2.0,,,,,,,,,,,,,,,,
Human-related ICT Management Guideline_v2.0,,,"competence, awareness, and understanding of AI-related risks, ethics,",,,,,,,,,,,,,
Human-related ICT Management Guideline_v2.0,,and operational responsibilities.,and operational responsibilities.,,,,,,,,,,,,,
Human-related ICT Management Guideline_v2.0,,Governance on educational program,,,,,,,,,,,,,,
Human-related ICT Management Guideline_v2.0,5.1,An AI literacy/educational program must be established and documented.,,,,,,,,,,,,,,
Human-related ICT Management Guideline_v2.0,DOR.ICT.RAI.ALP.002,Asset-Types: Business Process,,,,,,,,,,,,,,
Human-related ICT Management Guideline_v2.0,,Key References: Article 4 EU AI Act,,,,,,,,,,,,,,
Human-related ICT Management Guideline_v2.0,5.2,"Roles and responsibilities related to AI literacy/education must be assigned,",,,,,,,,,,,,,,
Human-related ICT Management Guideline_v2.0,,"documented, and communicated across the organization.",,,,,,,,,,,,,,
Human-related ICT Management Guideline_v2.0,DOR.ICT.RAI.ALP.004,,,,,,,,,,,,,,,
Human-related ICT Management Guideline_v2.0,,Asset-Types: Business Process,,,,,,,,,,,,,,
Human-related ICT Management Guideline_v2.0,,Key References: ISO 42001 A.3.2,,,,,,,,,,,,,,
Human-related ICT Management Guideline_v2.0,5.3,The AI literacy/educational program should reference other relevant,,,,,,,,,,,,,,
Human-related ICT Management Guideline_v2.0,,"organizational policies and be available to interested parties, as appropriate.",,,,,,,,,,,,,,
Human-related ICT Management Guideline_v2.0,DOR.ICT.RAI.ALP.005,,,,,,,,,,,,,,,
Human-related ICT Management Guideline_v2.0,,Asset-Types: Business Process,,,,,,,,,,,,,,
Human-related ICT Management Guideline_v2.0,,,,,,,,,,,,,,,,
Human-related ICT Management Guideline_v2.0,,Key References: Article 4 EU AI Act,,,,,,,,,,,,,,
Human-related ICT Management Guideline_v2.0,,Competence and Qualification,,,,,,,,,,,,,,
Human-related ICT Management Guideline_v2.0,,,,,,,,,,,,,,,,
Human-related ICT Management Guideline_v2.0,ID: 6,,,,,,,,,,,,,,,
Human-related ICT Management Guideline_v2.0,,Compliance with ICT risk awareness and training,,,,,,,,,,,,,,
Human-related ICT Management Guideline_v2.0,(version 2.0),,,,,,,,,,,,,,,
Human-related ICT Management Guideline_v2.0,,,,,,,,,,,,,,,,
Human-related ICT Management Guideline_v2.0,6,"It must be ensured that the ICT security awareness program, relevant",,,,,,,,,,,,,,
Human-related ICT Management Guideline_v2.0,,,"AI awareness and literacy training where applicable,",,and DOR training,,,,,,,,,,,
Human-related ICT Management Guideline_v2.0,DOR.ICT.HRM.COM.001,,,,,,,,,,,,,,,
Human-related ICT Management Guideline_v2.0,,"are performed, monitored and reported.",,,,,,,,,,,,,,
Human-related ICT Management Guideline_v2.0,,,,,,,,,,,,,,,,
Human-related ICT Management Guideline_v2.0,6.1,"ICT risk awareness, AI awareness and literacy training where required by",,,,,,,,,,,,,,
Human-related ICT Management Guideline_v2.0,,,"role and where possible,",and DOR training must be completed at least on an,,,,,,,,,,,,
Human-related ICT Management Guideline_v2.0,DOR.ICT.HRM.COM.002,,,,,,,,,,,,,,,
Human-related ICT Management Guideline_v2.0,,"annual basis, by the end of each calendar year and compliance must be",,,,,,,,,,,,,,
Human-related ICT Management Guideline_v2.0,,,,,,,,,,,,,,,,
Human-related ICT Management Guideline_v2.0,,"monitored. For certain programs, such as DOR training, adherence to year-",,,,,,,,,,,,,,
Human-related ICT Management Guideline_v2.0,,end completion schedule will apply to training cycle commencing in the,,,,,,,,,,,,,,
Human-related ICT Management Guideline_v2.0,,upcoming calendar year.,,,,,,,,,,,,,,
Human-related ICT Management Guideline_v2.0,,"Asset-Types: Information, Business Process",,,,,,,,,,,,,,
Human-related ICT Management Guideline_v2.0,,Key References: ISO 27001:2022 Cor 202203 A.6.3,,,,,,,,,,,,,,
Human-related ICT Management Guideline_v2.0,6.2,"Standard reporting, for AI awareness and literacy training where applicable",,,,,,,,,,,,,,
Human-related ICT Management Guideline_v2.0,,"and possible, regarding training participation must be available.",,,,,,,,,,,,,,
Human-related ICT Management Guideline_v2.0,DOR.ICT.HRM.COM.003,,,,,,,,,,,,,,,
Human-related ICT Management Guideline_v2.0,,Asset-Types: Business Process,,,,,,,,,,,,,,
Human-related ICT Management Guideline_v2.0,,"Key References: ISO 27001:2022 Cor 202203 A.6.3, ISO 42001 7.3",,,,,,,,,,,,,,
Human-related ICT Management Guideline_v2.0,ID: 7,,,,,,,,,,,,,,,
Human-related ICT Management Guideline_v2.0,,Disciplinary process,,,,,,,,,,,,,,
Human-related ICT Management Guideline_v2.0,(version 2.0),,,,,,,,,,,,,,,
Human-related ICT Management Guideline_v2.0,,,,,,,,,,,,,,,,
Human-related ICT Management Guideline_v2.0,7,Compliance of employees with legal entity’s information security,,,,,,,,,,,,,,
Human-related ICT Management Guideline_v2.0,,requirements must be enforced and the disciplinary consequences must,,,,,,,,,,,,,,
Human-related ICT Management Guideline_v2.0,DOR.ICT.HRM.DIS.001,,,,,,,,,,,,,,,
Human-related ICT Management Guideline_v2.0,,be made transparent.,,,,,,,,,,,,,,
Human-related ICT Management Guideline_v2.0,,,,,,,,,,,,,,,,
Human-related ICT Management Guideline_v2.0,,Asset-Types: Business Process,,,,,,,,,,,,,,
Human-related ICT Management Guideline_v2.0,,Key References: ISO 27001:2022 Cor 202203 A.6.4,,,,,,,,,,,,,,
Human-related ICT Management Guideline_v2.0,ID: 8,,,,,,,,,,,,,,,
Human-related ICT Management Guideline_v2.0,,Termination of employment,,,,,,,,,,,,,,
Human-related ICT Management Guideline_v2.0,(version 2.0),,,,,,,,,,,,,,,
Human-related ICT Management Guideline_v2.0,,,,,,,,,,,,,,,,
Human-related ICT Management Guideline_v2.0,8,"A process must be designed, implemented, managed, and controlled to",,,,,,,,,,,,,,
Human-related ICT Management Guideline_v2.0,,ensure that all assets are returned to the organization and access rights,,,,,,,,,,,,,,
Human-related ICT Management Guideline_v2.0,DOR.ICT.HRM.TER.001,,,,,,,,,,,,,,,
Human-related ICT Management Guideline_v2.0,,are deactivated and revoked upon termination of employment.,,,,,,,,,,,,,,
Human-related ICT Management Guideline_v2.0,,,,,,,,,,,,,,,,
Human-related ICT Management Guideline_v2.0,,"Asset-Types: Information, Business Process, Commercial-off-the-Shelf Solution,",,,,,,,,,,,,,,
Human-related ICT Management Guideline_v2.0,,"Underlaying Software/Technology, Desktop Application, Tool, Certificate, Software",,,,,,,,,,,,,,
Human-related ICT Management Guideline_v2.0,,"Appliance, Hardware Appliance, Cloud Appliance, Operating System, Cloud PaaS,",,,,,,,,,,,,,,
Human-related ICT Management Guideline_v2.0,,"Container, End User Device, Mobile Device, Processing Peripheral, Storage Media,",,,,,,,,,,,,,,
Human-related ICT Management Guideline_v2.0,,"Other Device, Storage, Server & Host Hardware, Network Connection, Building,",,,,,,,,,,,,,,
Human-related ICT Management Guideline_v2.0,,"Room, Datacenter",,,,,,,,,,,,,,
Human-related ICT Management Guideline_v2.0,,Key References: DORA RTS RMF A.19.b.iii,,,,,,,,,,,,,,
ICT Asset Management Guideline_v2.0,<Specify ID:,,,,,,,,,,,,,,,
ICT Asset Management Guideline_v2.0,,<Name of control requirement (e.g. Access to production data)>,,,,,,,,,,,,,,
ICT Asset Management Guideline_v2.0,xx (version,,,,,,,,,,,,,,,
ICT Asset Management Guideline_v2.0,x)>,,,,,,,,,,,,,,,
ICT Asset Management Guideline_v2.0,,,,,,,,,,,,,,,,
ICT Asset Management Guideline_v2.0,1,<Description of the control requirement>,,,,,,,,,,,,,,
ICT Asset Management Guideline_v2.0,1.1,<Lists the criteria applying to the control requirement>,,,,,,,,,,,,,,
ICT Asset Management Guideline_v2.0,,,,,,,,,,,,,,,,
ICT Asset Management Guideline_v2.0,1.1.1,<Lists the sub-criteria applying to the control requirement>,,,,,,,,,,,,,,
ICT Asset Management Guideline_v2.0,,,Asset-Types: <Lists asset types applicable to the control requirement>,,,,,,,,,,,,,
ICT Asset Management Guideline_v2.0,,,Key references: <Lists key regulatory references and industry best practice requirements affecting this,,,,,,,,,,,,,
ICT Asset Management Guideline_v2.0,,"control requirement (e.g., ISO/IEC 27001:2022 A.5.10, A.8.1)>","control requirement (e.g., ISO/IEC 27001:2022 A.5.10, A.8.1)>",,,,,,,,,,,,,
ICT Asset Management Guideline_v2.0,,,,,,,,,,,,,,,,
ICT Asset Management Guideline_v2.0,,,,,,,,,,,,,,,,
ICT Asset Management Guideline_v2.0,"The terms in this document are defined in the overall ICT Risk Glossary, which is",,,,,,,,,,,,,,,
ICT Asset Management Guideline_v2.0,provided on the Intranet website.,,,,,,,,,,,,,,,
ICT Asset Management Guideline_v2.0,ID: 1,,,,,,,,,,,,,,,
ICT Asset Management Guideline_v2.0,,ICT Asset Management Procedure,,,,,,,,,,,,,,
ICT Asset Management Guideline_v2.0,version 2.0 (version,,,,,,,,,,,,,,,
ICT Asset Management Guideline_v2.0,2.0),,,,,,,,,,,,,,,
ICT Asset Management Guideline_v2.0,,,,,,,,,,,,,,,,
ICT Asset Management Guideline_v2.0,,It must be ensured that ICT Asset Management procedures are in,,,,,,,,,,,,,,
ICT Asset Management Guideline_v2.0,1,,,,,,,,,,,,,,,
ICT Asset Management Guideline_v2.0,,place that manage IT Assets and non-IT Assets throughout their,,,,,,,,,,,,,,
ICT Asset Management Guideline_v2.0,DOR.ICT.ASM.PRO.001,entire lifecycle.,,,,,,,,,,,,,,
ICT Asset Management Guideline_v2.0,,,,,,,,,,,,,,,,
ICT Asset Management Guideline_v2.0,1.1,ICT Asset Management procedures must be in place to manage all IT,,,,,,,,,,,,,,
ICT Asset Management Guideline_v2.0,,"Assets and, where applicable, non-IT Assets.",,,,,,,,,,,,,,
ICT Asset Management Guideline_v2.0,DOR.ICT.ASM.PRO.002,,,,,,,,,,,,,,,
ICT Asset Management Guideline_v2.0,,Asset-Types: Business Process,,,,,,,,,,,,,,
ICT Asset Management Guideline_v2.0,,Key References: DORA RTS RMF A.4.1,,,,,,,,,,,,,,
ICT Asset Management Guideline_v2.0,1.2,The procedures must ensure complete and accurate management of IT,,,,,,,,,,,,,,
ICT Asset Management Guideline_v2.0,,"Assets and, where applicable, non-IT Assets.",,,,,,,,,,,,,,
ICT Asset Management Guideline_v2.0,DOR.ICT.ASM.PRO.003,,,,,,,,,,,,,,,
ICT Asset Management Guideline_v2.0,,Asset-Types: Business Process,,,,,,,,,,,,,,
ICT Asset Management Guideline_v2.0,,"Key References: DORA RTS RMF A1, A4, A5",,,,,,,,,,,,,,
ICT Asset Management Guideline_v2.0,1.3,It must be ensured that the IT Assets fulfil all required technical,,,,,,,,,,,,,,
ICT Asset Management Guideline_v2.0,,"prerequisites (e.g. safety requirements and procedures, CE marking etc.).",,,,,,,,,,,,,,
ICT Asset Management Guideline_v2.0,DOR.ICT.ASM.PRO.004,,,,,,,,,,,,,,,
ICT Asset Management Guideline_v2.0,,Asset-Types: Business Process,,,,,,,,,,,,,,
ICT Asset Management Guideline_v2.0,,"Key References: DORA RTS RMF A1, A4, A5",,,,,,,,,,,,,,
ICT Asset Management Guideline_v2.0,1.4,"Each Legal Entity using an IT Asset and, where applicable, non-IT Asset",,,,,,,,,,,,,,
ICT Asset Management Guideline_v2.0,,must define protection needs of this asset from the Legal Entities,,,,,,,,,,,,,,
ICT Asset Management Guideline_v2.0,DOR.ICT.ASM.PRO.005,perspective.,,,,,,,,,,,,,,
ICT Asset Management Guideline_v2.0,,,,,,,,,,,,,,,,
ICT Asset Management Guideline_v2.0,,Asset-Types: Business Process,,,,,,,,,,,,,,
ICT Asset Management Guideline_v2.0,,"Key References: DORA RTS RMF A1, A4, A5",,,,,,,,,,,,,,
ICT Asset Management Guideline_v2.0,ID: 2,,,,,,,,,,,,,,,
ICT Asset Management Guideline_v2.0,,Roles and Responsibilities,,,,,,,,,,,,,,
ICT Asset Management Guideline_v2.0,(version 2.0),,,,,,,,,,,,,,,
ICT Asset Management Guideline_v2.0,,,,,,,,,,,,,,,,
ICT Asset Management Guideline_v2.0,2,It must be ensured that roles and responsibilities during the ICT,,,,,,,,,,,,,,
ICT Asset Management Guideline_v2.0,,Asset Management process are clearly defined.,,,,,,,,,,,,,,
ICT Asset Management Guideline_v2.0,DOR.ICT.ASM.RAR.001,,,,,,,,,,,,,,,
ICT Asset Management Guideline_v2.0,2.1,It must be ensured that responsibilities during the ICT Asset Lifecycle are,,,,,,,,,,,,,,
ICT Asset Management Guideline_v2.0,,"clearly defined, and the required resources are made available.",,,,,,,,,,,,,,
ICT Asset Management Guideline_v2.0,DOR.ICT.ASM.RAR.002,,,,,,,,,,,,,,,
ICT Asset Management Guideline_v2.0,,Asset-Types: Business-process,,,,,,,,,,,,,,
ICT Asset Management Guideline_v2.0,,"Key References: DORA RTS RMF A1, A4, A5",,,,,,,,,,,,,,
ICT Asset Management Guideline_v2.0,2.2,Segregation of Duties must be applied to reduce opportunities for,,,,,,,,,,,,,,
ICT Asset Management Guideline_v2.0,,unauthorized or unintentional modification or misuse of IT Assets.,,,,,,,,,,,,,,
ICT Asset Management Guideline_v2.0,DOR.ICT.ASM.RAR.003,,,,,,,,,,,,,,,
ICT Asset Management Guideline_v2.0,,"Asset-Types: Information, Business-process",,,,,,,,,,,,,,
ICT Asset Management Guideline_v2.0,,Key References: ISO 27001:2022 Cor 202203 C.5.3,,,,,,,,,,,,,,
ICT Asset Management Guideline_v2.0,ID: 3,,,,,,,,,,,,,,,
ICT Asset Management Guideline_v2.0,,Asset Ownership,,,,,,,,,,,,,,
ICT Asset Management Guideline_v2.0,(version 2.0),,,,,,,,,,,,,,,
ICT Asset Management Guideline_v2.0,,,,,,,,,,,,,,,,
ICT Asset Management Guideline_v2.0,3,It must be ensured that Asset Owner and Information Owner are in,,,,,,,,,,,,,,
ICT Asset Management Guideline_v2.0,,place for all Primary and Secondary Assets.,,,,,,,,,,,,,,
ICT Asset Management Guideline_v2.0,DOR.ICT.ASM.OWN.001,,,,,,,,,,,,,,,
ICT Asset Management Guideline_v2.0,3.1,All Primary and Secondary Assets must have a dedicated Asset Owner.,,,,,,,,,,,,,,
ICT Asset Management Guideline_v2.0,DOR.ICT.ASM.OWN.002,"Asset-Types: Information, Business Process",,,,,,,,,,,,,,
ICT Asset Management Guideline_v2.0,,"Key References: DORA RTS RMF A1, A4, A5",,,,,,,,,,,,,,
ICT Asset Management Guideline_v2.0,3.2,Ownership for Primary and Secondary Assets must be assigned when an,,,,,,,,,,,,,,
ICT Asset Management Guideline_v2.0,,asset is created or when assets are acquired or transferred to a legal entity.,,,,,,,,,,,,,,
ICT Asset Management Guideline_v2.0,DOR.ICT.ASM.OWN.003,,,,,,,,,,,,,,,
ICT Asset Management Guideline_v2.0,,"Asset-Types: Information, Business Process",,,,,,,,,,,,,,
ICT Asset Management Guideline_v2.0,,Key References: ISO 27001:2022 Cor 202203 A.5.9,,,,,,,,,,,,,,
ICT Asset Management Guideline_v2.0,3.3,Asset ownership must be reassigned as necessary when current Asset,,,,,,,,,,,,,,
ICT Asset Management Guideline_v2.0,,Owners or Information Owners leave or change job roles.,,,,,,,,,,,,,,
ICT Asset Management Guideline_v2.0,DOR.ICT.ASM.OWN.004,,,,,,,,,,,,,,,
ICT Asset Management Guideline_v2.0,,"Asset-Types: Information, Business Process",,,,,,,,,,,,,,
ICT Asset Management Guideline_v2.0,,Key References: ISO 27001:2022 Cor 202203 A.5.9,,,,,,,,,,,,,,
ICT Asset Management Guideline_v2.0,3.4,An Information Owner must be nominated to perform the tasks outlined in,,,,,,,,,,,,,,
ICT Asset Management Guideline_v2.0,,this Guideline for the respective legal entity.,,,,,,,,,,,,,,
ICT Asset Management Guideline_v2.0,DOR.ICT.ASM.OWN.006,,,,,,,,,,,,,,,
ICT Asset Management Guideline_v2.0,,"Asset-Types: Information, Business Process",,,,,,,,,,,,,,
ICT Asset Management Guideline_v2.0,,Key References: ISO 27001:2022 Cor 202203 A.5.9,,,,,,,,,,,,,,
ICT Asset Management Guideline_v2.0,3.5,The Information Owner for information assets and the Asset Owner for all,,,,,,,,,,,,,,
ICT Asset Management Guideline_v2.0,,assets must be accountable for the proper management of an asset over the,,,,,,,,,,,,,,
ICT Asset Management Guideline_v2.0,DOR.ICT.ASM.OWN.007,,,,,,,,,,,,,,,
ICT Asset Management Guideline_v2.0,,"whole asset lifecycle, including:",,,,,,,,,,,,,,
ICT Asset Management Guideline_v2.0,,,,,,,,,,,,,,,,
ICT Asset Management Guideline_v2.0,,"− Ensuring that assets within their scope are appropriately identified,",,,,,,,,,,,,,,
ICT Asset Management Guideline_v2.0,,"classified, maintained, and updated annually or in case of changes",,,,,,,,,,,,,,
ICT Asset Management Guideline_v2.0,,− Ensuring that assets within their scope are appropriately handled and,,,,,,,,,,,,,,
ICT Asset Management Guideline_v2.0,,protected across the asset lifecycle in accordance with the defined,,,,,,,,,,,,,,
ICT Asset Management Guideline_v2.0,,requirements in all valid ICT,Risk,Guidelines,,,,,,,,,,,,
ICT Asset Management Guideline_v2.0,,"− Ensuring that their missing, stolen, or compromised assets (including",,,,,,,,,,,,,,
ICT Asset Management Guideline_v2.0,,"non-IT assets where applicable) are reported immediately, in",,,,,,,,,,,,,,
ICT Asset Management Guideline_v2.0,,accordance with the relevant procedures.,,,,,,,,,,,,,,
ICT Asset Management Guideline_v2.0,,Asset-Types: Business Process,,,,,,,,,,,,,,
ICT Asset Management Guideline_v2.0,,Key References: ISO 27001:2022 Cor 202203 A.5.9,,,,,,,,,,,,,,
ICT Asset Management Guideline_v2.0,ID: 4,,,,,,,,,,,,,,,
ICT Asset Management Guideline_v2.0,,Asset Inventory,,,,,,,,,,,,,,
ICT Asset Management Guideline_v2.0,(version 2.0),,,,,,,,,,,,,,,
ICT Asset Management Guideline_v2.0,,,,,,,,,,,,,,,,
ICT Asset Management Guideline_v2.0,4,It must be ensured that an accurate and up-to-date asset Inventory is in,,,,,,,,,,,,,,
ICT Asset Management Guideline_v2.0,,"place, covering all relevant information.",,,,,,,,,,,,,,
ICT Asset Management Guideline_v2.0,DOR.ICT.ASM.INV.001,,,,,,,,,,,,,,,
ICT Asset Management Guideline_v2.0,4.1,All Primary Assets and Secondary Assets must be inventoried in a dedicated,,,,,,,,,,,,,,
ICT Asset Management Guideline_v2.0,,inventory.,,,,,,,,,,,,,,
ICT Asset Management Guideline_v2.0,DOR.ICT.ASM.INV.002,,,,,,,,,,,,,,,
ICT Asset Management Guideline_v2.0,,"Asset-Types: Information, Business-process, Self-developed Application, Third-party-",,,,,,,,,,,,,,
ICT Asset Management Guideline_v2.0,,"developed Application, Commercial-off-the-Shelf Solution, Underlaying",,,,,,,,,,,,,,
ICT Asset Management Guideline_v2.0,,"Software/Technology, SaaS, Desktop Application, Tool, Database Certificate, Software",,,,,,,,,,,,,,
ICT Asset Management Guideline_v2.0,,"Appliance, Hardware Appliance, Cloud Appliance, Operating System, Cloud IaaS /",,,,,,,,,,,,,,
ICT Asset Management Guideline_v2.0,,"Virtual Machines, Cloud PaaS, Virtualization Platform, Database Management System",,,,,,,,,,,,,,
ICT Asset Management Guideline_v2.0,,"(DBMS), Container, End User Device, Mobile Device, Processing Peripheral, Storage",,,,,,,,,,,,,,
ICT Asset Management Guideline_v2.0,ID: 5,,,,,,,,,,,,,,,
ICT Asset Management Guideline_v2.0,,Asset Criticality Assessment,,,,,,,,,,,,,,
ICT Asset Management Guideline_v2.0,(version 2.0),,,,,,,,,,,,,,,
ICT Asset Management Guideline_v2.0,,,,,,,,,,,,,,,,
ICT Asset Management Guideline_v2.0,ID: 6,,,,,,,,,,,,,,,
ICT Asset Management Guideline_v2.0,,ICT System Management,,,,,,,,,,,,,,
ICT Asset Management Guideline_v2.0,(version 2.0),,,,,,,,,,,,,,,
ICT Asset Management Guideline_v2.0,,,,,,,,,,,,,,,,
ICT Asset Management Guideline_v2.0,6,"It must be ensured that ICT Systems are procured, developed, and",,,,,,,,,,,,,,
ICT Asset Management Guideline_v2.0,,"maintained in a secure, compliant, and resilient manner.",,,,,,,,,,,,,,
ICT Asset Management Guideline_v2.0,DOR.ICT.ASM.SYS.001,,,,,,,,,,,,,,,
ICT Asset Management Guideline_v2.0,6.1,"Procedures including security practices and methods for the development,",,,,,,,,,,,,,,
ICT Asset Management Guideline_v2.0,,,"Procedures including security practices and methods for the development,",,,,,,,,,,,,,
ICT Asset Management Guideline_v2.0,,,"maintenance and, where feasible, procurement of ICT Systems must be",,,,,,,,,,,,,
ICT Asset Management Guideline_v2.0,DOR.ICT.ASM.SYS.002,,,,,,,,,,,,,,,
ICT Asset Management Guideline_v2.0,,established.,established.,,,,,,,,,,,,,
ICT Asset Management Guideline_v2.0,,,,,,,,,,,,,,,,
ICT Asset Management Guideline_v2.0,,Asset-Types: Business Process,,,,,,,,,,,,,,
ICT Asset Management Guideline_v2.0,,"Key References: DORA RTS RMF A.16.1.a), A.16.1b)",,,,,,,,,,,,,,
ICT Asset Management Guideline_v2.0,6.2,"These procedures must include requirements for the procurement,",,,,,,,,,,,,,,
ICT Asset Management Guideline_v2.0,,,"These procedures must include requirements for the procurement,",,,,,,,,,,,,,
ICT Asset Management Guideline_v2.0,,,"development and maintenance of ICT Systems, with a focus on ICT security",,,,,,,,,,,,,
ICT Asset Management Guideline_v2.0,DOR.ICT.ASM.SYS.003,,,,,,,,,,,,,,,
ICT Asset Management Guideline_v2.0,,,and the approval process by the relevant business function or Asset Owner,,,,,,,,,,,,,
ICT Asset Management Guideline_v2.0,,,,,,,,,,,,,,,,
ICT Asset Management Guideline_v2.0,,for which internal governance regulations must be complied with.,for which internal governance regulations must be complied with.,,,,,,,,,,,,,
ICT Asset Management Guideline_v2.0,,Asset-Types: Business Process,,,,,,,,,,,,,,
ICT Asset Management Guideline_v2.0,,"Key References: DORA RTS RMF A.16.1.a), A.16.1b)",,,,,,,,,,,,,,
ICT Asset Management Guideline_v2.0,6.3,"The procedures must specify technical specifications for the procurement,",,,,,,,,,,,,,,
ICT Asset Management Guideline_v2.0,,development and maintenance of ICT Systems.,,,,,,,,,,,,,,
ICT Asset Management Guideline_v2.0,DOR.ICT.ASM.SYS.004,,,,,,,,,,,,,,,
ICT Asset Management Guideline_v2.0,,Asset-Types: Business Process,,,,,,,,,,,,,,
ICT Asset Management Guideline_v2.0,,"Key References: DORA RTS RMF A.16.1.a), A.16.1b)",,,,,,,,,,,,,,
ICT Asset Management Guideline_v2.0,ID: 8,,,,,,,,,,,,,,,
ICT Asset Management Guideline_v2.0,,Asset Documentation,,,,,,,,,,,,,,
ICT Asset Management Guideline_v2.0,(version 2.0),,,,,,,,,,,,,,,
ICT Asset Management Guideline_v2.0,,,,,,,,,,,,,,,,
ICT Asset Management Guideline_v2.0,8,It must be ensured that IT Assets are documented throughout their,,,,,,,,,,,,,,
ICT Asset Management Guideline_v2.0,,lifecycle.,,,,,,,,,,,,,,
ICT Asset Management Guideline_v2.0,DOR.ICT.ASM.DOC.001,,,,,,,,,,,,,,,
ICT Asset Management Guideline_v2.0,8.1,"It must be ensured that all IT Assets are appropriately documented, and",,,,,,,,,,,,,,
ICT Asset Management Guideline_v2.0,,asset records include the minimum information as defined in this Guideline.,,,,,,,,,,,,,,
ICT Asset Management Guideline_v2.0,DOR.ICT.ASM.DOC.002,,,,,,,,,,,,,,,
ICT Asset Management Guideline_v2.0,,"Asset-Types: Information, Business Process, Commercial-off-the-Shelf Solution,",,,,,,,,,,,,,,
ICT Asset Management Guideline_v2.0,,"Underlaying Software/Technology, SaaS, Desktop Application, Tool, Certificate,",,,,,,,,,,,,,,
ICT Asset Management Guideline_v2.0,,"Software Appliance, Hardware Appliance, Cloud Appliance, Operating System, Cloud",,,,,,,,,,,,,,
ICT Asset Management Guideline_v2.0,,"PaaS, Container, End User Device, Mobile Device, Processing Peripheral, Storage",,,,,,,,,,,,,,
ICT Asset Management Guideline_v2.0,,"Media, Other Device, Storage, Server & Host Hardware, Network Connection",,,,,,,,,,,,,,
ICT Asset Management Guideline_v2.0,,"Key References: DORA RTS RMF A1, A4, A5",,,,,,,,,,,,,,
ICT Asset Management Guideline_v2.0,ID: 9,,,,,,,,,,,,,,,
ICT Asset Management Guideline_v2.0,,Asset Reporting,,,,,,,,,,,,,,
ICT Asset Management Guideline_v2.0,(version 2.0),,,,,,,,,,,,,,,
ICT Asset Management Guideline_v2.0,,,,,,,,,,,,,,,,
ICT Asset Management Guideline_v2.0,9,It must be ensured that relevant information about Secondary Assets is,,,,,,,,,,,,,,
ICT Asset Management Guideline_v2.0,,reported to the stakeholders.,,,,,,,,,,,,,,
ICT Asset Management Guideline_v2.0,DOR.ICT.ASM.REP.001,,,,,,,,,,,,,,,
ICT Asset Management Guideline_v2.0,9.1,It must be ensured that reports regarding the performance and compliance of,,,,,,,,,,,,,,
ICT Asset Management Guideline_v2.0,,IT Assets are generated and cover predefined KPIs and metrics.,,,,,,,,,,,,,,
ICT Asset Management Guideline_v2.0,DOR.ICT.ASM.REP.002,,,,,,,,,,,,,,,
ICT Asset Management Guideline_v2.0,,Asset-Types: Business-process,,,,,,,,,,,,,,
ICT Asset Management Guideline_v2.0,,Key References: DORA RTS RMF A9,,,,,,,,,,,,,,
ICT Asset Management Guideline_v2.0,ID: 10,,,,,,,,,,,,,,,
ICT Asset Management Guideline_v2.0,,Configuration Management,,,,,,,,,,,,,,
ICT Asset Management Guideline_v2.0,(version 2.0),,,,,,,,,,,,,,,
ICT Asset Management Guideline_v2.0,,,,,,,,,,,,,,,,
ICT Asset Management Guideline_v2.0,10,"It must be ensured that configuration items (CI), a subset of IT Assets",,,,,,,,,,,,,,
ICT Asset Management Guideline_v2.0,,"under configuration control, are managed.",,,,,,,,,,,,,,
ICT Asset Management Guideline_v2.0,DOR.ICT.ASM.REP.001,,,,,,,,,,,,,,,
ICT Asset Management Guideline_v2.0,10.1,Additions and removals of configurations items (CI) of IT Assets must be,,,,,,,,,,,,,,
ICT Asset Management Guideline_v2.0,,recorded.,,,,,,,,,,,,,,
ICT Asset Management Guideline_v2.0,DOR.ICT.ASM.REP.002,,,,,,,,,,,,,,,
ICT Asset Management Guideline_v2.0,,"Asset-Types: Business Process, Commercial-off-the-Shelf Solution, Underlaying",,,,,,,,,,,,,,
ICT Asset Management Guideline_v2.0,,"Software/Technology, SaaS, Desktop Application, Tool, Certificate, Software",,,,,,,,,,,,,,
ICT Asset Management Guideline_v2.0,,"Appliance, Hardware Appliance, Cloud Appliance, Operating System, Cloud PaaS,",,,,,,,,,,,,,,
ICT Asset Management Guideline_v2.0,,"Container, End User Device, Mobile Device, Processing Peripheral, Storage Media,",,,,,,,,,,,,,,
ICT Asset Management Guideline_v2.0,,"Other Device, Storage, Server & Host Hardware, Network Connection",,,,,,,,,,,,,,
ICT Asset Management Guideline_v2.0,,Key References: ICT Risk Framework 1.0,,,,,,,,,,,,,,
ICT Asset Management Guideline_v2.0,10.2,Changes to existing CIs and CI information must be recorded.,,,,,,,,,,,,,,
ICT Asset Management Guideline_v2.0,DOR.ICT.ASM.REP.003,"Asset-Types: Business Process, Commercial-off-the-Shelf Solution, Underlaying",,,,,,,,,,,,,,
ICT Asset Management Guideline_v2.0,,"Software/Technology, SaaS, Desktop Application, Tool, Certificate, Software",,,,,,,,,,,,,,
ICT Asset Management Guideline_v2.0,,"Appliance, Hardware Appliance, Cloud Appliance, Operating System, Cloud PaaS,",,,,,,,,,,,,,,
ICT Asset Management Guideline_v2.0,,"Container, End User Device, Mobile Device, Processing Peripheral, Storage Media,",,,,,,,,,,,,,,
ICT Asset Management Guideline_v2.0,,"Other Device, Storage, Server & Host Hardware, Network Connection",,,,,,,,,,,,,,
ICT Asset Management Guideline_v2.0,,Key References: ICT Risk Framework 1.0,,,,,,,,,,,,,,
ICT Asset Management Guideline_v2.0,ID: 11,,,,,,,,,,,,,,,
ICT Asset Management Guideline_v2.0,,Software License Management,,,,,,,,,,,,,,
ICT Asset Management Guideline_v2.0,(version 2.0),,,,,,,,,,,,,,,
ICT Asset Management Guideline_v2.0,,,,,,,,,,,,,,,,
ICT Asset Management Guideline_v2.0,11,It must be ensured that software licenses are managed.,,,,,,,,,,,,,,
ICT Asset Management Guideline_v2.0,DOR.ICT.ASM.SLM.001,,,,,,,,,,,,,,,
ICT Asset Management Guideline_v2.0,11.1,All software licenses (‘free and open’ and non-free) must be managed in line with,,,,,,,,,,,,,,
ICT Asset Management Guideline_v2.0,,business requirements. Software license requirements and limitations have to be,,,,,,,,,,,,,,
ICT Asset Management Guideline_v2.0,DOR.ICT.ASM.SLM.002,actively managed by the business owner.,,,,,,,,,,,,,,
ICT Asset Management Guideline_v2.0,,,,,,,,,,,,,,,,
ICT Asset Management Guideline_v2.0,,Asset-Types: Business-process,,,,,,,,,,,,,,
ICT Asset Management Guideline_v2.0,,Key References: ICT Risk Framework 1.0,,,,,,,,,,,,,,
ICT Incident & Operational Event Management Guideline_v2.0,<Specify ID:,,,,,,,,,,,,,,,
ICT Incident & Operational Event Management Guideline_v2.0,,<Name of control requirement (e.g. Access to production data)>,,,,,,,,,,,,,,
ICT Incident & Operational Event Management Guideline_v2.0,xx (version,,,,,,,,,,,,,,,
ICT Incident & Operational Event Management Guideline_v2.0,x)>,,,,,,,,,,,,,,,
ICT Incident & Operational Event Management Guideline_v2.0,,,,,,,,,,,,,,,,
ICT Incident & Operational Event Management Guideline_v2.0,1,<Description of the control requirement>,,,,,,,,,,,,,,
ICT Incident & Operational Event Management Guideline_v2.0,1.1,<Lists the criteria applying to the control requirement>,,,,,,,,,,,,,,
ICT Incident & Operational Event Management Guideline_v2.0,,,,,,,,,,,,,,,,
ICT Incident & Operational Event Management Guideline_v2.0,1.1.1,<Lists the sub-criteria applying to the control requirement>,,,,,,,,,,,,,,
ICT Incident & Operational Event Management Guideline_v2.0,,,Asset-Types: <Lists asset types applicable to the control requirement>,,,,,,,,,,,,,
ICT Incident & Operational Event Management Guideline_v2.0,,,Key references: <Lists key regulatory references and industry best practice requirements affecting this,,,,,,,,,,,,,
ICT Incident & Operational Event Management Guideline_v2.0,,"control requirement (e.g., ISO/IEC 27001:2022 A.5.10, A.8.1)>","control requirement (e.g., ISO/IEC 27001:2022 A.5.10, A.8.1)>",,,,,,,,,,,,,
ICT Incident & Operational Event Management Guideline_v2.0,,,,,,,,,,,,,,,,
ICT Incident & Operational Event Management Guideline_v2.0,,,,,,,,,,,,,,,,
ICT Incident & Operational Event Management Guideline_v2.0,"The terms in this document are defined in the overall ICT Risk Glossary, which is",,,,,,,,,,,,,,,
ICT Incident & Operational Event Management Guideline_v2.0,provided on the Intranet website.,,,,,,,,,,,,,,,
ICT Incident & Operational Event Management Guideline_v2.0,,,,,,,,,,,,,,,,
ICT Incident & Operational Event Management Guideline_v2.0,ID: 1,,,,,,,,,,,,,,,
ICT Incident & Operational Event Management Guideline_v2.0,,ICT-related Incident Rules & Procedures,,,,,,,,,,,,,,
ICT Incident & Operational Event Management Guideline_v2.0,(version 2.0),,,,,,,,,,,,,,,
ICT Incident & Operational Event Management Guideline_v2.0,,,,,,,,,,,,,,,,
ICT Incident & Operational Event Management Guideline_v2.0,1,It must be ensured that ICT-related Incident Rules & Procedures are,,,,,,,,,,,,,,
ICT Incident & Operational Event Management Guideline_v2.0,,established and in place.,,,,,,,,,,,,,,
ICT Incident & Operational Event Management Guideline_v2.0,DOR.ICT.INC.PRO.001,,,,,,,,,,,,,,,
ICT Incident & Operational Event Management Guideline_v2.0,1.1,ICT-related Incident Management rules and procedures must be in place to,,,,,,,,,,,,,,
ICT Incident & Operational Event Management Guideline_v2.0,,"record all incidents and significant cyber threats, consistently monitor, handle,",,,,,,,,,,,,,,
ICT Incident & Operational Event Management Guideline_v2.0,DOR.ICT.INC.PRO.002,,,,,,,,,,,,,,,
ICT Incident & Operational Event Management Guideline_v2.0,,"and follow-up to identify root causes, to document and address them and",,,,,,,,,,,,,,
ICT Incident & Operational Event Management Guideline_v2.0,,,,,,,,,,,,,,,,
ICT Incident & Operational Event Management Guideline_v2.0,,prevent occurrence of such incidents. Such documents must be reviewed /,,,,,,,,,,,,,,
ICT Incident & Operational Event Management Guideline_v2.0,,"updated on a regular basis, at least once every 12 months.",,,,,,,,,,,,,,
ICT Incident & Operational Event Management Guideline_v2.0,,"Asset-Types: Business Process, End User Device",,,,,,,,,,,,,,
ICT Incident & Operational Event Management Guideline_v2.0,,Key References: DORA 2022/2554 A.17.2,,,,,,,,,,,,,,
ICT Incident & Operational Event Management Guideline_v2.0,1.2,The ICT-related Incident Management processes must be reviewed on a,,,,,,,,,,,,,,
ICT Incident & Operational Event Management Guideline_v2.0,,"regular basis, at least every 12 months.",,,,,,,,,,,,,,
ICT Incident & Operational Event Management Guideline_v2.0,DOR.ICT.INC.PRO.003,,,,,,,,,,,,,,,
ICT Incident & Operational Event Management Guideline_v2.0,,Asset-Types: Business Process,,,,,,,,,,,,,,
ICT Incident & Operational Event Management Guideline_v2.0,,Key References: ISO 27001:2022 Cor 202203 A.5.24,,,,,,,,,,,,,,
ICT Incident & Operational Event Management Guideline_v2.0,1.3,The ICT-related Incident Management process must contain the following:,,,,,,,,,,,,,,
ICT Incident & Operational Event Management Guideline_v2.0,DOR.ICT.INC.PRO.004,Asset-Types: Business Process,,,,,,,,,,,,,,
ICT Incident & Operational Event Management Guideline_v2.0,,Key References: DORA 2022/2554 A.17.3a),,,,,,,,,,,,,,
ICT Incident & Operational Event Management Guideline_v2.0,1.3.1,Early warning indicators,,,,,,,,,,,,,,
ICT Incident & Operational Event Management Guideline_v2.0,DOR.ICT.INC.PRO.005,Asset-Types: Business Process,,,,,,,,,,,,,,
ICT Incident & Operational Event Management Guideline_v2.0,,Key References: DORA 2022/2554 A.17.3a),,,,,,,,,,,,,,
ICT Incident & Operational Event Management Guideline_v2.0,1.3.2,"Established procedures for identifying, tracking, and categorizing incidents",,,,,,,,,,,,,,
ICT Incident & Operational Event Management Guideline_v2.0,,"based on priority, severity, and criticality of services and including forensic",,,,,,,,,,,,,,
ICT Incident & Operational Event Management Guideline_v2.0,DOR.ICT.INC.PRO.006,,,,,,,,,,,,,,,
ICT Incident & Operational Event Management Guideline_v2.0,,investigations.,,,,,,,,,,,,,,
ICT Incident & Operational Event Management Guideline_v2.0,,,,,,,,,,,,,,,,
ICT Incident & Operational Event Management Guideline_v2.0,,Asset-Types: Business Process,,,,,,,,,,,,,,
ICT Incident & Operational Event Management Guideline_v2.0,,Key References: DORA 2022/2554 A.17.3b),,,,,,,,,,,,,,
ICT Incident & Operational Event Management Guideline_v2.0,1.3.3,Assigned roles and responsibilities that need to be activated in different,,,,,,,,,,,,,,
ICT Incident & Operational Event Management Guideline_v2.0,,incident types and scenarios to effectively detect and respond to ICT-,,,,,,,,,,,,,,
ICT Incident & Operational Event Management Guideline_v2.0,DOR.ICT.INC.PRO.007,,,,,,,,,,,,,,,
ICT Incident & Operational Event Management Guideline_v2.0,,related Incidents and anomalous activities.,,,,,,,,,,,,,,
ICT Incident & Operational Event Management Guideline_v2.0,,,,,,,,,,,,,,,,
ICT Incident & Operational Event Management Guideline_v2.0,,Asset-Types: Business Process,,,,,,,,,,,,,,
ICT Incident & Operational Event Management Guideline_v2.0,,Key References: DORA 2022/2554 A.17.3c),,,,,,,,,,,,,,
ICT Incident & Operational Event Management Guideline_v2.0,1.3.4,"Communication plan to staff, stakeholders, media, clients, internal",,,,,,,,,,,,,,
ICT Incident & Operational Event Management Guideline_v2.0,,escalation procedures.,,,,,,,,,,,,,,
ICT Incident & Operational Event Management Guideline_v2.0,DOR.ICT.INC.PRO.008,,,,,,,,,,,,,,,
ICT Incident & Operational Event Management Guideline_v2.0,,Asset-Types: Business Process,,,,,,,,,,,,,,
ICT Incident & Operational Event Management Guideline_v2.0,,Key References: DORA 2022/2554 A.17.3d),,,,,,,,,,,,,,
ICT Incident & Operational Event Management Guideline_v2.0,1.3.5,Established response procedures to mitigate impacts and ensure services,,,,,,,,,,,,,,
ICT Incident & Operational Event Management Guideline_v2.0,,become operational and secure in a timely manner.,,,,,,,,,,,,,,
ICT Incident & Operational Event Management Guideline_v2.0,DOR.ICT.INC.PRO.009,,,,,,,,,,,,,,,
ICT Incident & Operational Event Management Guideline_v2.0,,Asset-Types: Business Process,,,,,,,,,,,,,,
ICT Incident & Operational Event Management Guideline_v2.0,,Key References: DORA 2022/2554 A.17.3f),,,,,,,,,,,,,,
ICT Incident & Operational Event Management Guideline_v2.0,ID: 2,,,,,,,,,,,,,,,
ICT Incident & Operational Event Management Guideline_v2.0,,Additional organizational Capabilities,,,,,,,,,,,,,,
ICT Incident & Operational Event Management Guideline_v2.0,(version 2.0),,,,,,,,,,,,,,,
ICT Incident & Operational Event Management Guideline_v2.0,,,,,,,,,,,,,,,,
ICT Incident & Operational Event Management Guideline_v2.0,2,It must be ensured that ICT-related Incident Prevention & Preparation is,,,,,,,,,,,,,,
ICT Incident & Operational Event Management Guideline_v2.0,,established and in place.,,,,,,,,,,,,,,
ICT Incident & Operational Event Management Guideline_v2.0,DOR.ICT.INC.ADD.001,,,,,,,,,,,,,,,
ICT Incident & Operational Event Management Guideline_v2.0,2.1,A Security Operations Center must be established that performs real-time,,,,,,,,,,,,,,
ICT Incident & Operational Event Management Guideline_v2.0,,monitoring and analysis of security-related events.,,,,,,,,,,,,,,
ICT Incident & Operational Event Management Guideline_v2.0,DOR.ICT.INC.ADD.002,,,,,,,,,,,,,,,
ICT Incident & Operational Event Management Guideline_v2.0,,"Asset-Types: Business Process, Commercial-off-the-Shelf Solution, Underlaying",,,,,,,,,,,,,,
ICT Incident & Operational Event Management Guideline_v2.0,,"Software/Technology, SaaS, Tool, Certificate, Software Appliance, Hardware",,,,,,,,,,,,,,
ICT Incident & Operational Event Management Guideline_v2.0,,"Appliance, Network Connection, Room",,,,,,,,,,,,,,
ICT Incident & Operational Event Management Guideline_v2.0,,Key References: ISO 27001:2022 Cor 202203 A.5.26,,,,,,,,,,,,,,
ICT Incident & Operational Event Management Guideline_v2.0,2.2,Incident response capabilities must be present at the organizational level.,,,,,,,,,,,,,,
ICT Incident & Operational Event Management Guideline_v2.0,DOR.ICT.INC.ADD.003,"Asset-Types: Business Process, End User Device",,,,,,,,,,,,,,
ICT Incident & Operational Event Management Guideline_v2.0,,Key References: ISO 27001:2022 Cor 202203 A.5.24,,,,,,,,,,,,,,
ICT Incident & Operational Event Management Guideline_v2.0,2.3,"The needed skills and training for the staff, that is handling ICT-related",,,,,,,,,,,,,,
ICT Incident & Operational Event Management Guideline_v2.0,,"Incidents and related data and evidence, must be defined and the relevant",,,,,,,,,,,,,,
ICT Incident & Operational Event Management Guideline_v2.0,DOR.ICT.INC.ADD.004,staff needs to be aware of their responsibilities and trained accordingly.,,,,,,,,,,,,,,
ICT Incident & Operational Event Management Guideline_v2.0,,,,,,,,,,,,,,,,
ICT Incident & Operational Event Management Guideline_v2.0,,Asset-Types: Business Process,,,,,,,,,,,,,,
ICT Incident & Operational Event Management Guideline_v2.0,,Key References: ISO 27001:2022 Cor 202203 A.5.24,,,,,,,,,,,,,,
ICT Incident & Operational Event Management Guideline_v2.0,ID: 3,,,,,,,,,,,,,,,
ICT Incident & Operational Event Management Guideline_v2.0,,Event Logging,,,,,,,,,,,,,,
ICT Incident & Operational Event Management Guideline_v2.0,(version 2.0),,,,,,,,,,,,,,,
ICT Incident & Operational Event Management Guideline_v2.0,,,,,,,,,,,,,,,,
ICT Incident & Operational Event Management Guideline_v2.0,3,It must be ensured that event logging is established and in place.,,,,,,,,,,,,,,
ICT Incident & Operational Event Management Guideline_v2.0,DOR.ICT.INC.EVL.001,,,,,,,,,,,,,,,
ICT Incident & Operational Event Management Guideline_v2.0,3.1,"Logging procedures, protocols and tools must be established and documented.",,,,,,,,,,,,,,
ICT Incident & Operational Event Management Guideline_v2.0,DOR.ICT.INC.EVL.002,"Asset-Types: Information, Business Process, Commercial-off-the-Shelf Solution,",,,,,,,,,,,,,,
ICT Incident & Operational Event Management Guideline_v2.0,,"Underlaying Software/Technology, SaaS, Desktop Application, Tool, Certificate,",,,,,,,,,,,,,,
ICT Incident & Operational Event Management Guideline_v2.0,,"Software Appliance, Hardware Appliance, Cloud Appliance, Operating System, Cloud",,,,,,,,,,,,,,
ICT Incident & Operational Event Management Guideline_v2.0,,"PaaS, Container, End User Device, Mobile Device, Processing Peripheral, Other",,,,,,,,,,,,,,
ICT Incident & Operational Event Management Guideline_v2.0,,"Device, Storage, Server & Host Hardware, Network Connection",,,,,,,,,,,,,,
ICT Incident & Operational Event Management Guideline_v2.0,,Key References: DORA RTS RMF A.12 1),,,,,,,,,,,,,,
ICT Incident & Operational Event Management Guideline_v2.0,3.2,It must be ensured that measures to detect failure of logging systems are in,,,,,,,,,,,,,,
ICT Incident & Operational Event Management Guideline_v2.0,,place.,,,,,,,,,,,,,,
ICT Incident & Operational Event Management Guideline_v2.0,DOR.ICT.INC.EVL.003,,,,,,,,,,,,,,,
ICT Incident & Operational Event Management Guideline_v2.0,,"Asset-Types: Information, Commercial-off-the-Shelf Solution, Underlaying",,,,,,,,,,,,,,
ICT Incident & Operational Event Management Guideline_v2.0,,"Software/Technology, SaaS, Desktop Application, Tool, Certificate, Software Appliance,",,,,,,,,,,,,,,
ICT Incident & Operational Event Management Guideline_v2.0,,"Hardware Appliance, Cloud Appliance, Operating System, Cloud PaaS, Container, End",,,,,,,,,,,,,,
ICT Incident & Operational Event Management Guideline_v2.0,,"User Device, Mobile Device, Processing Peripheral, Other Device, Storage, Server &",,,,,,,,,,,,,,
ICT Incident & Operational Event Management Guideline_v2.0,,"Host Hardware, Network Connection",,,,,,,,,,,,,,
ICT Incident & Operational Event Management Guideline_v2.0,,Key References: DORA RTS RMF A.12 2d),,,,,,,,,,,,,,
ICT Incident & Operational Event Management Guideline_v2.0,3.3,"Event logging, retention period and measures for securing and handling log",,,,,,,,,,,,,,
ICT Incident & Operational Event Management Guideline_v2.0,,data must be elements of the logging procedures.,,,,,,,,,,,,,,
ICT Incident & Operational Event Management Guideline_v2.0,DOR.ICT.INC.EVL.004,,,,,,,,,,,,,,,
ICT Incident & Operational Event Management Guideline_v2.0,,"Asset-Types: Information, Business Process, Commercial-off-the-Shelf Solution,",,,,,,,,,,,,,,
ICT Incident & Operational Event Management Guideline_v2.0,,"Underlaying Software/Technology, SaaS, Desktop Application, Tool, Certificate,",,,,,,,,,,,,,,
ICT Incident & Operational Event Management Guideline_v2.0,,"Software Appliance, Hardware Appliance, Cloud Appliance, Operating System, Cloud",,,,,,,,,,,,,,
ICT Incident & Operational Event Management Guideline_v2.0,,"PaaS, Container, End User Device, Mobile Device, Processing Peripheral, Other",,,,,,,,,,,,,,
ICT Incident & Operational Event Management Guideline_v2.0,ID: 4,,,,,,,,,,,,,,,
ICT Incident & Operational Event Management Guideline_v2.0,,ICT-related Incident and Event Monitoring,,,,,,,,,,,,,,
ICT Incident & Operational Event Management Guideline_v2.0,(version 2.0),,,,,,,,,,,,,,,
ICT Incident & Operational Event Management Guideline_v2.0,,,,,,,,,,,,,,,,
ICT Incident & Operational Event Management Guideline_v2.0,4,It must be ensured that ICT-related Incident and Event Monitoring is,,,,,,,,,,,,,,
ICT Incident & Operational Event Management Guideline_v2.0,,established and in place.,,,,,,,,,,,,,,
ICT Incident & Operational Event Management Guideline_v2.0,DOR.ICT.INC.MON.001,,,,,,,,,,,,,,,
ICT Incident & Operational Event Management Guideline_v2.0,4.1,A security information and event management (SIEM or equivalent at the,,,,,,,,,,,,,,
ICT Incident & Operational Event Management Guideline_v2.0,DOR.ICT.INC.MON.002,legal entity) must be implemented and maintained.,,,,,,,,,,,,,,
ICT Incident & Operational Event Management Guideline_v2.0,,,,,,,,,,,,,,,,
ICT Incident & Operational Event Management Guideline_v2.0,,"Asset-Types: Information, Business Process, Commercial-off-the-Shelf Solution,",,,,,,,,,,,,,,
ICT Incident & Operational Event Management Guideline_v2.0,,"Underlaying Software/Technology, SaaS, Tool, Certificate, Software Appliance,",,,,,,,,,,,,,,
ICT Incident & Operational Event Management Guideline_v2.0,,"Hardware Appliance, Container, Storage, Server & Host Hardware, Network",,,,,,,,,,,,,,
ICT Incident & Operational Event Management Guideline_v2.0,,"Connection, Supplier",,,,,,,,,,,,,,
ICT Incident & Operational Event Management Guideline_v2.0,,Key References: ISO 27001:2022 Cor 202203 A.8.15,,,,,,,,,,,,,,
ICT Incident & Operational Event Management Guideline_v2.0,4.2,"Mechanisms must be in place to promptly detect anomalous activities,",,,,,,,,,,,,,,
ICT Incident & Operational Event Management Guideline_v2.0,,"including ICT network performance issues, ICT-related Incidents, and",,,,,,,,,,,,,,
ICT Incident & Operational Event Management Guideline_v2.0,DOR.ICT.INC.MON.003,,,,,,,,,,,,,,,
ICT Incident & Operational Event Management Guideline_v2.0,,potential material single points of failure.,,,,,,,,,,,,,,
ICT Incident & Operational Event Management Guideline_v2.0,,,,,,,,,,,,,,,,
ICT Incident & Operational Event Management Guideline_v2.0,,"Asset-Types: Information, Business Process, Commercial-off-the-Shelf Solution,",,,,,,,,,,,,,,
ICT Incident & Operational Event Management Guideline_v2.0,,"Underlaying Software/Technology, SaaS, Tool, Certificate, Software Appliance,",,,,,,,,,,,,,,
ICT Incident & Operational Event Management Guideline_v2.0,,"Hardware Appliance, Cloud Appliance, Operating System, Cloud PaaS, Container,",,,,,,,,,,,,,,
ICT Incident & Operational Event Management Guideline_v2.0,,"End User Device, Mobile Device, Processing Peripheral, Other Device, Storage,",,,,,,,,,,,,,,
ICT Incident & Operational Event Management Guideline_v2.0,,"Server & Host Hardware, Network Connection, Building, Room, Datacenter",,,,,,,,,,,,,,
ICT Incident & Operational Event Management Guideline_v2.0,,Key References: DORA 2022/2554 A.10.1,,,,,,,,,,,,,,
ICT Incident & Operational Event Management Guideline_v2.0,4.3,ICT Systems must be monitored for anomalous behavior.,,,,,,,,,,,,,,
ICT Incident & Operational Event Management Guideline_v2.0,DOR.ICT.INC.MON.004,"Asset-Types: Information, Commercial-off-the-Shelf Solution, Underlaying",,,,,,,,,,,,,,
ICT Incident & Operational Event Management Guideline_v2.0,,"Software/Technology, SaaS, Tool, Certificate, Software Appliance, Hardware",,,,,,,,,,,,,,
ICT Incident & Operational Event Management Guideline_v2.0,,"Appliance, Cloud Appliance, Operating System, Cloud PaaS, Container, End User",,,,,,,,,,,,,,
ICT Incident & Operational Event Management Guideline_v2.0,,"Device, Mobile Device, Processing Peripheral, Other Device, Storage, Server & Host",,,,,,,,,,,,,,
ICT Incident & Operational Event Management Guideline_v2.0,,"Hardware, Network Connection",,,,,,,,,,,,,,
ICT Incident & Operational Event Management Guideline_v2.0,,Key References: ISO 27001:2022 Cor 202203 A.8.15,,,,,,,,,,,,,,
ICT Incident & Operational Event Management Guideline_v2.0,4.4,A database activity monitoring system (DAM or equivalent at the legal entity),,,,,,,,,,,,,,
ICT Incident & Operational Event Management Guideline_v2.0,,must be implemented and maintained for databases where applicable.,,,,,,,,,,,,,,
ICT Incident & Operational Event Management Guideline_v2.0,DOR.ICT.INC.MON.005,,,,,,,,,,,,,,,
ICT Incident & Operational Event Management Guideline_v2.0,,"Asset-Types: Business Process, Cloud IaaS / Virtual Machines, Server and Host",,,,,,,,,,,,,,
ICT Incident & Operational Event Management Guideline_v2.0,,"Hardware, DBMS and database",,,,,,,,,,,,,,
ICT Incident & Operational Event Management Guideline_v2.0,,Key References: DORA RTS RMF Art. 23.2(a)(iii); ISO/IEC 27001:2022 A.8.16,,,,,,,,,,,,,,
ICT Incident & Operational Event Management Guideline_v2.0,4.5,"A set of correlation rules (DAM Policies and Pipelines) must be developed,",,,,,,,,,,,,,,
ICT Incident & Operational Event Management Guideline_v2.0,,"tested, documented, and maintained through a structured lifecycle process to",,,,,,,,,,,,,,
ICT Incident & Operational Event Management Guideline_v2.0,DOR.ICT.INC.MON.006,,,,,,,,,,,,,,,
ICT Incident & Operational Event Management Guideline_v2.0,,identify anomalous activities and behaviors for databases.,,,,,,,,,,,,,,
ICT Incident & Operational Event Management Guideline_v2.0,,,,,,,,,,,,,,,,
ICT Incident & Operational Event Management Guideline_v2.0,,Asset-Types: Business Process,,,,,,,,,,,,,,
ICT Incident & Operational Event Management Guideline_v2.0,,Key References: DORA RTS RMF Art. 23.3,,,,,,,,,,,,,,
ICT Incident & Operational Event Management Guideline_v2.0,4.6,Cyber threat intelligence and behavioral analytics should be used for,,,,,,,,,,,,,,
ICT Incident & Operational Event Management Guideline_v2.0,,database events monitoring.,,,,,,,,,,,,,,
ICT Incident & Operational Event Management Guideline_v2.0,DOR.ICT.INC.MON.007,,,,,,,,,,,,,,,
ICT Incident & Operational Event Management Guideline_v2.0,,"Asset-Types: Business Process, Commercial of the Shelf Solution",,,,,,,,,,,,,,
ICT Incident & Operational Event Management Guideline_v2.0,,Key References: DORA RTS RMF Art. 23.4; ISO/IEC 27001:2022 A.5.7,,,,,,,,,,,,,,
ICT Incident & Operational Event Management Guideline_v2.0,4.7,"Detection mechanisms must incorporate multiple layers of control, including",,,,,,,,,,,,,,
ICT Incident & Operational Event Management Guideline_v2.0,,the definition of alert thresholds and criteria that trigger ICT-related Incident,,,,,,,,,,,,,,
ICT Incident & Operational Event Management Guideline_v2.0,DOR.ICT.INC.MON.008,,,,,,,,,,,,,,,
ICT Incident & Operational Event Management Guideline_v2.0,,response processes.,,,,,,,,,,,,,,
ICT Incident & Operational Event Management Guideline_v2.0,,,,,,,,,,,,,,,,
ICT Incident & Operational Event Management Guideline_v2.0,,"Asset-Types: Information, Business Process, Commercial-off-the-Shelf Solution,",,,,,,,,,,,,,,
ICT Incident & Operational Event Management Guideline_v2.0,,,,,,,,,,,,,,,,
ICT Incident & Operational Event Management Guideline_v2.0,,"Underlaying Software/Technology, SaaS, Tool, Certificate, Software Appliance,",,,,,,,,,,,,,,
ICT Incident & Operational Event Management Guideline_v2.0,ID: 5,,,,,,,,,,,,,,,
ICT Incident & Operational Event Management Guideline_v2.0,,ICT-related Incident Identification,,,,,,,,,,,,,,
ICT Incident & Operational Event Management Guideline_v2.0,(version 2.0),,,,,,,,,,,,,,,
ICT Incident & Operational Event Management Guideline_v2.0,,,,,,,,,,,,,,,,
ICT Incident & Operational Event Management Guideline_v2.0,5,It must be ensured that ICT-related Incident Identification is established,,,,,,,,,,,,,,
ICT Incident & Operational Event Management Guideline_v2.0,,and in place.,,,,,,,,,,,,,,
ICT Incident & Operational Event Management Guideline_v2.0,DOR.ICT.INC.IDN.001,,,,,,,,,,,,,,,
ICT Incident & Operational Event Management Guideline_v2.0,5.1,There must be a process for determining the priority of an incident based on,,,,,,,,,,,,,,
ICT Incident & Operational Event Management Guideline_v2.0,,the impact and urgency assessment.,,,,,,,,,,,,,,
ICT Incident & Operational Event Management Guideline_v2.0,DOR.ICT.INC.IDN.002,,,,,,,,,,,,,,,
ICT Incident & Operational Event Management Guideline_v2.0,,Asset-Types: Business Process,,,,,,,,,,,,,,
ICT Incident & Operational Event Management Guideline_v2.0,,Key References: ICT Risk Framework 1.0,,,,,,,,,,,,,,
ICT Incident & Operational Event Management Guideline_v2.0,5.2,Criteria for functional (to the next level of support) and hierarchical escalation,,,,,,,,,,,,,,
ICT Incident & Operational Event Management Guideline_v2.0,,(to the next level of management) must be defined in the process.,,,,,,,,,,,,,,
ICT Incident & Operational Event Management Guideline_v2.0,DOR.ICT.INC.IDN.003,,,,,,,,,,,,,,,
ICT Incident & Operational Event Management Guideline_v2.0,,Asset-Types: Business Process,,,,,,,,,,,,,,
ICT Incident & Operational Event Management Guideline_v2.0,,Key References: ICT Risk Framework 1.0,,,,,,,,,,,,,,
ICT Incident & Operational Event Management Guideline_v2.0,5.3,The process must escalate unresolved ICT-related Incidents in such a way as,,,,,,,,,,,,,,
ICT Incident & Operational Event Management Guideline_v2.0,,to ensure that target resolution and reaction times are not exceeded.,,,,,,,,,,,,,,
ICT Incident & Operational Event Management Guideline_v2.0,DOR.ICT.INC.IDN.004,,,,,,,,,,,,,,,
ICT Incident & Operational Event Management Guideline_v2.0,,Asset-Types: Business Process,,,,,,,,,,,,,,
ICT Incident & Operational Event Management Guideline_v2.0,,Key References: ICT Risk Framework 1.0,,,,,,,,,,,,,,
ICT Incident & Operational Event Management Guideline_v2.0,5.4,If the initial investigation and diagnosis activities reveal an incident whose,,,,,,,,,,,,,,
ICT Incident & Operational Event Management Guideline_v2.0,,"priority requires immediate escalation, it must be appropriately escalated",,,,,,,,,,,,,,
ICT Incident & Operational Event Management Guideline_v2.0,DOR.ICT.INC.IDN.005,,,,,,,,,,,,,,,
ICT Incident & Operational Event Management Guideline_v2.0,,(hierarchical and functional).,,,,,,,,,,,,,,
ICT Incident & Operational Event Management Guideline_v2.0,,,,,,,,,,,,,,,,
ICT Incident & Operational Event Management Guideline_v2.0,,Asset-Types: Business Process,,,,,,,,,,,,,,
ICT Incident & Operational Event Management Guideline_v2.0,,Key References: ICT Risk Framework 1.0,,,,,,,,,,,,,,
ICT Incident & Operational Event Management Guideline_v2.0,5.5,The process must ensure that methods for detecting and reporting ICT-related,,,,,,,,,,,,,,
ICT Incident & Operational Event Management Guideline_v2.0,,Incidents are at defined intervals tested.,,,,,,,,,,,,,,
ICT Incident & Operational Event Management Guideline_v2.0,DOR.ICT.INC.IDN.006,,,,,,,,,,,,,,,
ICT Incident & Operational Event Management Guideline_v2.0,,Asset-Types: Business Process,,,,,,,,,,,,,,
ICT Incident & Operational Event Management Guideline_v2.0,,Key References: ICT Risk Framework 1.0,,,,,,,,,,,,,,
ICT Incident & Operational Event Management Guideline_v2.0,ID: 6,,,,,,,,,,,,,,,
ICT Incident & Operational Event Management Guideline_v2.0,,ICT-related Incident and Threat Classification,,,,,,,,,,,,,,
ICT Incident & Operational Event Management Guideline_v2.0,(version 2.0),,,,,,,,,,,,,,,
ICT Incident & Operational Event Management Guideline_v2.0,,,,,,,,,,,,,,,,
ICT Incident & Operational Event Management Guideline_v2.0,6,It must be ensured that ICT-related Incident Classification is defined and,,,,,,,,,,,,,,
ICT Incident & Operational Event Management Guideline_v2.0,,established.,,,,,,,,,,,,,,
ICT Incident & Operational Event Management Guideline_v2.0,DOR.ICT.INC.CLS.001,,,,,,,,,,,,,,,
ICT Incident & Operational Event Management Guideline_v2.0,6.1,A process must be established to classify ICT-related Incidents based on their,,,,,,,,,,,,,,
ICT Incident & Operational Event Management Guideline_v2.0,,"impacts on clients, financial counterparts, transactions, reputational impact,",,,,,,,,,,,,,,
ICT Incident & Operational Event Management Guideline_v2.0,DOR.ICT.INC.CLS.002,,,,,,,,,,,,,,,
ICT Incident & Operational Event Management Guideline_v2.0,,"service downtime, geographical spread, data losses, critical services, and",,,,,,,,,,,,,,
ICT Incident & Operational Event Management Guideline_v2.0,,,,,,,,,,,,,,,,
ICT Incident & Operational Event Management Guideline_v2.0,,economic impact.,,,,,,,,,,,,,,
ICT Incident & Operational Event Management Guideline_v2.0,,Asset-Types: Business Process,,,,,,,,,,,,,,
ICT Incident & Operational Event Management Guideline_v2.0,,Key References: DORA 2022/2554 A.18.2),,,,,,,,,,,,,,
ICT Incident & Operational Event Management Guideline_v2.0,6.2,It must be ensured that a specific materiality threshold is defined for each,,,,,,,,,,,,,,
ICT Incident & Operational Event Management Guideline_v2.0,,classification criteria to determine when an ICT-related Incident qualifies as a,,,,,,,,,,,,,,
ICT Incident & Operational Event Management Guideline_v2.0,DOR.ICT.INC.CLS.003,,,,,,,,,,,,,,,
ICT Incident & Operational Event Management Guideline_v2.0,,major ICT-related Incident2.,,,,,,,,,,,,,,
ICT Incident & Operational Event Management Guideline_v2.0,,,,,,,,,,,,,,,,
ICT Incident & Operational Event Management Guideline_v2.0,,Asset-Types: Business Process,,,,,,,,,,,,,,
ICT Incident & Operational Event Management Guideline_v2.0,,Key References: DORA RTS Major Incid. Class. A.9 14,,,,,,,,,,,,,,
ICT Incident & Operational Event Management Guideline_v2.0,6.3,The number of the affected clients and financial counterparts must be,,,,,,,,,,,,,,
ICT Incident & Operational Event Management Guideline_v2.0,,determined by evaluating those unable to use the service or adversely,,,,,,,,,,,,,,
ICT Incident & Operational Event Management Guideline_v2.0,DOR.ICT.INC.CLS.004,,,,,,,,,,,,,,,
ICT Incident & Operational Event Management Guideline_v2.0,,"impacted during the ICT-related Incident, including third parties covered by",,,,,,,,,,,,,,
ICT Incident & Operational Event Management Guideline_v2.0,,,,,,,,,,,,,,,,
ICT Incident & Operational Event Management Guideline_v2.0,,contractual agreements.,,,,,,,,,,,,,,
ICT Incident & Operational Event Management Guideline_v2.0,,Asset-Types: Business Process,,,,,,,,,,,,,,
ICT Incident & Operational Event Management Guideline_v2.0,,Key References: DORA 2022/2554 A.18.1.a),,,,,,,,,,,,,,
ICT Incident & Operational Event Management Guideline_v2.0,6.4,"All transactions affected by the ICT-related Incident must be assessed,",,,,,,,,,,,,,,
ICT Incident & Operational Event Management Guideline_v2.0,,focusing on those involving monetary amounts and having a part of the,,,,,,,,,,,,,,
ICT Incident & Operational Event Management Guideline_v2.0,DOR.ICT.INC.CLS.005,,,,,,,,,,,,,,,
ICT Incident & Operational Event Management Guideline_v2.0,,transaction within the European Union.,,,,,,,,,,,,,,
ICT Incident & Operational Event Management Guideline_v2.0,,,,,,,,,,,,,,,,
ICT Incident & Operational Event Management Guideline_v2.0,,Asset-Types: Business Process,,,,,,,,,,,,,,
ICT Incident & Operational Event Management Guideline_v2.0,,Key References: DORA RTS Major Incid. Class. A.1.4),,,,,,,,,,,,,,
ICT Incident & Operational Event Management Guideline_v2.0,6.5,"If the exact number of affected clients, counterparts or amount or number of",,,,,,,,,,,,,,
ICT Incident & Operational Event Management Guideline_v2.0,,"transactions cannot be determined, an estimation must be applied based on",,,,,,,,,,,,,,
ICT Incident & Operational Event Management Guideline_v2.0,DOR.ICT.INC.CLS.006,,,,,,,,,,,,,,,
ICT Incident & Operational Event Management Guideline_v2.0,,available data from comparable reference periods.,,,,,,,,,,,,,,
ICT Incident & Operational Event Management Guideline_v2.0,,,,,,,,,,,,,,,,
ICT Incident & Operational Event Management Guideline_v2.0,,Asset-Types: Business Process,,,,,,,,,,,,,,
ICT Incident & Operational Event Management Guideline_v2.0,,Key References: DORA RTS Major Incid. Class. A.1.5,,,,,,,,,,,,,,
ICT Incident & Operational Event Management Guideline_v2.0,6.6,The impact of the ICT-related Incident on the legal entity's reputation must be,,,,,,,,,,,,,,
ICT Incident & Operational Event Management Guideline_v2.0,,,The impact of the ICT-related Incident on the legal entity's reputation must be,,,,,,,,,,,,,
ICT Incident & Operational Event Management Guideline_v2.0,,,"determined, taking into account the level of visibility that the incident has",,,,,,,,,,,,,
ICT Incident & Operational Event Management Guideline_v2.0,DOR.ICT.INC.CLS.007,,,,,,,,,,,,,,,
ICT Incident & Operational Event Management Guideline_v2.0,,"gained or is likely to gain, as soon as one of the following conditions is met:","gained or is likely to gain, as soon as one of the following conditions is met",,,,,,,,,,,,,
ICT Incident & Operational Event Management Guideline_v2.0,,,,,,,,,,,,,,,,
ICT Incident & Operational Event Management Guideline_v2.0,,Asset-Types: Business Process,,,,,,,,,,,,,,
ICT Incident & Operational Event Management Guideline_v2.0,,Key References: DORA RTS Major Incid. Class. A.2.1.a),,,,,,,,,,,,,,
ICT Incident & Operational Event Management Guideline_v2.0,6.6.1,The ICT-related Incident has been reflected in the media.,,,,,,,,,,,,,,
ICT Incident & Operational Event Management Guideline_v2.0,DOR.ICT.INC.CLS.008,Asset-Types: Business Process,,,,,,,,,,,,,,
ICT Incident & Operational Event Management Guideline_v2.0,,Key References: DORA RTS Major Incid. Class. A.2.1.a),,,,,,,,,,,,,,
ICT Incident & Operational Event Management Guideline_v2.0,6.6.2,The legal entity has received repetitive complaints from different clients or,,,,,,,,,,,,,,
ICT Incident & Operational Event Management Guideline_v2.0,,counterparts on client-facing services or critical business relationships.,,,,,,,,,,,,,,
ICT Incident & Operational Event Management Guideline_v2.0,DOR.ICT.INC.CLS.009,,,,,,,,,,,,,,,
ICT Incident & Operational Event Management Guideline_v2.0,,Asset-Types: Business Process,,,,,,,,,,,,,,
ICT Incident & Operational Event Management Guideline_v2.0,,Key References: DORA RTS Major Incid. Class. A.2.1.b),,,,,,,,,,,,,,
ICT Incident & Operational Event Management Guideline_v2.0,ID: 7,,,,,,,,,,,,,,,
ICT Incident & Operational Event Management Guideline_v2.0,,ICT-related Incident Analysis,,,,,,,,,,,,,,
ICT Incident & Operational Event Management Guideline_v2.0,(version 2.0),,,,,,,,,,,,,,,
ICT Incident & Operational Event Management Guideline_v2.0,,,,,,,,,,,,,,,,
ICT Incident & Operational Event Management Guideline_v2.0,7,It must be ensured that ICT-related Incident Analysis procedures are,,,,,,,,,,,,,,
ICT Incident & Operational Event Management Guideline_v2.0,,established and in place.,,,,,,,,,,,,,,
ICT Incident & Operational Event Management Guideline_v2.0,DOR.ICT.INC.ANL.001,,,,,,,,,,,,,,,
ICT Incident & Operational Event Management Guideline_v2.0,7.1,Alerts or IS events must be analyzed and prioritized to confirm whether they,,,,,,,,,,,,,,
ICT Incident & Operational Event Management Guideline_v2.0,,are to be categorized as an ICT-related Incident.,,,,,,,,,,,,,,
ICT Incident & Operational Event Management Guideline_v2.0,DOR.ICT.INC.ANL.002,,,,,,,,,,,,,,,
ICT Incident & Operational Event Management Guideline_v2.0,,Asset-Types: Business Process,,,,,,,,,,,,,,
ICT Incident & Operational Event Management Guideline_v2.0,,Key References: DORA RTS RMF A.23.2c,,,,,,,,,,,,,,
ICT Incident & Operational Event Management Guideline_v2.0,7.2,A reaction (time from an IS alert to the beginning of the assessment of the IS,,,,,,,,,,,,,,
ICT Incident & Operational Event Management Guideline_v2.0,,alert/IS Event) and response (time to classify and assign an ICT-related,,,,,,,,,,,,,,
ICT Incident & Operational Event Management Guideline_v2.0,DOR.ICT.INC.ANL.003,,,,,,,,,,,,,,,
ICT Incident & Operational Event Management Guideline_v2.0,,Incident) to ICT-related Incidents must be ensured without undue delay (during,,,,,,,,,,,,,,
ICT Incident & Operational Event Management Guideline_v2.0,,,,,,,,,,,,,,,,
ICT Incident & Operational Event Management Guideline_v2.0,,and outside working hours) to ensure that the ICT-related Incident handling,,,,,,,,,,,,,,
ICT Incident & Operational Event Management Guideline_v2.0,,"process is initiated promptly. Additionally, the resolution of IS alerts not leading",,,,,,,,,,,,,,
ICT Incident & Operational Event Management Guideline_v2.0,,to an ICT-related Incident must also be ensured.,,,,,,,,,,,,,,
ICT Incident & Operational Event Management Guideline_v2.0,,Asset-Types: Business Process,,,,,,,,,,,,,,
ICT Incident & Operational Event Management Guideline_v2.0,,Key References: DORA RTS RMF A.23.2c,,,,,,,,,,,,,,
ICT Incident & Operational Event Management Guideline_v2.0,7.3,"During the assessment phase of an ICT-related Incident, the following",,,,,,,,,,,,,,
ICT Incident & Operational Event Management Guideline_v2.0,,information must be assessed:,,,,,,,,,,,,,,
ICT Incident & Operational Event Management Guideline_v2.0,DOR.ICT.INC.ANL.004,,,,,,,,,,,,,,,
ICT Incident & Operational Event Management Guideline_v2.0,,Asset-Types: Business Process,,,,,,,,,,,,,,
ICT Incident & Operational Event Management Guideline_v2.0,,Key References: ISO 27001:2022 Cor 202203 A.5.25,,,,,,,,,,,,,,
ICT Incident & Operational Event Management Guideline_v2.0,7.3.1,The cause and who is responsible for the ICT-related Incident.,,,,,,,,,,,,,,
ICT Incident & Operational Event Management Guideline_v2.0,DOR.ICT.INC.ANL.005,Asset-Types: Business Process,,,,,,,,,,,,,,
ICT Incident & Operational Event Management Guideline_v2.0,,Key References: ISO 27001:2022 Cor 202203 A.5.25,,,,,,,,,,,,,,
ICT Incident & Operational Event Management Guideline_v2.0,7.3.2,The scope of the ICT-related Incident.,,,,,,,,,,,,,,
ICT Incident & Operational Event Management Guideline_v2.0,DOR.ICT.INC.ANL.006,Asset-Types: Business Process,,,,,,,,,,,,,,
ICT Incident & Operational Event Management Guideline_v2.0,,Key References: ISO 27001:2022 Cor 202203 A.5.25,,,,,,,,,,,,,,
ICT Incident & Operational Event Management Guideline_v2.0,7.3.3,The impact caused by the ICT-related Incident.,,,,,,,,,,,,,,
ICT Incident & Operational Event Management Guideline_v2.0,DOR.ICT.INC.ANL.007,Asset-Types: Business Process,,,,,,,,,,,,,,
ICT Incident & Operational Event Management Guideline_v2.0,,Key References: ISO 27001:2022 Cor 202203 A.5.25,,,,,,,,,,,,,,
ICT Incident & Operational Event Management Guideline_v2.0,7.3.4,"Relevance regarding notification to external authorities (e.g., due to",,,,,,,,,,,,,,
ICT Incident & Operational Event Management Guideline_v2.0,,regulatory requirements or on ad-hoc request of external authority).,,,,,,,,,,,,,,
ICT Incident & Operational Event Management Guideline_v2.0,DOR.ICT.INC.ANL.008,,,,,,,,,,,,,,,
ICT Incident & Operational Event Management Guideline_v2.0,,Asset-Types: Business Process,,,,,,,,,,,,,,
ICT Incident & Operational Event Management Guideline_v2.0,,Key References: ISO 27001:2022 Cor 202203 A.5.25,,,,,,,,,,,,,,
ICT Incident & Operational Event Management Guideline_v2.0,7.3.5,The possible effects on assets.,,,,,,,,,,,,,,
ICT Incident & Operational Event Management Guideline_v2.0,DOR.ICT.INC.ANL.009,Asset-Types: Business Process,,,,,,,,,,,,,,
ICT Incident & Operational Event Management Guideline_v2.0,,Key References: ISO 27001:2022 Cor 202203 A.5.25,,,,,,,,,,,,,,
ICT Incident & Operational Event Management Guideline_v2.0,7.3.6,"If necessary, involvement or forwarding of the ICT-related Incident to the",,,,,,,,,,,,,,
ICT Incident & Operational Event Management Guideline_v2.0,,crisis management and business continuity management units.,,,,,,,,,,,,,,
ICT Incident & Operational Event Management Guideline_v2.0,DOR.ICT.INC.ANL.010,,,,,,,,,,,,,,,
ICT Incident & Operational Event Management Guideline_v2.0,,Asset-Types: Business Process,,,,,,,,,,,,,,
ICT Incident & Operational Event Management Guideline_v2.0,,Key References: ISO 27001:2022 Cor 202203 A.5.25,,,,,,,,,,,,,,
ICT Incident & Operational Event Management Guideline_v2.0,ID: 8,,,,,,,,,,,,,,,
ICT Incident & Operational Event Management Guideline_v2.0,,ICT-related Incident Regular Reporting,,,,,,,,,,,,,,
ICT Incident & Operational Event Management Guideline_v2.0,(version 2.0),,,,,,,,,,,,,,,
ICT Incident & Operational Event Management Guideline_v2.0,,,,,,,,,,,,,,,,
ICT Incident & Operational Event Management Guideline_v2.0,8,It must be ensured that ICT-related Incident Regular Reporting is,,,,,,,,,,,,,,
ICT Incident & Operational Event Management Guideline_v2.0,,established and in place.,,,,,,,,,,,,,,
ICT Incident & Operational Event Management Guideline_v2.0,DOR.ICT.INC.REP.001,,,,,,,,,,,,,,,
ICT Incident & Operational Event Management Guideline_v2.0,8.1,Overview and the process of ICT-related Incidents must be reported to the,,,,,,,,,,,,,,
ICT Incident & Operational Event Management Guideline_v2.0,,relevant stakeholders based on the need-to-know principle at defined intervals,,,,,,,,,,,,,,
ICT Incident & Operational Event Management Guideline_v2.0,DOR.ICT.INC.REP.002,,,,,,,,,,,,,,,
ICT Incident & Operational Event Management Guideline_v2.0,,and via standardized interfaces.,,,,,,,,,,,,,,
ICT Incident & Operational Event Management Guideline_v2.0,,,,,,,,,,,,,,,,
ICT Incident & Operational Event Management Guideline_v2.0,,Asset-Types: Business Process,,,,,,,,,,,,,,
ICT Incident & Operational Event Management Guideline_v2.0,,Key References: ISO 27001:2022 Cor 202203 A.5.26,,,,,,,,,,,,,,
ICT Incident & Operational Event Management Guideline_v2.0,ID: 9,,,,,,,,,,,,,,,
ICT Incident & Operational Event Management Guideline_v2.0,,ICT-related Incident Communication,,,,,,,,,,,,,,
ICT Incident & Operational Event Management Guideline_v2.0,(version 2.0),,,,,,,,,,,,,,,
ICT Incident & Operational Event Management Guideline_v2.0,,,,,,,,,,,,,,,,
ICT Incident & Operational Event Management Guideline_v2.0,9,There must be a procedure for the communication of ICT-related,,,,,,,,,,,,,,
ICT Incident & Operational Event Management Guideline_v2.0,,Incidents.,,,,,,,,,,,,,,
ICT Incident & Operational Event Management Guideline_v2.0,DOR.ICT.INC.COM.001,,,,,,,,,,,,,,,
ICT Incident & Operational Event Management Guideline_v2.0,9.1,The existence of an ICT-related Incident or any relevant details thereof must,,,,,,,,,,,,,,
ICT Incident & Operational Event Management Guideline_v2.0,,be communicated to other internal and external people or organizations,,,,,,,,,,,,,,
ICT Incident & Operational Event Management Guideline_v2.0,DOR.ICT.INC.COM.002,,,,,,,,,,,,,,,
ICT Incident & Operational Event Management Guideline_v2.0,,according to the ICT-related Incident communication plan on a need-to-know,,,,,,,,,,,,,,
ICT Incident & Operational Event Management Guideline_v2.0,,,,,,,,,,,,,,,,
ICT Incident & Operational Event Management Guideline_v2.0,,basis.,,,,,,,,,,,,,,
ICT Incident & Operational Event Management Guideline_v2.0,,"Asset-Types: Business Process, Tool, Certificate, Cloud Appliance, Cloud PaaS,",,,,,,,,,,,,,,
ICT Incident & Operational Event Management Guideline_v2.0,,"Container, End User Device, Mobile Device, Storage Media, Other Device, Storage,",,,,,,,,,,,,,,
ICT Incident & Operational Event Management Guideline_v2.0,,"Server & Host Hardware, Network Connection, Supplier",,,,,,,,,,,,,,
ICT Incident & Operational Event Management Guideline_v2.0,,Key References: ISO 27001:2022 Cor 202203 A.5.26,,,,,,,,,,,,,,
ICT Incident & Operational Event Management Guideline_v2.0,9.2,"For each ICT-related Incident, an analysis must be performed to determine",,,,,,,,,,,,,,
ICT Incident & Operational Event Management Guideline_v2.0,,which relevant authorities require notification.,,,,,,,,,,,,,,
ICT Incident & Operational Event Management Guideline_v2.0,DOR.ICT.INC.COM.003,,,,,,,,,,,,,,,
ICT Incident & Operational Event Management Guideline_v2.0,,"Major ICT-related Incident, Significant Cyber Threat and Recurring",,,,,,,,,,,,,,
ICT Incident & Operational Event Management Guideline_v2.0,ID: 10 (version 2.0),,,,,,,,,,,,,,,
ICT Incident & Operational Event Management Guideline_v2.0,,Incident Reporting,,,,,,,,,,,,,,
ICT Incident & Operational Event Management Guideline_v2.0,10,It must be ensured that a major ICT-related Incident and recurring ICT-,,,,,,,,,,,,,,
ICT Incident & Operational Event Management Guideline_v2.0,,related Incident reporting procedure is established and in place.,,,,,,,,,,,,,,
ICT Incident & Operational Event Management Guideline_v2.0,DOR.ICT.INC.MAJ.001,,,,,,,,,,,,,,,
ICT Incident & Operational Event Management Guideline_v2.0,10.1,Major ICT-related Incidents2 that meet the threshold must be reported to the,,,,,,,,,,,,,,
ICT Incident & Operational Event Management Guideline_v2.0,,"competent authorities and immediately to Management Body, including LE",,,,,,,,,,,,,,
ICT Incident & Operational Event Management Guideline_v2.0,DOR.ICT.INC.MAJ.002,,,,,,,,,,,,,,,
ICT Incident & Operational Event Management Guideline_v2.0,,CISO(s) of the impacted Legal Entities and the Group CISO:,,,,,,,,,,,,,,
ICT Incident & Operational Event Management Guideline_v2.0,,,,,,,,,,,,,,,,
ICT Incident & Operational Event Management Guideline_v2.0,,Asset-Types: Business Process,,,,,,,,,,,,,,
ICT Incident & Operational Event Management Guideline_v2.0,,Key References: DORA 2022/2554 A.19.1,,,,,,,,,,,,,,
ICT Incident & Operational Event Management Guideline_v2.0,10.1.1,The competent authorities must be provided with an initial notification,,,,,,,,,,,,,,
ICT Incident & Operational Event Management Guideline_v2.0,,"report as soon as possible, but no later than 4 hours after classifying an",,,,,,,,,,,,,,
ICT Incident & Operational Event Management Guideline_v2.0,DOR.ICT.INC.MAJ.003,,,,,,,,,,,,,,,
ICT Incident & Operational Event Management Guideline_v2.0,,"ICT-related Incident as major, and within 24 hours of becoming aware of",,,,,,,,,,,,,,
ICT Incident & Operational Event Management Guideline_v2.0,,,,,,,,,,,,,,,,
ICT Incident & Operational Event Management Guideline_v2.0,,the ICT-related Incident.,,,,,,,,,,,,,,
ICT Incident & Operational Event Management Guideline_v2.0,,Asset-Types: Business Process,,,,,,,,,,,,,,
ICT Incident & Operational Event Management Guideline_v2.0,,"Key References: DORA 2022/2554 A.19.1, 19.4a)",,,,,,,,,,,,,,
ICT Incident & Operational Event Management Guideline_v2.0,10.1.2,An intermediate report must be submitted within 72 hours of the initial,,,,,,,,,,,,,,
ICT Incident & Operational Event Management Guideline_v2.0,,"notification, detailing the updates on ICT-related Incident status, impact,",,,,,,,,,,,,,,
ICT Incident & Operational Event Management Guideline_v2.0,DOR.ICT.INC.MAJ.004,,,,,,,,,,,,,,,
ICT Incident & Operational Event Management Guideline_v2.0,,and actions taken.,,,,,,,,,,,,,,
ICT Incident & Operational Event Management Guideline_v2.0,,,,,,,,,,,,,,,,
ICT Incident & Operational Event Management Guideline_v2.0,,Asset-Types: Business Process,,,,,,,,,,,,,,
ICT Incident & Operational Event Management Guideline_v2.0,,Key References: DORA 2022/2554 A.19.1,,,,,,,,,,,,,,
ICT Incident & Operational Event Management Guideline_v2.0,10.1.3,A final report must be submitted within 1 month after the last intermediate,,,,,,,,,,,,,,
ICT Incident & Operational Event Management Guideline_v2.0,,"report, providing a full root cause analysis, impact, and actions taken.",,,,,,,,,,,,,,
ICT Incident & Operational Event Management Guideline_v2.0,DOR.ICT.INC.MAJ.006,,,,,,,,,,,,,,,
ICT Incident & Operational Event Management Guideline_v2.0,,Asset-Types: Business Process,,,,,,,,,,,,,,
ICT Incident & Operational Event Management Guideline_v2.0,,,,,,,,,,,,,,,,
ICT Incident & Operational Event Management Guideline_v2.0,,Key References: DORA 2022/2554 A.19.1,,,,,,,,,,,,,,
ICT Incident & Operational Event Management Guideline_v2.0,,,,,,,,,,,,,,,,
ICT Incident & Operational Event Management Guideline_v2.0,,,,,,,,,,,,,,,,
ICT Incident & Operational Event Management Guideline_v2.0,10.1.4,,"If the time limits for submitting the initial notification, intermediate report, or",,,,,,,,,,,,,
ICT Incident & Operational Event Management Guideline_v2.0,,,"final report cannot be met, the competent authority must be informed",,,,,,,,,,,,,
ICT Incident & Operational Event Management Guideline_v2.0,DOR.ICT.INC.MAJ.007,,,,,,,,,,,,,,,
ICT Incident & Operational Event Management Guideline_v2.0,,,"without undue delay, but no later than the respective time limits for the",,,,,,,,,,,,,
ICT Incident & Operational Event Management Guideline_v2.0,,,"submission, and an explanation for the reasons of the delay must be",,,,,,,,,,,,,
ICT Incident & Operational Event Management Guideline_v2.0,,provided.,provided.,,,,,,,,,,,,,
ICT Incident & Operational Event Management Guideline_v2.0,,Asset-Types: Business Process,,,,,,,,,,,,,,
ICT Incident & Operational Event Management Guideline_v2.0,,Key References: DORA 2022/2554 A.19.1,,,,,,,,,,,,,,
ICT Incident & Operational Event Management Guideline_v2.0,10.2,"For ICT-related Incidents to be reported under DORA, the requirements of ITS",,,,,,,,,,,,,,
ICT Incident & Operational Event Management Guideline_v2.0,,"2025/302, which describes standard forms, templates and procedures for",,,,,,,,,,,,,,
ICT Incident & Operational Event Management Guideline_v2.0,DOR.ICT.INC.MAJ.008,,,,,,,,,,,,,,,
ICT Incident & Operational Event Management Guideline_v2.0,,"reporting major ICT-related Incidents, must be followed.",,,,,,,,,,,,,,
ICT Incident & Operational Event Management Guideline_v2.0,,,,,,,,,,,,,,,,
ICT Incident & Operational Event Management Guideline_v2.0,,Asset-Types: Business Process,,,,,,,,,,,,,,
ICT Incident & Operational Event Management Guideline_v2.0,,"Key References: DORA RTS Major Incid. Class. A.1.a), A.1.b), A.1.c), A.1.5), A.8.1,",,,,,,,,,,,,,,
ICT Incident & Operational Event Management Guideline_v2.0,,RTS 2025/301,,,,,,,,,,,,,,
ICT Incident & Operational Event Management Guideline_v2.0,10.3,Significant updates or changes in the ICT-related Incident’s status must be,,,,,,,,,,,,,,
ICT Incident & Operational Event Management Guideline_v2.0,,reported immediately to the relevant stakeholders.,,,,,,,,,,,,,,
ICT Incident & Operational Event Management Guideline_v2.0,DOR.ICT.INC.MAJ.009,,,,,,,,,,,,,,,
ICT Incident & Operational Event Management Guideline_v2.0,,Asset-Types: Business Process,,,,,,,,,,,,,,
ICT Incident & Operational Event Management Guideline_v2.0,,Key References: DORA 2022/2554 A.19.4.b),,,,,,,,,,,,,,
ICT Incident & Operational Event Management Guideline_v2.0,10.4,It must be ensured that the information contained in the ICT-related Incident,,,,,,,,,,,,,,
ICT Incident & Operational Event Management Guideline_v2.0,,"notification, interim, final report and update is complete and accurate. If there",,,,,,,,,,,,,,
ICT Incident & Operational Event Management Guideline_v2.0,DOR.ICT.INC.MAJ.010,,,,,,,,,,,,,,,
ICT Incident & Operational Event Management Guideline_v2.0,,"is no accurate data available, estimated values based on other available dates",,,,,,,,,,,,,,
ICT Incident & Operational Event Management Guideline_v2.0,,,,,,,,,,,,,,,,
ICT Incident & Operational Event Management Guideline_v2.0,,,,,,,,,,,,,,,,
ICT Incident & Operational Event Management Guideline_v2.0,,and information must be provided.,,,,,,,,,,,,,,
ICT Incident & Operational Event Management Guideline_v2.0,ID: 12 (version,,,,,,,,,,,,,,,
ICT Incident & Operational Event Management Guideline_v2.0,,ICT-related Incident Lessons Learned,,,,,,,,,,,,,,
ICT Incident & Operational Event Management Guideline_v2.0,2.0),,,,,,,,,,,,,,,
ICT Incident & Operational Event Management Guideline_v2.0,,,,,,,,,,,,,,,,
ICT Incident & Operational Event Management Guideline_v2.0,12,It must be ensured that ICT-related Incident Lessons Learned procedures,,,,,,,,,,,,,,
ICT Incident & Operational Event Management Guideline_v2.0,,are established and in place.,,,,,,,,,,,,,,
ICT Incident & Operational Event Management Guideline_v2.0,DOR.ICT.INC.ILL.001,,,,,,,,,,,,,,,
ICT Incident & Operational Event Management Guideline_v2.0,12.1,Lessons learned exercises must be performed and documented after an ICT-,,,,,,,,,,,,,,
ICT Incident & Operational Event Management Guideline_v2.0,,related Incident took place to achieve the following criteria:,,,,,,,,,,,,,,
ICT Incident & Operational Event Management Guideline_v2.0,DOR.ICT.INC.ILL.002,,,,,,,,,,,,,,,
ICT Incident & Operational Event Management Guideline_v2.0,,Asset-Types: Business Process,,,,,,,,,,,,,,
ICT Incident & Operational Event Management Guideline_v2.0,,"Key References: ISO 27001:2022 Cor 202203 A.5.27, DORA 2022/2554 A.13",,,,,,,,,,,,,,
ICT Incident & Operational Event Management Guideline_v2.0,12.1.1,Improve the processes and procedures based on experiences from the ICT-,,,,,,,,,,,,,,
ICT Incident & Operational Event Management Guideline_v2.0,,related Incident to improve the handling of further ICT-related Incidents.,,,,,,,,,,,,,,
ICT Incident & Operational Event Management Guideline_v2.0,DOR.ICT.INC.ILL.003,,,,,,,,,,,,,,,
ICT Incident & Operational Event Management Guideline_v2.0,ID: 13 (version 2.0),ICT Problem Management,,,,,,,,,,,,,,
ICT Incident & Operational Event Management Guideline_v2.0,13,It must be ensured that ICT Problem Management is established and,,,,,,,,,,,,,,
ICT Incident & Operational Event Management Guideline_v2.0,,implemented.,,,,,,,,,,,,,,
ICT Incident & Operational Event Management Guideline_v2.0,DOR.ICT.INC.PBM.001,,,,,,,,,,,,,,,
ICT Incident & Operational Event Management Guideline_v2.0,13.1,"A process must be in place to identify, classify and resolve problems",,,,,,,,,,,,,,
ICT Incident & Operational Event Management Guideline_v2.0,,proactively and reactively.,,,,,,,,,,,,,,
ICT Incident & Operational Event Management Guideline_v2.0,DOR.ICT.INC.PBM.002,,,,,,,,,,,,,,,
ICT Incident & Operational Event Management Guideline_v2.0,,Asset-Types: Business Process,,,,,,,,,,,,,,
ICT Incident & Operational Event Management Guideline_v2.0,,Key References: ICT Risk Framework 1.0,,,,,,,,,,,,,,
ICT Incident & Operational Event Management Guideline_v2.0,13.2,Problems should be addressed and/or handed over to the responsible,,,,,,,,,,,,,,
ICT Incident & Operational Event Management Guideline_v2.0,,stakeholder in order of priority.,,,,,,,,,,,,,,
ICT Incident & Operational Event Management Guideline_v2.0,DOR.ICT.INC.PBM.003,,,,,,,,,,,,,,,
ICT Incident & Operational Event Management Guideline_v2.0,,Asset-Types: Business Process,,,,,,,,,,,,,,
ICT Incident & Operational Event Management Guideline_v2.0,,Key References: ICT Risk Framework 1.0,,,,,,,,,,,,,,
ICT Incident & Operational Event Management Guideline_v2.0,13.3,"A ticket system must be used to record, classify, and prioritize problems,",,,,,,,,,,,,,,
ICT Incident & Operational Event Management Guideline_v2.0,,ensuring that criticality levels are assigned and tracked.,,,,,,,,,,,,,,
ICT Incident & Operational Event Management Guideline_v2.0,DOR.ICT.INC.PBM.004,,,,,,,,,,,,,,,
ICT Incident & Operational Event Management Guideline_v2.0,ID: 14 (version,,,,,,,,,,,,,,,
ICT Incident & Operational Event Management Guideline_v2.0,,ICT-related Incidents Platform and Tools,,,,,,,,,,,,,,
ICT Incident & Operational Event Management Guideline_v2.0,2.0),,,,,,,,,,,,,,,
ICT Incident & Operational Event Management Guideline_v2.0,,,,,,,,,,,,,,,,
ICT Incident & Operational Event Management Guideline_v2.0,14,It must be ensured that ICT-related Incidents Platform and Tools are,,,,,,,,,,,,,,
ICT Incident & Operational Event Management Guideline_v2.0,,established and in place.,,,,,,,,,,,,,,
ICT Incident & Operational Event Management Guideline_v2.0,DOR.ICT.INC.PLT.001,,,,,,,,,,,,,,,
ICT Incident & Operational Event Management Guideline_v2.0,14.1,"Tools enabling the handling of ICT-related Incidents must be implemented,",,,,,,,,,,,,,,
ICT Incident & Operational Event Management Guideline_v2.0,,"configured, maintained, and documented.",,,,,,,,,,,,,,
ICT Incident & Operational Event Management Guideline_v2.0,DOR.ICT.INC.PLT.002,,,,,,,,,,,,,,,
ICT Incident & Operational Event Management Guideline_v2.0,,"Asset-Types: Information, Business Process, Commercial-off-the-Shelf Solution,",,,,,,,,,,,,,,
ICT Incident & Operational Event Management Guideline_v2.0,,"Underlaying Software/Technology, SaaS, Tool, Certificate, Software Appliance,",,,,,,,,,,,,,,
ICT Incident & Operational Event Management Guideline_v2.0,,"Hardware Appliance, Cloud Appliance, Operating System, Cloud PaaS, Container, End",,,,,,,,,,,,,,
ICT Incident & Operational Event Management Guideline_v2.0,,"User Device, Mobile Device, Processing Peripheral, Storage Media, Other Device,",,,,,,,,,,,,,,
ICT Incident & Operational Event Management Guideline_v2.0,,"Storage, Server & Host Hardware, Network Connection",,,,,,,,,,,,,,
ICT Incident & Operational Event Management Guideline_v2.0,,Key References: ISO 27001:2022 Cor 202203 A.5.24,,,,,,,,,,,,,,
ICT Incident & Operational Event Management Guideline_v2.0,14.2,"The tools must at least offer tracking, handling, and secure storage of related",,,,,,,,,,,,,,
ICT Incident & Operational Event Management Guideline_v2.0,,information to the ICT-related Incident.,,,,,,,,,,,,,,
ICT Incident & Operational Event Management Guideline_v2.0,DOR.ICT.INC.PLT.003,,,,,,,,,,,,,,,
ICT Incident & Operational Event Management Guideline_v2.0,,"Asset-Types: Information, Business Process, Commercial-off-the-Shelf Solution,",,,,,,,,,,,,,,
ICT Incident & Operational Event Management Guideline_v2.0,,"Underlaying Software/Technology, SaaS, Tool, Certificate, Software Appliance,",,,,,,,,,,,,,,
ICT Incident & Operational Event Management Guideline_v2.0,,"Hardware Appliance, Cloud Appliance, Operating System, Cloud PaaS, Container, End",,,,,,,,,,,,,,
ICT Incident & Operational Event Management Guideline_v2.0,,"User Device, Mobile Device, Processing Peripheral, Storage Media, Other Device,",,,,,,,,,,,,,,
ICT Incident & Operational Event Management Guideline_v2.0,,"Storage, Server & Host Hardware, Network Connection",,,,,,,,,,,,,,
ICT Incident & Operational Event Management Guideline_v2.0,,Key References: ISO 27001:2022 Cor 202203 A.5.24,,,,,,,,,,,,,,
ICT Operations Guideline_v2.0,<Specify ID:,,,,,,,,,,,,,,,
ICT Operations Guideline_v2.0,,<Name of control requirement (e.g. Access to production data)>,,,,,,,,,,,,,,
ICT Operations Guideline_v2.0,xx (version,,,,,,,,,,,,,,,
ICT Operations Guideline_v2.0,x)>,,,,,,,,,,,,,,,
ICT Operations Guideline_v2.0,,,,,,,,,,,,,,,,
ICT Operations Guideline_v2.0,1,<Description of the control requirement>,,,,,,,,,,,,,,
ICT Operations Guideline_v2.0,1.1,<Lists the criteria applying to the control requirement>,,,,,,,,,,,,,,
ICT Operations Guideline_v2.0,,,,,,,,,,,,,,,,
ICT Operations Guideline_v2.0,1.1.1,<Lists the sub-criteria applying to the control requirement>,,,,,,,,,,,,,,
ICT Operations Guideline_v2.0,,,Asset-Types: <Lists asset types applicable to the control requirement>,,,,,,,,,,,,,
ICT Operations Guideline_v2.0,,,Key references: <Lists key regulatory references and industry best practice requirements affecting this,,,,,,,,,,,,,
ICT Operations Guideline_v2.0,,"control requirement (e.g., ISO/IEC 27001:2022 A.5.10, A.8.1)>","control requirement (e.g., ISO/IEC 27001:2022 A.5.10, A.8.1)>",,,,,,,,,,,,,
ICT Operations Guideline_v2.0,,,,,,,,,,,,,,,,
ICT Operations Guideline_v2.0,,,,,,,,,,,,,,,,
ICT Operations Guideline_v2.0,"The terms in this document are defined in the overall ICT Risk Glossary, which is provided",,,,,,,,,,,,,,,
ICT Operations Guideline_v2.0,on the Intranet website.,,,,,,,,,,,,,,,
ICT Operations Guideline_v2.0,ID: 1,,,,,,,,,,,,,,,
ICT Operations Guideline_v2.0,,ICT Operations,,,,,,,,,,,,,,
ICT Operations Guideline_v2.0,(version 2.0),,,,,,,,,,,,,,,
ICT Operations Guideline_v2.0,,,,,,,,,,,,,,,,
ICT Operations Guideline_v2.0,1,It must be ensured that ICT operations and its activities are managed.,,,,,,,,,,,,,,
ICT Operations Guideline_v2.0,DOR.ICT.OPS.PRC.001,,,,,,,,,,,,,,,
ICT Operations Guideline_v2.0,1.1,Procedures and processes must be developed and documented to manage,,,,,,,,,,,,,,
ICT Operations Guideline_v2.0,,ICT operations.,,,,,,,,,,,,,,
ICT Operations Guideline_v2.0,DOR.ICT.OPS.PRC.002,,,,,,,,,,,,,,,
ICT Operations Guideline_v2.0,,"Asset-Types: Business Process, Commercial-off-the-Shelf Solution, Underlaying",,,,,,,,,,,,,,
ICT Operations Guideline_v2.0,,"Software/Technology, SaaS, Tool, Software Appliance, Hardware Appliance, Cloud",,,,,,,,,,,,,,
ICT Operations Guideline_v2.0,,"Appliance, Operating System, Cloud PaaS, Container, End User Device, Mobile",,,,,,,,,,,,,,
ICT Operations Guideline_v2.0,,"Device, Processing Peripheral, Storage Media, Other Device, Storage, Server & Host",,,,,,,,,,,,,,
ICT Operations Guideline_v2.0,,"Hardware, Network Connection",,,,,,,,,,,,,,
ICT Operations Guideline_v2.0,,Key References: DORA RTS RMF A.8.1,,,,,,,,,,,,,,
ICT Operations Guideline_v2.0,1.2,"Those procedures and processes must specify how IT Assets are operated,",,,,,,,,,,,,,,
ICT Operations Guideline_v2.0,,"monitored, controlled, restored, and documented.",,,,,,,,,,,,,,
ICT Operations Guideline_v2.0,DOR.ICT.OPS.PRC.003,,,,,,,,,,,,,,,
ICT Operations Guideline_v2.0,,"Asset-Types: Business Process, Commercial-off-the-Shelf Solution, Underlaying",,,,,,,,,,,,,,
ICT Operations Guideline_v2.0,,"Software/Technology, SaaS, Tool, Software Appliance, Hardware Appliance, Cloud",,,,,,,,,,,,,,
ICT Operations Guideline_v2.0,,"Appliance, Operating System, Cloud PaaS, Container, End User Device, Mobile",,,,,,,,,,,,,,
ICT Operations Guideline_v2.0,,"Device, Processing Peripheral, Storage Media, Other Device, Storage, Server & Host",,,,,,,,,,,,,,
ICT Operations Guideline_v2.0,,"Hardware, Network Connection",,,,,,,,,,,,,,
ICT Operations Guideline_v2.0,,Key References: DORA RTS RMF A.8.1,,,,,,,,,,,,,,
ICT Operations Guideline_v2.0,ID: 2,,,,,,,,,,,,,,,
ICT Operations Guideline_v2.0,,Roles and responsibilities,,,,,,,,,,,,,,
ICT Operations Guideline_v2.0,(version 2.0),,,,,,,,,,,,,,,
ICT Operations Guideline_v2.0,,,,,,,,,,,,,,,,
ICT Operations Guideline_v2.0,2,It must be ensured that roles and responsibilities for ICT operations are,,,,,,,,,,,,,,
ICT Operations Guideline_v2.0,,defined.,,,,,,,,,,,,,,
ICT Operations Guideline_v2.0,DOR.ICT.OPS.ROR.001,,,,,,,,,,,,,,,
ICT Operations Guideline_v2.0,2.1,Roles and responsibilities must be defined for ICT Operations.,,,,,,,,,,,,,,
ICT Operations Guideline_v2.0,DOR.ICT.OPS.ROR.002,"Asset-Types: Business Process, Cloud Appliance, Cloud PaaS, Container, End User",,,,,,,,,,,,,,
ICT Operations Guideline_v2.0,,"Device, Mobile Device, Processing Peripheral, Other Device, Server & Host Hardware",,,,,,,,,,,,,,
ICT Operations Guideline_v2.0,,Key References: ISO 27001:2022 Cor 202203 A.8.20,,,,,,,,,,,,,,
ICT Operations Guideline_v2.0,2.2,Segregation of duties must be defined and implemented where applicable.,,,,,,,,,,,,,,
ICT Operations Guideline_v2.0,DOR.ICT.OPS.ROR.003,"Asset-Types: Business Process, Commercial-off-the-Shelf Solution, Underlaying",,,,,,,,,,,,,,
ICT Operations Guideline_v2.0,,"Software/Technology, SaaS, Tool, Software Appliance, Hardware Appliance, Cloud",,,,,,,,,,,,,,
ICT Operations Guideline_v2.0,,"Appliance, Operating System, Cloud PaaS, Container, End User Device, Mobile",,,,,,,,,,,,,,
ICT Operations Guideline_v2.0,,"Device, Processing Peripheral, Storage Media, Other Device, Storage, Server & Host",,,,,,,,,,,,,,
ICT Operations Guideline_v2.0,,"Hardware, Network Connection",,,,,,,,,,,,,,
ICT Operations Guideline_v2.0,,Key References: ISO 27001:2022 Cor 202203 A.8.20,,,,,,,,,,,,,,
ICT Operations Guideline_v2.0,ID: 3,,,,,,,,,,,,,,,
ICT Operations Guideline_v2.0,,Asset description,,,,,,,,,,,,,,
ICT Operations Guideline_v2.0,(version 2.0),,,,,,,,,,,,,,,
ICT Operations Guideline_v2.0,,,,,,,,,,,,,,,,
ICT Operations Guideline_v2.0,3,It must be ensured that specifications for IT Assets and non-IT Assets,,,,,,,,,,,,,,
ICT Operations Guideline_v2.0,,are described.,,,,,,,,,,,,,,
ICT Operations Guideline_v2.0,DOR.ICT.OPS.ASD.001,,,,,,,,,,,,,,,
ICT Operations Guideline_v2.0,3.1,"A description for IT Assets and, where applicable, non-IT Assets must be in",,,,,,,,,,,,,,
ICT Operations Guideline_v2.0,,place including:,,,,,,,,,,,,,,
ICT Operations Guideline_v2.0,DOR.ICT.OPS.ASD.002,"− Specifications for the secure installation, maintenance, configuration,",,,,,,,,,,,,,,
ICT Operations Guideline_v2.0,,and de-installation of an ICT System,,,,,,,,,,,,,,
ICT Operations Guideline_v2.0,,− Specifications for the management of Information Assets used by IT,,,,,,,,,,,,,,
ICT Operations Guideline_v2.0,,"Assets and non-IT Assets, including their processing and handling,",,,,,,,,,,,,,,
ICT Operations Guideline_v2.0,,both automated and manual;,,,,,,,,,,,,,,
ICT Operations Guideline_v2.0,,− Specifications for the identification and control of legacy ICT Systems;,,,,,,,,,,,,,,
ICT Operations Guideline_v2.0,,"Asset-Types: Commercial-off-the-Shelf Solution, Underlaying Software/Technology,",,,,,,,,,,,,,,
ICT Operations Guideline_v2.0,,"Tool, Certificate, Software Appliance, Hardware Appliance, Cloud Appliance,",,,,,,,,,,,,,,
ICT Operations Guideline_v2.0,,"Operating System, Cloud PaaS, Container, End User Device, Mobile Device,",,,,,,,,,,,,,,
ICT Operations Guideline_v2.0,,"Processing Peripheral, Storage Media, Other Device, Storage, Server & Host",,,,,,,,,,,,,,
ICT Operations Guideline_v2.0,,"Hardware, Network Connection",,,,,,,,,,,,,,
ICT Operations Guideline_v2.0,,Key References: DORA RTS RMF A.8.2a),,,,,,,,,,,,,,
ICT Operations Guideline_v2.0,ID: 4,,,,,,,,,,,,,,,
ICT Operations Guideline_v2.0,,ICT System Reliability and Resilience,,,,,,,,,,,,,,
ICT Operations Guideline_v2.0,(version 2.0),,,,,,,,,,,,,,,
ICT Operations Guideline_v2.0,,,,,,,,,,,,,,,,
ICT Operations Guideline_v2.0,4,It must be ensured that ICT Systems are reliable and technologically,,,,,,,,,,,,,,
ICT Operations Guideline_v2.0,,,It must be ensured that ICT Systems are reliable and technologically,,,,,,,,,,,,,
ICT Operations Guideline_v2.0,,,resilient under stressed market conditions or other adverse,,,,,,,,,,,,,
ICT Operations Guideline_v2.0,DOR.ICT.OPS.SYS.001,,,,,,,,,,,,,,,
ICT Operations Guideline_v2.0,,circumstances.,circumstances,,,,,,,,,,,,,
ICT Operations Guideline_v2.0,,,,,,,,,,,,,,,,
ICT Operations Guideline_v2.0,4.1,"ICT Systems, protocols, and tools must be reliable and technologically",,,,,,,,,,,,,,
ICT Operations Guideline_v2.0,,"resilient, ensuring their capability to handle increased information processing",,,,,,,,,,,,,,
ICT Operations Guideline_v2.0,DOR.ICT.OPS.SYS.001,demands under stressed market conditions or other adverse circumstances.,,,,,,,,,,,,,,
ICT Operations Guideline_v2.0,,,,,,,,,,,,,,,,
ICT Operations Guideline_v2.0,,"Asset-Types: Information, Business Process, Commercial-off-the-Shelf Solution,",,,,,,,,,,,,,,
ICT Operations Guideline_v2.0,,"Underlaying Software/Technology, SaaS, Tool, Software Appliance, Hardware",,,,,,,,,,,,,,
ICT Operations Guideline_v2.0,,"Appliance, Cloud Appliance, Operating System, Cloud PaaS, Container, End User",,,,,,,,,,,,,,
ICT Operations Guideline_v2.0,,"Device, Mobile Device, Processing Peripheral, Other Device, Storage, Server & Host",,,,,,,,,,,,,,
ICT Operations Guideline_v2.0,,"Hardware, Network Connection",,,,,,,,,,,,,,
ICT Operations Guideline_v2.0,,"Key References: DORA 2022/2554 A.7.b), A.7.d)",,,,,,,,,,,,,,
ICT Operations Guideline_v2.0,ID: 5,,,,,,,,,,,,,,,
ICT Operations Guideline_v2.0,,Availability Management,,,,,,,,,,,,,,
ICT Operations Guideline_v2.0,(version 2.0),,,,,,,,,,,,,,,
ICT Operations Guideline_v2.0,,,,,,,,,,,,,,,,
ICT Operations Guideline_v2.0,5,It must be ensured that the availability of IT Assets is managed.,,,,,,,,,,,,,,
ICT Operations Guideline_v2.0,DOR.ICT.OPS.AVM.001,,,,,,,,,,,,,,,
ICT Operations Guideline_v2.0,5.1,Availability procedures must be developed and in place.,,,,,,,,,,,,,,
ICT Operations Guideline_v2.0,DOR.ICT.OPS.AVM.002,,,,,,,,,,,,,,,
ICT Operations Guideline_v2.0,,"Asset-Types: Business Process, Commercial-off-the-Shelf Solution, Underlaying",,,,,,,,,,,,,,
ICT Operations Guideline_v2.0,,,,,,,,,,,,,,,,
ICT Operations Guideline_v2.0,,"Software/Technology, SaaS, Tool, Software Appliance, Hardware Appliance, Cloud",,,,,,,,,,,,,,
ICT Operations Guideline_v2.0,,"Appliance, Operating System, Cloud PaaS, Container, End User Device, Mobile",,,,,,,,,,,,,,
ICT Operations Guideline_v2.0,,"Device, Processing Peripheral, Storage Media, Other Device, Storage, Server & Host",,,,,,,,,,,,,,
ICT Operations Guideline_v2.0,,"Hardware, Network Connection",,,,,,,,,,,,,,
ICT Operations Guideline_v2.0,,Key References: DORA RTS RMF A.9.1,,,,,,,,,,,,,,
ICT Operations Guideline_v2.0,5.2,Availability requirements for IT Assets must be defined based on their,,,,,,,,,,,,,,
ICT Operations Guideline_v2.0,DOR.ICT.OPS.AVM.003,criticality and business requirements.,,,,,,,,,,,,,,
ICT Operations Guideline_v2.0,,,,,,,,,,,,,,,,
ICT Operations Guideline_v2.0,,"Asset-Types: Business Process, Commercial-off-the-Shelf Solution, Underlaying",,,,,,,,,,,,,,
ICT Operations Guideline_v2.0,,"Software/Technology, SaaS, Tool, Software Appliance, Hardware Appliance, Cloud",,,,,,,,,,,,,,
ICT Operations Guideline_v2.0,,"Appliance, Operating System, Cloud PaaS, Container, End User Device, Mobile",,,,,,,,,,,,,,
ICT Operations Guideline_v2.0,,"Device, Processing Peripheral, Storage Media, Other Device, Storage, Server & Host",,,,,,,,,,,,,,
ICT Operations Guideline_v2.0,,"Hardware, Network Connection",,,,,,,,,,,,,,
ICT Operations Guideline_v2.0,,Key References: ISO 27001:2022 Cor 202203 A.8.6,,,,,,,,,,,,,,
ICT Operations Guideline_v2.0,5.3,If the existing system architecture cannot ensure the requirements on the,,,,,,,,,,,,,,
ICT Operations Guideline_v2.0,DOR.ICT.OPS.AVM.004,"availability of the IT Assets, it must be achieved by implementing redundant",,,,,,,,,,,,,,
ICT Operations Guideline_v2.0,,components or architectures.,,,,,,,,,,,,,,
ICT Operations Guideline_v2.0,,"Asset-Types: Business Process, Commercial-off-the-Shelf Solution, Underlaying",,,,,,,,,,,,,,
ICT Operations Guideline_v2.0,,"Software/Technology, Tool, Certificate, Software Appliance, Hardware Appliance,",,,,,,,,,,,,,,
ICT Operations Guideline_v2.0,,"Cloud Appliance, Operating System, Cloud PaaS, Container, Processing Peripheral,",,,,,,,,,,,,,,
ICT Operations Guideline_v2.0,,"Other Device, Storage, Server & Host Hardware, Network Connection",,,,,,,,,,,,,,
ICT Operations Guideline_v2.0,,Key References: ISO 27001:2022 Cor 202203 A.8.14,,,,,,,,,,,,,,
ICT Operations Guideline_v2.0,5.4,"To ensure integrity and handle the complexity of infrastructure, legal entities",,,,,,,,,,,,,,
ICT Operations Guideline_v2.0,DOR.ICT.OPS.AVM.005,must control redundancy:,,,,,,,,,,,,,,
ICT Operations Guideline_v2.0,,,,,,,,,,,,,,,,
ICT Operations Guideline_v2.0,,− Ensure information processing is implemented with redundancy,,,,,,,,,,,,,,
ICT Operations Guideline_v2.0,,sufficiency to meet availability requirements,,,,,,,,,,,,,,
ICT Operations Guideline_v2.0,,− Ensure protection of redundant components at the same level or,,,,,,,,,,,,,,
ICT Operations Guideline_v2.0,,higher as their primary counterparts,,,,,,,,,,,,,,
ICT Operations Guideline_v2.0,,− Redundant information systems must be tested to ensure the failover,,,,,,,,,,,,,,
ICT Operations Guideline_v2.0,,from one component to another component works as intended. Tests,,,,,,,,,,,,,,
ICT Operations Guideline_v2.0,,"must be performed regularly, following a risk-based approach, and",,,,,,,,,,,,,,
ICT Operations Guideline_v2.0,,after significant changes.,,,,,,,,,,,,,,
ICT Operations Guideline_v2.0,,"Asset-Types: Information, Business Process, Commercial-off-the-Shelf Solution,",,,,,,,,,,,,,,
ICT Operations Guideline_v2.0,,"Underlaying Software/Technology, Tool, Certificate, Software Appliance, Hardware",,,,,,,,,,,,,,
ICT Operations Guideline_v2.0,,"Appliance, Cloud Appliance, Operating System, Cloud PaaS, Container, Processing",,,,,,,,,,,,,,
ICT Operations Guideline_v2.0,,"Peripheral, Other Device, Storage, Server & Host Hardware, Network Connection",,,,,,,,,,,,,,
ICT Operations Guideline_v2.0,,Key References: ISO 27001:2022 Cor 202203 A.8.14,,,,,,,,,,,,,,
ICT Operations Guideline_v2.0,ID: 6,,,,,,,,,,,,,,,
ICT Operations Guideline_v2.0,,Capacity Management,,,,,,,,,,,,,,
ICT Operations Guideline_v2.0,(version 2.0),,,,,,,,,,,,,,,
ICT Operations Guideline_v2.0,,,,,,,,,,,,,,,,
ICT Operations Guideline_v2.0,6,It must be ensured that the capacity of IT Assets is managed.,,,,,,,,,,,,,,
ICT Operations Guideline_v2.0,DOR.ICT.OPS.CAP.001,,,,,,,,,,,,,,,
ICT Operations Guideline_v2.0,"6.1
DOR.ICT.OPS.CAP.002","Capacity requirements for IT Assets must be defined depending on the
criticality of their availability.
Asset-Types: Commercial-off-the-Shelf Solution, Underlaying Software/Technology,
Tool, Software Appliance, Hardware Appliance, Cloud Appliance, Operating System,
Cloud PaaS, Container, Processing Peripheral, Other Device, Storage, Server & Host
Hardware, Network Connection
Key References: ISO 27001:2022 Cor 202203 A.8.6",,,,,,,,,,,,,,
ICT Operations Guideline_v2.0,"6.2
DOR.ICT.OPS.CAP.003","ICT Systems must be designed and maintained with sufficient capacity to
ensure accurate data processing and timely service delivery under both
normal and peak workloads, including during the deployment of new
technologies.
Asset-Types: Business Process, Commercial-off-the-Shelf Solution, Underlaying
Software/Technology, SaaS, Tool, Software Appliance, Hardware Appliance, Cloud
Appliance, Operating System, Cloud PaaS, Container, End User Device, Mobile
Device, Processing Peripheral, Other Device, Storage, Server & Host Hardware,
Network Connection
Key References: ISO 27001:2022 A.8.6",,,,,,,,,,,,,,
ICT Operations Guideline_v2.0,"6.3
DOR.ICT.OPS.CAP.004","To ensure continuity of critical business operations in the event of system
failures or disruptions, redundant IT Assets and non-IT Assets equipped with
the necessary resources and capabilities must be in place and operational.
Asset-Types: Business Process, Commercial-off-the-Shelf Solution, Underlaying
Software/Technology, SaaS, Tool, Software Appliance, Hardware Appliance, Cloud
Appliance, Operating System, Cloud PaaS, Container, End User Device, Mobile
Device, Processing Peripheral, Other Device, Storage, Server & Host Hardware,
Network Connection, Supplier, Building, Datacenter
Key References: DORA 2022/2554 A.12.4",,,,,,,,,,,,,,
ICT Operations Guideline_v2.0,"6.4
DOR.ICT.OPS.CAP.005","Capacity thresholds must be defined, based on system design, projections,
availability criticality of concerned systems, regulations, expected
requirements of business development (including current and projected
trends) and procurement lead times for additional capacity.
Asset-Types: Business Process, Commercial-off-the-Shelf Solution, Underlaying
Software/Technology, Tool, Software Appliance, Hardware Appliance, Cloud
Appliance, Operating System, Cloud PaaS, Container, End User Device, Mobile
Device, Processing Peripheral, Other Device, Storage, Server & Host Hardware,
Network Connection
Key References: ISO 27001:2022 Cor 202203",,,,,,,,,,,,,,
ICT Operations Guideline_v2.0,6.5,ICT Systems should be running within capacity thresholds. Measures should,,,,,,,,,,,,,,
ICT Operations Guideline_v2.0,DOR.ICT.OPS.CAP.006,be taken to ensure these thresholds are not exceeded to avoid service,,,,,,,,,,,,,,
ICT Operations Guideline_v2.0,,interruptions.,"Furthermore, resource optimisation should be applied to ensure",,,,,,,,,,,,,
ICT Operations Guideline_v2.0,,that these thresholds apply to the right resource mix.,,,,,,,,,,,,,,
ICT Operations Guideline_v2.0,,"Asset-Types: Business Process, Commercial-off-the-Shelf Solution, Underlaying",,,,,,,,,,,,,,
ICT Operations Guideline_v2.0,,"Software/Technology, Tool, Software Appliance, Hardware Appliance, Cloud",,,,,,,,,,,,,,
ICT Operations Guideline_v2.0,,"Appliance, Operating System, Cloud PaaS, Container, Processing Peripheral, Other",,,,,,,,,,,,,,
ICT Operations Guideline_v2.0,ID: 7,,,,,,,,,,,,,,,
ICT Operations Guideline_v2.0,,Availability and Capacity Monitoring,,,,,,,,,,,,,,
ICT Operations Guideline_v2.0,(version 2.0),,,,,,,,,,,,,,,
ICT Operations Guideline_v2.0,,,,,,,,,,,,,,,,
ICT Operations Guideline_v2.0,7,It must be ensured that availability and capacity management is,,,,,,,,,,,,,,
ICT Operations Guideline_v2.0,,monitored.,,,,,,,,,,,,,,
ICT Operations Guideline_v2.0,DOR.ICT.OPS.CPM.001,,,,,,,,,,,,,,,
ICT Operations Guideline_v2.0,7.1,"The use of IT infrastructure resources must be monitored, and those results",,,,,,,,,,,,,,
ICT Operations Guideline_v2.0,,used to make projections regarding future capacity need.,,,,,,,,,,,,,,
ICT Operations Guideline_v2.0,DOR.ICT.OPS.CPM.002,,,,,,,,,,,,,,,
ICT Operations Guideline_v2.0,,"Asset-Types: Business Process, Commercial-off-the-Shelf Solution, Underlaying",,,,,,,,,,,,,,
ICT Operations Guideline_v2.0,,"Software/Technology, Tool, Software Appliance, Hardware Appliance, Cloud",,,,,,,,,,,,,,
ICT Operations Guideline_v2.0,,"Appliance, Operating System, Cloud PaaS, Container, End User Device, Mobile",,,,,,,,,,,,,,
ICT Operations Guideline_v2.0,,"Device, Processing Peripheral, Other Device, Storage, Server & Host Hardware,",,,,,,,,,,,,,,
ICT Operations Guideline_v2.0,,Network Connection,,,,,,,,,,,,,,
ICT Operations Guideline_v2.0,,Key References: ISO 27001:2022 Cor 202203 A.8.6,,,,,,,,,,,,,,
ICT Operations Guideline_v2.0,7.2,Root causes for availability and capacity issues must be identified in a timely,,,,,,,,,,,,,,
ICT Operations Guideline_v2.0,,manner and resolved in accordance with a pre-defined timeline.,,,,,,,,,,,,,,
ICT Operations Guideline_v2.0,DOR.ICT.OPS.CPM.003,,,,,,,,,,,,,,,
ICT Operations Guideline_v2.0,,"Asset-Types: Business Process, Commercial-off-the-Shelf Solution, Underlaying",,,,,,,,,,,,,,
ICT Operations Guideline_v2.0,,"Software/Technology, Tool, Software Appliance, Hardware Appliance, Cloud",,,,,,,,,,,,,,
ICT Operations Guideline_v2.0,,"Appliance, Operating System, Cloud PaaS, Container, End User Device, Mobile",,,,,,,,,,,,,,
ICT Operations Guideline_v2.0,,"Device, Processing Peripheral, Other Device, Storage, Server & Host Hardware,",,,,,,,,,,,,,,
ICT Operations Guideline_v2.0,,Network Connection,,,,,,,,,,,,,,
ICT Operations Guideline_v2.0,,Key References: ICT Risk Framework 1.0,,,,,,,,,,,,,,
ICT Operations Guideline_v2.0,7.3,Automated controls must be implemented and defined by Asset Owners to,,,,,,,,,,,,,,
ICT Operations Guideline_v2.0,,"indicate potential problems in a timely manner. Where appropriate, an",,,,,,,,,,,,,,
ICT Operations Guideline_v2.0,DOR.ICT.OPS.CPM.004,,,,,,,,,,,,,,,
ICT Operations Guideline_v2.0,,incident process should be triggered automatically in case systems have,,,,,,,,,,,,,,
ICT Operations Guideline_v2.0,,,,,,,,,,,,,,,,
ICT Operations Guideline_v2.0,,reached defined capacity thresholds.,,,,,,,,,,,,,,
ICT Operations Guideline_v2.0,,"Asset-Types: Commercial-off-the-Shelf Solution, Underlaying Software/Technology,",,,,,,,,,,,,,,
ICT Operations Guideline_v2.0,,"Tool, Software Appliance, Hardware Appliance, Cloud Appliance, Operating System,",,,,,,,,,,,,,,
ICT Operations Guideline_v2.0,,"Cloud PaaS, Container, Processing Peripheral, Other Device, Storage, Server & Host",,,,,,,,,,,,,,
ICT Operations Guideline_v2.0,ID: 8,,,,,,,,,,,,,,,
ICT Operations Guideline_v2.0,,Error handling,,,,,,,,,,,,,,
ICT Operations Guideline_v2.0,(version 2.0),,,,,,,,,,,,,,,
ICT Operations Guideline_v2.0,,,,,,,,,,,,,,,,
ICT Operations Guideline_v2.0,8,It must be ensured that errors during job execution are identified and,,,,,,,,,,,,,,
ICT Operations Guideline_v2.0,,handled.,,,,,,,,,,,,,,
ICT Operations Guideline_v2.0,DOR.ICT.OPS.ERH.001,,,,,,,,,,,,,,,
ICT Operations Guideline_v2.0,8.1,Mechanisms to identify and handle errors during job execution must be,,,,,,,,,,,,,,
ICT Operations Guideline_v2.0,,developed and documented.,,,,,,,,,,,,,,
ICT Operations Guideline_v2.0,DOR.ICT.OPS.ERH.002,,,,,,,,,,,,,,,
ICT Operations Guideline_v2.0,,"Asset-Types: Business Process, Commercial-off-the-Shelf Solution, Underlaying",,,,,,,,,,,,,,
ICT Operations Guideline_v2.0,,"Software/Technology, Tool, Certificate, Software Appliance, Hardware Appliance,",,,,,,,,,,,,,,
ICT Operations Guideline_v2.0,,"Cloud Appliance, Operating System, Cloud PaaS, Container, Processing Peripheral,",,,,,,,,,,,,,,
ICT Operations Guideline_v2.0,,"Other Device, Storage, Server & Host Hardware, Network Connection",,,,,,,,,,,,,,
ICT Operations Guideline_v2.0,,Key References: ICT Risk Framework 1.0,,,,,,,,,,,,,,
ICT Operations Guideline_v2.0,8.2,"In case of unexpected operational, technical issues or errors support and",,,,,,,,,,,,,,
ICT Operations Guideline_v2.0,,escalation contacts must be in place.,,,,,,,,,,,,,,
ICT Operations Guideline_v2.0,DOR.ICT.OPS.ERH.003,,,,,,,,,,,,,,,
ICT Operations Guideline_v2.0,,"Asset-Types: Business Process, Commercial-off-the-Shelf Solution, Underlaying",,,,,,,,,,,,,,
ICT Operations Guideline_v2.0,,"Software/Technology, Tool, Certificate, Software Appliance, Hardware Appliance,",,,,,,,,,,,,,,
ICT Operations Guideline_v2.0,,"Cloud Appliance, Operating System, Cloud PaaS, Container, Processing Peripheral,",,,,,,,,,,,,,,
ICT Operations Guideline_v2.0,,"Other Device, Storage, Server & Host Hardware, Network Connection",,,,,,,,,,,,,,
ICT Operations Guideline_v2.0,,Key References: DORA RTS RMF A.8.2c.ii),,,,,,,,,,,,,,
ICT Operations Guideline_v2.0,8.3,Errors during job execution that could not be fixed automatically must be,,,,,,,,,,,,,,
ICT Operations Guideline_v2.0,,addressed and followed up manually in accordance with the ICT Incident and,,,,,,,,,,,,,,
ICT Operations Guideline_v2.0,DOR.ICT.OPS.ERH.004,,,,,,,,,,,,,,,
ICT Operations Guideline_v2.0,,Operational Event Management Guideline.,,,,,,,,,,,,,,
ICT Operations Guideline_v2.0,,,,,,,,,,,,,,,,
ICT Operations Guideline_v2.0,,"Asset-Types: Business Process, Commercial-off-the-Shelf Solution, Underlaying",,,,,,,,,,,,,,
ICT Operations Guideline_v2.0,,"Software/Technology, Tool, Certificate, Software Appliance, Hardware Appliance,",,,,,,,,,,,,,,
ICT Operations Guideline_v2.0,,"Cloud Appliance, Operating System, Cloud PaaS, Container, Processing Peripheral,",,,,,,,,,,,,,,
ICT Operations Guideline_v2.0,,"Other Device, Storage, Server & Host Hardware, Network Connection",,,,,,,,,,,,,,
ICT Operations Guideline_v2.0,,Key References: ICT Risk Framework 1.0,,,,,,,,,,,,,,
ICT Operations Guideline_v2.0,ID: 9,,,,,,,,,,,,,,,
ICT Operations Guideline_v2.0,,Logging,,,,,,,,,,,,,,
ICT Operations Guideline_v2.0,(version 2.0),,,,,,,,,,,,,,,
ICT Operations Guideline_v2.0,,,,,,,,,,,,,,,,
ICT Operations Guideline_v2.0,9,It must be ensured that all ICT System transactions and all monitoring,,,,,,,,,,,,,,
ICT Operations Guideline_v2.0,,and operating events are logged in a way which cannot be changed by,,,,,,,,,,,,,,
ICT Operations Guideline_v2.0,DOR.ICT.OPS.LOG.001,,,,,,,,,,,,,,,
ICT Operations Guideline_v2.0,,the operators.,,,,,,,,,,,,,,
ICT Operations Guideline_v2.0,,,,,,,,,,,,,,,,
ICT Operations Guideline_v2.0,9.1,"Records must be kept of all suspected or actual faults, and of all preventive",,,,,,,,,,,,,,
ICT Operations Guideline_v2.0,,"and corrective maintenance, for a period determined by applicable",,,,,,,,,,,,,,
ICT Operations Guideline_v2.0,DOR.ICT.OPS.LOG.002,,,,,,,,,,,,,,,
ICT Operations Guideline_v2.0,,requirements and local laws.,,,,,,,,,,,,,,
ICT Operations Guideline_v2.0,,,,,,,,,,,,,,,,
ICT Operations Guideline_v2.0,,"Asset-Types: Business Process, Commercial-off-the-Shelf Solution, Underlaying",,,,,,,,,,,,,,
ICT Operations Guideline_v2.0,,"Software/Technology, Tool, Certificate, Software Appliance, Hardware Appliance,",,,,,,,,,,,,,,
ICT Operations Guideline_v2.0,,"Cloud Appliance, Operating System, Cloud PaaS, Container, Processing Peripheral,",,,,,,,,,,,,,,
ICT Operations Guideline_v2.0,,"Other Device, Storage, Server & Host Hardware, Network Connection",,,,,,,,,,,,,,
ICT Operations Guideline_v2.0,,Key References: ICT Risk Framework 1.0,,,,,,,,,,,,,,
ICT Operations Guideline_v2.0,9.2,"Events related to capacity management, ICT operations and ICT System",,,,,,,,,,,,,,
ICT Operations Guideline_v2.0,,activities must be logged according to the ICT Incident & Operational Event,,,,,,,,,,,,,,
ICT Operations Guideline_v2.0,DOR.ICT.OPS.LOG.003,,,,,,,,,,,,,,,
ICT Operations Guideline_v2.0,,Management Guideline.,,,,,,,,,,,,,,
ICT Operations Guideline_v2.0,,,,,,,,,,,,,,,,
ICT Operations Guideline_v2.0,ID: 10,,,,,,,,,,,,,,,
ICT Operations Guideline_v2.0,,Documentation,,,,,,,,,,,,,,
ICT Operations Guideline_v2.0,(version 2.0),,,,,,,,,,,,,,,
ICT Operations Guideline_v2.0,,,,,,,,,,,,,,,,
ICT Operations Guideline_v2.0,10,It must be ensured that formal documentation and operating handbooks,,,,,,,,,,,,,,
ICT Operations Guideline_v2.0,,are in place.,,,,,,,,,,,,,,
ICT Operations Guideline_v2.0,DOR.ICT.OPS.DOC.001,,,,,,,,,,,,,,,
ICT Operations Guideline_v2.0,10.1,"Operating handbooks must be developed, documented, and maintained.",,,,,,,,,,,,,,
ICT Operations Guideline_v2.0,DOR.ICT.OPS.DOC.002,"Asset-Types: Information, Business Process, Commercial-off-the-Shelf Solution,",,,,,,,,,,,,,,
ICT Operations Guideline_v2.0,,"Underlaying Software/Technology, Tool, Certificate, Software Appliance, Hardware",,,,,,,,,,,,,,
ICT Operations Guideline_v2.0,,"Appliance, Cloud Appliance, Operating System, Cloud PaaS, Container, End User",,,,,,,,,,,,,,
ICT Operations Guideline_v2.0,,"Device, Mobile Device, Processing Peripheral, Other Device, Storage, Server & Host",,,,,,,,,,,,,,
ICT Operations Guideline_v2.0,,"Hardware, Network Connection",,,,,,,,,,,,,,
ICT Operations Guideline_v2.0,,Key References: ISO 27001:2022 Cor 202203 A.5.37,,,,,,,,,,,,,,
ICT Operations Guideline_v2.0,10.2,The operating handbooks should include descriptions of at least the following,,,,,,,,,,,,,,
ICT Operations Guideline_v2.0,,procedures:,,,,,,,,,,,,,,
ICT Operations Guideline_v2.0,DOR.ICT.OPS.DOC.003,,,,,,,,,,,,,,,
ICT Operations Guideline_v2.0,,"− Start, restart, recovery, and deactivation of the system",,,,,,,,,,,,,,
ICT Operations Guideline_v2.0,,"− Configuration of the system, including default and actual used values",,,,,,,,,,,,,,
ICT Operations Guideline_v2.0,,− Processing and handling of information,,,,,,,,,,,,,,
ICT Operations Guideline_v2.0,,− Data and system backup process and restoration,,,,,,,,,,,,,,
ICT Operations Guideline_v2.0,,− Description of standard changes,,,,,,,,,,,,,,
ICT Operations Guideline_v2.0,,− Error handling,,,,,,,,,,,,,,
ICT Operations Guideline_v2.0,,− Exceptional situations instructions,,,,,,,,,,,,,,
ICT Operations Guideline_v2.0,,− Support and escalation procedures,,,,,,,,,,,,,,
ICT Operations Guideline_v2.0,,"− Special output and media handling, such as management of strictly",,,,,,,,,,,,,,
ICT Operations Guideline_v2.0,,confidential output including procedures for secure disposal of output,,,,,,,,,,,,,,
ICT Operations Guideline_v2.0,,from failed jobs,,,,,,,,,,,,,,
ICT Operations Guideline_v2.0,,− Management of audit-trail and system log information,,,,,,,,,,,,,,
ICT Operations Guideline_v2.0,,− Description of the access management model,,,,,,,,,,,,,,
ICT Operations Guideline_v2.0,,− Monitoring procedures,,,,,,,,,,,,,,
ICT Operations Guideline_v2.0,,"Asset-Types: Information, Business Process, Commercial-off-the-Shelf Solution,",,,,,,,,,,,,,,
ICT Operations Guideline_v2.0,,"Underlaying Software/Technology, Tool, Certificate, Software Appliance, Hardware",,,,,,,,,,,,,,
ICT Operations Guideline_v2.0,,"Appliance, Cloud Appliance, Operating System, Cloud PaaS, Container, End User",,,,,,,,,,,,,,
ICT Operations Guideline_v2.0,,"Device, Mobile Device, Processing Peripheral, Other Device, Storage, Server & Host",,,,,,,,,,,,,,
ICT Operations Guideline_v2.0,,"Hardware, Network Connection",,,,,,,,,,,,,,
ICT Operations Guideline_v2.0,,Key References: ISO 27001:2022 Cor 202203 A.5.37,,,,,,,,,,,,,,
ICT Operations Guideline_v2.0,10.3,Documentation of dependencies and interfaces between ICT Systems must,,,,,,,,,,,,,,
ICT Operations Guideline_v2.0,,be in place.,,,,,,,,,,,,,,
ICT Operations Guideline_v2.0,DOR.ICT.OPS.DOC.004,,,,,,,,,,,,,,,
ICT Operations Guideline_v2.0,,"Asset-Types: Information, Business Process, Commercial-off-the-Shelf Solution,",,,,,,,,,,,,,,
ICT Operations Guideline_v2.0,,"Underlaying Software/Technology, SaaS, Tool, Certificate, Software Appliance,",,,,,,,,,,,,,,
ICT Operations Guideline_v2.0,,"Hardware Appliance, Cloud Appliance, Operating System, Cloud PaaS, Container,",,,,,,,,,,,,,,
ICT Operations Guideline_v2.0,,"Processing Peripheral, Other Device, Storage, Server & Host Hardware, Network",,,,,,,,,,,,,,
ICT Operations Guideline_v2.0,,Connection,,,,,,,,,,,,,,
ICT Operations Guideline_v2.0,,Key References: ISO 27001:2022 Cor 202203 A.5.37,,,,,,,,,,,,,,
ICT Operations Guideline_v2.0,10.4,Operating procedures must be reviewed at defined intervals or whenever,,,,,,,,,,,,,,
ICT Operations Guideline_v2.0,,significant changes to the system are implemented.,,,,,,,,,,,,,,
ICT Operations Guideline_v2.0,DOR.ICT.OPS.DOC.005,,,,,,,,,,,,,,,
ICT Operations Guideline_v2.0,,,,,,,,,,,,,,,,
ICT Operations Guideline_v2.0,,"Asset-Types: Information, Business Process, Commercial-off-the-Shelf Solution,",,,,,,,,,,,,,,
ICT Operations Guideline_v2.0,,"Underlaying Software/Technology, SaaS, Tool, Software Appliance, Hardware",,,,,,,,,,,,,,
ICT Operations Guideline_v2.0,,"Appliance, Cloud Appliance, Operating System, Cloud PaaS, Container, End User",,,,,,,,,,,,,,
ICT Operations Guideline_v2.0,,"Device, Mobile Device, Processing Peripheral, Storage Media, Other Device, Storage,",,,,,,,,,,,,,,
ICT Operations Guideline_v2.0,ID: 11 (version 2.0),Software management,,,,,,,,,,,,,,
ICT Operations Guideline_v2.0,11,It must be ensured that software usage and installation is managed.,,,,,,,,,,,,,,
ICT Operations Guideline_v2.0,DOR.ICT.OPS.SOF.001,,,,,,,,,,,,,,,
ICT Operations Guideline_v2.0,11.1,Software installation must be a defined and documented process.,,,,,,,,,,,,,,
ICT Operations Guideline_v2.0,DOR.ICT.OPS.SOF.002,"Asset-Types: Information, Business Process, Commercial-off-the-Shelf Solution,",,,,,,,,,,,,,,
ICT Operations Guideline_v2.0,,"Underlaying Software/Technology, Tool, Software Appliance, Hardware Appliance,",,,,,,,,,,,,,,
ICT Operations Guideline_v2.0,,"Cloud Appliance, Operating System, Cloud PaaS, Container, Processing Peripheral,",,,,,,,,,,,,,,
ICT Operations Guideline_v2.0,,"Other Device, Storage, Server & Host Hardware, Supplier",,,,,,,,,,,,,,
ICT Operations Guideline_v2.0,,Key References: ISO 27001:2022 Cor 202203 A.8.19,,,,,,,,,,,,,,
ICT Operations Guideline_v2.0,11.2,It must be ensured that only approved and licensed software is installed.,,,,,,,,,,,,,,
ICT Operations Guideline_v2.0,DOR.ICT.OPS.SOF.003,"Asset-Types: Information, Business Process, Commercial-off-the-Shelf Solution,",,,,,,,,,,,,,,
ICT Operations Guideline_v2.0,,"Underlaying Software/Technology, Tool, Software Appliance, Hardware Appliance,",,,,,,,,,,,,,,
ICT Operations Guideline_v2.0,,"Cloud Appliance, Operating System, Cloud PaaS, Container, End User Device, Mobile",,,,,,,,,,,,,,
ICT Operations Guideline_v2.0,,"Device, Processing Peripheral, Other Device, Storage, Server & Host Hardware",,,,,,,,,,,,,,
ICT Operations Guideline_v2.0,,Key References: ISO 27001:2022 Cor 202203 A.8.19,,,,,,,,,,,,,,
ICT Operations Guideline_v2.0,11.3,The list of approved software must be documented.,,,,,,,,,,,,,,
ICT Operations Guideline_v2.0,DOR.ICT.OPS.SOF.004,"Asset-Types: Information, Business Process, Commercial-off-the-Shelf Solution,",,,,,,,,,,,,,,
ICT Operations Guideline_v2.0,,"Underlaying Software/Technology, Tool, Software Appliance, Hardware Appliance,",,,,,,,,,,,,,,
ICT Operations Guideline_v2.0,,"Cloud Appliance, Operating System, Cloud PaaS, Container, End User Device, Mobile",,,,,,,,,,,,,,
ICT Operations Guideline_v2.0,,"Device, Processing Peripheral, Other Device, Storage, Server & Host Hardware",,,,,,,,,,,,,,
ICT Operations Guideline_v2.0,,Key References: ISO 27001:2022 Cor 202203 A.8.19,,,,,,,,,,,,,,
ICT Operations Guideline_v2.0,11.4,The principles of least privilege must be applied for restricting the installation,,,,,,,,,,,,,,
ICT Operations Guideline_v2.0,,of software on information systems.,,,,,,,,,,,,,,
ICT Operations Guideline_v2.0,DOR.ICT.OPS.SOF.005,,,,,,,,,,,,,,,
ICT Operations Guideline_v2.0,,"Asset-Types: Information, Business Process, Commercial-off-the-Shelf Solution,",,,,,,,,,,,,,,
ICT Operations Guideline_v2.0,,"Underlaying Software/Technology, Tool, Software Appliance, Hardware Appliance,",,,,,,,,,,,,,,
ICT Operations Guideline_v2.0,,"Cloud Appliance, Operating System, Cloud PaaS, Container, End User Device, Mobile",,,,,,,,,,,,,,
ICT Operations Guideline_v2.0,,"Device, Processing Peripheral, Other Device, Storage, Server & Host Hardware,",,,,,,,,,,,,,,
ICT Operations Guideline_v2.0,,Supplier,,,,,,,,,,,,,,
ICT Operations Guideline_v2.0,,Key References: ISO 27001:2022 Cor 202203 A.8.19,,,,,,,,,,,,,,
ICT Operations Guideline_v2.0,11.5,Processes and process-supporting tools must be implemented which,,,,,,,,,,,,,,
ICT Operations Guideline_v2.0,,sufficiently monitor the system capacities (resources) and foster availability.,,,,,,,,,,,,,,
ICT Operations Guideline_v2.0,DOR.ICT.OPS.SOF.006,,,,,,,,,,,,,,,
ICT Operations Guideline_v2.0,,"Asset-Types: Business Process, Commercial-off-the-Shelf Solution, Underlaying",,,,,,,,,,,,,,
ICT Operations Guideline_v2.0,,"Software/Technology, Tool, Software Appliance, Hardware Appliance, Cloud",,,,,,,,,,,,,,
ICT Operations Guideline_v2.0,,"Appliance, Operating System, Cloud PaaS, Container, Processing Peripheral, Other",,,,,,,,,,,,,,
ICT Operations Guideline_v2.0,,"Device, Storage, Server & Host Hardware, Supplier",,,,,,,,,,,,,,
ICT Operations Guideline_v2.0,,Key References: ISO 27001:2022 Cor 202203 A.8.6,,,,,,,,,,,,,,
ICT Operations Guideline_v2.0,ID: 12,,,,,,,,,,,,,,,
ICT Operations Guideline_v2.0,,Backup and Recovery Management,,,,,,,,,,,,,,
ICT Operations Guideline_v2.0,(version 2.0),,,,,,,,,,,,,,,
ICT Operations Guideline_v2.0,,,,,,,,,,,,,,,,
ICT Operations Guideline_v2.0,12,"It must be ensured that comprehensive and secure backup, restoration,",,,,,,,,,,,,,,
ICT Operations Guideline_v2.0,,and recovery procedures are established.,,,,,,,,,,,,,,
ICT Operations Guideline_v2.0,DOR.ICT.OPS.BRM.001,,,,,,,,,,,,,,,
ICT Operations Guideline_v2.0,12.1,"Backup procedures must be developed and documented, clearly defining the",,,,,,,,,,,,,,
ICT Operations Guideline_v2.0,,"scope of the data to be backed up and the minimum backup frequency,",,,,,,,,,,,,,,
ICT Operations Guideline_v2.0,DOR.ICT.OPS.BRM.002,,,,,,,,,,,,,,,
ICT Operations Guideline_v2.0,,considering the data’s confidentiality and criticality.,,,,,,,,,,,,,,
ICT Operations Guideline_v2.0,,,,,,,,,,,,,,,,
ICT Operations Guideline_v2.0,,"Asset-Types: Business Process, Commercial-off-the-Shelf Solution, Underlaying",,,,,,,,,,,,,,
ICT Operations Guideline_v2.0,,"Software/Technology, SaaS, Tool, Software Appliance, Hardware Appliance, Cloud",,,,,,,,,,,,,,
ICT Operations Guideline_v2.0,,"Appliance, Operating System, Cloud PaaS, Container, End User Device, Mobile",,,,,,,,,,,,,,
ICT Operations Guideline_v2.0,,"Device, Processing Peripheral, Storage Media, Other Device, Storage, Server & Host",,,,,,,,,,,,,,
ICT Operations Guideline_v2.0,,"Hardware, Network Connection",,,,,,,,,,,,,,
ICT Operations Guideline_v2.0,,Key References: DORA RTS RMF A.39.2.g),,,,,,,,,,,,,,
ICT Operations Guideline_v2.0,12.2,Restoration and recovery procedures and methods must be developed and,,,,,,,,,,,,,,
ICT Operations Guideline_v2.0,,documented.,,,,,,,,,,,,,,
ICT Operations Guideline_v2.0,DOR.ICT.OPS.BRM.003,,,,,,,,,,,,,,,
ICT Operations Guideline_v2.0,,"Asset-Types: Information, Business Process, Commercial-off-the-Shelf Solution,",,,,,,,,,,,,,,
ICT Operations Guideline_v2.0,,"Underlaying Software/Technology, SaaS, Tool, Certificate, Software Appliance,",,,,,,,,,,,,,,
ICT Operations Guideline_v2.0,,"Hardware Appliance, Cloud Appliance, Operating System, Cloud PaaS, Container,",,,,,,,,,,,,,,
ICT Operations Guideline_v2.0,,"Processing Peripheral, Other Device, Storage, Server & Host Hardware",,,,,,,,,,,,,,
ICT Operations Guideline_v2.0,,Key References: DORA RTS RMF A.26.1.d),,,,,,,,,,,,,,
ICT Operations Guideline_v2.0,12.3,Both procedures and methods must be based on a risk assessment and,,,,,,,,,,,,,,
ICT Operations Guideline_v2.0,,ensure coverage of all critical data and systems.,,,,,,,,,,,,,,
ICT Operations Guideline_v2.0,DOR.ICT.OPS.BRM.004,,,,,,,,,,,,,,,
ICT Operations Guideline_v2.0,,"Asset-Types: Information, Business Process, Commercial-off-the-Shelf Solution,",,,,,,,,,,,,,,
ICT Operations Guideline_v2.0,,"Underlaying Software/Technology, SaaS, Tool, Certificate, Software Appliance,",,,,,,,,,,,,,,
ICT Operations Guideline_v2.0,,"Hardware Appliance, Cloud Appliance, Operating System, Cloud PaaS, Container,",,,,,,,,,,,,,,
ICT Operations Guideline_v2.0,,"Processing Peripheral, Other Device, Storage, Server & Host Hardware",,,,,,,,,,,,,,
ICT Operations Guideline_v2.0,,"Key References: DORA 2022/2554 Article 12, ISO/IEC 27001:2022 A.8.1",,,,,,,,,,,,,,
ICT Operations Guideline_v2.0,12.4,Both procedures and methods must be tested at defined regularly but at least,,,,,,,,,,,,,,
ICT Operations Guideline_v2.0,,every 12 months or after significant changes.,,,,,,,,,,,,,,
ICT Operations Guideline_v2.0,DOR.ICT.OPS.BRM.005,,,,,,,,,,,,,,,
ICT Operations Guideline_v2.0,,"Asset-Types: Information, Commercial-off-the-Shelf Solution, Underlaying",,,,,,,,,,,,,,
ICT Operations Guideline_v2.0,,"Software/Technology, SaaS, Tool, Certificate, Software Appliance, Hardware",,,,,,,,,,,,,,
ICT Operations Guideline_v2.0,,"Appliance, Cloud Appliance, Operating System, Cloud PaaS, Container, Processing",,,,,,,,,,,,,,
ICT Operations Guideline_v2.0,,"Peripheral, Other Device, Storage, Server & Host Hardware",,,,,,,,,,,,,,
ICT Operations Guideline_v2.0,,Key References: DORA 2022/2554 A.12.1,,,,,,,,,,,,,,
ICT Operations Guideline_v2.0,12.5,All restoration activities must meet predefined Recovery Time Objectives,,,,,,,,,,,,,,
ICT Operations Guideline_v2.0,,(RTO) and Recovery Point Objectives (RPO).,,,,,,,,,,,,,,
ICT Operations Guideline_v2.0,DOR.ICT.OPS.BRM.006,,,,,,,,,,,,,,,
ICT Operations Guideline_v2.0,,"Asset-Types: Information, Business Process, Commercial-off-the-Shelf Solution,",,,,,,,,,,,,,,
ICT Operations Guideline_v2.0,,"Underlaying Software/Technology, SaaS, Tool, Certificate, Software Appliance,",,,,,,,,,,,,,,
ICT Operations Guideline_v2.0,,"Hardware Appliance, Cloud Appliance, Operating System, Cloud PaaS, Container,",,,,,,,,,,,,,,
ICT Operations Guideline_v2.0,,"Processing Peripheral, Other Device, Storage, Server & Host Hardware",,,,,,,,,,,,,,
ICT Operations Guideline_v2.0,,Key References: DORA 2022/2554 A.12.6,,,,,,,,,,,,,,
ICT Operations Guideline_v2.0,ID: 13 (version 2.0),Backup systems,,,,,,,,,,,,,,
ICT Operations Guideline_v2.0,13,"It must be ensured that backup systems are established, secured, and",,,,,,,,,,,,,,
ICT Operations Guideline_v2.0,,capable of being activated in accordance with defined procedures.,,,,,,,,,,,,,,
ICT Operations Guideline_v2.0,DOR.ICT.OPS.BSY.001,,,,,,,,,,,,,,,
ICT Operations Guideline_v2.0,13.1,Backup systems must be implemented in a way that allows activation in,,,,,,,,,,,,,,
ICT Operations Guideline_v2.0,,"accordance with backup procedures, restoration and recovery procedures",,,,,,,,,,,,,,
ICT Operations Guideline_v2.0,DOR.ICT.OPS.BSY.002,,,,,,,,,,,,,,,
ICT Operations Guideline_v2.0,,and methods.,,,,,,,,,,,,,,
ICT Operations Guideline_v2.0,,,,,,,,,,,,,,,,
ICT Operations Guideline_v2.0,,"Asset-Types: Information, Business Process, Commercial-off-the-Shelf Solution,",,,,,,,,,,,,,,
ICT Operations Guideline_v2.0,,"Underlaying Software/Technology, SaaS, Tool, Certificate, Software Appliance,",,,,,,,,,,,,,,
ICT Operations Guideline_v2.0,,"Hardware Appliance, Cloud Appliance, Cloud PaaS, Container, End User Device,",,,,,,,,,,,,,,
ICT Operations Guideline_v2.0,,"Mobile Device, Processing Peripheral, Other Device, Storage, Server & Host",,,,,,,,,,,,,,
ICT Operations Guideline_v2.0,,Hardware,,,,,,,,,,,,,,
ICT Operations Guideline_v2.0,,Key References: DORA 2022/2554 A.12.2,,,,,,,,,,,,,,
ICT Operations Guideline_v2.0,13.2,The activation of backup systems must not compromise the security of,,,,,,,,,,,,,,
ICT Operations Guideline_v2.0,,"network and information systems, nor affect confidentiality, integrity,",,,,,,,,,,,,,,
ICT Operations Guideline_v2.0,DOR.ICT.OPS.BSY.003,,,,,,,,,,,,,,,
ICT Operations Guideline_v2.0,,availability or authenticity the data.,,,,,,,,,,,,,,
ICT Operations Guideline_v2.0,,,,,,,,,,,,,,,,
ICT Operations Guideline_v2.0,ID: 14,,,,,,,,,,,,,,,
ICT Operations Guideline_v2.0,,Backup facilities,,,,,,,,,,,,,,
ICT Operations Guideline_v2.0,(version 2.0),,,,,,,,,,,,,,,
ICT Operations Guideline_v2.0,,,,,,,,,,,,,,,,
ICT Operations Guideline_v2.0,14,It must be ensured that backup facilities are in place.,,,,,,,,,,,,,,
ICT Operations Guideline_v2.0,DOR.ICT.OPS.BFA.001,,,,,,,,,,,,,,,
ICT Operations Guideline_v2.0,14.1,"Backup facilities equipped with sufficient resources, capabilities and functions",,,,,,,,,,,,,,
ICT Operations Guideline_v2.0,,to fulfil business needs and ensure continuous service availability must be,,,,,,,,,,,,,,
ICT Operations Guideline_v2.0,DOR.ICT.OPS.BFA.002,maintained.,,,,,,,,,,,,,,
ICT Operations Guideline_v2.0,,,,,,,,,,,,,,,,
ICT Operations Guideline_v2.0,,"Asset-Types: Business Process, Commercial-off-the-Shelf Solution, Underlaying",,,,,,,,,,,,,,
ICT Operations Guideline_v2.0,,"Software/Technology, SaaS, Tool, Certificate, Software Appliance, Hardware",,,,,,,,,,,,,,
ICT Operations Guideline_v2.0,,"Appliance, Cloud Appliance, Cloud PaaS, Container, Storage Media, Other Device,",,,,,,,,,,,,,,
ICT Operations Guideline_v2.0,,"Storage, Server & Host Hardware",,,,,,,,,,,,,,
ICT Operations Guideline_v2.0,,Key References: DORA 2022/2554 A.12.5,,,,,,,,,,,,,,
ICT Operations Guideline_v2.0,ID: 15 (version 2.0),Asset backup handling,,,,,,,,,,,,,,
ICT Operations Guideline_v2.0,15,It must be ensured that the backup after removal and disposal of an IT,,,,,,,,,,,,,,
ICT Operations Guideline_v2.0,,Asset is managed.,,,,,,,,,,,,,,
ICT Operations Guideline_v2.0,DOR.ICT.OPS.ABH.001,,,,,,,,,,,,,,,
ICT Operations Guideline_v2.0,15.1,In case of removal or disposal of IT assets it must be ensured that the backup,,,,,,,,,,,,,,
ICT Operations Guideline_v2.0,,for the removed or disposed IT Assets is handled according to requirements,,,,,,,,,,,,,,
ICT Operations Guideline_v2.0,DOR.ICT.OPS.ABH.002,of the Information Owner (for more information check the ICT Asset,,,,,,,,,,,,,,
ICT Operations Guideline_v2.0,,Management Guideline).,,,,,,,,,,,,,,
ICT Operations Guideline_v2.0,,"Asset-Types: Information, Commercial-off-the-Shelf Solution, Underlaying",,,,,,,,,,,,,,
ICT Operations Guideline_v2.0,,"Software/Technology, Tool, Certificate, Software Appliance, Hardware Appliance,",,,,,,,,,,,,,,
ICT Operations Guideline_v2.0,,"Cloud Appliance, Operating System, Cloud PaaS, Container, End User Device, Mobile",,,,,,,,,,,,,,
ICT Operations Guideline_v2.0,,"Device, Processing Peripheral, Storage, Server & Host Hardware, Supplier",,,,,,,,,,,,,,
ICT Operations Guideline_v2.0,,Key References: ISO 27001:2022 Cor 202203 A.8.13,,,,,,,,,,,,,,
ICT Operations Guideline_v2.0,ID: 16 (version 2.0),Recovery Time Objectives (RTO) and Recovery Point Objectives (RPO),,,,,,,,,,,,,,
ICT Operations Guideline_v2.0,16,It must be ensured that RTOs and RPOs are defined and adhered to for,,,,,,,,,,,,,,
ICT Operations Guideline_v2.0,,all relevant functions and IT Assets.,,,,,,,,,,,,,,
ICT Operations Guideline_v2.0,DOR.ICT.OPS.RTO.001,,,,,,,,,,,,,,,
ICT Operations Guideline_v2.0,16.1,The determination of RTOs and RPOs must consider whether the function is,,,,,,,,,,,,,,
ICT Operations Guideline_v2.0,,"critical or important, as well as the potential overall impact on market",,,,,,,,,,,,,,
ICT Operations Guideline_v2.0,DOR.ICT.OPS.RTO.002,,,,,,,,,,,,,,,
ICT Operations Guideline_v2.0,,"efficiency, agreed by the Asset Owner and documented in the Asset",,,,,,,,,,,,,,
ICT Operations Guideline_v2.0,,,,,,,,,,,,,,,,
ICT Operations Guideline_v2.0,,Inventory (according to the ICT Asset Management Guideline).,,,,,,,,,,,,,,
ICT Operations Guideline_v2.0,,"Asset-Types: Information, Commercial-off-the-Shelf Solution, Underlaying",,,,,,,,,,,,,,
ICT Operations Guideline_v2.0,,"Software/Technology, SaaS, Tool, Certificate, Software Appliance, Hardware",,,,,,,,,,,,,,
ICT Operations Guideline_v2.0,,"Appliance, Cloud Appliance, Operating System, Cloud PaaS, Container, Storage",,,,,,,,,,,,,,
ICT Operations Guideline_v2.0,,"Media, Storage, Server & Host Hardware",,,,,,,,,,,,,,
ICT Operations Guideline_v2.0,,Key References: DORA 2022/2554 A.12.6,,,,,,,,,,,,,,
ICT Operations Guideline_v2.0,16.2,"All information systems, IT Applications, and data of the legal entity must be",,,,,,,,,,,,,,
ICT Operations Guideline_v2.0,,backed up in a way to ensure that the RPO objective is met. Depending on,,,,,,,,,,,,,,
ICT Operations Guideline_v2.0,DOR.ICT.OPS.RTO.003,,,,,,,,,,,,,,,
ICT Operations Guideline_v2.0,,the RPO levels following must be fulfilled:,,,,,,,,,,,,,,
ICT Operations Guideline_v2.0,,,,,,,,,,,,,,,,
ICT Operations Guideline_v2.0,,− RPO = 0 (Impact on Availability Criticality Level: “Critical”): Remote,,,,,,,,,,,,,,
ICT Operations Guideline_v2.0,,synchronous replication for RPO = 0 minutes and backup restore point,,,,,,,,,,,,,,
ICT Operations Guideline_v2.0,,and redo logs,,,,,,,,,,,,,,
ICT Operations Guideline_v2.0,,− 0h < RPO < 1h (Impact on Availability Criticality Level: “Critical”):,,,,,,,,,,,,,,
ICT Operations Guideline_v2.0,,Remote asynchronous replication for RPO < 1 hour but not 0 minutes,,,,,,,,,,,,,,
ICT Operations Guideline_v2.0,,"(e.g. RPO = 15, 20 or 30 minutes) and backup restore point and redo",,,,,,,,,,,,,,
ICT Operations Guideline_v2.0,,logs + daily backup or alternative measures which guarantee no /,,,,,,,,,,,,,,
ICT Operations Guideline_v2.0,,minimum data loss,,,,,,,,,,,,,,
ICT Operations Guideline_v2.0,,− 1h ≤ RPO < 4h (Impact on Availability Criticality Level: “Major”): daily,,,,,,,,,,,,,,
ICT Operations Guideline_v2.0,,backup (full or incremental) + every x hours during business hours redo,,,,,,,,,,,,,,
ICT Operations Guideline_v2.0,,logs / snapshots / backups or alternative solution guaranteeing RPO,,,,,,,,,,,,,,
ICT Operations Guideline_v2.0,,− 4 h ≤ RPO < 1 day (Impact on Availability Criticality Level: “Minor”):,,,,,,,,,,,,,,
ICT Operations Guideline_v2.0,,daily backup (full or incremental) + every x hours during business,,,,,,,,,,,,,,
ICT Operations Guideline_v2.0,,hours redo logs / snapshots / backups or alternative solution,,,,,,,,,,,,,,
ICT Operations Guideline_v2.0,,guaranteeing RPO,,,,,,,,,,,,,,
ICT Operations Guideline_v2.0,,− RPO of 1 day or more (Impact on Availability Criticality Level:,,,,,,,,,,,,,,
ICT Operations Guideline_v2.0,,“Negligible”): weekly backup + daily (incremental) backups,,,,,,,,,,,,,,
ICT Operations Guideline_v2.0,,"Asset-Types: Information, Business Process, Commercial-off-the-Shelf Solution,",,,,,,,,,,,,,,
ICT Operations Guideline_v2.0,,"Underlaying Software/Technology, SaaS, Tool, Certificate, Software Appliance,",,,,,,,,,,,,,,
ICT Operations Guideline_v2.0,,"Hardware Appliance, Cloud Appliance, Operating System, Cloud PaaS, Container,",,,,,,,,,,,,,,
ICT Operations Guideline_v2.0,,"Storage, Server & Host Hardware",,,,,,,,,,,,,,
ICT Operations Guideline_v2.0,,Key References: ISO 27001:2022 Cor 202203 A.8.13,,,,,,,,,,,,,,
ICT Operations Guideline_v2.0,16.3,The RTO for mission-critical functions must not be longer than two hours.,,,,,,,,,,,,,,
ICT Operations Guideline_v2.0,DOR.ICT.OPS.RTO.004,"Asset-Types: Information, Business Process, Commercial-off-the-Shelf Solution,",,,,,,,,,,,,,,
ICT Operations Guideline_v2.0,,"Underlaying Software/Technology, SaaS, Tool, Certificate, Software Appliance,",,,,,,,,,,,,,,
ICT Operations Guideline_v2.0,,"Hardware Appliance, Cloud Appliance, Operating System, Cloud PaaS, Container,",,,,,,,,,,,,,,
ICT Operations Guideline_v2.0,,"Storage Media, Storage, Server & Host Hardware",,,,,,,,,,,,,,
ICT Operations Guideline_v2.0,,Key References: DORA RTS RMF A.24.2a),,,,,,,,,,,,,,
ICT Operations Guideline_v2.0,16.4,Trading venues must resume trading within or close to two hours of a,,,,,,,,,,,,,,
ICT Operations Guideline_v2.0,,"disruptive incident, irrespective of the function's criticality or importance, with",,,,,,,,,,,,,,
ICT Operations Guideline_v2.0,DOR.ICT.OPS.RTO.005,data loss from IT services minimized to near zero.,,,,,,,,,,,,,,
ICT Operations Guideline_v2.0,,,,,,,,,,,,,,,,
ICT Operations Guideline_v2.0,ID: 17 (version 2.0),Continuous Improvement,,,,,,,,,,,,,,
ICT Operations Guideline_v2.0,17,It must be ensured that the backup procedures are reviewed and,,,,,,,,,,,,,,
ICT Operations Guideline_v2.0,,improved.,,,,,,,,,,,,,,
ICT Operations Guideline_v2.0,DOR.ICT.OPS.BIM.001,,,,,,,,,,,,,,,
ICT Operations Guideline_v2.0,17.1,"At least once a year, the efficiency and completeness of backup procedures",,,,,,,,,,,,,,
ICT Operations Guideline_v2.0,,should be validated.,,,,,,,,,,,,,,
ICT Operations Guideline_v2.0,DOR.ICT.OPS.BIM.002,,,,,,,,,,,,,,,
ICT Operations Guideline_v2.0,,"Asset-Types: Information, Business Process, Commercial-off-the-Shelf Solution,",,,,,,,,,,,,,,
ICT Operations Guideline_v2.0,,"Underlaying Software/Technology, SaaS, Tool, Software Appliance, Hardware",,,,,,,,,,,,,,
ICT Operations Guideline_v2.0,,"Appliance, Cloud Appliance, Operating System, Cloud PaaS, Container, End User",,,,,,,,,,,,,,
ICT Operations Guideline_v2.0,,"Device, Mobile Device, Processing Peripheral, Other Device, Server & Host Hardware",,,,,,,,,,,,,,
ICT Operations Guideline_v2.0,,Key References: ISO 27001:2022 Cor 202203 A.5.37,,,,,,,,,,,,,,
ICT Operations Guideline_v2.0,17.1.1,This involves demonstrating the successful restoration of an IT service,,,,,,,,,,,,,,
ICT Operations Guideline_v2.0,,"following a failure, using a risk-based approach.",,,,,,,,,,,,,,
ICT Operations Guideline_v2.0,DOR.ICT.OPS.BIM.003,,,,,,,,,,,,,,,
ICT Operations Guideline_v2.0,,"Asset-Types: Business Process, Commercial-off-the-Shelf Solution, Underlaying",,,,,,,,,,,,,,
ICT Operations Guideline_v2.0,,"Software/Technology, SaaS, Tool, Software Appliance, Hardware Appliance, Cloud",,,,,,,,,,,,,,
ICT Operations Guideline_v2.0,,"Appliance, Operating System, Cloud PaaS, Container, End User Device, Mobile",,,,,,,,,,,,,,
ICT Operations Guideline_v2.0,,"Device, Processing Peripheral, Storage Media, Other Device, Storage, Server & Host",,,,,,,,,,,,,,
ICT Operations Guideline_v2.0,,"Hardware, Network Connection",,,,,,,,,,,,,,
ICT Operations Guideline_v2.0,,Key References: ISO 27001:2022 Cor 202203 A.5.37,,,,,,,,,,,,,,
ICT Operations Guideline_v2.0,17.1.2,The outcomes of validating the backup procedures must be recorded in a,,,,,,,,,,,,,,
ICT Operations Guideline_v2.0,,report.,,,,,,,,,,,,,,
ICT Operations Guideline_v2.0,DOR.ICT.OPS.BIM.004,,,,,,,,,,,,,,,
ICT Operations Guideline_v2.0,,"Asset-Types: Business Process, Commercial-off-the-Shelf Solution, Underlaying",,,,,,,,,,,,,,
ICT Operations Guideline_v2.0,,"Software/Technology, SaaS, Tool, Software Appliance, Hardware Appliance, Cloud",,,,,,,,,,,,,,
ICT Operations Guideline_v2.0,,"Appliance, Operating System, Cloud PaaS, Container, End User Device, Mobile",,,,,,,,,,,,,,
ICT Operations Guideline_v2.0,,"Device, Processing Peripheral, Storage Media, Other Device, Storage, Server & Host",,,,,,,,,,,,,,
ICT Operations Guideline_v2.0,,"Hardware, Network Connection",,,,,,,,,,,,,,
ICT Operations Guideline_v2.0,,Key References: ISO 27001:2022 Cor 202203 A.5.37,,,,,,,,,,,,,,
ICT Operations Guideline_v2.0,ID: 18,,,,,,,,,,,,,,,
ICT Operations Guideline_v2.0,,ICT Service Continuity Plans,,,,,,,,,,,,,,
ICT Operations Guideline_v2.0,(version 2.0),,,,,,,,,,,,,,,
ICT Operations Guideline_v2.0,,,,,,,,,,,,,,,,
ICT Operations Guideline_v2.0,18,"ICT service continuity plans, procedures and mechanisms must be",,,,,,,,,,,,,,
ICT Operations Guideline_v2.0,,designed and implemented.,,,,,,,,,,,,,,
ICT Operations Guideline_v2.0,DOR.ICT.OPS.SCP.001,,,,,,,,,,,,,,,
ICT Operations Guideline_v2.0,18.1,"ICT service continuity plans, procedures and processes must be",,,,,,,,,,,,,,
ICT Operations Guideline_v2.0,,"developed, tested, reviewed, and implemented.",,,,,,,,,,,,,,
ICT Operations Guideline_v2.0,DOR.ICT.OPS.SCP.002,,,,,,,,,,,,,,,
ICT Operations Guideline_v2.0,,"Asset-Types: Business Process, Commercial-off-the-Shelf Solution, Underlaying",,,,,,,,,,,,,,
ICT Operations Guideline_v2.0,,"Software/Technology, SaaS, Tool, Software Appliance, Hardware Appliance, Cloud",,,,,,,,,,,,,,
ICT Operations Guideline_v2.0,,"Appliance, Operating System, Cloud PaaS, Container, End User Device, Mobile",,,,,,,,,,,,,,
ICT Operations Guideline_v2.0,,"Device, Processing Peripheral, Storage Media, Other Device, Storage, Server &",,,,,,,,,,,,,,
ICT Operations Guideline_v2.0,,"Host Hardware, Network Connection",,,,,,,,,,,,,,
ICT Operations Guideline_v2.0,,Key References: DORA 2022/2554 A.11.3,,,,,,,,,,,,,,
ICT Operations Guideline_v2.0,18.2,"Based on BIA results specific activation, deactivation and exception criteria",,,,,,,,,,,,,,
ICT Operations Guideline_v2.0,,for the ICT service continuity plans must be established.,,,,,,,,,,,,,,
ICT Operations Guideline_v2.0,DOR.ICT.OPS.SCP.003,,,,,,,,,,,,,,,
ICT Operations Guideline_v2.0,,Asset-Types: Business Process,,,,,,,,,,,,,,
ICT Operations Guideline_v2.0,,Key References: DORA RTS RMF A.24.1.a) iv.,,,,,,,,,,,,,,
ICT Operations Guideline_v2.0,18.3,ICT service continuity plans must include:,,,,,,,,,,,,,,
ICT Operations Guideline_v2.0,DOR.ICT.OPS.SCP.004,"Asset-Types: Business Process, Commercial-off-the-Shelf Solution, Underlaying",,,,,,,,,,,,,,
ICT Operations Guideline_v2.0,,"Software/Technology, SaaS, Tool, Software Appliance, Hardware Appliance, Cloud",,,,,,,,,,,,,,
ICT Operations Guideline_v2.0,,"Appliance, Operating System, Cloud PaaS, Container, End User Device, Mobile",,,,,,,,,,,,,,
ICT Operations Guideline_v2.0,,"Device, Processing Peripheral, Storage Media, Other Device, Storage, Server &",,,,,,,,,,,,,,
ICT Operations Guideline_v2.0,,"Host Hardware, Network Connection",,,,,,,,,,,,,,
ICT Operations Guideline_v2.0,,Key References: DORA RTS RMF A.26.1,,,,,,,,,,,,,,
ICT Operations Guideline_v2.0,18.3.1,"Actions that need to be taken to ensure availability, integrity, continuity,",,,,,,,,,,,,,,
ICT Operations Guideline_v2.0,,and recovery of at least ICT Systems and services supporting critical or,,,,,,,,,,,,,,
ICT Operations Guideline_v2.0,DOR.ICT.OPS.SCP.005,,,,,,,,,,,,,,,
ICT Operations Guideline_v2.0,,important functions.,,,,,,,,,,,,,,
ICT Operations Guideline_v2.0,,,,,,,,,,,,,,,,
ICT Operations Guideline_v2.0,,"Asset-Types: Business Process, Commercial-off-the-Shelf Solution,",,,,,,,,,,,,,,
ICT Operations Guideline_v2.0,,"Underlaying Software/Technology, SaaS, Tool, Software Appliance, Hardware",,,,,,,,,,,,,,
ICT Operations Guideline_v2.0,,"Appliance, Cloud Appliance, Operating System, Cloud PaaS, Container, End",,,,,,,,,,,,,,
ICT Operations Guideline_v2.0,,"User Device, Mobile Device, Processing Peripheral, Storage Media, Other",,,,,,,,,,,,,,
ICT Operations Guideline_v2.0,,"Device, Storage, Server & Host Hardware, Network Connection",,,,,,,,,,,,,,
ICT Operations Guideline_v2.0,,Key References: DORA 2022/2554 A.11.2a),,,,,,,,,,,,,,
ICT Operations Guideline_v2.0,18.3.2,Structure to limit the damage and meet the defined RTOs and RPOs.,,,,,,,,,,,,,,
ICT Operations Guideline_v2.0,DOR.ICT.OPS.SCP.006,"Asset-Types: Business Process, Commercial-off-the-Shelf Solution,",,,,,,,,,,,,,,
ICT Operations Guideline_v2.0,,"Underlaying Software/Technology, SaaS, Tool, Software Appliance, Hardware",,,,,,,,,,,,,,
ICT Operations Guideline_v2.0,,"Appliance, Cloud Appliance, Operating System, Cloud PaaS, Container, End",,,,,,,,,,,,,,
ICT Operations Guideline_v2.0,,"User Device, Mobile Device, Processing Peripheral, Storage Media, Other",,,,,,,,,,,,,,
ICT Operations Guideline_v2.0,,"Device, Storage, Server & Host Hardware, Network Connection",,,,,,,,,,,,,,
ICT Operations Guideline_v2.0,,Key References: DORA RTS RMF A.26.1c),,,,,,,,,,,,,,
ICT Operations Guideline_v2.0,18.3.3,Specific containment measures and technologies suitable for each type,,,,,,,,,,,,,,
ICT Operations Guideline_v2.0,,of incident to minimize the impact.,,,,,,,,,,,,,,
ICT Operations Guideline_v2.0,DOR.ICT.OPS.SCP.007,,,,,,,,,,,,,,,
ICT Operations Guideline_v2.0,ID: 19,,,,,,,,,,,,,,,
ICT Operations Guideline_v2.0,,ICT Service Continuity Plans Testing,,,,,,,,,,,,,,
ICT Operations Guideline_v2.0,(version 2.0),,,,,,,,,,,,,,,
ICT Operations Guideline_v2.0,,,,,,,,,,,,,,,,
ICT Operations Guideline_v2.0,19,It must be ensured that ICT service continuity plans as well as,,,,,,,,,,,,,,
ICT Operations Guideline_v2.0,,procedures are appropriately tested.,,,,,,,,,,,,,,
ICT Operations Guideline_v2.0,DOR.ICT.OPS.CPT.001,,,,,,,,,,,,,,,
ICT Operations Guideline_v2.0,19.1,It must be ensured that ICT service continuity plans are tested at least,,,,,,,,,,,,,,
ICT Operations Guideline_v2.0,,annually or after a significant change to ICT Systems supporting critical or,,,,,,,,,,,,,,
ICT Operations Guideline_v2.0,DOR.ICT.OPS.CPT.002,,,,,,,,,,,,,,,
ICT Operations Guideline_v2.0,,important functions.,,,,,,,,,,,,,,
ICT Operations Guideline_v2.0,,,,,,,,,,,,,,,,
ICT Operations Guideline_v2.0,,"Asset-Types: Business Process, Commercial-off-the-Shelf Solution, Underlaying",,,,,,,,,,,,,,
ICT Operations Guideline_v2.0,,"Software/Technology, SaaS, Tool, Software Appliance, Hardware Appliance, Cloud",,,,,,,,,,,,,,
ICT Operations Guideline_v2.0,,"Appliance, Operating System, Cloud PaaS, Container, End User Device, Mobile",,,,,,,,,,,,,,
ICT Operations Guideline_v2.0,,"Device, Processing Peripheral, Storage Media, Other Device, Storage, Server & Host",,,,,,,,,,,,,,
ICT Operations Guideline_v2.0,,"Hardware, Network Connection",,,,,,,,,,,,,,
ICT Operations Guideline_v2.0,,Key References: DORA 2022/2554 A.11.6a),,,,,,,,,,,,,,
ICT Operations Guideline_v2.0,19.2,"The tests must include procedures to verify that personnel, third party ICT",,,,,,,,,,,,,,
ICT Operations Guideline_v2.0,,"service providers, ICT Systems and services respond to failure scenarios by",,,,,,,,,,,,,,
ICT Operations Guideline_v2.0,DOR.ICT.OPS.CPT.003,,,,,,,,,,,,,,,
ICT Operations Guideline_v2.0,,achieving the defined RTOs and RPOs.,,,,,,,,,,,,,,
ICT Operations Guideline_v2.0,,,,,,,,,,,,,,,,
ICT Operations Guideline_v2.0,,"Asset-Types: Business Process, Commercial-off-the-Shelf Solution, Underlaying",,,,,,,,,,,,,,
ICT Operations Guideline_v2.0,,"Software/Technology, SaaS, Tool, Software Appliance, Hardware Appliance, Cloud",,,,,,,,,,,,,,
ICT Operations Guideline_v2.0,,"Appliance, Operating System, Cloud PaaS, Container, End User Device, Mobile",,,,,,,,,,,,,,
ICT Operations Guideline_v2.0,,"Device, Processing Peripheral, Storage Media, Other Device, Storage, Server & Host",,,,,,,,,,,,,,
ICT Operations Guideline_v2.0,,"Hardware, Network Connection",,,,,,,,,,,,,,
ICT Operations Guideline_v2.0,,Key References: DORA RTS RMF A.25.2e),,,,,,,,,,,,,,
ICT Operations Guideline_v2.0,19.3,Those tests must consider results of the Business Impact Analysis (BIA) and,,,,,,,,,,,,,,
ICT Operations Guideline_v2.0,,ICT Risk Assessment (for details refer to ICT Risk Management Guideline).,,,,,,,,,,,,,,
ICT Operations Guideline_v2.0,,,,,,,,,,,,,,,,
ICT Operations Guideline_v2.0,DOR.ICT.OPS.CPT.004,"Asset-Types: Business Process, Commercial-off-the-Shelf Solution, Underlaying",,,,,,,,,,,,,,
ICT Operations Guideline_v2.0,,"Software/Technology, SaaS, Tool, Software Appliance, Hardware Appliance, Cloud",,,,,,,,,,,,,,
ICT Operations Guideline_v2.0,,"Appliance, Operating System, Cloud PaaS, Container, End User Device, Mobile",,,,,,,,,,,,,,
ICT Operations Guideline_v2.0,,,,,,,,,,,,,,,,
ICT Operations Guideline_v2.0,ID: 19,,,,,,,,,,,,,,,
ICT Operations Guideline_v2.0,,ICT Service Continuity Plans Testing,,,,,,,,,,,,,,
ICT Operations Guideline_v2.0,(version 1.1),,,,,,,,,,,,,,,
ICT Operations Guideline_v2.0,,,,,,,,,,,,,,,,
ICT Operations Guideline_v2.0,19,It must be ensured that ICT service continuity plans as well as,,,,,,,,,,,,,,
ICT Operations Guideline_v2.0,,procedures are appropriately tested.,,,,,,,,,,,,,,
ICT Operations Guideline_v2.0,DOR.ICT.OPS.CPT.001,,,,,,,,,,,,,,,
ICT Operations Guideline_v2.0,19.1,It must be ensured that ICT service continuity plans are tested at least,,,,,,,,,,,,,,
ICT Operations Guideline_v2.0,,annually or after a significant change to ICT Systems supporting critical or,,,,,,,,,,,,,,
ICT Operations Guideline_v2.0,DOR.ICT.OPS.CPT.002,,,,,,,,,,,,,,,
ICT Operations Guideline_v2.0,,important functions.,,,,,,,,,,,,,,
ICT Operations Guideline_v2.0,,,,,,,,,,,,,,,,
ICT Operations Guideline_v2.0,,"Asset-Types: Business Process, Commercial-off-the-Shelf Solution, Underlaying",,,,,,,,,,,,,,
ICT Operations Guideline_v2.0,,"Software/Technology, SaaS, Tool, Software Appliance, Hardware Appliance, Cloud",,,,,,,,,,,,,,
ICT Operations Guideline_v2.0,,"Appliance, Operating System, Cloud PaaS, Container, End User Device, Mobile",,,,,,,,,,,,,,
ICT Operations Guideline_v2.0,,"Device, Processing Peripheral, Storage Media, Other Device, Storage, Server & Host",,,,,,,,,,,,,,
ICT Operations Guideline_v2.0,,"Hardware, Network Connection",,,,,,,,,,,,,,
ICT Operations Guideline_v2.0,,Key References: DORA 2022/2554 A.11.6a),,,,,,,,,,,,,,
ICT Operations Guideline_v2.0,19.2,"The tests must include procedures to verify that personnel, third party ICT",,,,,,,,,,,,,,
ICT Operations Guideline_v2.0,,"service providers, ICT Systems and services respond to failure scenarios by",,,,,,,,,,,,,,
ICT Operations Guideline_v2.0,DOR.ICT.OPS.CPT.003,,,,,,,,,,,,,,,
ICT Operations Guideline_v2.0,,achieving the defined RTOs and RPOs.,,,,,,,,,,,,,,
ICT Operations Guideline_v2.0,,,,,,,,,,,,,,,,
ICT Operations Guideline_v2.0,,"Asset-Types: Business Process, Commercial-off-the-Shelf Solution, Underlaying",,,,,,,,,,,,,,
ICT Operations Guideline_v2.0,,"Software/Technology, SaaS, Tool, Software Appliance, Hardware Appliance, Cloud",,,,,,,,,,,,,,
ICT Operations Guideline_v2.0,,"Appliance, Operating System, Cloud PaaS, Container, End User Device, Mobile",,,,,,,,,,,,,,
ICT Operations Guideline_v2.0,,"Device, Processing Peripheral, Storage Media, Other Device, Storage, Server & Host",,,,,,,,,,,,,,
ICT Operations Guideline_v2.0,,"Hardware, Network Connection",,,,,,,,,,,,,,
ICT Operations Guideline_v2.0,,Key References: DORA RTS RMF A.25.2e),,,,,,,,,,,,,,
ICT Operations Guideline_v2.0,19.3,Those tests must consider results of the Business Impact Analysis (BIA) and,,,,,,,,,,,,,,
ICT Operations Guideline_v2.0,,ICT Risk Assessment (for details refer to ICT Risk Management Guideline).,,,,,,,,,,,,,,
ICT Operations Guideline_v2.0,DOR.ICT.OPS.CPT.004,,,,,,,,,,,,,,,
ICT Operations Guideline_v2.0,,"Asset-Types: Business Process, Commercial-off-the-Shelf Solution, Underlaying",,,,,,,,,,,,,,
ICT Operations Guideline_v2.0,,"Software/Technology, SaaS, Tool, Software Appliance, Hardware Appliance, Cloud",,,,,,,,,,,,,,
ICT Operations Guideline_v2.0,,"Appliance, Operating System, Cloud PaaS, Container, End User Device, Mobile",,,,,,,,,,,,,,
ICT Operations Guideline_v2.0,,"Device, Processing Peripheral, Storage Media, Other Device, Storage, Server & Host",,,,,,,,,,,,,,
ICT Operations Guideline_v2.0,,"Hardware, Network Connection",,,,,,,,,,,,,,
ICT Operations Guideline_v2.0,,Key References: DORA RTS RMF A.25.1 Key References: DORA RTS RMF A.26.2,,,,,,,,,,,,,,
ICT Operations Guideline_v2.0,19.4,Testing must be based on possible failure scenarios which must be,,,,,,,,,,,,,,
ICT Operations Guideline_v2.0,,developed using current information of threats and on lessons learned from,,,,,,,,,,,,,,
ICT Operations Guideline_v2.0,DOR.ICT.OPS.CPT.005,,,,,,,,,,,,,,,
ICT Operations Guideline_v2.0,,previous business interruptions including severe business disruptions and,,,,,,,,,,,,,,
ICT Operations Guideline_v2.0,,,,,,,,,,,,,,,,
ICT Operations Guideline_v2.0,,increased likelihood of occurrence of disruption.,,,,,,,,,,,,,,
ICT Operations Guideline_v2.0,,"Asset-Types: Business Process, Commercial-off-the-Shelf Solution, Underlaying",,,,,,,,,,,,,,
ICT Operations Guideline_v2.0,,"Software/Technology, SaaS, Tool, Software Appliance, Hardware Appliance, Cloud",,,,,,,,,,,,,,
ICT Operations Guideline_v2.0,,"Appliance, Operating System, Cloud PaaS, Container, End User Device, Mobile",,,,,,,,,,,,,,
ICT Operations Guideline_v2.0,,"Device, Processing Peripheral, Storage Media, Other Device, Storage, Server & Host",,,,,,,,,,,,,,
ICT Operations Guideline_v2.0,,"Hardware, Network Connection",,,,,,,,,,,,,,
ICT Operations Guideline_v2.0,,Key References: DORA RTS RMF A.26.2,,,,,,,,,,,,,,
ICT Operations Guideline_v2.0,19.5,Following scenarios must be considered:,,,,,,,,,,,,,,
ICT Operations Guideline_v2.0,DOR.ICT.OPS.CPT.006,− Cyber-attacks and switchovers between the primary ICT infrastructure,,,,,,,,,,,,,,
ICT Operations Guideline_v2.0,,"and the redundant capacity, backups, and redundant facilities.",,,,,,,,,,,,,,
ICT Operations Guideline_v2.0,ID: 20,,,,,,,,,,,,,,,
ICT Operations Guideline_v2.0,,Data and ICT System Security Procedures,,,,,,,,,,,,,,
ICT Operations Guideline_v2.0,(version 2.0),,,,,,,,,,,,,,,
ICT Operations Guideline_v2.0,,,,,,,,,,,,,,,,
ICT Operations Guideline_v2.0,20,It must be ensured that data and ICT System security procedures are in,,,,,,,,,,,,,,
ICT Operations Guideline_v2.0,,place.,,,,,,,,,,,,,,
ICT Operations Guideline_v2.0,DOR.ICT.OPS.PRO.001,,,,,,,,,,,,,,,
ICT Operations Guideline_v2.0,20.1,"Procedures to secure data and ICT Systems must be developed,",,,,,,,,,,,,,,
ICT Operations Guideline_v2.0,,"documented, and implemented.",,,,,,,,,,,,,,
ICT Operations Guideline_v2.0,DOR.ICT.OPS.PRO.002,,,,,,,,,,,,,,,
ICT Operations Guideline_v2.0,,"Asset-Types: Information, Business Process, Commercial-off-the-Shelf Solution,",,,,,,,,,,,,,,
ICT Operations Guideline_v2.0,,"Underlaying Software/Technology, Tool, Certificate, Software Appliance, Hardware",,,,,,,,,,,,,,
ICT Operations Guideline_v2.0,,"Appliance, Cloud Appliance, Operating System, Cloud PaaS, Container, End User",,,,,,,,,,,,,,
ICT Operations Guideline_v2.0,,"Device, Mobile Device, Processing Peripheral, Storage Media, Other Device, Storage,",,,,,,,,,,,,,,
ICT Operations Guideline_v2.0,,Server & Host Hardware,,,,,,,,,,,,,,
ICT Operations Guideline_v2.0,,Key References: DORA RTS RMF A.11.1,,,,,,,,,,,,,,
ICT Operations Guideline_v2.0,20.2,Those data and ICT System security procedures must ensure the,,,,,,,,,,,,,,
ICT Operations Guideline_v2.0,,identification of:,,,,,,,,,,,,,,
ICT Operations Guideline_v2.0,DOR.ICT.OPS.PRO.003,,,,,,,,,,,,,,,
ICT Operations Guideline_v2.0,,"Asset-Types: Information, Business Process, Commercial-off-the-Shelf Solution,",,,,,,,,,,,,,,
ICT Operations Guideline_v2.0,,"Underlaying Software/Technology, Tool, Certificate, Software Appliance, Hardware",,,,,,,,,,,,,,
ICT Operations Guideline_v2.0,,"Appliance, Cloud Appliance, Operating System, Cloud PaaS, Container, End User",,,,,,,,,,,,,,
ICT Operations Guideline_v2.0,,"Device, Mobile Device, Processing Peripheral, Storage Media, Other Device, Storage,",,,,,,,,,,,,,,
ICT Operations Guideline_v2.0,,"Server & Host Hardware, Network Connection",,,,,,,,,,,,,,
ICT Operations Guideline_v2.0,,Key References: DORA RTS RMF A.11.2,,,,,,,,,,,,,,
ICT Operations Guideline_v2.0,20.2.1,"Secure configuration baselines for IT Assets, aimed at minimizing",,,,,,,,,,,,,,
ICT Operations Guideline_v2.0,,"exposure to cyber threats, along with measures to regularly verify the",,,,,,,,,,,,,,
ICT Operations Guideline_v2.0,DOR.ICT.OPS.PRO.004,,,,,,,,,,,,,,,
ICT Operations Guideline_v2.0,,effective deployment of these baselines.,,,,,,,,,,,,,,
ICT Operations Guideline_v2.0,,,,,,,,,,,,,,,,
ICT Operations Guideline_v2.0,,"Asset-Types: Information, Business Process, Commercial-off-the-Shelf Solution,",,,,,,,,,,,,,,
ICT Operations Guideline_v2.0,,"Underlaying Software/Technology, SaaS, Tool, Certificate, Software Appliance,",,,,,,,,,,,,,,
ICT Operations Guideline_v2.0,,"Hardware Appliance, Cloud Appliance, Operating System, Cloud PaaS, Container,",,,,,,,,,,,,,,
ICT Operations Guideline_v2.0,,"End User Device, Mobile Device, Processing Peripheral, Storage Media, Other",,,,,,,,,,,,,,
ICT Operations Guideline_v2.0,,"Device, Storage, Server & Host Hardware, Network Connection",,,,,,,,,,,,,,
ICT Operations Guideline_v2.0,,Key References: ISO 27001:2022 A.8.9,,,,,,,,,,,,,,
ICT Operations Guideline_v2.0,20.2.2,Security measures to ensure that only authorized software is installed on,,,,,,,,,,,,,,
ICT Operations Guideline_v2.0,,"ICT Systems, End User Devices and Mobile Devices.",,,,,,,,,,,,,,
ICT Operations Guideline_v2.0,DOR.ICT.OPS.PRO.005,,,,,,,,,,,,,,,
ICT Operations Guideline_v2.0,,"Asset-Types: Business Process, Commercial-off-the-Shelf Solution, Underlaying",,,,,,,,,,,,,,
ICT Operations Guideline_v2.0,,"Software/Technology, Tool, Certificate, Software Appliance, Hardware Appliance,",,,,,,,,,,,,,,
ICT Operations Guideline_v2.0,,"Cloud Appliance, Operating System, Cloud PaaS, Container, End User Device,",,,,,,,,,,,,,,
ICT Operations Guideline_v2.0,,"Mobile Device, Processing Peripheral, Storage Media, Other Device, Storage,",,,,,,,,,,,,,,
ICT Operations Guideline_v2.0,,Server & Host Hardware,,,,,,,,,,,,,,
ICT Operations Guideline_v2.0,,Key References: DORA RTS RMF A.11.2.c),,,,,,,,,,,,,,
ICT Operations Guideline_v2.0,20.2.3,Security measures to ensure that only authorized ICT Systems and,,,,,,,,,,,,,,
ICT Operations Guideline_v2.0,,Devices are used to transfer and store data.,,,,,,,,,,,,,,
ICT Operations Guideline_v2.0,DOR.ICT.OPS.PRO.006,,,,,,,,,,,,,,,
ICT Operations Guideline_v2.0,,"Asset-Types: Information, Business Process, Commercial-off-the-Shelf Solution,",,,,,,,,,,,,,,
ICT Operations Guideline_v2.0,,"Underlaying Software/Technology, Tool, Certificate, Software Appliance,",,,,,,,,,,,,,,
ICT Operations Guideline_v2.0,,"Hardware Appliance, Cloud Appliance, Operating System, Cloud PaaS, Container,",,,,,,,,,,,,,,
ICT Operations Guideline_v2.0,,"End User Device, Mobile Device, Processing Peripheral, Storage Media, Other",,,,,,,,,,,,,,
ICT Operations Guideline_v2.0,ID: 21 (version 2.0),Mobile Device Management,,,,,,,,,,,,,,
ICT Operations Guideline_v2.0,21,,,,,,,,,,,,,,,
ICT Operations Guideline_v2.0,,It must be ensured that mobile devices are managed.,,,,,,,,,,,,,,
ICT Operations Guideline_v2.0,DOR.ICT.OPS.MDM.001,,,,,,,,,,,,,,,
ICT Operations Guideline_v2.0,,,,,,,,,,,,,,,,
ICT Operations Guideline_v2.0,21.1,"All legal entity owned mobile devices, which have access to internal",,,,,,,,,,,,,,
ICT Operations Guideline_v2.0,,"networks, network services and business information must be approved,",,,,,,,,,,,,,,
ICT Operations Guideline_v2.0,DOR.ICT.OPS.MDM.002,,,,,,,,,,,,,,,
ICT Operations Guideline_v2.0,,"registered, controlled, and managed for the use (for details on the Asset",,,,,,,,,,,,,,
ICT Operations Guideline_v2.0,,,,,,,,,,,,,,,,
ICT Operations Guideline_v2.0,,"Inventory, please refer to the ICT Asset Management Guideline).",,,,,,,,,,,,,,
ICT Operations Guideline_v2.0,,"Asset-Types: Information, Business Process, End User Device, Mobile Device,",,,,,,,,,,,,,,
ICT Operations Guideline_v2.0,,Network Connection,,,,,,,,,,,,,,
ICT Operations Guideline_v2.0,,Key References: ISO 27001:2022 Cor 202203 A.8.1,,,,,,,,,,,,,,
ICT Operations Guideline_v2.0,21.2,Security baselines must be defined for DBG-owned mobile devices and,,,,,,,,,,,,,,
ICT Operations Guideline_v2.0,,enforced through mobile device management (MDM).,,,,,,,,,,,,,,
ICT Operations Guideline_v2.0,DOR.ICT.OPS.MDM.003,,,,,,,,,,,,,,,
ICT Operations Guideline_v2.0,,"Asset-Types: Information, Business Process, Tool, End User Device, Mobile Device,",,,,,,,,,,,,,,
ICT Operations Guideline_v2.0,,Network Connection,,,,,,,,,,,,,,
ICT Operations Guideline_v2.0,,Key References: ISO 27001:2022 Cor 202203 A.8.1,,,,,,,,,,,,,,
ICT Operations Guideline_v2.0,21.3,Legal entity owned mobile devices must be kept up to date with all relevant,,,,,,,,,,,,,,
ICT Operations Guideline_v2.0,,security patches.,,,,,,,,,,,,,,
ICT Operations Guideline_v2.0,DOR.ICT.OPS.MDM.004,,,,,,,,,,,,,,,
ICT Operations Guideline_v2.0,,"Asset-Types: Information, Business Process, Tool, End User Device, Mobile Device,",,,,,,,,,,,,,,
ICT Operations Guideline_v2.0,,Network Connection,,,,,,,,,,,,,,
ICT Operations Guideline_v2.0,,Key References: ISO 27001:2022 Cor 202203 A.8.1,,,,,,,,,,,,,,
ICT Operations Guideline_v2.0,21.4,It must be ensured that all legal entity owned mobile devices only run on,,,,,,,,,,,,,,
ICT Operations Guideline_v2.0,,"supported operating systems, i.e., devices are still maintained / receive",,,,,,,,,,,,,,
ICT Operations Guideline_v2.0,,,,,,,,,,,,,,,,
ICT Operations Guideline_v2.0,ID: 22,,,,,,,,,,,,,,,
ICT Operations Guideline_v2.0,,Secure use,,,,,,,,,,,,,,
ICT Operations Guideline_v2.0,(version 2.0),,,,,,,,,,,,,,,
ICT Operations Guideline_v2.0,,,,,,,,,,,,,,,,
ICT Operations Guideline_v2.0,22,It must be ensured that end users work and communicate securely.,,,,,,,,,,,,,,
ICT Operations Guideline_v2.0,DOR.ICT.OPS.USE.001,,,,,,,,,,,,,,,
ICT Operations Guideline_v2.0,22.1,End users working outside of legal entity’s premises including travelling must,,,,,,,,,,,,,,
ICT Operations Guideline_v2.0,,be aware of the specific risks of remote work and related security,,,,,,,,,,,,,,
ICT Operations Guideline_v2.0,DOR.ICT.OPS.USE.002,,,,,,,,,,,,,,,
ICT Operations Guideline_v2.0,,requirements.,,,,,,,,,,,,,,
ICT Operations Guideline_v2.0,,,,,,,,,,,,,,,,
ICT Operations Guideline_v2.0,,Asset-Types: Business Process,,,,,,,,,,,,,,
ICT Operations Guideline_v2.0,,Key References: ISO 27001:2022 Cor 202203 A.7.9,,,,,,,,,,,,,,
ICT Operations Guideline_v2.0,22.2,End users must comply with the following requirements: Lost and returned,,,,,,,,,,,,,,
ICT Operations Guideline_v2.0,,mobile devices must be returned for inspection of manipulation and malicious,,,,,,,,,,,,,,
ICT Operations Guideline_v2.0,DOR.ICT.OPS.USE.003,,,,,,,,,,,,,,,
ICT Operations Guideline_v2.0,,code.,,,,,,,,,,,,,,
ICT Operations Guideline_v2.0,,,,,,,,,,,,,,,,
ICT Operations Guideline_v2.0,,Asset-Types: Business Process,,,,,,,,,,,,,,
ICT Operations Guideline_v2.0,,Key References: ISO 27001:2022 Cor 202203 A.7.9,,,,,,,,,,,,,,
ICT Operations Guideline_v2.0,22.3,The following actions must not be performed unless they are required for,,,,,,,,,,,,,,
ICT Operations Guideline_v2.0,,"business purposes, for which an approval process must be defined:",,,,,,,,,,,,,,
ICT Operations Guideline_v2.0,DOR.ICT.OPS.USE.004,,,,,,,,,,,,,,,
ICT Operations Guideline_v2.0,,− Make any changes to the software installed on their legal entity owned,,,,,,,,,,,,,,
ICT Operations Guideline_v2.0,,devices.,,,,,,,,,,,,,,
ICT Operations Guideline_v2.0,,"− Download, store, install or run any executable files of external sources.",,,,,,,,,,,,,,
ICT Operations Guideline_v2.0,,− Make any physical changes to the IT assets.,,,,,,,,,,,,,,
ICT Operations Guideline_v2.0,,− The security configuration / security measures of IT assets provided by,,,,,,,,,,,,,,
ICT Operations Guideline_v2.0,,"the legal entity must not be changed, disabled, or bypassed.",,,,,,,,,,,,,,
ICT Operations Guideline_v2.0,,−,"Download, store, install, or run any programs or executable files from",,,,,,,,,,,,,
ICT Operations Guideline_v2.0,,sources other than legal entity internal trusted sources.,sources other than legal entity internal trusted sources.,,,,,,,,,,,,,
ICT Operations Guideline_v2.0,,Asset-Types: Business Process,,,,,,,,,,,,,,
ICT Operations Guideline_v2.0,,Key References: ISO 27001:2022 Cor 202203 A.5.10,,,,,,,,,,,,,,
ICT Operations Guideline_v2.0,ID: 23,,,,,,,,,,,,,,,
ICT Operations Guideline_v2.0,,Anti-malware solution,,,,,,,,,,,,,,
ICT Operations Guideline_v2.0,(version 2.0),,,,,,,,,,,,,,,
ICT Operations Guideline_v2.0,,,,,,,,,,,,,,,,
ICT Operations Guideline_v2.0,23,It must be ensured that endpoints are protected against malware.,,,,,,,,,,,,,,
ICT Operations Guideline_v2.0,DOR.ICT.OPS.MAL.001,,,,,,,,,,,,,,,
ICT Operations Guideline_v2.0,23.1,Approved anti-malware protection must be installed on all endpoints if,,,,,,,,,,,,,,
ICT Operations Guideline_v2.0,,technically feasible.,,,,,,,,,,,,,,
ICT Operations Guideline_v2.0,DOR.ICT.OPS.MAL.002,,,,,,,,,,,,,,,
ICT Operations Guideline_v2.0,,"Asset-Types: Information, Business Process, Software Appliance, Hardware",,,,,,,,,,,,,,
ICT Operations Guideline_v2.0,,"Appliance, Cloud Appliance, Operating System, Cloud PaaS, Container, End User",,,,,,,,,,,,,,
ICT Operations Guideline_v2.0,,"Device, Mobile Device, Server & Host Hardware",,,,,,,,,,,,,,
ICT Operations Guideline_v2.0,,Key References: ISO 27001:2022 Cor 202203 A.8.7,,,,,,,,,,,,,,
ICT Operations Guideline_v2.0,ID: 24,,,,,,,,,,,,,,,
ICT Operations Guideline_v2.0,,Clock Synchronization,,,,,,,,,,,,,,
ICT Operations Guideline_v2.0,(version 2.0),,,,,,,,,,,,,,,
ICT Operations Guideline_v2.0,,,,,,,,,,,,,,,,
ICT Operations Guideline_v2.0,24,It must be ensured that the time settings of all IT assets are,,,,,,,,,,,,,,
ICT Operations Guideline_v2.0,,synchronized and managed.,,,,,,,,,,,,,,
ICT Operations Guideline_v2.0,DOR.ICT.OPS.CLK.001,,,,,,,,,,,,,,,
ICT Operations Guideline_v2.0,24.1,A standard reference time for use by all information systems must be defined.,,,,,,,,,,,,,,
ICT Operations Guideline_v2.0,DOR.ICT.OPS.CLK.002,"Asset-Types: Information, Business Process, Commercial-off-the-Shelf Solution,",,,,,,,,,,,,,,
ICT Operations Guideline_v2.0,,"Underlaying Software/Technology, SaaS, Tool, Software Appliance, Hardware",,,,,,,,,,,,,,
ICT Operations Guideline_v2.0,,"Appliance, Cloud Appliance, Operating System, Cloud PaaS, Container, Processing",,,,,,,,,,,,,,
ICT Operations Guideline_v2.0,,"Peripheral, Other Device, Storage, Server & Host Hardware",,,,,,,,,,,,,,
ICT Operations Guideline_v2.0,,Key References: ISO 27001:2022 Cor 202203 A.8.17,,,,,,,,,,,,,,
ICT Operations Guideline_v2.0,24.2,The clocks of all relevant information processing systems within an,,,,,,,,,,,,,,
ICT Operations Guideline_v2.0,,organization or security domain must be synchronized to a single reference,,,,,,,,,,,,,,
ICT Operations Guideline_v2.0,DOR.ICT.OPS.CLK.003,,,,,,,,,,,,,,,
ICT Operations Guideline_v2.0,,time source.,,,,,,,,,,,,,,
ICT Operations Guideline_v2.0,,,,,,,,,,,,,,,,
ICT Operations Guideline_v2.0,,"Asset-Types: Information, Business Process, Commercial-off-the-Shelf Solution,",,,,,,,,,,,,,,
ICT Operations Guideline_v2.0,,"Underlaying Software/Technology, Tool, Software Appliance, Hardware Appliance,",,,,,,,,,,,,,,
ICT Operations Guideline_v2.0,,"Cloud Appliance, Operating System, Cloud PaaS, Container, Processing Peripheral,",,,,,,,,,,,,,,
ICT Operations Guideline_v2.0,,"Other Device, Storage, Server & Host Hardware, Supplier",,,,,,,,,,,,,,
ICT Operations Guideline_v2.0,,Key References: ISO 27001:2022 Cor 202203 A.8.17,,,,,,,,,,,,,,
ICT Operations Guideline_v2.0,24.3,Clock synchronization process must be logged by the information system.,,,,,,,,,,,,,,
ICT Operations Guideline_v2.0,,Failure to reach the time server or to synchronize time must be automatically,,,,,,,,,,,,,,
ICT Operations Guideline_v2.0,DOR.ICT.OPS.CLK.004,,,,,,,,,,,,,,,
ICT Operations Guideline_v2.0,,reported as a security event.,,,,,,,,,,,,,,
ICT Operations Guideline_v2.0,,,,,,,,,,,,,,,,
ICT Operations Guideline_v2.0,,"Asset-Types: Information, Business Process, Commercial-off-the-Shelf Solution,",,,,,,,,,,,,,,
ICT Operations Guideline_v2.0,,"Underlaying Software/Technology, SaaS, Tool, Software Appliance, Hardware",,,,,,,,,,,,,,
ICT Operations Guideline_v2.0,,"Appliance, Cloud Appliance, Operating System, Cloud PaaS, Container, Processing",,,,,,,,,,,,,,
ICT Operations Guideline_v2.0,,"Peripheral, Other Device, Storage, Server & Host Hardware",,,,,,,,,,,,,,
ICT Operations Guideline_v2.0,,Key References: ISO 27001:2022 Cor 202203 A.8.17,,,,,,,,,,,,,,
ICT Operations Guideline_v2.0,24.4,"UTC+00:00 must be assigned as the time zone for all log data, if possible.",,,,,,,,,,,,,,
ICT Operations Guideline_v2.0,DOR.ICT.OPS.CLK.005,"Asset-Types: Information, Business Process, Commercial-off-the-Shelf Solution,",,,,,,,,,,,,,,
ICT Operations Guideline_v2.0,,"Underlaying Software/Technology, SaaS, Tool, Software Appliance, Hardware",,,,,,,,,,,,,,
ICT Operations Guideline_v2.0,,"Appliance, Cloud Appliance, Operating System, Cloud PaaS, Container, End User",,,,,,,,,,,,,,
ICT Operations Guideline_v2.0,,"Device, Processing Peripheral, Other Device, Storage, Server & Host Hardware",,,,,,,,,,,,,,
ICT Operations Guideline_v2.0,,Key References: ISO 27001:2022 Cor 202203 A.8.17,,,,,,,,,,,,,,
ICT Operations Guideline_v2.0,ID: 25,,,,,,,,,,,,,,,
ICT Operations Guideline_v2.0,,Use of email accounts,,,,,,,,,,,,,,
ICT Operations Guideline_v2.0,(version 2.0),,,,,,,,,,,,,,,
ICT Operations Guideline_v2.0,,,,,,,,,,,,,,,,
ICT Operations Guideline_v2.0,25,It must be ensured that email accounts are used in a secure way.,,,,,,,,,,,,,,
ICT Operations Guideline_v2.0,DOR.ICT.OPS.EMA.001,,,,,,,,,,,,,,,
ICT Operations Guideline_v2.0,25.1,Email accounts must be used for business purposes only and following,,,,,,,,,,,,,,
ICT Operations Guideline_v2.0,,requirements must be fulfilled:,,,,,,,,,,,,,,
ICT Operations Guideline_v2.0,DOR.ICT.OPS.EMA.002,,,,,,,,,,,,,,,
ICT Operations Guideline_v2.0,,"Asset-Types: Information, Business Process",,,,,,,,,,,,,,
ICT Operations Guideline_v2.0,,Key References: ISO 27001:2022 Cor 202203 A.5.10,,,,,,,,,,,,,,
ICT Operations Guideline_v2.0,ID: 26,,,,,,,,,,,,,,,
ICT Operations Guideline_v2.0,,Internet usage,,,,,,,,,,,,,,
ICT Operations Guideline_v2.0,(version 2.0),,,,,,,,,,,,,,,
ICT Operations Guideline_v2.0,,,,,,,,,,,,,,,,
ICT Operations Guideline_v2.0,26,It must be ensured that internet is used in a secure way.,,,,,,,,,,,,,,
ICT Operations Guideline_v2.0,DOR.ICT.OPS.INT.001,,,,,,,,,,,,,,,
ICT Operations Guideline_v2.0,26.1,End users must not use company provided internet access (incl. private,,,,,,,,,,,,,,
ICT Operations Guideline_v2.0,,browser) for:,,,,,,,,,,,,,,
ICT Operations Guideline_v2.0,DOR.ICT.OPS.INT.002,,,,,,,,,,,,,,,
ICT Operations Guideline_v2.0,,"Asset-Types: Information, Business Process, End User Device, Mobile Device,",,,,,,,,,,,,,,
ICT Operations Guideline_v2.0,,Network Connection,,,,,,,,,,,,,,
ICT Operations Guideline_v2.0,,Key References: ISO 27001:2022 Cor 202203 A.5.10,,,,,,,,,,,,,,
ICT Operations Guideline_v2.0,26.1.1,"Any activity that is against the legal entity’s code of conduct, which includes",,,,,,,,,,,,,,
ICT Operations Guideline_v2.0,,any illegal activities.,,,,,,,,,,,,,,
ICT Operations Guideline_v2.0,DOR.ICT.OPS.INT.003,,,,,,,,,,,,,,,
ICT Operations Guideline_v2.0,,"Asset-Types: Information, Business Process, End User Device, Mobile Device",,,,,,,,,,,,,,
ICT Operations Guideline_v2.0,,Key References: ISO 27001:2022 Cor 202203 A.5.10,,,,,,,,,,,,,,
ICT Operations Guideline_v2.0,26.1.2,Downloading data that is not approved and licensed for business within,,,,,,,,,,,,,,
ICT Operations Guideline_v2.0,,legal entity.,,,,,,,,,,,,,,
ICT Operations Guideline_v2.0,DOR.ICT.OPS.INT.004,,,,,,,,,,,,,,,
ICT Operations Guideline_v2.0,,"Asset-Types: Information, Business Process, End User Device, Mobile Device,",,,,,,,,,,,,,,
ICT Operations Guideline_v2.0,,Network Connection,,,,,,,,,,,,,,
ICT Operations Guideline_v2.0,,Key References: ISO 27001:2022 Cor 202203 A.5.10,,,,,,,,,,,,,,
ICT Operations Guideline_v2.0,26.1.3,Attempting to gain unauthorized access to external networks or servers.,,,,,,,,,,,,,,
ICT Operations Guideline_v2.0,DOR.ICT.OPS.INT.005,"Asset-Types: Information, Business Process, End User Device, Mobile Device,",,,,,,,,,,,,,,
ICT Operations Guideline_v2.0,,Network Connection,,,,,,,,,,,,,,
ICT Operations Guideline_v2.0,,Key References: ISO 27001:2022 Cor 202203 A.5.10,,,,,,,,,,,,,,
ICT Patch and Vulnerability Management Guideline_v2.0,,,,,,,,,,,,,,,,
ICT Patch and Vulnerability Management Guideline_v2.0,<Specify ID:,,,,,,,,,,,,,,,
ICT Patch and Vulnerability Management Guideline_v2.0,,<Name of control requirement (e.g. Access to production data)>,,,,,,,,,,,,,,
ICT Patch and Vulnerability Management Guideline_v2.0,xx (version,,,,,,,,,,,,,,,
ICT Patch and Vulnerability Management Guideline_v2.0,x)>,,,,,,,,,,,,,,,
ICT Patch and Vulnerability Management Guideline_v2.0,,,,,,,,,,,,,,,,
ICT Patch and Vulnerability Management Guideline_v2.0,1,<Description of the control requirement>,,,,,,,,,,,,,,
ICT Patch and Vulnerability Management Guideline_v2.0,1.1,<Lists the criteria applying to the control requirement>,,,,,,,,,,,,,,
ICT Patch and Vulnerability Management Guideline_v2.0,,,,,,,,,,,,,,,,
ICT Patch and Vulnerability Management Guideline_v2.0,1.1.1,<Lists the sub-criteria applying to the control requirement>,,,,,,,,,,,,,,
ICT Patch and Vulnerability Management Guideline_v2.0,,,Asset-Types: <Lists asset types applicable to the control requirement>,,,,,,,,,,,,,
ICT Patch and Vulnerability Management Guideline_v2.0,,,Key references: <Lists key regulatory references and industry best practice requirements affecting this,,,,,,,,,,,,,
ICT Patch and Vulnerability Management Guideline_v2.0,,"control requirement (e.g., ISO/IEC 27001:2022 A.5.10, A.8.1)>","control requirement (e.g., ISO/IEC 27001:2022 A.5.10, A.8.1)>",,,,,,,,,,,,,
ICT Patch and Vulnerability Management Guideline_v2.0,,,,,,,,,,,,,,,,
ICT Patch and Vulnerability Management Guideline_v2.0,,,,,,,,,,,,,,,,
ICT Patch and Vulnerability Management Guideline_v2.0,"The terms in this document are defined in the overall ICT Risk Glossary, which is",,,,,,,,,,,,,,,
ICT Patch and Vulnerability Management Guideline_v2.0,provided on the Intranet website.,,,,,,,,,,,,,,,
ICT Patch and Vulnerability Management Guideline_v2.0,ID: 1,,,,,,,,,,,,,,,
ICT Patch and Vulnerability Management Guideline_v2.0,,General requirements for vulnerability management,,,,,,,,,,,,,,
ICT Patch and Vulnerability Management Guideline_v2.0,(version 2.0),,,,,,,,,,,,,,,
ICT Patch and Vulnerability Management Guideline_v2.0,,,,,,,,,,,,,,,,
ICT Patch and Vulnerability Management Guideline_v2.0,1,It must be ensured that the legal entity is capable of adequately,,,,,,,,,,,,,,
ICT Patch and Vulnerability Management Guideline_v2.0,,handling vulnerabilities and that a dedicated test program is in place for,,,,,,,,,,,,,,
ICT Patch and Vulnerability Management Guideline_v2.0,DOR.ICT.PVM.GEN.001,,,,,,,,,,,,,,,
ICT Patch and Vulnerability Management Guideline_v2.0,,this purpose.,,,,,,,,,,,,,,
ICT Patch and Vulnerability Management Guideline_v2.0,,,,,,,,,,,,,,,,
ICT Patch and Vulnerability Management Guideline_v2.0,1.1,"Vulnerability management procedures must be developed, documented and",,,,,,,,,,,,,,
ICT Patch and Vulnerability Management Guideline_v2.0,,"implemented to ensure that vulnerabilities are identified on a timely basis,",,,,,,,,,,,,,,
ICT Patch and Vulnerability Management Guideline_v2.0,DOR.ICT.PVM.GEN.002,,,,,,,,,,,,,,,
ICT Patch and Vulnerability Management Guideline_v2.0,,"assessed accordingly, prioritized, reported, tracked, and resolved.",,,,,,,,,,,,,,
ICT Patch and Vulnerability Management Guideline_v2.0,,,,,,,,,,,,,,,,
ICT Patch and Vulnerability Management Guideline_v2.0,,Asset-Types: Business Process,,,,,,,,,,,,,,
ICT Patch and Vulnerability Management Guideline_v2.0,,Key References: DORA RTS RMF A10.1,,,,,,,,,,,,,,
ICT Patch and Vulnerability Management Guideline_v2.0,1.2,"A sound and comprehensive testing program, encompassing both",,,,,,,,,,,,,,
ICT Patch and Vulnerability Management Guideline_v2.0,,"fundamental and advanced tests, must be established, maintained, and",,,,,,,,,,,,,,
ICT Patch and Vulnerability Management Guideline_v2.0,DOR.ICT.PVM.GEN.003,,,,,,,,,,,,,,,
ICT Patch and Vulnerability Management Guideline_v2.0,,reviewed to identify weaknesses in the digital operational resilience,,is defined,,,,,,,,,,,,
ICT Patch and Vulnerability Management Guideline_v2.0,,,,,,,,,,,,,,,,
ICT Patch and Vulnerability Management Guideline_v2.0,,,in ID 21 of the ICT Risk Management Guideline. This Guideline provides the,,,,,,,,,,,,,
ICT Patch and Vulnerability Management Guideline_v2.0,,,operational specifications for the testing types assigned to it under that,,,,,,,,,,,,,
ICT Patch and Vulnerability Management Guideline_v2.0,,programme,programme,,,,,,,,,,,,,
ICT Patch and Vulnerability Management Guideline_v2.0,,Asset-Types: Business Process,,,,,,,,,,,,,,
ICT Patch and Vulnerability Management Guideline_v2.0,,Key References: DORA 2022/2554 A.24.1,,,,,,,,,,,,,,
ICT Patch and Vulnerability Management Guideline_v2.0,1.3,"The testing program must follow a risk-based approach, considering the",,,,,,,,,,,,,,
ICT Patch and Vulnerability Management Guideline_v2.0,,"proportionality principle, the evolving ICT risk landscape, any specific risks to",,,,,,,,,,,,,,
ICT Patch and Vulnerability Management Guideline_v2.0,DOR.ICT.PVM.GEN.004,,,,,,,,,,,,,,,
ICT Patch and Vulnerability Management Guideline_v2.0,,"which the legal entity or asset is or may be exposed, the criticality of",,,,,,,,,,,,,,
ICT Patch and Vulnerability Management Guideline_v2.0,,,,,,,,,,,,,,,,
ICT Patch and Vulnerability Management Guideline_v2.0,,information assets with regard to any of the protection goals and services,,,,,,,,,,,,,,
ICT Patch and Vulnerability Management Guideline_v2.0,,"provided, and other relevant factors such as the overall risk profile or the",,,,,,,,,,,,,,
ICT Patch and Vulnerability Management Guideline_v2.0,,involvement of ICT third-party service providers.,,,,,,,,,,,,,,
ICT Patch and Vulnerability Management Guideline_v2.0,,Asset-Types: Business Process,,,,,,,,,,,,,,
ICT Patch and Vulnerability Management Guideline_v2.0,,Key References: DORA 2022/2554 A.24.1,,,,,,,,,,,,,,
ICT Patch and Vulnerability Management Guideline_v2.0,1.4,"The testing program must include assessments, tests, methodologies,",,,,,,,,,,,,,,
ICT Patch and Vulnerability Management Guideline_v2.0,,"practices, and tools that are to be applied to both fundamental and advanced",,,,,,,,,,,,,,
ICT Patch and Vulnerability Management Guideline_v2.0,DOR.ICT.PVM.GEN.005,,,,,,,,,,,,,,,
ICT Patch and Vulnerability Management Guideline_v2.0,,"tests, which must be performed for all ICT Systems, including applications,",,,,,,,,,,,,,,
ICT Patch and Vulnerability Management Guideline_v2.0,,,,,,,,,,,,,,,,
ICT Patch and Vulnerability Management Guideline_v2.0,,"supporting critical or important functions, at least annually.",,,,,,,,,,,,,,
ICT Patch and Vulnerability Management Guideline_v2.0,,"Asset-Types: Business Process, Commercial-off-the-Shelf Solution, Underlaying",,,,,,,,,,,,,,
ICT Patch and Vulnerability Management Guideline_v2.0,,"Software/Technology, SaaS, Desktop Application, Tool, Certificate, Software",,,,,,,,,,,,,,
ICT Patch and Vulnerability Management Guideline_v2.0,,"Appliance, Hardware Appliance, Cloud Appliance, Operating System, Cloud PaaS,",,,,,,,,,,,,,,
ICT Patch and Vulnerability Management Guideline_v2.0,,"Container, End User Device, Mobile Device, Processing Peripheral, Storage Media,",,,,,,,,,,,,,,
ICT Patch and Vulnerability Management Guideline_v2.0,,"Other Device, Storage, Server & Host Hardware, Network Connection",,,,,,,,,,,,,,
ICT Patch and Vulnerability Management Guideline_v2.0,,"Key References: DORA 2022/2554 A.4.2, A.24.6",,,,,,,,,,,,,,
ICT Patch and Vulnerability Management Guideline_v2.0,1.5,"For both fundamental and advanced tests, the testers must be independent",,,,,,,,,,,,,,
ICT Patch and Vulnerability Management Guideline_v2.0,,"and, if internal testers are used, they must have sufficient resources at their",,,,,,,,,,,,,,
ICT Patch and Vulnerability Management Guideline_v2.0,DOR.ICT.PVM.GEN.006,,,,,,,,,,,,,,,
ICT Patch and Vulnerability Management Guideline_v2.0,,disposal and conflicts of interest must be avoided.,,,,,,,,,,,,,,
ICT Patch and Vulnerability Management Guideline_v2.0,,,,,,,,,,,,,,,,
ICT Patch and Vulnerability Management Guideline_v2.0,,Asset-Types: Business Process,,,,,,,,,,,,,,
ICT Patch and Vulnerability Management Guideline_v2.0,,Key References: DORA 2022/2554 A.24.4,,,,,,,,,,,,,,
ICT Patch and Vulnerability Management Guideline_v2.0,1.6,"Comprehensive procedures for the identification, prioritization and",,,,,,,,,,,,,,
ICT Patch and Vulnerability Management Guideline_v2.0,,"remediation of issues discovered during testing must be in place, including",,,,,,,,,,,,,,
ICT Patch and Vulnerability Management Guideline_v2.0,DOR.ICT.PVM.GEN.007,,,,,,,,,,,,,,,
ICT Patch and Vulnerability Management Guideline_v2.0,,,,,,,,,,,,,,,,
ICT Patch and Vulnerability Management Guideline_v2.0,ID: 2,,,,,,,,,,,,,,,
ICT Patch and Vulnerability Management Guideline_v2.0,,Vulnerability management of ICT third-party service providers,,,,,,,,,,,,,,
ICT Patch and Vulnerability Management Guideline_v2.0,(version 2.0),,,,,,,,,,,,,,,
ICT Patch and Vulnerability Management Guideline_v2.0,,,,,,,,,,,,,,,,
ICT Patch and Vulnerability Management Guideline_v2.0,2,It must be ensured that risks resulting from vulnerabilities of ICT third-,,,,,,,,,,,,,,
ICT Patch and Vulnerability Management Guideline_v2.0,,party service providers are also included in the legal entity's,,,,,,,,,,,,,,
ICT Patch and Vulnerability Management Guideline_v2.0,DOR.ICT.PVM.3PT.001,,,,,,,,,,,,,,,
ICT Patch and Vulnerability Management Guideline_v2.0,,vulnerability management.,,,,,,,,,,,,,,
ICT Patch and Vulnerability Management Guideline_v2.0,,,,,,,,,,,,,,,,
ICT Patch and Vulnerability Management Guideline_v2.0,2.1,The legal entity must verify that ICT-third party service providers manage,,,,,,,,,,,,,,
ICT Patch and Vulnerability Management Guideline_v2.0,,vulnerabilities related to the ICT services provided.,,,,,,,,,,,,,,
ICT Patch and Vulnerability Management Guideline_v2.0,DOR.ICT.PVM.3PT.002,,,,,,,,,,,,,,,
ICT Patch and Vulnerability Management Guideline_v2.0,,Asset-Types: Business Process,,,,,,,,,,,,,,
ICT Patch and Vulnerability Management Guideline_v2.0,,Key References: DORA RTS RMF A.10.2c),,,,,,,,,,,,,,
ICT Patch and Vulnerability Management Guideline_v2.0,2.2,The legal entity must verify that those service providers report at least critical,,,,,,,,,,,,,,
ICT Patch and Vulnerability Management Guideline_v2.0,,"vulnerabilities, statistics, and trends to it in a timely manner and request the",,,,,,,,,,,,,,
ICT Patch and Vulnerability Management Guideline_v2.0,DOR.ICT.PVM.3PT.003,,,,,,,,,,,,,,,
ICT Patch and Vulnerability Management Guideline_v2.0,,"ICT third-party service provider to investigate vulnerabilities, determine their",,,,,,,,,,,,,,
ICT Patch and Vulnerability Management Guideline_v2.0,,,,,,,,,,,,,,,,
ICT Patch and Vulnerability Management Guideline_v2.0,,"root causes, and implement appropriate mitigation actions when such",,,,,,,,,,,,,,
ICT Patch and Vulnerability Management Guideline_v2.0,,vulnerabilities are identified and reported.,,,,,,,,,,,,,,
ICT Patch and Vulnerability Management Guideline_v2.0,,Asset-Types: Business Process,,,,,,,,,,,,,,
ICT Patch and Vulnerability Management Guideline_v2.0,,Key References: DORA RTS RMF A.10.2c),,,,,,,,,,,,,,
ICT Patch and Vulnerability Management Guideline_v2.0,2.3,"When using cloud services, the cloud service provider’s responsibilities for",,,,,,,,,,,,,,
ICT Patch and Vulnerability Management Guideline_v2.0,,technical vulnerability management must be part of the cloud service,,,,,,,,,,,,,,
ICT Patch and Vulnerability Management Guideline_v2.0,DOR.ICT.PVM.3PT.004,contractual agreement (incl. processes for reporting the cloud service,,,,,,,,,,,,,,
ICT Patch and Vulnerability Management Guideline_v2.0,,provider's actions relating to technical vulnerabilities).,,,,,,,,,,,,,,
ICT Patch and Vulnerability Management Guideline_v2.0,,Asset-Types: Business Process,,,,,,,,,,,,,,
ICT Patch and Vulnerability Management Guideline_v2.0,,Key References: DORA RTS RMF A.10.2c),,,,,,,,,,,,,,
ICT Patch and Vulnerability Management Guideline_v2.0,"ID: 3
(version 2.0)",,,,,,,,,,,,,,,
ICT Patch and Vulnerability Management Guideline_v2.0,,Threat Intelligence,,,,,,,,,,,,,,
ICT Patch and Vulnerability Management Guideline_v2.0,,,,,,,,,,,,,,,,
ICT Patch and Vulnerability Management Guideline_v2.0,ID: 4,,,,,,,,,,,,,,,
ICT Patch and Vulnerability Management Guideline_v2.0,,Identification of vulnerabilities through fundamental and advanced tests,,,,,,,,,,,,,,
ICT Patch and Vulnerability Management Guideline_v2.0,(version 2.0),,,,,,,,,,,,,,,
ICT Patch and Vulnerability Management Guideline_v2.0,,,,,,,,,,,,,,,,
ICT Patch and Vulnerability Management Guideline_v2.0,4,It must be ensured that both fundamental and advanced tests are,,,,,,,,,,,,,,
ICT Patch and Vulnerability Management Guideline_v2.0,,properly performed to identify and evaluate vulnerabilities.,,,,,,,,,,,,,,
ICT Patch and Vulnerability Management Guideline_v2.0,DOR.ICT.PVM.VID.001,,,,,,,,,,,,,,,
ICT Patch and Vulnerability Management Guideline_v2.0,4.1,Vulnerability identification measures must be defined and implemented for IT,,,,,,,,,,,,,,
ICT Patch and Vulnerability Management Guideline_v2.0,,Assets of the legal entity in a risk-based approach that utilizes adequate,,,,,,,,,,,,,,
ICT Patch and Vulnerability Management Guideline_v2.0,DOR.ICT.PVM.VID.002,,,,,,,,,,,,,,,
ICT Patch and Vulnerability Management Guideline_v2.0,,assessment and test frequencies and an adequate depth and completeness of,,,,,,,,,,,,,,
ICT Patch and Vulnerability Management Guideline_v2.0,,,,,,,,,,,,,,,,
ICT Patch and Vulnerability Management Guideline_v2.0,,"assessment and test results per Segregation Area, system criticality with",,,,,,,,,,,,,,
ICT Patch and Vulnerability Management Guideline_v2.0,,regard to any of the protection goals or system purpose.,,,,,,,,,,,,,,
ICT Patch and Vulnerability Management Guideline_v2.0,,"Asset-Types: Information, Business Process, Commercial-off-the-Shelf Solution,",,,,,,,,,,,,,,
ICT Patch and Vulnerability Management Guideline_v2.0,,"Underlaying Software/Technology, SaaS, Tool, Certificate, Software Appliance,",,,,,,,,,,,,,,
ICT Patch and Vulnerability Management Guideline_v2.0,,"Hardware Appliance, Cloud Appliance, Operating System, Cloud PaaS, Container, End",,,,,,,,,,,,,,
ICT Patch and Vulnerability Management Guideline_v2.0,,"User Device, Mobile Device, Processing Peripheral, Other Device, Storage, Server &",,,,,,,,,,,,,,
ICT Patch and Vulnerability Management Guideline_v2.0,,Host Hardware,,,,,,,,,,,,,,
ICT Patch and Vulnerability Management Guideline_v2.0,,Key References: ISO 27001:2022 Cor 202203 A.8.8,,,,,,,,,,,,,,
ICT Patch and Vulnerability Management Guideline_v2.0,4.2,"To identify and evaluate vulnerabilities, security assessments and tests must",,,,,,,,,,,,,,
ICT Patch and Vulnerability Management Guideline_v2.0,,"be conducted regularly as part of the fundamental tests and, if necessary,",,,,,,,,,,,,,,
ICT Patch and Vulnerability Management Guideline_v2.0,DOR.ICT.PVM.VID.003,,,,,,,,,,,,,,,
ICT Patch and Vulnerability Management Guideline_v2.0,,additionally on an ad-hoc basis. The security assessment and test type,,,,,,,,,,,,,,
ICT Patch and Vulnerability Management Guideline_v2.0,,,,,,,,,,,,,,,,
ICT Patch and Vulnerability Management Guideline_v2.0,,"(vulnerability assessments and scans,","external attack surface scans,",source,,,,,,,,,,,,
ICT Patch and Vulnerability Management Guideline_v2.0,ID: 5,,,,,,,,,,,,,,,
ICT Patch and Vulnerability Management Guideline_v2.0,,Penetration tests,,,,,,,,,,,,,,
ICT Patch and Vulnerability Management Guideline_v2.0,(version 2.0),,,,,,,,,,,,,,,
ICT Patch and Vulnerability Management Guideline_v2.0,,,,,,,,,,,,,,,,
ICT Patch and Vulnerability Management Guideline_v2.0,5,"It must be ensured that as part of the security assessments and tests,",,,,,,,,,,,,,,
ICT Patch and Vulnerability Management Guideline_v2.0,,penetration tests are performed.,,,,,,,,,,,,,,
ICT Patch and Vulnerability Management Guideline_v2.0,DOR.ICT.PVM.PEN.001,,,,,,,,,,,,,,,
ICT Patch and Vulnerability Management Guideline_v2.0,5.1,Penetration tests must be performed regularly at the defined intervals:,,,,,,,,,,,,,,
ICT Patch and Vulnerability Management Guideline_v2.0,DOR.ICT.PVM.PEN.002,"Asset-Types: Information, Business Process, Commercial-off-the-Shelf Solution,",,,,,,,,,,,,,,
ICT Patch and Vulnerability Management Guideline_v2.0,,"Underlaying Software/Technology, Tool, Certificate, Software Appliance, Hardware",,,,,,,,,,,,,,
ICT Patch and Vulnerability Management Guideline_v2.0,,"Appliance, Cloud Appliance, Operating System, Cloud PaaS, Container, Storage,",,,,,,,,,,,,,,
ICT Patch and Vulnerability Management Guideline_v2.0,,"Server & Host Hardware, Network Connection",,,,,,,,,,,,,,
ICT Patch and Vulnerability Management Guideline_v2.0,,Key References: ISO 27001:2022 Cor 202203 A.8.8,,,,,,,,,,,,,,
ICT Patch and Vulnerability Management Guideline_v2.0,5.1.1,Penetration tests5 of all IT applications and their underlying infrastructure,,,,,,,,,,,,,,
ICT Patch and Vulnerability Management Guideline_v2.0,,"assets supporting critical (regarding confidentiality, integrity, availability, or",,,,,,,,,,,,,,
ICT Patch and Vulnerability Management Guideline_v2.0,DOR.ICT.PVM.PEN.003,,,,,,,,,,,,,,,
ICT Patch and Vulnerability Management Guideline_v2.0,,authenticity) or important functions (CIF) and of all KRITIS-relevant assets,,,,,,,,,,,,,,
ICT Patch and Vulnerability Management Guideline_v2.0,,,,,,,,,,,,,,,,
ICT Patch and Vulnerability Management Guideline_v2.0,,must be conducted at least every 12 months.,,,,,,,,,,,,,,
ICT Patch and Vulnerability Management Guideline_v2.0,,"Asset-Types: Information, Commercial-off-the-Shelf Solution, Underlaying",,,,,,,,,,,,,,
ICT Patch and Vulnerability Management Guideline_v2.0,,"Software/Technology, Tool, Certificate, Software Appliance, Hardware Appliance,",,,,,,,,,,,,,,
ICT Patch and Vulnerability Management Guideline_v2.0,,"Cloud Appliance, Operating System, Cloud PaaS, Container, Storage, Server &",,,,,,,,,,,,,,
ICT Patch and Vulnerability Management Guideline_v2.0,,"Host Hardware, Network Connection",,,,,,,,,,,,,,
ICT Patch and Vulnerability Management Guideline_v2.0,,Key References: ISO 27001:2022 Cor 202203 A.8.8,,,,,,,,,,,,,,
ICT Patch and Vulnerability Management Guideline_v2.0,ID: 6,,,,,,,,,,,,,,,
ICT Patch and Vulnerability Management Guideline_v2.0,,Vulnerability assessments and scans,,,,,,,,,,,,,,
ICT Patch and Vulnerability Management Guideline_v2.0,(version 2.0),,,,,,,,,,,,,,,
ICT Patch and Vulnerability Management Guideline_v2.0,,,,,,,,,,,,,,,,
ICT Patch and Vulnerability Management Guideline_v2.0,6,"It must be ensured that as part of the security assessments and tests,",,,,,,,,,,,,,,
ICT Patch and Vulnerability Management Guideline_v2.0,,vulnerability assessments and scans are performed.,,,,,,,,,,,,,,
ICT Patch and Vulnerability Management Guideline_v2.0,DOR.ICT.PVM.VAS.001,,,,,,,,,,,,,,,
ICT Patch and Vulnerability Management Guideline_v2.0,6.1,"Prior to their deployment, all IT Assets with the exception of Mobile Devices",,,,,,,,,,,,,,
ICT Patch and Vulnerability Management Guideline_v2.0,,must be onboarded to the vulnerability scanning tool(s).,,,,,,,,,,,,,,
ICT Patch and Vulnerability Management Guideline_v2.0,DOR.ICT.PVM.VAS.002,,,,,,,,,,,,,,,
ICT Patch and Vulnerability Management Guideline_v2.0,,"Asset-Types: Information, Commercial-off-the-Shelf Solution, Underlaying",,,,,,,,,,,,,,
ICT Patch and Vulnerability Management Guideline_v2.0,,"Software/Technology, Tool, Certificate, Software Appliance, Hardware Appliance,",,,,,,,,,,,,,,
ICT Patch and Vulnerability Management Guideline_v2.0,,"Cloud Appliance, Operating System, Cloud PaaS, Container, Processing Peripheral,",,,,,,,,,,,,,,
ICT Patch and Vulnerability Management Guideline_v2.0,,"Other Device, Storage, Server & Host Hardware",,,,,,,,,,,,,,
ICT Patch and Vulnerability Management Guideline_v2.0,,Key References: ISO 27001:2022 Cor 202203 A.8.8,,,,,,,,,,,,,,
ICT Patch and Vulnerability Management Guideline_v2.0,6.2,"Prior to their deployment or redeployment in the Red Segregation Area,",,,,,,,,,,,,,,
ICT Patch and Vulnerability Management Guideline_v2.0,,vulnerability assessments must be performed on all IT Assets and ICT,,,,,,,,,,,,,,
ICT Patch and Vulnerability Management Guideline_v2.0,DOR.ICT.PVM.VAS.003,,,,,,,,,,,,,,,
ICT Patch and Vulnerability Management Guideline_v2.0,,services that support critical or important functions.,,,,,,,,,,,,,,
ICT Patch and Vulnerability Management Guideline_v2.0,,,,,,,,,,,,,,,,
ICT Patch and Vulnerability Management Guideline_v2.0,,"Asset-Types: Information, Commercial-off-the-Shelf Solution, Underlaying",,,,,,,,,,,,,,
ICT Patch and Vulnerability Management Guideline_v2.0,,,,,,,,,,,,,,,,
ICT Patch and Vulnerability Management Guideline_v2.0,,"Software/Technology, Tool, Certificate, Software Appliance, Hardware Appliance,",,,,,,,,,,,,,,
ICT Patch and Vulnerability Management Guideline_v2.0,ID: 7,,,,,,,,,,,,,,,
ICT Patch and Vulnerability Management Guideline_v2.0,,Source code review and open-source analysis,,,,,,,,,,,,,,
ICT Patch and Vulnerability Management Guideline_v2.0,(version 2.0),,,,,,,,,,,,,,,
ICT Patch and Vulnerability Management Guideline_v2.0,,,,,,,,,,,,,,,,
ICT Patch and Vulnerability Management Guideline_v2.0,7,"It must be ensured that as part of the security assessments and tests,",,,,,,,,,,,,,,
ICT Patch and Vulnerability Management Guideline_v2.0,,source code reviews and open-source analysis are performed.,,,,,,,,,,,,,,
ICT Patch and Vulnerability Management Guideline_v2.0,DOR.ICT.PVM.SCR.001,,,,,,,,,,,,,,,
ICT Patch and Vulnerability Management Guideline_v2.0,7.1,Source code review must be conducted for all source codes of IT applications,,,,,,,,,,,,,,
ICT Patch and Vulnerability Management Guideline_v2.0,,before deployment in the Red Segregation Area.,,,,,,,,,,,,,,
ICT Patch and Vulnerability Management Guideline_v2.0,DOR.ICT.PVM.SCR.002,,,,,,,,,,,,,,,
ICT Patch and Vulnerability Management Guideline_v2.0,,"Asset-Types: Information, Commercial-off-the-Shelf Solution, Underlaying",,,,,,,,,,,,,,
ICT Patch and Vulnerability Management Guideline_v2.0,,"Software/Technology, Tool, Software Appliance, Hardware Appliance, Cloud",,,,,,,,,,,,,,
ICT Patch and Vulnerability Management Guideline_v2.0,,Appliance,,,,,,,,,,,,,,
ICT Patch and Vulnerability Management Guideline_v2.0,,Key References: ISO 27001:2022 Cor 202203 A.8.29,,,,,,,,,,,,,,
ICT Patch and Vulnerability Management Guideline_v2.0,7.2,Source code reviews must be conducted for all owned source codes of IT,,,,,,,,,,,,,,
ICT Patch and Vulnerability Management Guideline_v2.0,,applications at least every 12 months.,,,,,,,,,,,,,,
ICT Patch and Vulnerability Management Guideline_v2.0,DOR.ICT.PVM.SCR.003,,,,,,,,,,,,,,,
ICT Patch and Vulnerability Management Guideline_v2.0,,"Asset-Types: Information, Commercial-off-the-Shelf Solution, Underlaying",,,,,,,,,,,,,,
ICT Patch and Vulnerability Management Guideline_v2.0,,"Software/Technology, Tool, Software Appliance, Hardware Appliance, Cloud",,,,,,,,,,,,,,
ICT Patch and Vulnerability Management Guideline_v2.0,,Appliance,,,,,,,,,,,,,,
ICT Patch and Vulnerability Management Guideline_v2.0,,Key References: ISO 27001:2022 Cor 202203 A.8.29,,,,,,,,,,,,,,
ICT Patch and Vulnerability Management Guideline_v2.0,7.3,Source code reviews for not owned source code of IT applications must be,,,,,,,,,,,,,,
ICT Patch and Vulnerability Management Guideline_v2.0,,performed by the external vendor. Reports or confirmations must be,,,,,,,,,,,,,,
ICT Patch and Vulnerability Management Guideline_v2.0,DOR.ICT.PVM.SCR.004,,,,,,,,,,,,,,,
ICT Patch and Vulnerability Management Guideline_v2.0,,conducted.,,,,,,,,,,,,,,
ICT Patch and Vulnerability Management Guideline_v2.0,,,,,,,,,,,,,,,,
ICT Patch and Vulnerability Management Guideline_v2.0,,"Asset-Types: Information, Commercial-off-the-Shelf Solution, Underlaying",,,,,,,,,,,,,,
ICT Patch and Vulnerability Management Guideline_v2.0,,"Software/Technology, SaaS, Tool, Software Appliance, Hardware Appliance, Cloud",,,,,,,,,,,,,,
ICT Patch and Vulnerability Management Guideline_v2.0,,"Appliance, Supplier",,,,,,,,,,,,,,
ICT Patch and Vulnerability Management Guideline_v2.0,,Key References: ISO 27001:2022 Cor 202203 A.8.29,,,,,,,,,,,,,,
ICT Patch and Vulnerability Management Guideline_v2.0,7.4,"The use of third-party libraries, including open-source libraries used by ICT",,,,,,,,,,,,,,
ICT Patch and Vulnerability Management Guideline_v2.0,,"services supporting critical or important functions, as well as ICT services",,,,,,,,,,,,,,
ICT Patch and Vulnerability Management Guideline_v2.0,DOR.ICT.PVM.SCR.005,,,,,,,,,,,,,,,
ICT Patch and Vulnerability Management Guideline_v2.0,,developed by the legal entity or customized or specifically developed for the,,,,,,,,,,,,,,
ICT Patch and Vulnerability Management Guideline_v2.0,,,,,,,,,,,,,,,,
ICT Patch and Vulnerability Management Guideline_v2.0,,"legal entity by ICT third-party service providers, must be monitored, also with",,,,,,,,,,,,,,
ICT Patch and Vulnerability Management Guideline_v2.0,,"respect to new updates, tracked and controlled.",,,,,,,,,,,,,,
ICT Patch and Vulnerability Management Guideline_v2.0,,Asset-Types: Business Process,,,,,,,,,,,,,,
ICT Patch and Vulnerability Management Guideline_v2.0,,Key References: DORA RTS RMF A.10.2.d),,,,,,,,,,,,,,
ICT Patch and Vulnerability Management Guideline_v2.0,7.5,For IT Assets used in the operation of ICT services that do not support critical,,,,,,,,,,,,,,
ICT Patch and Vulnerability Management Guideline_v2.0,,"or important functions, the use of third-party libraries, including open-source",,,,,,,,,,,,,,
ICT Patch and Vulnerability Management Guideline_v2.0,DOR.ICT.PVM.SCR.006,"libraries, must be tracked to the extent possible.",,,,,,,,,,,,,,
ICT Patch and Vulnerability Management Guideline_v2.0,,,,,,,,,,,,,,,,
ICT Patch and Vulnerability Management Guideline_v2.0,ID: 8,,,,,,,,,,,,,,,
ICT Patch and Vulnerability Management Guideline_v2.0,,Compliance scans,,,,,,,,,,,,,,
ICT Patch and Vulnerability Management Guideline_v2.0,(version 2.0),,,,,,,,,,,,,,,
ICT Patch and Vulnerability Management Guideline_v2.0,,,,,,,,,,,,,,,,
ICT Patch and Vulnerability Management Guideline_v2.0,8,"As part of the security assessments and tests, compliance scans must",,,,,,,,,,,,,,
ICT Patch and Vulnerability Management Guideline_v2.0,,be conducted for IT Asset at least weekly and should be conducted on,,,,,,,,,,,,,,
ICT Patch and Vulnerability Management Guideline_v2.0,DOR.ICT.PVM.SCN.001,,,,,,,,,,,,,,,
ICT Patch and Vulnerability Management Guideline_v2.0,,an on-going basis for End User Devices.,,,,,,,,,,,,,,
ICT Patch and Vulnerability Management Guideline_v2.0,,,,,,,,,,,,,,,,
ICT Patch and Vulnerability Management Guideline_v2.0,,"Asset-Types: Information, Business Process, Software Appliance, Hardware",,,,,,,,,,,,,,
ICT Patch and Vulnerability Management Guideline_v2.0,,"Appliance, Cloud Appliance, Operating System, Cloud PaaS, Container, End User",,,,,,,,,,,,,,
ICT Patch and Vulnerability Management Guideline_v2.0,,"Device, Processing Peripheral, Other Device, Storage, Server & Host Hardware",,,,,,,,,,,,,,
ICT Patch and Vulnerability Management Guideline_v2.0,,Key References: ISO 27001:2022 Cor 202203 A.5.36,,,,,,,,,,,,,,
ICT Patch and Vulnerability Management Guideline_v2.0,ID: 9,,,,,,,,,,,,,,,
ICT Patch and Vulnerability Management Guideline_v2.0,,Bug bounty program,,,,,,,,,,,,,,
ICT Patch and Vulnerability Management Guideline_v2.0,(version 2.0),,,,,,,,,,,,,,,
ICT Patch and Vulnerability Management Guideline_v2.0,,,,,,,,,,,,,,,,
ICT Patch and Vulnerability Management Guideline_v2.0,9,The legal entity should consider bug bounty programs with clearly,,,,,,,,,,,,,,
ICT Patch and Vulnerability Management Guideline_v2.0,,"defined rules and scope, where rewards are offered as an incentive to",,,,,,,,,,,,,,
ICT Patch and Vulnerability Management Guideline_v2.0,DOR.ICT.PVM.BBP.001,,,,,,,,,,,,,,,
ICT Patch and Vulnerability Management Guideline_v2.0,,assist legal entities in identifying vulnerabilities in order to,,,,,,,,,,,,,,
ICT Patch and Vulnerability Management Guideline_v2.0,,,,,,,,,,,,,,,,
ICT Patch and Vulnerability Management Guideline_v2.0,,appropriately remediate them.,,,,,,,,,,,,,,
ICT Patch and Vulnerability Management Guideline_v2.0,,Asset-Types: Business Process,,,,,,,,,,,,,,
ICT Patch and Vulnerability Management Guideline_v2.0,,Key References: ISO 27001:2022 Cor 202203 A.8.8,,,,,,,,,,,,,,
ICT Patch and Vulnerability Management Guideline_v2.0,ID: 10 (version 2.0),General requirements for advanced testing based on TLPT,,,,,,,,,,,,,,
ICT Patch and Vulnerability Management Guideline_v2.0,10,"It must be ensured that advanced tests, which mimic the tactics,",,,,,,,,,,,,,,
ICT Patch and Vulnerability Management Guideline_v2.0,,techniques and procedures of real-life threat actors are carried out.,,,,,,,,,,,,,,
ICT Patch and Vulnerability Management Guideline_v2.0,DOR.ICT.PVM.TTP.001,,,,,,,,,,,,,,,
ICT Patch and Vulnerability Management Guideline_v2.0,10.1,"TLPTs must be carried out at least every three years, with the interval",,,,,,,,,,,,,,
ICT Patch and Vulnerability Management Guideline_v2.0,,adjusted as requested by the competent authority.,,,,,,,,,,,,,,
ICT Patch and Vulnerability Management Guideline_v2.0,DOR.ICT.PVM.TTP.002,,,,,,,,,,,,,,,
ICT Patch and Vulnerability Management Guideline_v2.0,,Asset-Types: Business Process,,,,,,,,,,,,,,
ICT Patch and Vulnerability Management Guideline_v2.0,,Key References: DORA 2022/2554 A.26.1,,,,,,,,,,,,,,
ICT Patch and Vulnerability Management Guideline_v2.0,10.2,Each TLPT must cover several critical or important functions of the legal entity,,,,,,,,,,,,,,
ICT Patch and Vulnerability Management Guideline_v2.0,,and must be performed in the Red Segregation Area.,,,,,,,,,,,,,,
ICT Patch and Vulnerability Management Guideline_v2.0,DOR.ICT.PVM.TTP.003,,,,,,,,,,,,,,,
ICT Patch and Vulnerability Management Guideline_v2.0,,Asset-Types: Business Process,,,,,,,,,,,,,,
ICT Patch and Vulnerability Management Guideline_v2.0,,Key References: DORA 2022/2554 A.26.2,,,,,,,,,,,,,,
ICT Patch and Vulnerability Management Guideline_v2.0,10.2.1,"For this purpose, all relevant underlying ICT Systems, processes, and",,,,,,,,,,,,,,
ICT Patch and Vulnerability Management Guideline_v2.0,,technologies that support these critical or important functions and ICT,,,,,,,,,,,,,,
ICT Patch and Vulnerability Management Guideline_v2.0,DOR.ICT.PVM.TTP.004,,,,,,,,,,,,,,,
ICT Patch and Vulnerability Management Guideline_v2.0,,"services, including those outsourced to third-party providers, must be",,,,,,,,,,,,,,
ICT Patch and Vulnerability Management Guideline_v2.0,,,,,,,,,,,,,,,,
ICT Patch and Vulnerability Management Guideline_v2.0,,identified.,,,,,,,,,,,,,,
ICT Patch and Vulnerability Management Guideline_v2.0,,Asset-Types: Business Process,,,,,,,,,,,,,,
ICT Patch and Vulnerability Management Guideline_v2.0,,Key References: DORA 2022/2554 A.26.2,,,,,,,,,,,,,,
ICT Patch and Vulnerability Management Guideline_v2.0,10.2.2,The legal entity must assess which critical or important functions need to,,,,,,,,,,,,,,
ICT Patch and Vulnerability Management Guideline_v2.0,,"be covered by the TLPT, thereby determining the precise scope of the",,,,,,,,,,,,,,
ICT Patch and Vulnerability Management Guideline_v2.0,DOR.ICT.PVM.TTP.005,"TLPT, which must then be validated by the competent authority.",,,,,,,,,,,,,,
ICT Patch and Vulnerability Management Guideline_v2.0,,,,,,,,,,,,,,,,
ICT Patch and Vulnerability Management Guideline_v2.0,ID: 11 (version 2.0),Organizational provisions for TLPTs,,,,,,,,,,,,,,
ICT Patch and Vulnerability Management Guideline_v2.0,11,It must be ensured that organizational and procedural measures are,,,,,,,,,,,,,,
ICT Patch and Vulnerability Management Guideline_v2.0,,"taken, and a control team lead is assigned to safeguard the proper",,,,,,,,,,,,,,
ICT Patch and Vulnerability Management Guideline_v2.0,DOR.ICT.PVM.CTL.001,,,,,,,,,,,,,,,
ICT Patch and Vulnerability Management Guideline_v2.0,,execution of TLPTs.,,,,,,,,,,,,,,
ICT Patch and Vulnerability Management Guideline_v2.0,,,,,,,,,,,,,,,,
ICT Patch and Vulnerability Management Guideline_v2.0,11.1,The legal entity must appoint a control team lead responsible for the day-to-,,,,,,,,,,,,,,
ICT Patch and Vulnerability Management Guideline_v2.0,,"day management of the TLPT, as well as the decisions and actions of the",,,,,,,,,,,,,,
ICT Patch and Vulnerability Management Guideline_v2.0,DOR.ICT.PVM.CTL.002,,,,,,,,,,,,,,,
ICT Patch and Vulnerability Management Guideline_v2.0,,control team.,,,,,,,,,,,,,,
ICT Patch and Vulnerability Management Guideline_v2.0,,,,,,,,,,,,,,,,
ICT Patch and Vulnerability Management Guideline_v2.0,,Asset-Types: Business Process,,,,,,,,,,,,,,
ICT Patch and Vulnerability Management Guideline_v2.0,,Key References: DORA RTS TLPT A.4.1,,,,,,,,,,,,,,
ICT Patch and Vulnerability Management Guideline_v2.0,11.2,The legal entity must establish both organizational and procedural measures,,,,,,,,,,,,,,
ICT Patch and Vulnerability Management Guideline_v2.0,,to ensure the following:,,,,,,,,,,,,,,
ICT Patch and Vulnerability Management Guideline_v2.0,DOR.ICT.PVM.CTL.003,,,,,,,,,,,,,,,
ICT Patch and Vulnerability Management Guideline_v2.0,,Asset-Types: Business Process,,,,,,,,,,,,,,
ICT Patch and Vulnerability Management Guideline_v2.0,,Key References: DORA RTS TLPT A.4.2.a),,,,,,,,,,,,,,
ICT Patch and Vulnerability Management Guideline_v2.0,11.2.1,Access to information regarding a planned or ongoing TLPT is limited,,,,,,,,,,,,,,
ICT Patch and Vulnerability Management Guideline_v2.0,,"based on the need-to-know principle to the control team, management",,,,,,,,,,,,,,
ICT Patch and Vulnerability Management Guideline_v2.0,DOR.ICT.PVM.CTL.004,,,,,,,,,,,,,,,
ICT Patch and Vulnerability Management Guideline_v2.0,,"body, testers, threat intelligence provider, and the TLPT authority.",,,,,,,,,,,,,,
ICT Patch and Vulnerability Management Guideline_v2.0,,,,,,,,,,,,,,,,
ICT Patch and Vulnerability Management Guideline_v2.0,,Asset-Types: Business Process,,,,,,,,,,,,,,
ICT Patch and Vulnerability Management Guideline_v2.0,,Key References: DORA RTS TLPT A.4.2.a),,,,,,,,,,,,,,
ICT Patch and Vulnerability Management Guideline_v2.0,11.2.2,The control team must consult the test managers before involving a,,,,,,,,,,,,,,
ICT Patch and Vulnerability Management Guideline_v2.0,,member of the blue team in a TLPT.,,,,,,,,,,,,,,
ICT Patch and Vulnerability Management Guideline_v2.0,DOR.ICT.PVM.CTL.005,,,,,,,,,,,,,,,
ICT Patch and Vulnerability Management Guideline_v2.0,,Asset-Types: Business Process,,,,,,,,,,,,,,
ICT Patch and Vulnerability Management Guideline_v2.0,,Key References: DORA RTS TLPT A.4.2.b),,,,,,,,,,,,,,
ICT Patch and Vulnerability Management Guideline_v2.0,11.2.3,The control team must be informed of any relevant detection of the TLPT,,,,,,,,,,,,,,
ICT Patch and Vulnerability Management Guideline_v2.0,,"by staff members of the legal entity or third-party service providers, with",,,,,,,,,,,,,,
ICT Patch and Vulnerability Management Guideline_v2.0,DOR.ICT.PVM.CTL.006,,,,,,,,,,,,,,,
ICT Patch and Vulnerability Management Guideline_v2.0,,the control team being responsible for the escalation of the resulting,,,,,,,,,,,,,,
ICT Patch and Vulnerability Management Guideline_v2.0,,,,,,,,,,,,,,,,
ICT Patch and Vulnerability Management Guideline_v2.0,,"incident response, where required.",,,,,,,,,,,,,,
ICT Patch and Vulnerability Management Guideline_v2.0,,Asset-Types: Business Process,,,,,,,,,,,,,,
ICT Patch and Vulnerability Management Guideline_v2.0,,Key References: DORA RTS TLPT A.4.2.c),,,,,,,,,,,,,,
ICT Patch and Vulnerability Management Guideline_v2.0,11.2.4,Confidentiality agreements must be in place for the legal entity's staff,,,,,,,,,,,,,,
ICT Patch and Vulnerability Management Guideline_v2.0,,"involved in the TLPTs and the relevant third-party ICT service providers,",,,,,,,,,,,,,,
ICT Patch and Vulnerability Management Guideline_v2.0,DOR.ICT.PVM.CTL.007,,,,,,,,,,,,,,,
ICT Patch and Vulnerability Management Guideline_v2.0,,"testers, and threat intelligence providers.",,,,,,,,,,,,,,
ICT Patch and Vulnerability Management Guideline_v2.0,,,,,,,,,,,,,,,,
ICT Patch and Vulnerability Management Guideline_v2.0,,Asset-Types: Business Process,,,,,,,,,,,,,,
ICT Patch and Vulnerability Management Guideline_v2.0,,Key References: DORA RTS TLPT A.4.2.d),,,,,,,,,,,,,,
ICT Patch and Vulnerability Management Guideline_v2.0,11.2.5,The control team must provide any information relating to the TLPT to the,,,,,,,,,,,,,,
ICT Patch and Vulnerability Management Guideline_v2.0,,test managers on request.,,,,,,,,,,,,,,
ICT Patch and Vulnerability Management Guideline_v2.0,DOR.ICT.PVM.CTL.008,,,,,,,,,,,,,,,
ICT Patch and Vulnerability Management Guideline_v2.0,,Asset-Types: Business Process,,,,,,,,,,,,,,
ICT Patch and Vulnerability Management Guideline_v2.0,,Key References: DORA RTS TLPT A.4.2.e),,,,,,,,,,,,,,
ICT Patch and Vulnerability Management Guideline_v2.0,11.2.6,"Wherever possible, parties involved in the TLPT must refer to it only by its",,,,,,,,,,,,,,
ICT Patch and Vulnerability Management Guideline_v2.0,,code name.,,,,,,,,,,,,,,
ICT Patch and Vulnerability Management Guideline_v2.0,DOR.ICT.PVM.CTL.009,,,,,,,,,,,,,,,
ICT Patch and Vulnerability Management Guideline_v2.0,,Asset-Types: Business Process,,,,,,,,,,,,,,
ICT Patch and Vulnerability Management Guideline_v2.0,,,,,,,,,,,,,,,,
ICT Patch and Vulnerability Management Guideline_v2.0,,Key References: DORA RTS TLPT A.4.2.f),,,,,,,,,,,,,,
ICT Patch and Vulnerability Management Guideline_v2.0,ID: 12,,,,,,,,,,,,,,,
ICT Patch and Vulnerability Management Guideline_v2.0,,Pooled and joint TLPTs,,,,,,,,,,,,,,
ICT Patch and Vulnerability Management Guideline_v2.0,(version 2.0),,,,,,,,,,,,,,,
ICT Patch and Vulnerability Management Guideline_v2.0,,,,,,,,,,,,,,,,
ICT Patch and Vulnerability Management Guideline_v2.0,12,"It must be ensured that in the case of pooled and joint TLPTs, each legal or",,,,,,,,,,,,,,
ICT Patch and Vulnerability Management Guideline_v2.0,,financial entity is itself responsible for risk management in relation to TLPTs.,,,,,,,,,,,,,,
ICT Patch and Vulnerability Management Guideline_v2.0,,,,,,,,,,,,,,,,
ICT Patch and Vulnerability Management Guideline_v2.0,12.1,"When performing a joint or pooled TLPT, the control team of each legal or financial",,,,,,,,,,,,,,
ICT Patch and Vulnerability Management Guideline_v2.0,,entity must:,,,,,,,,,,,,,,
ICT Patch and Vulnerability Management Guideline_v2.0,,,,,,,,,,,,,,,,
ICT Patch and Vulnerability Management Guideline_v2.0,,Asset-Types: Business Process,,,,,,,,,,,,,,
ICT Patch and Vulnerability Management Guideline_v2.0,,Key References: DORA RTS TLPT A.6.1,,,,,,,,,,,,,,
ICT Patch and Vulnerability Management Guideline_v2.0,12.1.1,Conduct its own risk assessment and establish its own risk management,,,,,,,,,,,,,,
ICT Patch and Vulnerability Management Guideline_v2.0,,measures.,,,,,,,,,,,,,,
ICT Patch and Vulnerability Management Guideline_v2.0,,,,,,,,,,,,,,,,
ICT Patch and Vulnerability Management Guideline_v2.0,,Asset-Types: Business Process,,,,,,,,,,,,,,
ICT Patch and Vulnerability Management Guideline_v2.0,,Key References: DORA RTS TLPT A.6.1,,,,,,,,,,,,,,
ICT Patch and Vulnerability Management Guideline_v2.0,12.1.2,Consider aspects related to the involvement of multiple financial entities in the,,,,,,,,,,,,,,
ICT Patch and Vulnerability Management Guideline_v2.0,,TLPT for the risk assessment.,,,,,,,,,,,,,,
ICT Patch and Vulnerability Management Guideline_v2.0,,,,,,,,,,,,,,,,
ICT Patch and Vulnerability Management Guideline_v2.0,,Asset-Types: Business Process,,,,,,,,,,,,,,
ICT Patch and Vulnerability Management Guideline_v2.0,,Key References: DORA RTS TLPT A.6.2,,,,,,,,,,,,,,
ICT Patch and Vulnerability Management Guideline_v2.0,12.1.3,"Follow each of the requirements related to TLPT, including providing the",,,,,,,,,,,,,,
ICT Patch and Vulnerability Management Guideline_v2.0,,"remediation plan to the TLPT authority, as referred to in the control requirement",,,,,,,,,,,,,,
ICT Patch and Vulnerability Management Guideline_v2.0,,,,,,,,,,,,,,,,
ICT Patch and Vulnerability Management Guideline_v2.0,,for Remediation of Vulnerabilities.,,,,,,,,,,,,,,
ICT Patch and Vulnerability Management Guideline_v2.0,,Asset-Types: Business Process,,,,,,,,,,,,,,
ICT Patch and Vulnerability Management Guideline_v2.0,,Key References: DORA RTS TLPT A.7.1,,,,,,,,,,,,,,
ICT Patch and Vulnerability Management Guideline_v2.0,12.2,"If multiple TLPT authorities are involved in a joint or pooled TLPT, the term ""TLPT",,,,,,,,,,,,,,
ICT Patch and Vulnerability Management Guideline_v2.0,,"authority"" must be understood as referring to the leading TLPT authority.",,,,,,,,,,,,,,
ICT Patch and Vulnerability Management Guideline_v2.0,,,,,,,,,,,,,,,,
ICT Patch and Vulnerability Management Guideline_v2.0,,Asset-Types: Business Process,,,,,,,,,,,,,,
ICT Patch and Vulnerability Management Guideline_v2.0,,Key References: DORA RTS TLPT A.7.2,,,,,,,,,,,,,,
ICT Patch and Vulnerability Management Guideline_v2.0,12.3,If the participation of an ICT third-party service provider in the TLPT is expected to,,,,,,,,,,,,,,
ICT Patch and Vulnerability Management Guideline_v2.0,,"negatively impact the quality, security, or confidentiality of services provided to other",,,,,,,,,,,,,,
ICT Patch and Vulnerability Management Guideline_v2.0,,"customers, the legal entity and the provider must agree in writing for the provider to",,,,,,,,,,,,,,
ICT Patch and Vulnerability Management Guideline_v2.0,,contract directly with an external tester allowing pooled testing. The pooled TLPT,,,,,,,,,,,,,,
ICT Patch and Vulnerability Management Guideline_v2.0,,must cover the relevant ICT services supporting critical or important functions,,,,,,,,,,,,,,
ICT Patch and Vulnerability Management Guideline_v2.0,,provided by the ICT third-party service provider to those financial entities.,,The,,,,,,,,,,,,
ICT Patch and Vulnerability Management Guideline_v2.0,,,number of financial entities participating in pooled TLPT shall be calibrated based,,,,,,,,,,,,,
ICT Patch and Vulnerability Management Guideline_v2.0,,on the complexity and type of ICT services involved.,on the complexity and type of ICT services involved.,,,,,,,,,,,,,
ICT Patch and Vulnerability Management Guideline_v2.0,,Asset-Types: Business Process,,,,,,,,,,,,,,
ICT Patch and Vulnerability Management Guideline_v2.0,,"Key References: DORA RTS TLPT A.7.2, DORA 2022/2554 A.26.4",,,,,,,,,,,,,,
ICT Patch and Vulnerability Management Guideline_v2.0,ID: 13 (version 2.0),TLPT preparation phase,,,,,,,,,,,,,,
ICT Patch and Vulnerability Management Guideline_v2.0,13,"During the preparation phase, it must be ensured that timelines are",,,,,,,,,,,,,,
ICT Patch and Vulnerability Management Guideline_v2.0,,"adhered to, specific documentation is created and made available to",,,,,,,,,,,,,,
ICT Patch and Vulnerability Management Guideline_v2.0,DOR.ICT.PVM.PRP.001,,,,,,,,,,,,,,,
ICT Patch and Vulnerability Management Guideline_v2.0,,"relevant stakeholders, and that stakeholders are involved accordingly.",,,,,,,,,,,,,,
ICT Patch and Vulnerability Management Guideline_v2.0,,,,,,,,,,,,,,,,
ICT Patch and Vulnerability Management Guideline_v2.0,13.1,Within three months of receiving notification from the TLPT authority that a,,,,,,,,,,,,,,
ICT Patch and Vulnerability Management Guideline_v2.0,,"TLPT is to be conducted, the legal entity must submit the following TLPT",,,,,,,,,,,,,,
ICT Patch and Vulnerability Management Guideline_v2.0,DOR.ICT.PVM.PRP.002,,,,,,,,,,,,,,,
ICT Patch and Vulnerability Management Guideline_v2.0,,,,,,,,,,,,,,,,
ICT Patch and Vulnerability Management Guideline_v2.0,,initiation documents to the test managers:,,,,,,,,,,,,,,
ICT Patch and Vulnerability Management Guideline_v2.0,ID: 14 (version 2.0),Risk assessment and management associated with TLPTs,,,,,,,,,,,,,,
ICT Patch and Vulnerability Management Guideline_v2.0,14,It must be ensured that during the preparation phase the control team,,,,,,,,,,,,,,
ICT Patch and Vulnerability Management Guideline_v2.0,,adequately assesses risks associated with TLPTs.,,,,,,,,,,,,,,
ICT Patch and Vulnerability Management Guideline_v2.0,DOR.ICT.PVM.RAM.001,,,,,,,,,,,,,,,
ICT Patch and Vulnerability Management Guideline_v2.0,14.1,All of the following must be considered for the inclusion of critical or important,,,,,,,,,,,,,,
ICT Patch and Vulnerability Management Guideline_v2.0,,functions in the scope of the TLPT:,,,,,,,,,,,,,,
ICT Patch and Vulnerability Management Guideline_v2.0,DOR.ICT.PVM.RAM.002,,,,,,,,,,,,,,,
ICT Patch and Vulnerability Management Guideline_v2.0,,- Criticality or importance of the function and its possible impact to the,,,,,,,,,,,,,,
ICT Patch and Vulnerability Management Guideline_v2.0,,,,,,,,,,,,,,,,
ICT Patch and Vulnerability Management Guideline_v2.0,,financial sector and on financial stability at national and Union level,,,,,,,,,,,,,,
ICT Patch and Vulnerability Management Guideline_v2.0,,- Importance of the function for the day-to-day business operations of,,,,,,,,,,,,,,
ICT Patch and Vulnerability Management Guideline_v2.0,,the legal entity,,,,,,,,,,,,,,
ICT Patch and Vulnerability Management Guideline_v2.0,,- Exchangeability of the function,,,,,,,,,,,,,,
ICT Patch and Vulnerability Management Guideline_v2.0,,- Interdependence with other functions,,,,,,,,,,,,,,
ICT Patch and Vulnerability Management Guideline_v2.0,,- Geographical location of the function,,,,,,,,,,,,,,
ICT Patch and Vulnerability Management Guideline_v2.0,,- Sectoral dependence of other entities on the function,,,,,,,,,,,,,,
ICT Patch and Vulnerability Management Guideline_v2.0,,"- Threat intelligence concerning the function, where available",,,,,,,,,,,,,,
ICT Patch and Vulnerability Management Guideline_v2.0,,Asset-Types: Business Process,,,,,,,,,,,,,,
ICT Patch and Vulnerability Management Guideline_v2.0,,Key References: DORA RTS TLPT A.8.6.a),,,,,,,,,,,,,,
ICT Patch and Vulnerability Management Guideline_v2.0,14.2,The control team must consult the test managers on the TLPT risk,,,,,,,,,,,,,,
ICT Patch and Vulnerability Management Guideline_v2.0,DOR.ICT.PVM.RAM.003,assessment and risk management measures prior to initiating the testing,,,,,,,,,,,,,,
ICT Patch and Vulnerability Management Guideline_v2.0,,"phase. Additionally, they must review the risk assessment and risk",,,,,,,,,,,,,,
ICT Patch and Vulnerability Management Guideline_v2.0,,management measures if the TLPT authority determines that they do not,,,,,,,,,,,,,,
ICT Patch and Vulnerability Management Guideline_v2.0,,adequately address the risks of the TLPT.,,,,,,,,,,,,,,
ICT Patch and Vulnerability Management Guideline_v2.0,,Asset-Types: Business Process,,,,,,,,,,,,,,
ICT Patch and Vulnerability Management Guideline_v2.0,,Key References: DORA RTS TLPT A.8.9,,,,,,,,,,,,,,
ICT Patch and Vulnerability Management Guideline_v2.0,14.3,The control team must at least consider the following types of risks in their,,,,,,,,,,,,,,
ICT Patch and Vulnerability Management Guideline_v2.0,DOR.ICT.PVM.RAM.004,risk assessment and management:,,,,,,,,,,,,,,
ICT Patch and Vulnerability Management Guideline_v2.0,,- Granting the threat intelligence provider and external testers access,,,,,,,,,,,,,,
ICT Patch and Vulnerability Management Guideline_v2.0,,to sensitive and confidential information,,,,,,,,,,,,,,
ICT Patch and Vulnerability Management Guideline_v2.0,,- Non-compliance of the TLPT with the requirements laid out in this,,,,,,,,,,,,,,
ICT Patch and Vulnerability Management Guideline_v2.0,,"Guideline, including breaches of confidentiality or lack of ethical",,,,,,,,,,,,,,
ICT Patch and Vulnerability Management Guideline_v2.0,,conduct,,,,,,,,,,,,,,
ICT Patch and Vulnerability Management Guideline_v2.0,,- Crisis and incident escalation,,,,,,,,,,,,,,
ICT Patch and Vulnerability Management Guideline_v2.0,,"- Activities of the red or blue team, including risks associated with the",,,,,,,,,,,,,,
ICT Patch and Vulnerability Management Guideline_v2.0,,disruption of critical activities and corruption of data due to the,,,,,,,,,,,,,,
ICT Patch and Vulnerability Management Guideline_v2.0,,activities of the testers or the blue team and potential impacts on third,,,,,,,,,,,,,,
ICT Patch and Vulnerability Management Guideline_v2.0,,parties,,,,,,,,,,,,,,
ICT Patch and Vulnerability Management Guideline_v2.0,,- Incomplete restoration of systems affected by the TLPT,,,,,,,,,,,,,,
ICT Patch and Vulnerability Management Guideline_v2.0,,Asset-Types: Business Process,,,,,,,,,,,,,,
ICT Patch and Vulnerability Management Guideline_v2.0,,Key References: DORA RTS TLPT A.5.4.a),,,,,,,,,,,,,,
ICT Patch and Vulnerability Management Guideline_v2.0,14.4,"Effective risk management controls must be applied, with the cooperation of",,,,,,,,,,,,,,
ICT Patch and Vulnerability Management Guideline_v2.0,DOR.ICT.PVM.RAM.005,ICT third-party service providers and involved parties (excluding competent,,,,,,,,,,,,,,
ICT Patch and Vulnerability Management Guideline_v2.0,,"authorities), to mitigate the risks of potential impact on data, damage to",,,,,,,,,,,,,,
ICT Patch and Vulnerability Management Guideline_v2.0,,"assets, and disruption of critical or important functions, services, or",,,,,,,,,,,,,,
ICT Patch and Vulnerability Management Guideline_v2.0,,"operations within the legal entity, its counterparts, or the financial sector.",,,,,,,,,,,,,,
ICT Patch and Vulnerability Management Guideline_v2.0,,Asset-Types: Business Process,,,,,,,,,,,,,,
ICT Patch and Vulnerability Management Guideline_v2.0,,Key References: DORA 2022/2554 A.26.5,,,,,,,,,,,,,,
ICT Patch and Vulnerability Management Guideline_v2.0,ID: 15 (version 2.0),Requirements for TLPT testers and threat intelligence providers,,,,,,,,,,,,,,
ICT Patch and Vulnerability Management Guideline_v2.0,15,"During the preparation phase, the control team must ensure that the",,,,,,,,,,,,,,
ICT Patch and Vulnerability Management Guideline_v2.0,,"testers contracted and involved in the TLPTs, including internal testers",,,,,,,,,,,,,,
ICT Patch and Vulnerability Management Guideline_v2.0,DOR.ICT.PVM.QUA.001,,,,,,,,,,,,,,,
ICT Patch and Vulnerability Management Guideline_v2.0,,"and threat intelligence providers, are suitably qualified.",,,,,,,,,,,,,,
ICT Patch and Vulnerability Management Guideline_v2.0,,,,,,,,,,,,,,,,
ICT Patch and Vulnerability Management Guideline_v2.0,15.1,"Only testers, whether internal or external, that meet all the following must be",,,,,,,,,,,,,,
ICT Patch and Vulnerability Management Guideline_v2.0,,used to perform the TLPTs:,,,,,,,,,,,,,,
ICT Patch and Vulnerability Management Guideline_v2.0,DOR.ICT.PVM.QUA.002,,,,,,,,,,,,,,,
ICT Patch and Vulnerability Management Guideline_v2.0,,- Demonstration of highest suitability and reputability,,,,,,,,,,,,,,
ICT Patch and Vulnerability Management Guideline_v2.0,,,,,,,,,,,,,,,,
ICT Patch and Vulnerability Management Guideline_v2.0,,- Possess technical and organizational capabilities and show specific,,,,,,,,,,,,,,
ICT Patch and Vulnerability Management Guideline_v2.0,,"expertise in threat intelligence, penetration testing, and red team",,,,,,,,,,,,,,
ICT Patch and Vulnerability Management Guideline_v2.0,,testing,,,,,,,,,,,,,,
ICT Patch and Vulnerability Management Guideline_v2.0,,- Be certified by an accreditation body in a Member State or adhere to,,,,,,,,,,,,,,
ICT Patch and Vulnerability Management Guideline_v2.0,,formal codes of conduct or ethical frameworks,,,,,,,,,,,,,,
ICT Patch and Vulnerability Management Guideline_v2.0,,- Provide independent assurance or an audit report regarding the,,,,,,,,,,,,,,
ICT Patch and Vulnerability Management Guideline_v2.0,,"sound management of risks associated with conducting the TLPT,",,,,,,,,,,,,,,
ICT Patch and Vulnerability Management Guideline_v2.0,,including appropriate protection of the legal entity's confidential,,,,,,,,,,,,,,
ICT Patch and Vulnerability Management Guideline_v2.0,,information and redress for business risks,,,,,,,,,,,,,,
ICT Patch and Vulnerability Management Guideline_v2.0,,- Be fully and duly covered by relevant professional indemnity,,,,,,,,,,,,,,
ICT Patch and Vulnerability Management Guideline_v2.0,,insurances that cover risks of misconduct and negligence. Threat,,,,,,,,,,,,,,
ICT Patch and Vulnerability Management Guideline_v2.0,,intelligence providers must also have such insurance,,,,,,,,,,,,,,
ICT Patch and Vulnerability Management Guideline_v2.0,,Asset-Types: Business Process,,,,,,,,,,,,,,
ICT Patch and Vulnerability Management Guideline_v2.0,,Key References: DORA 2022/2554 A.27.1.a),,,,,,,,,,,,,,
ICT Patch and Vulnerability Management Guideline_v2.0,15.2,"If internal testers are used, all the following must additionally be fulfilled:",,,,,,,,,,,,,,
ICT Patch and Vulnerability Management Guideline_v2.0,DOR.ICT.PVM.QUA.003,- Internal testers must be approved by the relevant competent authority,,,,,,,,,,,,,,
ICT Patch and Vulnerability Management Guideline_v2.0,,or the single public authority,,,,,,,,,,,,,,
ICT Patch and Vulnerability Management Guideline_v2.0,,- The legal entity must have sufficient dedicated resources and,,,,,,,,,,,,,,
ICT Patch and Vulnerability Management Guideline_v2.0,,"capabilities when using internal testers, as verified by the competent",,,,,,,,,,,,,,
ICT Patch and Vulnerability Management Guideline_v2.0,,"TLPT authority, and must ensure that conflicts of interest are avoided",,,,,,,,,,,,,,
ICT Patch and Vulnerability Management Guideline_v2.0,,"throughout all phases of the TLPT, especially during the design and",,,,,,,,,,,,,,
ICT Patch and Vulnerability Management Guideline_v2.0,,execution phases,,,,,,,,,,,,,,
ICT Patch and Vulnerability Management Guideline_v2.0,,- Measures must be taken to ensure that using internal testers does not,,,,,,,,,,,,,,
ICT Patch and Vulnerability Management Guideline_v2.0,,adversely affect the legal entity's overall defensive or resilience,,,,,,,,,,,,,,
ICT Patch and Vulnerability Management Guideline_v2.0,,"capabilities with respect to ICT-related incidents, or significantly",,,,,,,,,,,,,,
ICT Patch and Vulnerability Management Guideline_v2.0,,impact the availability of resources devoted to ICT-related tasks,,,,,,,,,,,,,,
ICT Patch and Vulnerability Management Guideline_v2.0,,during a TLPT,,,,,,,,,,,,,,
ICT Patch and Vulnerability Management Guideline_v2.0,,- The threat intelligence provider must always be external,,,,,,,,,,,,,,
ICT Patch and Vulnerability Management Guideline_v2.0,,,"- The internal testing team includes a test lead, and at least two",,,,,,,,,,,,,
ICT Patch and Vulnerability Management Guideline_v2.0,,,,additional members,,,,,,,,,,,,
ICT Patch and Vulnerability Management Guideline_v2.0,,-,,All members of the test team have been employed by the financial,,,,,,,,,,,,
ICT Patch and Vulnerability Management Guideline_v2.0,,,,entity or by an ICT intra-group service provider for the preceding 12,,,,,,,,,,,,
ICT Patch and Vulnerability Management Guideline_v2.0,,months;,,months;,,,,,,,,,,,,
ICT Patch and Vulnerability Management Guideline_v2.0,,Asset-Types: Business Process,,,,,,,,,,,,,,
ICT Patch and Vulnerability Management Guideline_v2.0,,Key References: DORA 2022/2554 A.27.2.a),,,,,,,,,,,,,,
ICT Patch and Vulnerability Management Guideline_v2.0,15.3,The use of internal testers must be mentioned in all the following documents:,,,,,,,,,,,,,,
ICT Patch and Vulnerability Management Guideline_v2.0,DOR.ICT.PVM.QUA.004,- The test initiation documents,,,,,,,,,,,,,,
ICT Patch and Vulnerability Management Guideline_v2.0,,- The red team test report,,,,,,,,,,,,,,
ICT Patch and Vulnerability Management Guideline_v2.0,,- The report summarizing the relevant findings of the TLPT,,,,,,,,,,,,,,
ICT Patch and Vulnerability Management Guideline_v2.0,,Asset-Types: Business Process,,,,,,,,,,,,,,
ICT Patch and Vulnerability Management Guideline_v2.0,,Key References: DORA RTS TLPT A.13.2.a),,,,,,,,,,,,,,
ICT Patch and Vulnerability Management Guideline_v2.0,15.4,Testers employed by an ICT intra-group service provider must be regarded,,,,,,,,,,,,,,
ICT Patch and Vulnerability Management Guideline_v2.0,DOR.ICT.PVM.QUA.005,as internal testers of the legal entity.,,,,,,,,,,,,,,
ICT Patch and Vulnerability Management Guideline_v2.0,,Asset-Types: Business Process,,,,,,,,,,,,,,
ICT Patch and Vulnerability Management Guideline_v2.0,,,,,,,,,,,,,,,,
ICT Patch and Vulnerability Management Guideline_v2.0,,Key References: DORA RTS TLPT A.13.3,,,,,,,,,,,,,,
ICT Patch and Vulnerability Management Guideline_v2.0,ID: 16 (version 2.0),Threat intelligence provider,,,,,,,,,,,,,,
ICT Patch and Vulnerability Management Guideline_v2.0,ID: 17 (version 2.0),Red teaming,,,,,,,,,,,,,,
ICT Patch and Vulnerability Management Guideline_v2.0,17,"During the testing phase, it must be ensured that a red team test plan is",,,,,,,,,,,,,,
ICT Patch and Vulnerability Management Guideline_v2.0,,agreed upon and that the subsequent testing activities are conducted in,,,,,,,,,,,,,,
ICT Patch and Vulnerability Management Guideline_v2.0,DOR.ICT.PVM.RED.001,,,,,,,,,,,,,,,
ICT Patch and Vulnerability Management Guideline_v2.0,,accordance with this plan and other relevant requirements.,,,,,,,,,,,,,,
ICT Patch and Vulnerability Management Guideline_v2.0,,,,,,,,,,,,,,,,
ICT Patch and Vulnerability Management Guideline_v2.0,17.1,"Once the TLPT authority approves the targeted threat intelligence report, the",,,,,,,,,,,,,,
ICT Patch and Vulnerability Management Guideline_v2.0,DOR.ICT.PVM.RED.002,"testers must prepare the red team test plan, including the information outlined",,,,,,,,,,,,,,
ICT Patch and Vulnerability Management Guideline_v2.0,,in Annex IV of the RTS on TLPT. They must use the approved threat,,,,,,,,,,,,,,
ICT Patch and Vulnerability Management Guideline_v2.0,,intelligence report and the scope specification document as the basis for,,,,,,,,,,,,,,
ICT Patch and Vulnerability Management Guideline_v2.0,,developing the attack scenarios.,,,,,,,,,,,,,,
ICT Patch and Vulnerability Management Guideline_v2.0,,Asset-Types: Business Process,,,,,,,,,,,,,,
ICT Patch and Vulnerability Management Guideline_v2.0,,Key References: DORA RTS TLPT A.10.1,,,,,,,,,,,,,,
ICT Patch and Vulnerability Management Guideline_v2.0,17.2,"The testers must consult with the control team, threat intelligence provider,",,,,,,,,,,,,,,
ICT Patch and Vulnerability Management Guideline_v2.0,,"and test managers on the red team test plan. This includes communication,",,,,,,,,,,,,,,
ICT Patch and Vulnerability Management Guideline_v2.0,DOR.ICT.PVM.RED.003,,,,,,,,,,,,,,,
ICT Patch and Vulnerability Management Guideline_v2.0,,"operational and project management arrangements, preparation and use",,,,,,,,,,,,,,
ICT Patch and Vulnerability Management Guideline_v2.0,,,,,,,,,,,,,,,,
ICT Patch and Vulnerability Management Guideline_v2.0,,"cases for activating leg-ups, as well as reporting arrangements to the control",,,,,,,,,,,,,,
ICT Patch and Vulnerability Management Guideline_v2.0,,team and test managers.,,,,,,,,,,,,,,
ICT Patch and Vulnerability Management Guideline_v2.0,,Asset-Types: Business Process,,,,,,,,,,,,,,
ICT Patch and Vulnerability Management Guideline_v2.0,,Key References: DORA RTS TLPT A.10.2,,,,,,,,,,,,,,
ICT Patch and Vulnerability Management Guideline_v2.0,17.3,The red team test plan must be approved by the control team and the TLPT,,,,,,,,,,,,,,
ICT Patch and Vulnerability Management Guideline_v2.0,,authority.,,,,,,,,,,,,,,
ICT Patch and Vulnerability Management Guideline_v2.0,DOR.ICT.PVM.RED.004,,,,,,,,,,,,,,,
ICT Patch and Vulnerability Management Guideline_v2.0,,Asset-Types: Business Process,,,,,,,,,,,,,,
ICT Patch and Vulnerability Management Guideline_v2.0,,Key References: DORA RTS TLPT A.10.3,,,,,,,,,,,,,,
ICT Patch and Vulnerability Management Guideline_v2.0,17.4,"Any subsequent changes to the red team test plan, including schedule,",,,,,,,,,,,,,,
ICT Patch and Vulnerability Management Guideline_v2.0,,"scope, target systems, or flags, must be approved by both the control team",,,,,,,,,,,,,,
ICT Patch and Vulnerability Management Guideline_v2.0,DOR.ICT.PVM.RED.005,,,,,,,,,,,,,,,
ICT Patch and Vulnerability Management Guideline_v2.0,,lead and the test managers.,,,,,,,,,,,,,,
ICT Patch and Vulnerability Management Guideline_v2.0,,,,,,,,,,,,,,,,
ICT Patch and Vulnerability Management Guideline_v2.0,,Asset-Types: Business Process,,,,,,,,,,,,,,
ICT Patch and Vulnerability Management Guideline_v2.0,,Key References: DORA RTS TLPT A.10.6,,,,,,,,,,,,,,
ICT Patch and Vulnerability Management Guideline_v2.0,17.5,Once the red team test plan is approved by both the control team and the,,,,,,,,,,,,,,
ICT Patch and Vulnerability Management Guideline_v2.0,,"TLPT authority, the testers must carry out the TLPT during the active red",,,,,,,,,,,,,,
ICT Patch and Vulnerability Management Guideline_v2.0,DOR.ICT.PVM.RED.006,,,,,,,,,,,,,,,
ICT Patch and Vulnerability Management Guideline_v2.0,,team testing phase.,,,,,,,,,,,,,,
ICT Patch and Vulnerability Management Guideline_v2.0,,,,,,,,,,,,,,,,
ICT Patch and Vulnerability Management Guideline_v2.0,,Asset-Types: Business Process,,,,,,,,,,,,,,
ICT Patch and Vulnerability Management Guideline_v2.0,,Key References: DORA RTS TLPT A.10.4,,,,,,,,,,,,,,
ICT Patch and Vulnerability Management Guideline_v2.0,17.6,While the active red team testing phase must be conducted for a minimum of,,,,,,,,,,,,,,
ICT Patch and Vulnerability Management Guideline_v2.0,,,,,,,,,,,,,,,,
ICT Patch and Vulnerability Management Guideline_v2.0,DOR.ICT.PVM.RED.007,"12 weeks, any additional duration must be proportionate to the scope of the",,,,,,,,,,,,,,
ICT Patch and Vulnerability Management Guideline_v2.0,,,,,,,,,,,,,,,,
ICT Patch and Vulnerability Management Guideline_v2.0,ID: 18 (version 2.0),Prohibited activities,,,,,,,,,,,,,,
ICT Patch and Vulnerability Management Guideline_v2.0,18,It must be ensured that the parties involved in the TLPT do not carry,,,,,,,,,,,,,,
ICT Patch and Vulnerability Management Guideline_v2.0,,out any prohibited activities during the testing phase.,,,,,,,,,,,,,,
ICT Patch and Vulnerability Management Guideline_v2.0,DOR.ICT.PVM.PRO.001,,,,,,,,,,,,,,,
ICT Patch and Vulnerability Management Guideline_v2.0,18.1,The testers and threat intelligence providers must be prohibited from the,,,,,,,,,,,,,,
ICT Patch and Vulnerability Management Guideline_v2.0,DOR.ICT.PVM.PRO.002,following activities:,,,,,,,,,,,,,,
ICT Patch and Vulnerability Management Guideline_v2.0,,,,,,,,,,,,,,,,
ICT Patch and Vulnerability Management Guideline_v2.0,,Asset-Types: Business Process,,,,,,,,,,,,,,
ICT Patch and Vulnerability Management Guideline_v2.0,,"Key References: DORA RTS TLPT A.5.2.i).i, A.5.2.i).ii",,,,,,,,,,,,,,
ICT Patch and Vulnerability Management Guideline_v2.0,18.1.1,Unauthorized destruction of equipment and modification of information and IT,,,,,,,,,,,,,,
ICT Patch and Vulnerability Management Guideline_v2.0,,Assets of the legal entity or its ICT third-party service providers.,,,,,,,,,,,,,,
ICT Patch and Vulnerability Management Guideline_v2.0,DOR.ICT.PVM.PRO.003,,,,,,,,,,,,,,,
ICT Patch and Vulnerability Management Guideline_v2.0,,Asset-Types: Business Process,,,,,,,,,,,,,,
ICT Patch and Vulnerability Management Guideline_v2.0,,"Key References: DORA RTS TLPT A.5.2.i).i, A.5.2.i).ii",,,,,,,,,,,,,,
ICT Patch and Vulnerability Management Guideline_v2.0,18.1.2,Intentional disruption of the continuity of critical or important functions of the,,,,,,,,,,,,,,
ICT Patch and Vulnerability Management Guideline_v2.0,,legal entity.,,,,,,,,,,,,,,
ICT Patch and Vulnerability Management Guideline_v2.0,DOR.ICT.PVM.PRO.004,,,,,,,,,,,,,,,
ICT Patch and Vulnerability Management Guideline_v2.0,,Asset-Types: Business Process,,,,,,,,,,,,,,
ICT Patch and Vulnerability Management Guideline_v2.0,,Key References: DORA RTS TLPT A.5.2.i).iii,,,,,,,,,,,,,,
ICT Patch and Vulnerability Management Guideline_v2.0,18.1.3,Unauthorized inclusion of ICT Systems outside the scope of the TLPT.,,,,,,,,,,,,,,
ICT Patch and Vulnerability Management Guideline_v2.0,DOR.ICT.PVM.PRO.005,Asset-Types: Business Process,,,,,,,,,,,,,,
ICT Patch and Vulnerability Management Guideline_v2.0,,Key References: DORA RTS TLPT A.5.2.i).iv,,,,,,,,,,,,,,
ICT Patch and Vulnerability Management Guideline_v2.0,18.1.4,Unauthorized disclosure of test results.,,,,,,,,,,,,,,
ICT Patch and Vulnerability Management Guideline_v2.0,DOR.ICT.PVM.PRO.006,,,,,,,,,,,,,,,
ICT Patch and Vulnerability Management Guideline_v2.0,,Asset-Types: Business Process,,,,,,,,,,,,,,
ICT Patch and Vulnerability Management Guideline_v2.0,,,,,,,,,,,,,,,,
ICT Patch and Vulnerability Management Guideline_v2.0,,Key References: DORA RTS TLPT A.5.2.i).v,,,,,,,,,,,,,,
ICT Patch and Vulnerability Management Guideline_v2.0,ID: 19 (version 2.0),TLPT closure phase,,,,,,,,,,,,,,
ICT Patch and Vulnerability Management Guideline_v2.0,19,"Once the active red team testing phase has been completed, it must be",,,,,,,,,,,,,,
ICT Patch and Vulnerability Management Guideline_v2.0,,"ensured that the closure phase is initiated, relevant reports are",,,,,,,,,,,,,,
ICT Patch and Vulnerability Management Guideline_v2.0,DOR.ICT.PVM.CLO.001,,,,,,,,,,,,,,,
ICT Patch and Vulnerability Management Guideline_v2.0,,submitted and required exercises are being performed.,,,,,,,,,,,,,,
ICT Patch and Vulnerability Management Guideline_v2.0,,,,,,,,,,,,,,,,
ICT Patch and Vulnerability Management Guideline_v2.0,19.1,"At the end of the active red team testing phase, the control team lead must",,,,,,,,,,,,,,
ICT Patch and Vulnerability Management Guideline_v2.0,,inform the blue team that a TLPT has taken place. The control team must,,,,,,,,,,,,,,
ICT Patch and Vulnerability Management Guideline_v2.0,DOR.ICT.PVM.CLO.002,,,,,,,,,,,,,,,
ICT Patch and Vulnerability Management Guideline_v2.0,,then promptly provide the red team test report to the blue team and test,,,,,,,,,,,,,,
ICT Patch and Vulnerability Management Guideline_v2.0,,,,,,,,,,,,,,,,
ICT Patch and Vulnerability Management Guideline_v2.0,,managers.,,,,,,,,,,,,,,
ICT Patch and Vulnerability Management Guideline_v2.0,,Asset-Types: Business Process,,,,,,,,,,,,,,
ICT Patch and Vulnerability Management Guideline_v2.0,,"Key References: DORA RTS TLPT A.11.1, A.11.3",,,,,,,,,,,,,,
ICT Patch and Vulnerability Management Guideline_v2.0,19.2,"Within four weeks of completing the active red team testing phase, the",,,,,,,,,,,,,,
ICT Patch and Vulnerability Management Guideline_v2.0,,"testers must provide the control team with a red team test report, as",,,,,,,,,,,,,,
ICT Patch and Vulnerability Management Guideline_v2.0,DOR.ICT.PVM.CLO.003,,,,,,,,,,,,,,,
ICT Patch and Vulnerability Management Guideline_v2.0,,detailed in Annex V of the RTS on TLPT.,,,,,,,,,,,,,,
ICT Patch and Vulnerability Management Guideline_v2.0,,,,,,,,,,,,,,,,
ICT Patch and Vulnerability Management Guideline_v2.0,,Asset-Types: Business Process,,,,,,,,,,,,,,
ICT Patch and Vulnerability Management Guideline_v2.0,,Key References: DORA RTS TLPT A.11.2,,,,,,,,,,,,,,
ICT Patch and Vulnerability Management Guideline_v2.0,19.3,"After getting the red team test report, and within ten weeks of finishing the",,,,,,,,,,,,,,
ICT Patch and Vulnerability Management Guideline_v2.0,,"active red team test phase, the blue team must give the control team a",,,,,,,,,,,,,,
ICT Patch and Vulnerability Management Guideline_v2.0,DOR.ICT.PVM.CLO.004,,,,,,,,,,,,,,,
ICT Patch and Vulnerability Management Guideline_v2.0,,blue test report with the details specified in Annex VI of the RTS on TLPT.,,,,,,,,,,,,,,
ICT Patch and Vulnerability Management Guideline_v2.0,,,,,,,,,,,,,,,,
ICT Patch and Vulnerability Management Guideline_v2.0,,Asset-Types: Business Process,,,,,,,,,,,,,,
ICT Patch and Vulnerability Management Guideline_v2.0,,Key References: DORA RTS TLPT A.11.4,,,,,,,,,,,,,,
ICT Patch and Vulnerability Management Guideline_v2.0,,,,,,,,,,,,,,,,
ICT Patch and Vulnerability Management Guideline_v2.0,ID: 20 (version 2.0),Restoration procedures,,,,,,,,,,,,,,
ICT Patch and Vulnerability Management Guideline_v2.0,20,"Once the active red team testing phase has been completed, it must be",,,,,,,,,,,,,,
ICT Patch and Vulnerability Management Guideline_v2.0,,ensured that the recovery procedures are carried out.,,,,,,,,,,,,,,
ICT Patch and Vulnerability Management Guideline_v2.0,DOR.ICT.PVM.REC.001,,,,,,,,,,,,,,,
ICT Patch and Vulnerability Management Guideline_v2.0,20.1,"At the end of the testing activities, the testers and threat intelligence providers",,,,,,,,,,,,,,
ICT Patch and Vulnerability Management Guideline_v2.0,,must carry out restoration procedures. These procedures must include,,,,,,,,,,,,,,
ICT Patch and Vulnerability Management Guideline_v2.0,DOR.ICT.PVM.REC.002,,,,,,,,,,,,,,,
ICT Patch and Vulnerability Management Guideline_v2.0,,"securely deleting compromised passwords, credentials, and other secret",,,,,,,,,,,,,,
ICT Patch and Vulnerability Management Guideline_v2.0,,,,,,,,,,,,,,,,
ICT Patch and Vulnerability Management Guideline_v2.0,,"keys, securely communicating compromised accounts to the legal entity, and",,,,,,,,,,,,,,
ICT Patch and Vulnerability Management Guideline_v2.0,,"securely handling the collection, storage, management, and disposal of",,,,,,,,,,,,,,
ICT Patch and Vulnerability Management Guideline_v2.0,,collected data.,,,,,,,,,,,,,,
ICT Patch and Vulnerability Management Guideline_v2.0,,Asset-Types: Business Process,,,,,,,,,,,,,,
ICT Patch and Vulnerability Management Guideline_v2.0,,Key References: DORA RTS TLPT A.5.3.g),,,,,,,,,,,,,,
ICT Patch and Vulnerability Management Guideline_v2.0,20.2,"Additionally, testers must perform the following restoration procedures:",,,,,,,,,,,,,,
ICT Patch and Vulnerability Management Guideline_v2.0,DOR.ICT.PVM.REC.003,- Deactivating command and control,,,,,,,,,,,,,,
ICT Patch and Vulnerability Management Guideline_v2.0,,- Scope and date kill switch(es),,,,,,,,,,,,,,
ICT Patch and Vulnerability Management Guideline_v2.0,,- Removing backdoors and other malware,,,,,,,,,,,,,,
ICT Patch and Vulnerability Management Guideline_v2.0,ID: 21 (version 2.0),Evaluation of vulnerabilities,,,,,,,,,,,,,,
ICT Patch and Vulnerability Management Guideline_v2.0,21,It must be ensured that identified vulnerabilities and associated risks,,,,,,,,,,,,,,
ICT Patch and Vulnerability Management Guideline_v2.0,,are carefully and appropriately evaluated.,,,,,,,,,,,,,,
ICT Patch and Vulnerability Management Guideline_v2.0,DOR.ICT.PVM.EVL.001,,,,,,,,,,,,,,,
ICT Patch and Vulnerability Management Guideline_v2.0,21.1,The severity and risks associated with detected vulnerabilities must be,,,,,,,,,,,,,,
ICT Patch and Vulnerability Management Guideline_v2.0,,determined without undue delay after detection.,,,,,,,,,,,,,,
ICT Patch and Vulnerability Management Guideline_v2.0,DOR.ICT.PVM.EVL.002,,,,,,,,,,,,,,,
ICT Patch and Vulnerability Management Guideline_v2.0,,Asset-Types: Business Process,,,,,,,,,,,,,,
ICT Patch and Vulnerability Management Guideline_v2.0,,Key References: ISO 27001:2022 Cor 202203 A.8.8,,,,,,,,,,,,,,
ICT Patch and Vulnerability Management Guideline_v2.0,21.2,Priority of the remediation activities for each validated vulnerability must be,,,,,,,,,,,,,,
ICT Patch and Vulnerability Management Guideline_v2.0,,determined by considering associated risks. To make a consistent and,,,,,,,,,,,,,,
ICT Patch and Vulnerability Management Guideline_v2.0,DOR.ICT.PVM.EVL.003,,,,,,,,,,,,,,,
ICT Patch and Vulnerability Management Guideline_v2.0,,"informed decision on priority, the vulnerability item priority must be assessed",,,,,,,,,,,,,,
ICT Patch and Vulnerability Management Guideline_v2.0,,,,,,,,,,,,,,,,
ICT Patch and Vulnerability Management Guideline_v2.0,,as follows:,,,,,,,,,,,,,,
ICT Patch and Vulnerability Management Guideline_v2.0,,Asset-Types: Business Process,,,,,,,,,,,,,,
ICT Patch and Vulnerability Management Guideline_v2.0,,Key References: ISO 27001:2022 Cor 202203 A.8.8,,,,,,,,,,,,,,
ICT Patch and Vulnerability Management Guideline_v2.0,21.2.1,The output provided by scanners must be normalized and a DBG priority,,,,,,,,,,,,,,
ICT Patch and Vulnerability Management Guideline_v2.0,,must be determined by additionally taking into account the exposure and,,,,,,,,,,,,,,
ICT Patch and Vulnerability Management Guideline_v2.0,DOR.ICT.PVM.EVL.004,,,,,,,,,,,,,,,
ICT Patch and Vulnerability Management Guideline_v2.0,,criticality with regard to any of the protection goals of the asset.,,,,,,,,,,,,,,
ICT Patch and Vulnerability Management Guideline_v2.0,,,,,,,,,,,,,,,,
ICT Patch and Vulnerability Management Guideline_v2.0,,Asset-Types: Business Process,,,,,,,,,,,,,,
ICT Patch and Vulnerability Management Guideline_v2.0,,Key References: ISO 27001:2022 Cor 202203 A.8.8,,,,,,,,,,,,,,
ICT Patch and Vulnerability Management Guideline_v2.0,21.2.2,The output of a quantitative scoring model must be mapped to the,,,,,,,,,,,,,,
ICT Patch and Vulnerability Management Guideline_v2.0,,"Vulnerability Item Priority, and the mapping must be approved by the 2nd",,,,,,,,,,,,,,
ICT Patch and Vulnerability Management Guideline_v2.0,DOR.ICT.PVM.EVL.005,,,,,,,,,,,,,,,
ICT Patch and Vulnerability Management Guideline_v2.0,,LoD of the legal entity.,,,,,,,,,,,,,,
ICT Patch and Vulnerability Management Guideline_v2.0,,,,,,,,,,,,,,,,
ICT Patch and Vulnerability Management Guideline_v2.0,,Asset-Types: Business Process,,,,,,,,,,,,,,
ICT Patch and Vulnerability Management Guideline_v2.0,,Key References: ISO 27001:2022 Cor 202203 A.8.8,,,,,,,,,,,,,,
ICT Patch and Vulnerability Management Guideline_v2.0,21.3,"Zero-day vulnerabilities must be evaluated without undue delay, prioritized",,,,,,,,,,,,,,
ICT Patch and Vulnerability Management Guideline_v2.0,,"based on their exploitability, and timely treated through appropriate risk-",,,,,,,,,,,,,,
ICT Patch and Vulnerability Management Guideline_v2.0,DOR.ICT.PVM.EVL.006,based counter measures.,,,,,,,,,,,,,,
ICT Patch and Vulnerability Management Guideline_v2.0,,,,,,,,,,,,,,,,
ICT Patch and Vulnerability Management Guideline_v2.0,,Asset-Types: Business Process,,,,,,,,,,,,,,
ICT Patch and Vulnerability Management Guideline_v2.0,,Key References: ISO 27001:2022 Cor 202203 A.8.8,,,,,,,,,,,,,,
ICT Patch and Vulnerability Management Guideline_v2.0,ID: 22 (version 2.0),Reporting of vulnerabilities,,,,,,,,,,,,,,
ICT Patch and Vulnerability Management Guideline_v2.0,22,It must be ensured that identified vulnerabilities are reported in a timely,,,,,,,,,,,,,,
ICT Patch and Vulnerability Management Guideline_v2.0,,and appropriate manner to all relevant stakeholders.,,,,,,,,,,,,,,
ICT Patch and Vulnerability Management Guideline_v2.0,DOR.ICT.PVM.REP.001,,,,,,,,,,,,,,,
ICT Patch and Vulnerability Management Guideline_v2.0,22.1,Regular reporting frequency must be defined; vulnerabilities classified as,,,,,,,,,,,,,,
ICT Patch and Vulnerability Management Guideline_v2.0,,“high” or above (comparable with high or above in CVSS) must immediately,,,,,,,,,,,,,,
ICT Patch and Vulnerability Management Guideline_v2.0,DOR.ICT.PVM.REP.002,,,,,,,,,,,,,,,
ICT Patch and Vulnerability Management Guideline_v2.0,,be reported to the respective IT Asset Owners and Information Owner.,,,,,,,,,,,,,,
ICT Patch and Vulnerability Management Guideline_v2.0,,,,,,,,,,,,,,,,
ICT Patch and Vulnerability Management Guideline_v2.0,,Asset-Types: Business Process,,,,,,,,,,,,,,
ICT Patch and Vulnerability Management Guideline_v2.0,,Key References: ISO 27001:2022 Cor 202203 A.8.8,,,,,,,,,,,,,,
ICT Patch and Vulnerability Management Guideline_v2.0,22.2,The vulnerabilities’ risks and risk values must be included in the report.,,,,,,,,,,,,,,
ICT Patch and Vulnerability Management Guideline_v2.0,DOR.ICT.PVM.REP.003,Asset-Types: Business Process,,,,,,,,,,,,,,
ICT Patch and Vulnerability Management Guideline_v2.0,,Key References: ISO 27001:2022 Cor 202203 A.8.8,,,,,,,,,,,,,,
ICT Patch and Vulnerability Management Guideline_v2.0,22.3,"For an efficient reporting scheme, regular reporting and ad-hoc reporting",,,,,,,,,,,,,,
ICT Patch and Vulnerability Management Guideline_v2.0,,must be in place.,,,,,,,,,,,,,,
ICT Patch and Vulnerability Management Guideline_v2.0,,,,,,,,,,,,,,,,
ICT Patch and Vulnerability Management Guideline_v2.0,DOR.ICT.PVM.REP.004,,,,,,,,,,,,,,,
ICT Patch and Vulnerability Management Guideline_v2.0,ID: 23 (version 2.0),Remediation of vulnerabilities,,,,,,,,,,,,,,
ICT Patch and Vulnerability Management Guideline_v2.0,23,It must be ensured that identified vulnerabilities are treated in an,,,,,,,,,,,,,,
ICT Patch and Vulnerability Management Guideline_v2.0,,appropriate and prioritized manner.,,,,,,,,,,,,,,
ICT Patch and Vulnerability Management Guideline_v2.0,DOR.ICT.PVM.REM.001,,,,,,,,,,,,,,,
ICT Patch and Vulnerability Management Guideline_v2.0,23.1,The vulnerabilities must be remediated according to the vulnerability item,,,,,,,,,,,,,,
ICT Patch and Vulnerability Management Guideline_v2.0,,priority. The timelines for remediation (upon detection) and vulnerability item,,,,,,,,,,,,,,
ICT Patch and Vulnerability Management Guideline_v2.0,DOR.ICT.PVM.REM.002,,,,,,,,,,,,,,,
ICT Patch and Vulnerability Management Guideline_v2.0,,priority must be:,,,,,,,,,,,,,,
ICT Patch and Vulnerability Management Guideline_v2.0,,,,,,,,,,,,,,,,
ICT Patch and Vulnerability Management Guideline_v2.0,,- Emergency: All critical vulnerabilities that are reported to and stated,,,,,,,,,,,,,,
ICT Patch and Vulnerability Management Guideline_v2.0,,as “emergency action required” by CERT are defined as emergency,,,,,,,,,,,,,,
ICT Patch and Vulnerability Management Guideline_v2.0,,vulnerabilities. Classification criteria for vulnerability item priority,,,,,,,,,,,,,,
ICT Patch and Vulnerability Management Guideline_v2.0,ID: 24 (version 2.0),Information sharing,,,,,,,,,,,,,,
ICT Patch and Vulnerability Management Guideline_v2.0,24,The legal entity should participate in information sharing arrangements,,,,,,,,,,,,,,
ICT Patch and Vulnerability Management Guideline_v2.0,,with other trustworthy financial entities.,,,,,,,,,,,,,,
ICT Patch and Vulnerability Management Guideline_v2.0,DOR.ICT.PVM.ISA.001,,,,,,,,,,,,,,,
ICT Patch and Vulnerability Management Guideline_v2.0,24.1,"The legal entity should share cyber threat information and intelligence,",,,,,,,,,,,,,,
ICT Patch and Vulnerability Management Guideline_v2.0,,"including indicators of compromise, tactics, techniques and procedures, cyber",,,,,,,,,,,,,,
ICT Patch and Vulnerability Management Guideline_v2.0,DOR.ICT.PVM.ISA.002,,,,,,,,,,,,,,,
ICT Patch and Vulnerability Management Guideline_v2.0,,"security alerts and configuration tools, with other financial entities, provided",,,,,,,,,,,,,,
ICT Patch and Vulnerability Management Guideline_v2.0,,,,,,,,,,,,,,,,
ICT Patch and Vulnerability Management Guideline_v2.0,,that such sharing:,,,,,,,,,,,,,,
ICT Patch and Vulnerability Management Guideline_v2.0,,- Enhances the digital operational resilience of the financial entities by,,,,,,,,,,,,,,
ICT Patch and Vulnerability Management Guideline_v2.0,,"raising awareness of cyber threats, limiting, or impeding the ability of",,,,,,,,,,,,,,
ICT Patch and Vulnerability Management Guideline_v2.0,,"cyber threats to propagate, and supporting defensive capabilities,",,,,,,,,,,,,,,
ICT Patch and Vulnerability Management Guideline_v2.0,,"threat detection techniques, mitigation strategies, or response and",,,,,,,,,,,,,,
ICT Patch and Vulnerability Management Guideline_v2.0,,recovery phases,,,,,,,,,,,,,,
ICT Patch and Vulnerability Management Guideline_v2.0,,- Is conducted within trusted communities of financial entities,,,,,,,,,,,,,,
ICT Patch and Vulnerability Management Guideline_v2.0,,- Is implemented through information sharing arrangements that protect,,,,,,,,,,,,,,
ICT Patch and Vulnerability Management Guideline_v2.0,,the sensitivity of the information exchanged and are governed by codes,,,,,,,,,,,,,,
ICT Patch and Vulnerability Management Guideline_v2.0,,of conduct that fully respect business confidentiality and the protection,,,,,,,,,,,,,,
ICT Patch and Vulnerability Management Guideline_v2.0,,of personal data,,,,,,,,,,,,,,
ICT Patch and Vulnerability Management Guideline_v2.0,,Asset-Types: Business Process,,,,,,,,,,,,,,
ICT Patch and Vulnerability Management Guideline_v2.0,,Key References: DORA 2022/2554 A.45.1.a),,,,,,,,,,,,,,
ICT Patch and Vulnerability Management Guideline_v2.0,24.2,"When participating in information sharing arrangements, the information",,,,,,,,,,,,,,
ICT Patch and Vulnerability Management Guideline_v2.0,DOR.ICT.PVM.ISA.003,"sharing arrangements must specify conditions for participation and, where",,,,,,,,,,,,,,
ICT Patch and Vulnerability Management Guideline_v2.0,,"appropriate, details of the inclusion of public authorities and the capacity in",,,,,,,,,,,,,,
ICT Patch and Vulnerability Management Guideline_v2.0,,which they may be involved. The arrangements must also outline the,,,,,,,,,,,,,,
ICT Patch and Vulnerability Management Guideline_v2.0,,"involvement of ICT third-party service providers and the operational aspects,",,,,,,,,,,,,,,
ICT Patch and Vulnerability Management Guideline_v2.0,,including the use of dedicated IT platforms.,,,,,,,,,,,,,,
ICT Patch and Vulnerability Management Guideline_v2.0,,Asset-Types: Business Process,,,,,,,,,,,,,,
ICT Patch and Vulnerability Management Guideline_v2.0,,Key References: DORA 2022/2554 A.45.2,,,,,,,,,,,,,,
ICT Patch and Vulnerability Management Guideline_v2.0,24.3,"When participating in information sharing arrangements, upon validation or",,,,,,,,,,,,,,
ICT Patch and Vulnerability Management Guideline_v2.0,DOR.ICT.PVM.ISA.004,"cessation of membership, the legal entity must notify the competent authority.",,,,,,,,,,,,,,
ICT Patch and Vulnerability Management Guideline_v2.0,,,,,,,,,,,,,,,,
ICT Patch and Vulnerability Management Guideline_v2.0,,Asset-Types: Business Process,,,,,,,,,,,,,,
ICT Patch and Vulnerability Management Guideline_v2.0,,Key References: DORA 2022/2554 A.45.3,,,,,,,,,,,,,,
ICT Patch and Vulnerability Management Guideline_v2.0,ID: 25 (version 2.0),Patch management,,,,,,,,,,,,,,
ICT Patch and Vulnerability Management Guideline_v2.0,25,It must be ensured that proper patch management is in place to handle,,,,,,,,,,,,,,
ICT Patch and Vulnerability Management Guideline_v2.0,,patches effectively.,,,,,,,,,,,,,,
ICT Patch and Vulnerability Management Guideline_v2.0,DOR.ICT.PVM.EFF.001,,,,,,,,,,,,,,,
ICT Patch and Vulnerability Management Guideline_v2.0,25.1,"Patch management procedures must be developed, documented, and",,,,,,,,,,,,,,
ICT Patch and Vulnerability Management Guideline_v2.0,,implemented.,,,,,,,,,,,,,,
ICT Patch and Vulnerability Management Guideline_v2.0,DOR.ICT.PVM.EFF.002,,,,,,,,,,,,,,,
ICT Patch and Vulnerability Management Guideline_v2.0,,Asset-Types: Business Process,,,,,,,,,,,,,,
ICT Patch and Vulnerability Management Guideline_v2.0,,Key References: DORA RTS RMF A.10.3,,,,,,,,,,,,,,
ICT Patch and Vulnerability Management Guideline_v2.0,25.2,The implementation of patches must follow the formalized change process for,,,,,,,,,,,,,,
ICT Patch and Vulnerability Management Guideline_v2.0,,"the timely identification, prioritization, procurement, installation, and validation.",,,,,,,,,,,,,,
ICT Patch and Vulnerability Management Guideline_v2.0,DOR.ICT.PVM.EFF.003,,,,,,,,,,,,,,,
ICT Patch and Vulnerability Management Guideline_v2.0,,"Asset-Types: Business Process, Commercial-off-the-Shelf Solution, Underlaying",,,,,,,,,,,,,,
ICT Patch and Vulnerability Management Guideline_v2.0,,"Software/Technology, Desktop Application, Tool, Software Appliance, Hardware",,,,,,,,,,,,,,
ICT Patch and Vulnerability Management Guideline_v2.0,,"Appliance, Cloud Appliance, Operating System, Cloud PaaS, Container, End User",,,,,,,,,,,,,,
ICT Patch and Vulnerability Management Guideline_v2.0,ID: 26 (version 2.0),Identification of patches,,,,,,,,,,,,,,
ICT Patch and Vulnerability Management Guideline_v2.0,26,"It must be ensured that as part of the patch management procedures,",,,,,,,,,,,,,,
ICT Patch and Vulnerability Management Guideline_v2.0,,available patches are identified in a timely manner.,,,,,,,,,,,,,,
ICT Patch and Vulnerability Management Guideline_v2.0,DOR.ICT.PVM.IDN.001,,,,,,,,,,,,,,,
ICT Patch and Vulnerability Management Guideline_v2.0,26.1,"Available software and hardware patches and updates, which must be",,,,,,,,,,,,,,
ICT Patch and Vulnerability Management Guideline_v2.0,,"installed proactively, must be identified and evaluated using automated tools",,,,,,,,,,,,,,
ICT Patch and Vulnerability Management Guideline_v2.0,DOR.ICT.PVM.IDN.002,,,,,,,,,,,,,,,
ICT Patch and Vulnerability Management Guideline_v2.0,,"wherever possible,",while end-of-life and unsupported software are treated as,,,,,,,,,,,,,
ICT Patch and Vulnerability Management Guideline_v2.0,,,,,,,,,,,,,,,,
ICT Patch and Vulnerability Management Guideline_v2.0,,elevated risks and reported accordingly.,,,,,,,,,,,,,,
ICT Patch and Vulnerability Management Guideline_v2.0,,"Asset-Types: Business Process, Commercial-off-the-Shelf Solution, Underlaying",,,,,,,,,,,,,,
ICT Patch and Vulnerability Management Guideline_v2.0,,"Software/Technology, Desktop Application, Tool, Software Appliance, Hardware",,,,,,,,,,,,,,
ICT Patch and Vulnerability Management Guideline_v2.0,,"Appliance, Cloud Appliance, Operating System, Cloud PaaS, Container, End User",,,,,,,,,,,,,,
ICT Patch and Vulnerability Management Guideline_v2.0,,"Device, Mobile Device, Processing Peripheral, Other Device, Storage, Server & Host",,,,,,,,,,,,,,
ICT Patch and Vulnerability Management Guideline_v2.0,,Hardware,,,,,,,,,,,,,,
ICT Patch and Vulnerability Management Guideline_v2.0,,Key References: DORA RTS RMF A.10.4.a),,,,,,,,,,,,,,
ICT Patch and Vulnerability Management Guideline_v2.0,26.2,Infrastructure scanners should be able to scan and identify missing patches on,,,,,,,,,,,,,,
ICT Patch and Vulnerability Management Guideline_v2.0,,"all network devices (wired and wireless), servers, end user devices, mobile",,,,,,,,,,,,,,
ICT Patch and Vulnerability Management Guideline_v2.0,DOR.ICT.PVM.IDN.003,,,,,,,,,,,,,,,
ICT Patch and Vulnerability Management Guideline_v2.0,,devices.,,,,,,,,,,,,,,
ICT Patch and Vulnerability Management Guideline_v2.0,,,,,,,,,,,,,,,,
ICT Patch and Vulnerability Management Guideline_v2.0,,"Asset-Types: Business Process, Commercial-off-the-Shelf Solution, Underlaying",,,,,,,,,,,,,,
ICT Patch and Vulnerability Management Guideline_v2.0,,"Software/Technology, Desktop Application, Tool, Software Appliance, Hardware",,,,,,,,,,,,,,
ICT Patch and Vulnerability Management Guideline_v2.0,,"Appliance, Cloud Appliance, Operating System, Cloud PaaS, Container, End User",,,,,,,,,,,,,,
ICT Patch and Vulnerability Management Guideline_v2.0,,"Device, Mobile Device, Processing Peripheral, Other Device, Storage, Server & Host",,,,,,,,,,,,,,
ICT Patch and Vulnerability Management Guideline_v2.0,,Hardware,,,,,,,,,,,,,,
ICT Patch and Vulnerability Management Guideline_v2.0,,Key References: ICT Risk Framework 1.0,,,,,,,,,,,,,,
ICT Patch and Vulnerability Management Guideline_v2.0,ID: 27 (version 2.0),Testing and deployment of patches,,,,,,,,,,,,,,
ICT Patch and Vulnerability Management Guideline_v2.0,27,"It must be ensured that as part of the patch management procedures,",,,,,,,,,,,,,,
ICT Patch and Vulnerability Management Guideline_v2.0,,patches are deployed properly.,,,,,,,,,,,,,,
ICT Patch and Vulnerability Management Guideline_v2.0,DOR.ICT.PVM.PAP.001,,,,,,,,,,,,,,,
ICT Patch and Vulnerability Management Guideline_v2.0,27.1,"To address identified vulnerabilities, within defined timelines, the deployment",,,,,,,,,,,,,,
ICT Patch and Vulnerability Management Guideline_v2.0,,of patches and other mitigation measures must be prioritized following a risk-,,,,,,,,,,,,,,
ICT Patch and Vulnerability Management Guideline_v2.0,DOR.ICT.PVM.PAP.002,,,,,,,,,,,,,,,
ICT Patch and Vulnerability Management Guideline_v2.0,,based approach based on the criticality of the vulnerability.,,,,,,,,,,,,,,
ICT Patch and Vulnerability Management Guideline_v2.0,,,,,,,,,,,,,,,,
ICT Patch and Vulnerability Management Guideline_v2.0,,"Asset-Types: Business Process, Commercial-off-the-Shelf Solution, Underlaying",,,,,,,,,,,,,,
ICT Patch and Vulnerability Management Guideline_v2.0,,"Software/Technology, Desktop Application, Tool, Software Appliance, Hardware",,,,,,,,,,,,,,
ICT Patch and Vulnerability Management Guideline_v2.0,,"Appliance, Cloud Appliance, Operating System, Cloud PaaS, Container, End User",,,,,,,,,,,,,,
ICT Patch and Vulnerability Management Guideline_v2.0,,"Device, Mobile Device, Processing Peripheral, Other Device, Storage, Server & Host",,,,,,,,,,,,,,
ICT Patch and Vulnerability Management Guideline_v2.0,,Hardware,,,,,,,,,,,,,,
ICT Patch and Vulnerability Management Guideline_v2.0,,Key References: DORA RTS RMF A.10.2.f),,,,,,,,,,,,,,
ICT Patch and Vulnerability Management Guideline_v2.0,27.2,"Prior to their deployment, patches and updates for software and hardware",,,,,,,,,,,,,,
ICT Patch and Vulnerability Management Guideline_v2.0,,must be tested in accordance with the requirements laid out in the Software,,,,,,,,,,,,,,
ICT Patch and Vulnerability Management Guideline_v2.0,DOR.ICT.PVM.PAP.003,,,,,,,,,,,,,,,
ICT Patch and Vulnerability Management Guideline_v2.0,,Development and ICT Change Management Guideline.,,,,,,,,,,,,,,
ICT Patch and Vulnerability Management Guideline_v2.0,,,,,,,,,,,,,,,,
ICT Patch and Vulnerability Management Guideline_v2.0,,"Asset-Types: Business Process, Commercial-off-the-Shelf Solution, Underlaying",,,,,,,,,,,,,,
ICT Patch and Vulnerability Management Guideline_v2.0,,"Software/Technology, Desktop Application, Tool, Software Appliance, Hardware",,,,,,,,,,,,,,
ICT Patch and Vulnerability Management Guideline_v2.0,,"Appliance, Cloud Appliance, Operating System, Cloud PaaS, Container, End User",,,,,,,,,,,,,,
ICT Patch and Vulnerability Management Guideline_v2.0,,"Device, Mobile Device, Processing Peripheral, Other Device, Storage, Server & Host",,,,,,,,,,,,,,
ICT Patch and Vulnerability Management Guideline_v2.0,,Hardware,,,,,,,,,,,,,,
ICT Patch and Vulnerability Management Guideline_v2.0,,Key References: DORA RTS RMF A.10.3c),,,,,,,,,,,,,,
ICT Patch and Vulnerability Management Guideline_v2.0,27.3,Adequate measures must be in place for system integrity testing after patch,,,,,,,,,,,,,,
ICT Patch and Vulnerability Management Guideline_v2.0,,"deployment, including rollback plans in the event that system integrity testing",,,,,,,,,,,,,,
ICT Patch and Vulnerability Management Guideline_v2.0,DOR.ICT.PVM.PAP.004,,,,,,,,,,,,,,,
ICT Patch and Vulnerability Management Guideline_v2.0,,fails.,,,,,,,,,,,,,,
ICT Patch and Vulnerability Management Guideline_v2.0,,,,,,,,,,,,,,,,
ICT Patch and Vulnerability Management Guideline_v2.0,,"Asset-Types: Business Process, Commercial-off-the-Shelf Solution, Underlaying",,,,,,,,,,,,,,
ICT Patch and Vulnerability Management Guideline_v2.0,,"Software/Technology, Desktop Application, Tool, Software Appliance, Hardware",,,,,,,,,,,,,,
ICT Patch and Vulnerability Management Guideline_v2.0,,"Appliance, Cloud Appliance, Operating System, Cloud PaaS, Container, End User",,,,,,,,,,,,,,
ICT Patch and Vulnerability Management Guideline_v2.0,,"Device, Mobile Device, Processing Peripheral, Other Device, Storage, Server & Host",,,,,,,,,,,,,,
ICT Patch and Vulnerability Management Guideline_v2.0,,Hardware,,,,,,,,,,,,,,
ICT Patch and Vulnerability Management Guideline_v2.0,,Key References: ICT Risk Framework 1.0,,,,,,,,,,,,,,
ICT Patch and Vulnerability Management Guideline_v2.0,27.4,"The Asset Owners must, if possible, use tools that support centralized patch",,,,,,,,,,,,,,
ICT Patch and Vulnerability Management Guideline_v2.0,,management capabilities and automated deployment of applicable patches.,,,,,,,,,,,,,,
ICT Patch and Vulnerability Management Guideline_v2.0,DOR.ICT.PVM.PAP.005,,,,,,,,,,,,,,,
ICT Patch and Vulnerability Management Guideline_v2.0,,"Asset-Types: Business Process, Commercial-off-the-Shelf Solution, Underlaying",,,,,,,,,,,,,,
ICT Patch and Vulnerability Management Guideline_v2.0,,"Software/Technology, Desktop Application, Tool, Software Appliance, Hardware",,,,,,,,,,,,,,
ICT Patch and Vulnerability Management Guideline_v2.0,,"Appliance, Cloud Appliance, Operating System, Cloud PaaS, Container, End User",,,,,,,,,,,,,,
ICT Patch and Vulnerability Management Guideline_v2.0,,"Device, Mobile Device, Processing Peripheral, Other Device, Storage, Server & Host",,,,,,,,,,,,,,
ICT Patch and Vulnerability Management Guideline_v2.0,,Hardware,,,,,,,,,,,,,,
ICT Patch and Vulnerability Management Guideline_v2.0,,Key References: ICT Risk Framework 1.0,,,,,,,,,,,,,,
ICT Patch and Vulnerability Management Guideline_v2.0,27.5,"During the patch processing within Change Management, the",,,,,,,,,,,,,,
ICT Patch and Vulnerability Management Guideline_v2.0,,downloaded/delivered patch must be scanned for malware and the patch,,,,,,,,,,,,,,
ICT Patch and Vulnerability Management Guideline_v2.0,DOR.ICT.PVM.PAP.006,source is authenticated. The integrity of the patch must be confirmed before,,,,,,,,,,,,,,
ICT Patch and Vulnerability Management Guideline_v2.0,,"deployment (e.g. by verifying digital signature of the patch, hash signature",,,,,,,,,,,,,,
ICT Patch and Vulnerability Management Guideline_v2.0,,comparison against the vendor publicly reported patch file hash and integrity-,,,,,,,,,,,,,,
ICT Patch and Vulnerability Management Guideline_v2.0,,check).,,,,,,,,,,,,,,
ICT Patch and Vulnerability Management Guideline_v2.0,,"Asset-Types: Business Process, Commercial-off-the-Shelf Solution, Underlaying",,,,,,,,,,,,,,
ICT Patch and Vulnerability Management Guideline_v2.0,,"Software/Technology, Desktop Application, Tool, Software Appliance, Hardware",,,,,,,,,,,,,,
ICT Patch and Vulnerability Management Guideline_v2.0,,"Appliance, Cloud Appliance, Operating System, Cloud PaaS, Container, End User",,,,,,,,,,,,,,
ICT Patch and Vulnerability Management Guideline_v2.0,,"Device, Mobile Device, Processing Peripheral, Other Device, Storage, Server & Host",,,,,,,,,,,,,,
ICT Patch and Vulnerability Management Guideline_v2.0,,Hardware,,,,,,,,,,,,,,
ICT Patch and Vulnerability Management Guideline_v2.0,,Key References: ICT Risk Framework 1.0,,,,,,,,,,,,,,
ICT Patch and Vulnerability Management Guideline_v2.0,,,,,,,,,,,,,,,,
ICT Patch and Vulnerability Management Guideline_v2.0,ID: 28 (version 2.0),Exceptions for the deployment of patches,,,,,,,,,,,,,,
ICT Patch and Vulnerability Management Guideline_v2.0,28,It must be ensured that exceptions for the deployment of patches are,,,,,,,,,,,,,,
ICT Patch and Vulnerability Management Guideline_v2.0,,"handled carefully, using a risk-based approach that considers the",,,,,,,,,,,,,,
ICT Patch and Vulnerability Management Guideline_v2.0,DOR.ICT.PVM.PAR.001,,,,,,,,,,,,,,,
ICT Patch and Vulnerability Management Guideline_v2.0,,exposure and criticality of the vulnerability.,,,,,,,,,,,,,,
ICT Patch and Vulnerability Management Guideline_v2.0,,,,,,,,,,,,,,,,
ICT Patch and Vulnerability Management Guideline_v2.0,28.1,"Where a patch implementation exception is required, a valid workaround to",,,,,,,,,,,,,,
ICT Patch and Vulnerability Management Guideline_v2.0,,"mitigate the associated vulnerabilities must be applied, if technically feasible.",,,,,,,,,,,,,,
ICT Patch and Vulnerability Management Guideline_v2.0,DOR.ICT.PVM.PAR.002,,,,,,,,,,,,,,,
ICT Patch and Vulnerability Management Guideline_v2.0,,In cases where no such workaround or other mitigation measures can be,,,,,,,,,,,,,,
ICT Patch and Vulnerability Management Guideline_v2.0,,,,,,,,,,,,,,,,
ICT Patch and Vulnerability Management Guideline_v2.0,,"applied, and no patch is expected to be released, a risk assessment should",,,,,,,,,,,,,,
ICT Patch and Vulnerability Management Guideline_v2.0,,"be conducted, and the replacement and disposal of the affected asset should",,,,,,,,,,,,,,
ICT Patch and Vulnerability Management Guideline_v2.0,,be considered.,,,,,,,,,,,,,,
ICT Patch and Vulnerability Management Guideline_v2.0,,"Asset-Types: Business Process, Commercial-off-the-Shelf Solution, Underlaying",,,,,,,,,,,,,,
ICT Patch and Vulnerability Management Guideline_v2.0,,"Software/Technology, Desktop Application, Tool, Software Appliance, Hardware",,,,,,,,,,,,,,
ICT Patch and Vulnerability Management Guideline_v2.0,,"Appliance, Cloud Appliance, Operating System, Cloud PaaS, Container, End User",,,,,,,,,,,,,,
ICT Patch and Vulnerability Management Guideline_v2.0,,"Device, Mobile Device, Processing Peripheral, Other Device, Storage, Server & Host",,,,,,,,,,,,,,
ICT Patch and Vulnerability Management Guideline_v2.0,,Hardware,,,,,,,,,,,,,,
ICT Patch and Vulnerability Management Guideline_v2.0,,Key References: ICT Risk Framework 1.0,,,,,,,,,,,,,,
ICT Patch and Vulnerability Management Guideline_v2.0,28.2,Any exception must be documented and maintained for audit purposes.,,,,,,,,,,,,,,
ICT Patch and Vulnerability Management Guideline_v2.0,DOR.ICT.PVM.PAR.003,"Asset-Types: Business Process, Commercial-off-the-Shelf Solution, Underlaying",,,,,,,,,,,,,,
ICT Patch and Vulnerability Management Guideline_v2.0,,"Software/Technology, Desktop Application, Tool, Software Appliance, Hardware",,,,,,,,,,,,,,
ICT Patch and Vulnerability Management Guideline_v2.0,,"Appliance, Cloud Appliance, Operating System, Cloud PaaS, Container, End User",,,,,,,,,,,,,,
ICT Patch and Vulnerability Management Guideline_v2.0,,"Device, Mobile Device, Processing Peripheral, Other Device, Storage, Server & Host",,,,,,,,,,,,,,
ICT Patch and Vulnerability Management Guideline_v2.0,,Hardware,,,,,,,,,,,,,,
ICT Patch and Vulnerability Management Guideline_v2.0,,Key References: ICT Risk Framework 1.0,,,,,,,,,,,,,,
ICT Patch and Vulnerability Management Guideline_v2.0,28.3,Any failure to implement a patch must be formally justified and approved by,,,,,,,,,,,,,,
ICT Patch and Vulnerability Management Guideline_v2.0,,the responsible Asset Owner and the applicable Risk Owner6.,,,,,,,,,,,,,,
ICT Patch and Vulnerability Management Guideline_v2.0,DOR.ICT.PVM.PAR.004,,,,,,,,,,,,,,,
ICT Patch and Vulnerability Management Guideline_v2.0,,"Asset-Types: Business Process, Commercial-off-the-Shelf Solution, Underlaying",,,,,,,,,,,,,,
ICT Patch and Vulnerability Management Guideline_v2.0,,"Software/Technology, Desktop Application, Tool, Software Appliance, Hardware",,,,,,,,,,,,,,
ICT Patch and Vulnerability Management Guideline_v2.0,,"Appliance, Cloud Appliance, Operating System, Cloud PaaS, Container, End User",,,,,,,,,,,,,,
ICT Patch and Vulnerability Management Guideline_v2.0,,"Device, Mobile Device, Processing Peripheral, Other Device, Storage, Server & Host",,,,,,,,,,,,,,
ICT Patch and Vulnerability Management Guideline_v2.0,,Hardware,,,,,,,,,,,,,,
ICT Patch and Vulnerability Management Guideline_v2.0,,Key References: ICT Risk Framework 1.0,,,,,,,,,,,,,,
ICT Patch and Vulnerability Management Guideline_v2.0,ID: 29 (version 2.0),Remediation monitoring,,,,,,,,,,,,,,
ICT Patch and Vulnerability Management Guideline_v2.0,29,It must be ensured that the remediation of identified vulnerabilities is,,,,,,,,,,,,,,
ICT Patch and Vulnerability Management Guideline_v2.0,,monitored.,,,,,,,,,,,,,,
ICT Patch and Vulnerability Management Guideline_v2.0,DOR.ICT.PVM.REM.001,,,,,,,,,,,,,,,
ICT Patch and Vulnerability Management Guideline_v2.0,29.1,Every detected vulnerability affecting ICT Systems must be recorded and the,,,,,,,,,,,,,,
ICT Patch and Vulnerability Management Guideline_v2.0,,remediation of vulnerabilities must be monitored and verified.,,,,,,,,,,,,,,
ICT Patch and Vulnerability Management Guideline_v2.0,DOR.ICT.PVM.REM.002,,,,,,,,,,,,,,,
ICT Patch and Vulnerability Management Guideline_v2.0,,Asset-Types: Business Process,,,,,,,,,,,,,,
ICT Patch and Vulnerability Management Guideline_v2.0,,"Key References: DORA RTS RMF A.10.2.g), A:10.2.h)",,,,,,,,,,,,,,
ICT Patch and Vulnerability Management Guideline_v2.0,ID: 30 (version 2.0),Emergency management,,,,,,,,,,,,,,
ICT Patch and Vulnerability Management Guideline_v2.0,30,It must be ensured that any vulnerability identified as an emergency is,,,,,,,,,,,,,,
ICT Patch and Vulnerability Management Guideline_v2.0,,given special attention and that emergency procedures are in place to,,,,,,,,,,,,,,
ICT Patch and Vulnerability Management Guideline_v2.0,DOR.ICT.PVM.EMR.001,,,,,,,,,,,,,,,
ICT Patch and Vulnerability Management Guideline_v2.0,,address it.,,,,,,,,,,,,,,
ICT Patch and Vulnerability Management Guideline_v2.0,,,,,,,,,,,,,,,,
ICT Patch and Vulnerability Management Guideline_v2.0,30.1,Vulnerabilities classified as “emergency” must follow defined vulnerability,,,,,,,,,,,,,,
ICT Patch and Vulnerability Management Guideline_v2.0,DOR.ICT.PVM.EMR.002,"emergency management procedures, covering identified processes for the",,,,,,,,,,,,,,
ICT Patch and Vulnerability Management Guideline_v2.0,,patching and updating of IT Assets.,,,,,,,,,,,,,,
ICT Patch and Vulnerability Management Guideline_v2.0,,"Asset-Types: Information, Business Process, Commercial-off-the-Shelf Solution,",,,,,,,,,,,,,,
ICT Patch and Vulnerability Management Guideline_v2.0,,"Underlaying Software/Technology, Desktop Application, Tool, Software Appliance,",,,,,,,,,,,,,,
ICT Patch and Vulnerability Management Guideline_v2.0,,"Hardware Appliance, Cloud Appliance, Operating System, Cloud PaaS, Container,",,,,,,,,,,,,,,
ICT Patch and Vulnerability Management Guideline_v2.0,,"End User Device, Mobile Device, Processing Peripheral, Other Device, Storage,",,,,,,,,,,,,,,
ICT Patch and Vulnerability Management Guideline_v2.0,,Server & Host Hardware,,,,,,,,,,,,,,
ICT Patch and Vulnerability Management Guideline_v2.0,,Key References: DORA RTS RMF A.10.4.b),,,,,,,,,,,,,,
ICT Patch and Vulnerability Management Guideline_v2.0,30.2,The definition for emergency classification of vulnerabilities must at a,,,,,,,,,,,,,,
ICT Patch and Vulnerability Management Guideline_v2.0,DOR.ICT.PVM.EMR.003,minimum consider these criteria:,,,,,,,,,,,,,,
ICT Patch and Vulnerability Management Guideline_v2.0,,- Whether a vulnerability that has been classified as “emergency” in,,,,,,,,,,,,,,
ICT Patch and Vulnerability Management Guideline_v2.0,,the past is found again,,,,,,,,,,,,,,
ICT Patch and Vulnerability Management Guideline_v2.0,,- The exploitability of the vulnerability,,,,,,,,,,,,,,
ICT Patch and Vulnerability Management Guideline_v2.0,,- The technical impact of the vulnerability on relevant services and IT,,,,,,,,,,,,,,
ICT Patch and Vulnerability Management Guideline_v2.0,,"Assets, including supporting components",,,,,,,,,,,,,,
ICT Patch and Vulnerability Management Guideline_v2.0,,- The exposure and criticality with regard to any of the protection goals,,,,,,,,,,,,,,
ICT Patch and Vulnerability Management Guideline_v2.0,,"of the affected or potentially affected IT Assets, including supporting",,,,,,,,,,,,,,
ICT Patch and Vulnerability Management Guideline_v2.0,,"components, and in particular affected critical or important functions",,,,,,,,,,,,,,
ICT Patch and Vulnerability Management Guideline_v2.0,,(CIFs),,,,,,,,,,,,,,
ICT Patch and Vulnerability Management Guideline_v2.0,,Asset-Types: Business Process,,,,,,,,,,,,,,
ICT Patch and Vulnerability Management Guideline_v2.0,,Key References: ISO 27001:2022 Cor 202203 A.8.8,,,,,,,,,,,,,,
ICT Patch and Vulnerability Management Guideline_v2.0,ID: 31 (version 2.0),Escalation management,,,,,,,,,,,,,,
ICT Patch and Vulnerability Management Guideline_v2.0,31,It must be ensured that escalation procedures are in place and applied,,,,,,,,,,,,,,
ICT Patch and Vulnerability Management Guideline_v2.0,,when vulnerabilities are not adequately addressed.,,,,,,,,,,,,,,
ICT Patch and Vulnerability Management Guideline_v2.0,DOR.ICT.PVM.ESC.001,,,,,,,,,,,,,,,
ICT Patch and Vulnerability Management Guideline_v2.0,31.1,Escalation processes must be established as part of the defined vulnerability,,,,,,,,,,,,,,
ICT Patch and Vulnerability Management Guideline_v2.0,DOR.ICT.PVM.ESC.002,emergency management procedures which are applied in the following,,,,,,,,,,,,,,
ICT Patch and Vulnerability Management Guideline_v2.0,,cases:,,,,,,,,,,,,,,
ICT Patch and Vulnerability Management Guideline_v2.0,,"- The vulnerability is not remediated within the given timeline, including",,,,,,,,,,,,,,
ICT Patch and Vulnerability Management Guideline_v2.0,,failure to deploy patches and updates for software and hardware,,,,,,,,,,,,,,
ICT Patch and Vulnerability Management Guideline_v2.0,,within the designated timeline,,,,,,,,,,,,,,
ICT Patch and Vulnerability Management Guideline_v2.0,,- For exceptional cases where regular remediation according to the,,,,,,,,,,,,,,
ICT Patch and Vulnerability Management Guideline_v2.0,,defined requirements is considered not possible,,,,,,,,,,,,,,
ICT Patch and Vulnerability Management Guideline_v2.0,,,,,,,,,,,,,,,,
ICT Patch and Vulnerability Management Guideline_v2.0,,Asset-Types: Business Process,,,,,,,,,,,,,,
ICT Patch and Vulnerability Management Guideline_v2.0,,Key References: ISO 27001:2022 Cor 202203 A.8.8,,,,,,,,,,,,,,
ICT Patch and Vulnerability Management Guideline_v2.0,31.2,Overdue vulnerabilities must be followed up on a weekly basis.,,,,,,,,,,,,,,
ICT Patch and Vulnerability Management Guideline_v2.0,DOR.ICT.PVM.ESC.003,Asset-Types: Business Process,,,,,,,,,,,,,,
ICT Patch and Vulnerability Management Guideline_v2.0,,Key References: ISO 27001:2022 Cor 202203 A.8.8,,,,,,,,,,,,,,
ICT Patch and Vulnerability Management Guideline_v2.0,,,,,,,,,,,,,,,,
ICT Patch and Vulnerability Management Guideline_v2.0,ID: 32 (version 2.0),Audit log,,,,,,,,,,,,,,
ICT Patch and Vulnerability Management Guideline_v2.0,ID: 33 (version 2.0),Alignment with incident management activities,,,,,,,,,,,,,,
ICT Patch and Vulnerability Management Guideline_v2.0,33,The vulnerability management process must be aligned with the incident,,,,,,,,,,,,,,
ICT Patch and Vulnerability Management Guideline_v2.0,,management process to enable information and data communication for,,,,,,,,,,,,,,
ICT Patch and Vulnerability Management Guideline_v2.0,DOR.ICT.PVM.INC.001,,,,,,,,,,,,,,,
ICT Patch and Vulnerability Management Guideline_v2.0,,relevant vulnerabilities to the incident response function in case an,,,,,,,,,,,,,,
ICT Patch and Vulnerability Management Guideline_v2.0,,,,,,,,,,,,,,,,
ICT Patch and Vulnerability Management Guideline_v2.0,,incident occurs.,,,,,,,,,,,,,,
ICT Patch and Vulnerability Management Guideline_v2.0,,Asset-Types: Business Process,,,,,,,,,,,,,,
ICT Patch and Vulnerability Management Guideline_v2.0,,Key References: ISO 27001:2022 Cor 202203 A.8.8,,,,,,,,,,,,,,
ICT Risk AI Guideline,<Specify ID:,,,,,,,,,,,,,,,
ICT Risk AI Guideline,,,<Name of control requirement (e.g. Access to production data)>,,,,,,,,,,,,,
ICT Risk AI Guideline,xx (version,,,,,,,,,,,,,,,
ICT Risk AI Guideline,x)>,,,,,,,,,,,,,,,
ICT Risk AI Guideline,,,,,,,,,,,,,,,,
ICT Risk AI Guideline,1,,<Description of the control requirement>,,,,,,,,,,,,,
ICT Risk AI Guideline,1.1,,<Lists the criteria applying to the control requirement>,,,,,,,,,,,,,
ICT Risk AI Guideline,,,,,,,,,,,,,,,,
ICT Risk AI Guideline,1.1.1,,<Lists the sub-criteria applying to the control requirement>,,,,,,,,,,,,,
ICT Risk AI Guideline,Protection,,Key references,,,,,,,,,,,,,
ICT Risk AI Guideline,,Protection,,,,,,,,,,,,,,
ICT Risk AI Guideline,,goals,,,,,,,,,,,,,,
ICT Risk AI Guideline,,,,,,,,,,,,,,,,
ICT Risk AI Guideline,,,,,,,,,,,,,,,,
ICT Risk AI Guideline,,,<Lists key regulatory references and industry best practice requirements affecting this control,,,,,,,,,,,,,
ICT Risk AI Guideline,,<Specifies the,"requirement (e.g., ISO/IEC 27001:2022 A.5.10, A.8.1)>",,,,,,,,,,,,,
ICT Risk AI Guideline,,protection goal of,,,,,,,,,,,,,,
ICT Risk AI Guideline,,,,,,,,,,,,,,,,
ICT Risk AI Guideline,,the control,,,,,,,,,,,,,,
ICT Risk AI Guideline,,"requirement e.g.,",,,,,,,,,,,,,,
ICT Risk AI Guideline,,CIAA,,,,,,,,,,,,,,
ICT Risk AI Guideline,,"(Confidentiality,",,,,,,,,,,,,,,
ICT Risk AI Guideline,,"Integrity,",,,,,,,,,,,,,,
ICT Risk AI Guideline,,"Availability,",,,,,,,,,,,,,,
ICT Risk AI Guideline,Authenticity)>,Authenticity)>,,,,,,,,,,,,,,
ICT Risk AI Guideline,Start date of,,Relevant for role of DBG/LE as,,,,,,,,,,,,,
ICT Risk AI Guideline,,Start date of,,,Relevant for role of DBG/LE as,,,,,,,,,,,
ICT Risk AI Guideline,,applicability:,,,,,,,,,,,,,,
ICT Risk AI Guideline,,,,,,,,,,,,,,,,
ICT Risk AI Guideline,,<Specifies the,,,,,,,,,,,,,,
ICT Risk AI Guideline,,date of the validity,,,"<Defines the relevance of Control Requirements for LE in its role as Provider, Deployer for each Asset as",,,,,,,,,,,
ICT Risk AI Guideline,,based on EU AI,"defined in ICT Glossary and based on EU AI Act (e.g.,)>",,"defined in ICT Glossary and based on EU AI Act (e.g.,)>",,,,,,,,,,,
ICT Risk AI Guideline,,Act>,,,,,,,,,,,,,,
ICT Risk AI Guideline,,,,,,,,,,,,,,,,
ICT Risk AI Guideline,,,,,,,,,,,,,,,,
ICT Risk AI Guideline,,,,,,,,,,,,,,,,
ICT Risk AI Guideline,,,,,,,,,,,,,,,,
ICT Risk AI Guideline,"The terms in this document are defined in the overall ICT Risk Glossary, which is provided",,,,,,,,,,,,,,,
ICT Risk AI Guideline,on the Intranet website.,,,,,,,,,,,,,,,
ICT Risk AI Guideline,ID: 1,,,,,,,,,,,,,,,
ICT Risk AI Guideline,,AI Resource and Asset Management,,,,,,,,,,,,,,
ICT Risk AI Guideline,(version 1.0),,,,,,,,,,,,,,,
ICT Risk AI Guideline,,,,,,,,,,,,,,,,
ICT Risk AI Guideline,1,"Asset inventories of all AI Systems, General-purpose AI (GPAI) systems, AI",,,,,,,,,,,,,,
ICT Risk AI Guideline,,Models and AI Agents in development or in use must be maintained. Aside from,,,,,,,,,,,,,,
ICT Risk AI Guideline,,,,,,,,,,,,,,,,
ICT Risk AI Guideline,,control requirements from ICT Asset Management additional attributes must be,,,,,,,,,,,,,,
ICT Risk AI Guideline,,maintained as defined in criteria below.,,,,,,,,,,,,,,
ICT Risk AI Guideline,1.1,"In addition to control requirements from ICT Asset Management, the dedicated or",,,,,,,,,,,,,,
ICT Risk AI Guideline,,"centralized asset inventory must further include, at a minimum, the following",,,,,,,,,,,,,,
ICT Risk AI Guideline,,information for each AI Model:,,,,,,,,,,,,,,
ICT Risk AI Guideline,,"− Model Provenance - The origin of the model i.e. In-house Developed, Third-",,,,,,,,,,,,,,
ICT Risk AI Guideline,,"party Custom-developed, Open-source (Pre-trained), Commercial (Licensed)",,,,,,,,,,,,,,
ICT Risk AI Guideline,,"− Training Data Lineage - A reference or link to the dataset(s) used for training,",,,,,,,,,,,,,,
ICT Risk AI Guideline,,"fine-tuning, and testing the model.",,,,,,,,,,,,,,
ICT Risk AI Guideline,,"− Data Sensitivity Profile - Classification of the training data, specifying if it",,,,,,,,,,,,,,
ICT Risk AI Guideline,,"contained PII, market-sensitive, confidential and strictly confidential, or other",,,,,,,,,,,,,,
ICT Risk AI Guideline,,"regulated information, even if the data was anonymized.",,,,,,,,,,,,,,
ICT Risk AI Guideline,,− AI platform – Information on the underlying Technology environment (platform),,,,,,,,,,,,,,
ICT Risk AI Guideline,,used for AI lifecycle,,,,,,,,,,,,,,
ICT Risk AI Guideline,,− Model Architecture & Framework - The specific algorithm type and the software,,,,,,,,,,,,,,
ICT Risk AI Guideline,,framework/version used to build it,,,,,,,,,,,,,,
ICT Risk AI Guideline,,− Performance Metrics & Bias Assessment - A link to documentation containing,,,,,,,,,,,,,,
ICT Risk AI Guideline,,key performance metrics and the results of bias and fairness testing against,,,,,,,,,,,,,,
ICT Risk AI Guideline,,relevant protected attributes.,,,,,,,,,,,,,,
ICT Risk AI Guideline,,"− Explainability (XAI) Method - The method used to explain the model's decisions,",,,,,,,,,,,,,,
ICT Risk AI Guideline,,if applicable.,,,,,,,,,,,,,,
ICT Risk AI Guideline,1.2,"In addition to control requirements from ICT Asset Management, the dedicated or",,,,,,,,,,,,,,
ICT Risk AI Guideline,,"centralized asset inventory must further include, at a minimum, the following",,,,,,,,,,,,,,
ICT Risk AI Guideline,,information for each AI System incl. General-purpose AI (GPAI) system:,,,,,,,,,,,,,,
ICT Risk AI Guideline,,,,,,,,,,,,,,,,
ICT Risk AI Guideline,,"− AI Classification - The AI system's classification level, aligned with EU AI Act",,,,,,,,,,,,,,
ICT Risk AI Guideline,,tiers and ID 5 of this Guideline: (Prohibited AI practices; High-risk AI systems;,,,,,,,,,,,,,,
ICT Risk AI Guideline,,Systems with specific transparency obligations; Other AI systems).,,,,,,,,,,,,,,
ICT Risk AI Guideline,,− AI Use-Case – reference or link to AI Use case which is basis for the AI System,,,,,,,,,,,,,,
ICT Risk AI Guideline,,− AI platform – Information on the underlying Technology environment (platform),,,,,,,,,,,,,,
ICT Risk AI Guideline,,used for AI lifecycle,,,,,,,,,,,,,,
ICT Risk AI Guideline,,"− Intended Purpose & Prohibited Uses – A clear, unambiguous description of the",,,,,,,,,,,,,,
ICT Risk AI Guideline,,"specific business task the system is approved for, and a list of explicitly",,,,,,,,,,,,,,
ICT Risk AI Guideline,,forbidden uses.,,,,,,,,,,,,,,
ICT Risk AI Guideline,ID: 2,,,,,,,,,,,,,,,
ICT Risk AI Guideline,,AI Awareness and Literacy Program,,,,,,,,,,,,,,
ICT Risk AI Guideline,(version 1.0),,,,,,,,,,,,,,,
ICT Risk AI Guideline,,,,,,,,,,,,,,,,
ICT Risk AI Guideline,2,"A comprehensive and role-specific AI literacy program must be established,",,,,,,,,,,,,,,
ICT Risk AI Guideline,,"maintained, and continuously improved to ensure that all personnel involved in",,,,,,,,,,,,,,
ICT Risk AI Guideline,,,,,,,,,,,,,,,,
ICT Risk AI Guideline,,"the AI system lifecycle possess the necessary competence, awareness, and",,,,,,,,,,,,,,
ICT Risk AI Guideline,,"understanding of AI-related risks, ethics, and operational responsibilities.",,,,,,,,,,,,,,
ICT Risk AI Guideline,ID: 3,,,,,,,,,,,,,,,
ICT Risk AI Guideline,,Transparency and Information on AI Systems,,,,,,,,,,,,,,
ICT Risk AI Guideline,(version 1.0),,,,,,,,,,,,,,,
ICT Risk AI Guideline,,,,,,,,,,,,,,,,
ICT Risk AI Guideline,3,"AI systems must provide clear, accessible, and comprehensive information to",,,,,,,,,,,,,,
ICT Risk AI Guideline,,"enable deployers and users to understand, operate, and oversee the system",,,,,,,,,,,,,,
ICT Risk AI Guideline,,,,,,,,,,,,,,,,
ICT Risk AI Guideline,,"responsibly, ensuring transparency, interpretability, and compliance with the EU",,,,,,,,,,,,,,
ICT Risk AI Guideline,,AI Act and DBG frameworks.,,,,,,,,,,,,,,
ICT Risk AI Guideline,,Responsible and acceptable use of AI systems,,,,,,,,,,,,,,
ICT Risk AI Guideline,3.1 •,Objectives for the responsible use of AI systems must be identified and,,,,,,,,,,,,,,
ICT Risk AI Guideline,,documented.,,,,,,,,,,,,,,
ICT Risk AI Guideline,,,,,,,,,,,,,,,,
ICT Risk AI Guideline,3.2 •,"If acting as Provider, it must be ensured that documentation of High-risk AI systems",,,,,,,,,,,,,,
ICT Risk AI Guideline,,is transparent on design and development activities and enable Deployers to,,,,,,,,,,,,,,
ICT Risk AI Guideline,,interpret its output and appropriate use.,,,,,,,,,,,,,,
ICT Risk AI Guideline,,,,,,,,,,,,,,,,
ICT Risk AI Guideline,ID: 4,,,,,,,,,,,,,,,
ICT Risk AI Guideline,,,Right to Explanation,,,,,,,,,,,,,
ICT Risk AI Guideline,(version 1.0),,,,,,,,,,,,,,,
ICT Risk AI Guideline,,,,,,,,,,,,,,,,
ICT Risk AI Guideline,4,,"It must be ensured that affected individuals, subject to a decision which is taken",,,,,,,,,,,,,
ICT Risk AI Guideline,,,"by the deployer based on the output from a high-risk AI system, receive clear and",,,,,,,,,,,,,
ICT Risk AI Guideline,,,,,,,,,,,,,,,,
ICT Risk AI Guideline,,,meaningful explanations regarding the role of high-risk AI systems in decisions,,,,,,,,,,,,,
ICT Risk AI Guideline,,,that significantly impact them.,,,,,,,,,,,,,
ICT Risk AI Guideline,,,Explainability and Interpretability,,,,,,,,,,,,,
ICT Risk AI Guideline,4.1 •,,"The need and required degree of explanation for the AI system must be established,",,,,,,,,,,,,,
ICT Risk AI Guideline,,,"documented, and communicated based on use-case criticality, audience, and",,,,,,,,,,,,,
ICT Risk AI Guideline,,,,,,,,,,,,,,,,
ICT Risk AI Guideline,,,regulatory context.,,,,,,,,,,,,,
ICT Risk AI Guideline,4.2 •,,The need and required degree for explanation of the AI system must be assessed,,,,,,,,,,,,,
ICT Risk AI Guideline,,,and documented.,,,,,,,,,,,,,
ICT Risk AI Guideline,4.3 •,,A tailored explanation of why a particular output has been produced by the AI,,,,,,,,,,,,,
ICT Risk AI Guideline,,,system must be provided to the users of high-risk AI system with an explanation,,,,,,,,,,,,,
ICT Risk AI Guideline,,,method (Explainable AI).,,,,,,,,,,,,,
ICT Risk AI Guideline,,,,,,,,,,,,,,,,
ICT Risk AI Guideline,4.4,,Persons subject to a decision which is taken by the deployer on the basis of the,,,,,,,,,,,,,
ICT Risk AI Guideline,,,output from a high-risk AI System must be provided with explanations regarding the,,,,,,,,,,,,,
ICT Risk AI Guideline,,,role of a high-risk AI system in decisions that produce legal effects or significantly,,,,,,,,,,,,,
ICT Risk AI Guideline,,,,,,,,,,,,,,,,
ICT Risk AI Guideline,,,affect them.,,,,,,,,,,,,,
ICT Risk AI Guideline,Protection,,Key references,,,,,,,,,,,,,
ICT Risk AI Guideline,,Protection,,Key references,,,,,,,,,,,,
ICT Risk AI Guideline,,goals,,,,,,,,,,,,,,
ICT Risk AI Guideline,,,− Article 86 EU AI Act,,,,,,,,,,,,,
ICT Risk AI Guideline,,"Confidentiality,",− Article 22 GDPR,,,,,,,,,,,,,
ICT Risk AI Guideline,,"Integrity,","− EDPB-EDPS, Joint Opinion 5/2021 on the proposal for a Regulation of the European Parliament and of",,,,,,,,,,,,,
ICT Risk AI Guideline,,"Availability,","the Council laying down harmonised rules on artificial intelligence (Artificial Intelligence Act); Section 72,",,,,,,,,,,,,,
ICT Risk AI Guideline,,A uthenticity,p. 19.,,,,,,,,,,,,,
ICT Risk AI Guideline,Start date of,,Relevant for role of DBG/LE as,,,,,,,,,,,,,
ICT Risk AI Guideline,,Start date of,,Relevant for role of DBG/LE as,,,,,,,,,,,,
ICT Risk AI Guideline,,applicability:,,,,,,,,,,,,,,
ICT Risk AI Guideline,,,"Provider, Deployer","Provider, Deployer",,,,,,,,,,,,
ICT Risk AI Guideline,2 Aug 2026,2 Aug 2026,,,,,,,,,,,,,,
ICT Risk AI Guideline,,,,,,,,,,,,,,,,
ICT Risk AI Guideline,,,,,,,,,,,,,,,,
ICT Risk AI Guideline,ID: 5,,,,,,,,,,,,,,,
ICT Risk AI Guideline,,Classification of AI systems based on EU AI Act,,,,,,,,,,,,,,
ICT Risk AI Guideline,(version 1.0),,,,,,,,,,,,,,,
ICT Risk AI Guideline,,,,,,,,,,,,,,,,
ICT Risk AI Guideline,5,All AI systems must be classified according to their AI risk level as defined by,,,,,,,,,,,,,,
ICT Risk AI Guideline,,"the EU AI Act, and AI-related risks must be managed as an integral part of the",,,,,,,,,,,,,,
ICT Risk AI Guideline,,,,,,,,,,,,,,,,
ICT Risk AI Guideline,,"ICT Risk Management Framework through structured assessment, treatment,",,,,,,,,,,,,,,
ICT Risk AI Guideline,,and documentation processes.,,,,,,,,,,,,,,
ICT Risk AI Guideline,ID: 6,,,,,,,,,,,,,,,
ICT Risk AI Guideline,,Classification of General-Purpose AI Models,,,,,,,,,,,,,,
ICT Risk AI Guideline,(version 1.0),,,,,,,,,,,,,,,
ICT Risk AI Guideline,,,,,,,,,,,,,,,,
ICT Risk AI Guideline,6,General-purpose AI models must be classified based on their capabilities and,,,,,,,,,,,,,,
ICT Risk AI Guideline,,"impact, with specific thresholds and criteria determining whether they pose",,,,,,,,,,,,,,
ICT Risk AI Guideline,,,,,,,,,,,,,,,,
ICT Risk AI Guideline,,"systemic risk, requiring enhanced regulatory oversight under the EU AI Act.",,,,,,,,,,,,,,
ICT Risk AI Guideline,ID: 7,,,,,,,,,,,,,,,
ICT Risk AI Guideline,,Systems with Specific Transparency Obligations,,,,,,,,,,,,,,
ICT Risk AI Guideline,(version 1.0),,,,,,,,,,,,,,,
ICT Risk AI Guideline,,,,,,,,,,,,,,,,
ICT Risk AI Guideline,7,AI systems subject to specific transparency obligations must clearly inform,,,,,,,,,,,,,,
ICT Risk AI Guideline,,"natural persons when interacting with AI, disclose synthetic content generation,",,,,,,,,,,,,,,
ICT Risk AI Guideline,,,,,,,,,,,,,,,,
ICT Risk AI Guideline,,and ensure compliance with disclosures made in a clear and timely manner.,,,,,,,,,,,,,,
ICT Risk AI Guideline,ID: 8,,,,,,,,,,,,,,,
ICT Risk AI Guideline,,AI Systems Risk Management,,,,,,,,,,,,,,
ICT Risk AI Guideline,(version 1.0),,,,,,,,,,,,,,,
ICT Risk AI Guideline,,,,,,,,,,,,,,,,
ICT Risk AI Guideline,8,A comprehensive and lifecycle-wide risk management must be established for AI,,,,,,,,,,,,,,
ICT Risk AI Guideline,,"systems, ensuring identification, assessment, treatment, documentation, and",,,,,,,,,,,,,,
ICT Risk AI Guideline,,,,,,,,,,,,,,,,
ICT Risk AI Guideline,,"monitoring of risks to health, safety, and fundamental rights, in alignment with",,,,,,,,,,,,,,
ICT Risk AI Guideline,,ICT Risk Management Policy and Guideline as well as EU AI Act requirements.,,,,,,,,,,,,,,
ICT Risk AI Guideline,"8.1 •
8.2
8.3
8.4
8.5
8.5.1
8.5.2
8.5.3
8.5.4
8.5.5
8.5.6
8.6
8.7
8.8","AI Risk management process
A comprehensive risk management process and procedure for AI systems and AI
models must be established, implemented, documented, and maintained throughout
their system lifecycle or the existing risk management processes and procedures
used.
Processes and procedures for management of AI risks must align with the ICT Risk
Management Policy and Guideline
Specific AI Risk management requirements
Before concluding a contract with a third-party service provider, a risk assessment
of the AI system must be carried out.
In the case of AI-specific subcontracting that supports critical or important functions
(CIF), the documented analysis must be performed to define:
− which third-parties are involved in data processing,
− location/region where this takes place and
− how long or complex chains of subcontracting may affect the process.
Besides control requirements from ICT Risk Management Guideline, specific risks
posed by AI systems must be identified and assessed throughout their lifecycle.
These include at least risks related to:
Health, safety, Fundamental rights
Data risks (e.g. Data security, integrity, privacy),
Model risks (e.g. Adversarial attacks, Prompt injections, Model interpretability,
Supply chain attacks)
Operational risks (e.g. Lack of accountability, Security Vulnerabilities, model drift)
Ethical and legal risks (e.g. Bias, fairness, Lack of explainability, transparency,
Intellectual property infringement
Misinformation (Hallucinations) and manipulation
The behavior of the AI system for inputs that do not conform to specified
requirements must be analyzed and documented using appropriate methods.
The risk assessment process for AI Systems, AI Models, AI Agents must include the
evaluation of potential consequences for individuals, groups, and society.
The risk assessment of high-risk AI Systems must include data from post-market
monitoring systems as defined in control requirement ID28 Post-Market Monitoring
System.",,,,,,,,,,,,,,
ICT Risk AI Guideline,ID: 9,,,,,,,,,,,,,,,
ICT Risk AI Guideline,,Human Oversight of AI Systems,,,,,,,,,,,,,,
ICT Risk AI Guideline,(version 1.0),,,,,,,,,,,,,,,
ICT Risk AI Guideline,,,,,,,,,,,,,,,,
ICT Risk AI Guideline,9,AI systems must be designed and operated with appropriate human oversight,,,,,,,,,,,,,,
ICT Risk AI Guideline,,"measures, based on criticality, that enable effective intervention, control, and/or",,,,,,,,,,,,,,
ICT Risk AI Guideline,,,,,,,,,,,,,,,,
ICT Risk AI Guideline,,"accountability, minimizing risks to health, safety, and fundamental rights.",,,,,,,,,,,,,,
ICT Risk AI Guideline,"9.1 •
9.2","Processes and procedures to ensure human oversight and control of the AI system
in compliance with regulatory requirements and organizational risk management
must be established.
Oversight Design and Implementation
The frequency, scope, and methods for security and robustness reviews of AI
models in production must be documented.",,,,,,,,,,,,,,
ICT Risk AI Guideline,9.3,High-Risk AI systems must be designed and developed to include appropriate,,,,,,,,,,,,,,
ICT Risk AI Guideline,,human-machine interface tools that enable human intervention and control.,,,,,,,,,,,,,,
ICT Risk AI Guideline,9.4,Critical decision points should be defined and integrated into AI related system,,,,,,,,,,,,,,
ICT Risk AI Guideline,,"workflows, where Human-In-The-Loop is needed,",,,,,,,,,,,,,,
ICT Risk AI Guideline,,,,,,,,,,,,,,,,
ICT Risk AI Guideline,9.5,"Every Human-In-The-Loop decision, approval, or override must be logged with",,,,,,,,,,,,,,
ICT Risk AI Guideline,,timestamps and user identifiers,,,,,,,,,,,,,,
ICT Risk AI Guideline,,,,,,,,,,,,,,,,
ICT Risk AI Guideline,9.6,The high-risk AI system must be monitored through human oversight throughout its,,,,,,,,,,,,,,
ICT Risk AI Guideline,,lifecycle.,,,,,,,,,,,,,,
ICT Risk AI Guideline,,,,,,,,,,,,,,,,
ICT Risk AI Guideline,ID: 10,,,,,,,,,,,,,,,
ICT Risk AI Guideline,,Fundamental Rights Impact Assessment for High-Risk AI Systems,,,,,,,,,,,,,,
ICT Risk AI Guideline,(version 1.0),,,,,,,,,,,,,,,
ICT Risk AI Guideline,,,,,,,,,,,,,,,,
ICT Risk AI Guideline,10,"Before deploying high-risk AI systems for public services, a Fundamental Rights",,,,,,,,,,,,,,
ICT Risk AI Guideline,,Impact Assessment (FRIA) must be conducted and documented to evaluate,,,,,,,,,,,,,,
ICT Risk AI Guideline,,,,,,,,,,,,,,,,
ICT Risk AI Guideline,,potential impacts on individuals’ fundamental rights. The results must be,,,,,,,,,,,,,,
ICT Risk AI Guideline,,submitted to the market surveillance authority using the official template,,,,,,,,,,,,,,
ICT Risk AI Guideline,,provided by the AI Office.,,,,,,,,,,,,,,
ICT Risk AI Guideline,,Applicability,,,,,,,,,,,,,,
ICT Risk AI Guideline,10.1 •,Fundamental Rights Impact Assessment FRIA must be conducted prior to the first,,,,,,,,,,,,,,
ICT Risk AI Guideline,,use of a high-risk AI system when providing public services. AI systems listed under,,,,,,,,,,,,,,
ICT Risk AI Guideline,,,,,,,,,,,,,,,,
ICT Risk AI Guideline,,Chapter 5.2. point 2 (critical infrastructure) are exempt from FRIA obligations.,,,,,,,,,,,,,,
ICT Risk AI Guideline,ID: 11,,,,,,,,,,,,,,,
ICT Risk AI Guideline,,AI Systems Data Governance,,,,,,,,,,,,,,
ICT Risk AI Guideline,(version 1.0),,,,,,,,,,,,,,,
ICT Risk AI Guideline,,,,,,,,,,,,,,,,
ICT Risk AI Guideline,11,"AI systems must be developed using training, validation, and testing datasets",,,,,,,,,,,,,,
ICT Risk AI Guideline,,that meet defined quality standards and are subject to robust data governance,,,,,,,,,,,,,,
ICT Risk AI Guideline,,,,,,,,,,,,,,,,
ICT Risk AI Guideline,,"practices, ensuring compliance with the EU AI Act, GDPR, and DBG Data",,,,,,,,,,,,,,
ICT Risk AI Guideline,,Governance frameworks.,,,,,,,,,,,,,,
ICT Risk AI Guideline,ID: 12,,,,,,,,,,,,,,,
ICT Risk AI Guideline,,AI Systems Technical Documentation,,,,,,,,,,,,,,
ICT Risk AI Guideline,(version 1.0),,,,,,,,,,,,,,,
ICT Risk AI Guideline,,,,,,,,,,,,,,,,
ICT Risk AI Guideline,12,Comprehensive technical documentation must be created and maintained for,,,,,,,,,,,,,,
ICT Risk AI Guideline,,"each AI system to demonstrate compliance with regulatory requirements,",,,,,,,,,,,,,,
ICT Risk AI Guideline,,,,,,,,,,,,,,,,
ICT Risk AI Guideline,,"covering design, development, testing, risk management, performance, and",,,,,,,,,,,,,,
ICT Risk AI Guideline,,"lifecycle changes, and aligned with DBG’s Software Development and ICT",,,,,,,,,,,,,,
ICT Risk AI Guideline,,Change Management Guidelines.,,,,,,,,,,,,,,
ICT Risk AI Guideline,ID: 13,,,,,,,,,,,,,,,
ICT Risk AI Guideline,,AI Systems Events management and Logging,,,,,,,,,,,,,,
ICT Risk AI Guideline,(version 1.0),,,,,,,,,,,,,,,
ICT Risk AI Guideline,,,,,,,,,,,,,,,,
ICT Risk AI Guideline,13,"In addition to Control requirements from ""Incident & Operational Event",,,,,,,,,,,,,,
ICT Risk AI Guideline,,"Management Guideline”, for AI specific event records and logs must be",,,,,,,,,,,,,,
ICT Risk AI Guideline,,,,,,,,,,,,,,,,
ICT Risk AI Guideline,,"maintained throughout their lifecycle to ensure traceability, accountability, and",,,,,,,,,,,,,,
ICT Risk AI Guideline,,"compliance with the EU AI Act, GDPR, and DBG’s Guidelines.",,,,,,,,,,,,,,
ICT Risk AI Guideline,ID: 14,,,,,,,,,,,,,,,
ICT Risk AI Guideline,,"Accuracy, Robustness, and Access to AI Systems",,,,,,,,,,,,,,
ICT Risk AI Guideline,(version 1.0),,,,,,,,,,,,,,,
ICT Risk AI Guideline,,,,,,,,,,,,,,,,
ICT Risk AI Guideline,14,"AI systems must maintain accuracy, robustness, consistency and access",,,,,,,,,,,,,,
ICT Risk AI Guideline,,management throughout their lifecycle by implementing technical and,,,,,,,,,,,,,,
ICT Risk AI Guideline,,,,,,,,,,,,,,,,
ICT Risk AI Guideline,,"organizational measures to prevent, detect, and mitigate AI-specific",,,,,,,,,,,,,,
ICT Risk AI Guideline,,"vulnerabilities, in alignment with ICT Risk Guidelines, EU AI Act, and DORA.",,,,,,,,,,,,,,
ICT Risk AI Guideline,ID: 15,,,,,,,,,,,,,,,
ICT Risk AI Guideline,,Secure AI System Development,,,,,,,,,,,,,,
ICT Risk AI Guideline,(version 1.0),,,,,,,,,,,,,,,
ICT Risk AI Guideline,,,,,,,,,,,,,,,,
ICT Risk AI Guideline,15,Beside control requirements from “Software Development and ICT Change,,,,,,,,,,,,,,
ICT Risk AI Guideline,,Management Guideline” AI systems must follow additional development,,,,,,,,,,,,,,
ICT Risk AI Guideline,,,,,,,,,,,,,,,,
ICT Risk AI Guideline,,practices throughout their lifecycle by implementing technical and organizational,,,,,,,,,,,,,,
ICT Risk AI Guideline,,measures.,,,,,,,,,,,,,,
ICT Risk AI Guideline,ID: 16,,,,,,,,,,,,,,,
ICT Risk AI Guideline,,"AI Threat, Incident and Vulnerability Management",,,,,,,,,,,,,,
ICT Risk AI Guideline,(version 1.0),,,,,,,,,,,,,,,
ICT Risk AI Guideline,,,,,,,,,,,,,,,,
ICT Risk AI Guideline,16,"AI systems must implement robust cybersecurity measures to prevent, detect,",,,,,,,,,,,,,,
ICT Risk AI Guideline,,"and respond to AI-specific threats, including adversarial manipulation and",,,,,,,,,,,,,,
ICT Risk AI Guideline,,,,,,,,,,,,,,,,
ICT Risk AI Guideline,,input/output tampering. Beyond control requirements from ICT Patch and,,,,,,,,,,,,,,
ICT Risk AI Guideline,,Vulnerability Management Guideline further AI specific aspects must be,,,,,,,,,,,,,,
ICT Risk AI Guideline,,considered.,,,,,,,,,,,,,,
ICT Risk AI Guideline,ID: 17,,,,,,,,,,,,,,,
ICT Risk AI Guideline,,AI Agents Security and Boundaries,,,,,,,,,,,,,,
ICT Risk AI Guideline,(version 1.0),,,,,,,,,,,,,,,
ICT Risk AI Guideline,,,,,,,,,,,,,,,,
ICT Risk AI Guideline,17,AI agents within AI systems must operate based on relevant established,,,,,,,,,,,,,,
ICT Risk AI Guideline,,"processes for Agentic AI within DBG, within clearly defined and consistently",,,,,,,,,,,,,,
ICT Risk AI Guideline,,,,,,,,,,,,,,,,
ICT Risk AI Guideline,,"enforced security boundaries, tailored to roles, data confidentiality, and",,,,,,,,,,,,,,
ICT Risk AI Guideline,,operational environments.,,,,,,,,,,,,,,
ICT Risk AI Guideline,ID: 18,,,,,,,,,,,,,,,
ICT Risk AI Guideline,,,Conformity assessment and Post-market monitoring for high-risk AI,,,,,,,,,,,,,
ICT Risk AI Guideline,(version 1.0),,,,,,,,,,,,,,,
ICT Risk AI Guideline,,,,,,,,,,,,,,,,
ICT Risk AI Guideline,18,,"Before placing a high-risk AI system in use, the appropriate conformity",,,,,,,,,,,,,
ICT Risk AI Guideline,,,"assessment procedure must be followed, either with internal controls or via a",,,,,,,,,,,,,
ICT Risk AI Guideline,,,,,,,,,,,,,,,,
ICT Risk AI Guideline,,,"notified body, ensuring compliance with essential requirements through",,,,,,,,,,,,,
ICT Risk AI Guideline,,,"verification of the quality management system, technical documentation, and",,,,,,,,,,,,,
ICT Risk AI Guideline,,,post-market monitoring processes.,,,,,,,,,,,,,
ICT Risk AI Guideline,"18.1
18.2
18.3
18.4
18.5",,"Provider of high-risk AI System must establish the appropriate conformity
assessment procedure ensuring compliance with requirements for high-risk AI
systems from EU AI Act.
Conformity assessment based on internal control (Annex VI EU AI Act)
Conformity assessment procedure based on internal control for the high-risk AI
Systems must ensure that:
− AI System technical documentation (control requirement ID 12) is up to date,
− Compliance with all Requirements for high-risk AI Systems is regularly
assessed and results documented.
The provider must verify that the design and development process of the high-risk
AI system is consistent with the AI System technical documentation and document
at least the following aspects:
− risk management process used (control requirement ID 8),
− implementation and maintenance of a post-market monitoring system (control
requirement ID 28),
− procedures related to the reporting of a serious incident (control requirement
ID29)
Conformity based on assessment involving a notified body (Annex VII EU AI Act)
Where applicable, the DBG or LE acting as provider of high-risk AI system must
follow the conformity based on assessment involving a notified body, and create
application which must include at least:
− the name and address of the provider;
− the list of AI systems covered;
− the technical documentation for each AI system covered;
− the documentation covering all related internal control aspects listed in Chapter
5.6. of this Guideline;
− a written declaration that the same application has not been lodged with any
other notified body
Records of the notified body’s involvement and decisions must be retained and
made available to competent authorities upon request.",,,,,,,,,,,,,
ICT Risk AI Guideline,"Protection
goals",,"Key references
− Article 17, 72, 73, Annex VI & VII EU AI Act",,,,,,,,,,,,,
ICT Risk AI Guideline,,Protection,,,,,,,,,,,,,,
ICT Risk AI Guideline,,goals,,,,,,,,,,,,,,
ICT Risk AI Guideline,,,,,,,,,,,,,,,,
ICT Risk AI Guideline,ID: 19,,,,,,,,,,,,,,,
ICT Risk AI Guideline,,,Documentation and Record-Keeping for high-risk AI,,,,,,,,,,,,,
ICT Risk AI Guideline,(version 1.0),,,,,,,,,,,,,,,
ICT Risk AI Guideline,,,,,,,,,,,,,,,,
ICT Risk AI Guideline,19,,Documentation for high-risk AI systems must be securely stored and retained for,,,,,,,,,,,,,
ICT Risk AI Guideline,,,at least 10 years after market placement or as required by relevant EU financial,,,,,,,,,,,,,
ICT Risk AI Guideline,,,,,,,,,,,,,,,,
ICT Risk AI Guideline,,,"services laws. All records should be kept in a manner that ensures their integrity,",,,,,,,,,,,,,
ICT Risk AI Guideline,,,"confidentiality, and accessibility, in line with ICT Risk and DBG Guidelines.",,,,,,,,,,,,,
ICT Risk AI Guideline,19.1,,The following documentation must be retained for a minimum of 10 years after the,,,,,,,,,,,,,
ICT Risk AI Guideline,,,"high-risk AI system is placed on the market or put into service, or in accordance with",,,,,,,,,,,,,
ICT Risk AI Guideline,,,,,,,,,,,,,,,,
ICT Risk AI Guideline,,,applicable Union financial services law (where higher):,,,,,,,,,,,,,
ICT Risk AI Guideline,,,− Technical documentation (see control requirement ID 12 AI Systems Technical,,,,,,,,,,,,,
ICT Risk AI Guideline,,,Documentation).,,,,,,,,,,,,,
ICT Risk AI Guideline,,,− Documentation on internal control system for AI.,,,,,,,,,,,,,
ICT Risk AI Guideline,,,− Notified body approvals (where applicable).,,,,,,,,,,,,,
ICT Risk AI Guideline,,,− EU declarations of conformity (see control requirement ID 23 High-Risk AI,,,,,,,,,,,,,
ICT Risk AI Guideline,,,Systems Conformity Assessment).,,,,,,,,,,,,,
ICT Risk AI Guideline,19.2,,"All conformity assessment activities, including internal checks and third-party",,,,,,,,,,,,,
ICT Risk AI Guideline,,,"evaluations, must be documented for high-risk AI system.",,,,,,,,,,,,,
ICT Risk AI Guideline,,,,,,,,,,,,,,,,
ICT Risk AI Guideline,19.3,,Records of high-risk AI systems must be retained in accordance with the ICT Risk,,,,,,,,,,,,,
ICT Risk AI Guideline,,,and other relevant DBG Guidelines and made available for audit or regulatory,,,,,,,,,,,,,
ICT Risk AI Guideline,,,,,,,,,,,,,,,,
ICT Risk AI Guideline,,,review.,,,,,,,,,,,,,
ICT Risk AI Guideline,19.4,,National competent authorities must be granted access to the retained,,,,,,,,,,,,,
ICT Risk AI Guideline,,,documentation upon request.,,,,,,,,,,,,,
ICT Risk AI Guideline,,,,,,,,,,,,,,,,
ICT Risk AI Guideline,19.5,,"Documentation of AI system must be stored in a secure and accessible format,",,,,,,,,,,,,,
ICT Risk AI Guideline,,,"ensuring integrity, confidentiality, and availability.",,,,,,,,,,,,,
ICT Risk AI Guideline,,,,,,,,,,,,,,,,
ICT Risk AI Guideline,Protection,,Key references,,,,,,,,,,,,,
ICT Risk AI Guideline,,Protection,,Key references,,,,,,,,,,,,
ICT Risk AI Guideline,,goals,,,,,,,,,,,,,,
ICT Risk AI Guideline,,,"− Article 17, 18, 47 I EU AI Act",,,,,,,,,,,,,
ICT Risk AI Guideline,,"Confidentiality,",− ISO23894 (6.7),,,,,,,,,,,,,
ICT Risk AI Guideline,,"Integrity,",,,,,,,,,,,,,,
ICT Risk AI Guideline,,"Availability,",,,,,,,,,,,,,,
ICT Risk AI Guideline,,Authenticity,,,,,,,,,,,,,,
ICT Risk AI Guideline,Start date of,,Relevant for role of DBG/LE as,,,,,,,,,,,,,
ICT Risk AI Guideline,,Start date of,,Relevant for role of DBG/LE as,,,,,,,,,,,,
ICT Risk AI Guideline,,applicability:,,,,,,,,,,,,,,
ICT Risk AI Guideline,,,Provider,Provider,,,,,,,,,,,,
ICT Risk AI Guideline,2 Aug 2026,2 Aug 2026,,,,,,,,,,,,,,
ICT Risk AI Guideline,,,,,,,,,,,,,,,,
ICT Risk AI Guideline,,,,,,,,,,,,,,,,
ICT Risk AI Guideline,ID: 20,,,,,,,,,,,,,,,
ICT Risk AI Guideline,,,Corrective Actions for Non-Compliant high-risk AI systems,,,,,,,,,,,,,
ICT Risk AI Guideline,(version 1.0),,,,,,,,,,,,,,,
ICT Risk AI Guideline,,,,,,,,,,,,,,,,
ICT Risk AI Guideline,20,,Corrective actions must be taken for non-compliant high-risk AI systems to,,,,,,,,,,,,,
ICT Risk AI Guideline,,,"ensure regulatory compliance, including bringing the system into conformity,",,,,,,,,,,,,,
ICT Risk AI Guideline,,,,,,,,,,,,,,,,
ICT Risk AI Guideline,,,"disabling, withdrawing, or recalling it, and informing all relevant stakeholders.",,,,,,,,,,,,,
ICT Risk AI Guideline,"20.1
20.2
20.3
20.4
20.5
20.6",,"Corrective Action Procedures
For any high-risk AI system found to be non-compliant, the Provider must take one
or more of the following corrective actions:
− Bring the system into conformity with applicable requirements.
− Disable the system to prevent further use.
− Withdraw the system from the market.
− Recall the system from users or deployers.
Stakeholder Notification
The Provider of high-risk AI system must inform Distributors and Deployers of the
provided AI system of the non-compliance and the corrective actions taken by the
Provider of a high-risk AI System.
If the high-risk AI system is considered to be a Product presenting a risk (to the
health or safety, or to fundamental rights, of persons), the Provider must investigate
the causes and inform the market surveillance authorities competent for the high-
risk AI system concerned.
All corrective actions for high-risk AI systems must be documented, including:
− The nature of non-compliance.
− The decision-making process for selecting the corrective action.
− The timeline and execution of the corrective measures.
− Communication records with stakeholders and authorities.
Integration with Incident Management
Corrective actions should be integrated into the DBG incident detection and
response processes, including AI-specific monitoring and escalation paths (see
control requirement ID 13 AI Systems Events management and Logging).
Logs and audit trails related to the AI incident and corrective actions must be
retained and reviewed.",,,,,,,,,,,,,
ICT Risk AI Guideline,"Protection
goals
Confidentiality,
Integrity,
Availability,
Authenticity",,"Key references
− Article 20 EU AI Act",,,,,,,,,,,,,
ICT Risk AI Guideline,,Protection,,,,,,,,,,,,,,
ICT Risk AI Guideline,,goals,,,,,,,,,,,,,,
ICT Risk AI Guideline,,,,,,,,,,,,,,,,
ICT Risk AI Guideline,,"Confidentiality,",,,,,,,,,,,,,,
ICT Risk AI Guideline,,"Integrity,",,,,,,,,,,,,,,
ICT Risk AI Guideline,,"Availability,",,,,,,,,,,,,,,
ICT Risk AI Guideline,,Authenticity,,,,,,,,,,,,,,
ICT Risk AI Guideline,Start date of,,Relevant for role of DBG/LE as,,,,,,,,,,,,,
ICT Risk AI Guideline,,Start date of,,Relevant for role of DBG/LE as,,,,,,,,,,,,
ICT Risk AI Guideline,,applicability:,,,,,,,,,,,,,,
ICT Risk AI Guideline,,,"Provider, Deployer","Provider, Deployer",,,,,,,,,,,,
ICT Risk AI Guideline,2 Aug 2026,2 Aug 2026,,,,,,,,,,,,,,
ICT Risk AI Guideline,,,,,,,,,,,,,,,,
ICT Risk AI Guideline,,,,,,,,,,,,,,,,
ICT Risk AI Guideline,ID: 21,,,,,,,,,,,,,,,
ICT Risk AI Guideline,,,Importer / Distributor Due Diligence for High-Risk AI Systems,,,,,,,,,,,,,
ICT Risk AI Guideline,(version 1.0),,,,,,,,,,,,,,,
ICT Risk AI Guideline,,,,,,,,,,,,,,,,
ICT Risk AI Guideline,21,,If acting as Importer and/or Distributor due diligence must be performed to,,,,,,,,,,,,,
ICT Risk AI Guideline,,,ensure compliance with the EU AI Act before putting the AI Systems on the,,,,,,,,,,,,,
ICT Risk AI Guideline,,,,,,,,,,,,,,,,
ICT Risk AI Guideline,,,market or making them available.,,,,,,,,,,,,,
ICT Risk AI Guideline,"21.1
21.2
21.3
21.4
21.5
21.6",,"Importer Obligations
Importers must verify that high-risk AI systems comply with the EU AI Act before
placing them on the market.
The following elements must be checked by Importers of high-risk AI systems:
− Completion of the conformity assessment procedure (see control requirement ID
18 Conformity assessment and Post-market monitoring for high-risk AI)
− Availability and completeness of technical documentation (see control
requirement ID 12 AI Systems Technical Documentation).
− Presence of CE marking and EU declaration of conformity.
− Confirmation of authorized representation within the EU.
Where the high-risk AI system is considered to be a Product presenting a risk (to the
health or safety, or to fundamental rights, of persons), the Importer must inform the
Provider and the market surveillance authorities to that effect.
Distributor Obligations
Distributors must ensure that high-risk AI systems made available on the market
comply with the EU AI Act.
The following due diligence measures must be taken for high-risk AI system:
− Verification of provider markings and identification.
− Review of accompanying documentation and instructions for use.
− Confirmation that the system is not subject to corrective actions or restrictions
(see Control Requirement ID 20 Corrective Actions for Non-Compliant high-risk
AI systems).
Where the high-risk AI system is considered to be a Product presenting a risk (to the
health or safety, or to fundamental rights, of persons), the Distributor must inform
the Provider or Importer, and the authorities competent for the high-risk AI system to
that effect.",,,,,,,,,,,,,
ICT Risk AI Guideline,"Protection
goals
Confidentiality,
Integrity,
Availability,
Authenticity",,"Key references
− Article 23, Article 24 EU AI Act",,,,,,,,,,,,,
ICT Risk AI Guideline,,Protection,,,,,,,,,,,,,,
ICT Risk AI Guideline,,goals,,,,,,,,,,,,,,
ICT Risk AI Guideline,,,,,,,,,,,,,,,,
ICT Risk AI Guideline,,"Confidentiality,",,,,,,,,,,,,,,
ICT Risk AI Guideline,,"Integrity,",,,,,,,,,,,,,,
ICT Risk AI Guideline,,"Availability,",,,,,,,,,,,,,,
ICT Risk AI Guideline,,Authenticity,,,,,,,,,,,,,,
ICT Risk AI Guideline,Start date of,,Relevant for role of DBG/LE as,,,,,,,,,,,,,
ICT Risk AI Guideline,,Start date of,,Relevant for role of DBG/LE as,,,,,,,,,,,,
ICT Risk AI Guideline,,applicability:,,,,,,,,,,,,,,
ICT Risk AI Guideline,,,"Provider, Deployer","Provider, Deployer",,,,,,,,,,,,
ICT Risk AI Guideline,2 Aug 2026,2 Aug 2026,,,,,,,,,,,,,,
ICT Risk AI Guideline,,,,,,,,,,,,,,,,
ICT Risk AI Guideline,,,,,,,,,,,,,,,,
ICT Risk AI Guideline,ID: 22,,,,,,,,,,,,,,,
ICT Risk AI Guideline,,Provider Responsibilities in Value Chain and Intellectual Property,,,,,,,,,,,,,,
ICT Risk AI Guideline,(version 1.0),,,,,,,,,,,,,,,
ICT Risk AI Guideline,,,,,,,,,,,,,,,,
ICT Risk AI Guideline,22,Legal entities assuming provider responsibilities for high-risk AI systems,,,,,,,,,,,,,,
ICT Risk AI Guideline,,"through value chain activities, such as substantial modification, rebranding, or",,,,,,,,,,,,,,
ICT Risk AI Guideline,,,,,,,,,,,,,,,,
ICT Risk AI Guideline,,"integration, must ensure full compliance with the Third-Party ICT Risk",,,,,,,,,,,,,,
ICT Risk AI Guideline,,"Management Guideline, EU AI Act, supported by written agreements with third-",,,,,,,,,,,,,,
ICT Risk AI Guideline,,parties that respect intellectual property and confidentiality obligations.,,,,,,,,,,,,,,
ICT Risk AI Guideline,ID: 23,,,,,,,,,,,,,,,
ICT Risk AI Guideline,,High-Risk AI Systems Conformity Assessment,,,,,,,,,,,,,,
ICT Risk AI Guideline,(version 1.0),,,,,,,,,,,,,,,
ICT Risk AI Guideline,,,,,,,,,,,,,,,,
ICT Risk AI Guideline,23,High-risk AI systems must undergo a conformity assessment before being,,,,,,,,,,,,,,
ICT Risk AI Guideline,,"placed on the market or put into service, ensuring compliance with the EU AI Act",,,,,,,,,,,,,,
ICT Risk AI Guideline,,,,,,,,,,,,,,,,
ICT Risk AI Guideline,,"through internal control or notified body procedures, with documentation",,,,,,,,,,,,,,
ICT Risk AI Guideline,,retained and accessible for regulatory oversight.,,,,,,,,,,,,,,
ICT Risk AI Guideline,"23.1
23.2
23.3
23.4
23.5","Assessment Procedure Selection
The appropriate conformity assessment procedure must be followed before placing
a high-risk AI system on the market or putting it into service.
− For AI systems listed under points 2 to 8 of Chapter 5.2 of this Guideline, the
internal control procedure (see control requirement ID 18 Conformity
assessment and Post-market monitoring for high-risk AI), should be used.
− For remote biometric identification, biometric categorization, and emotion
recognition systems, assessment by a notified body must be conducted.
Substantial Modifications
A new conformity assessment must be conducted if the high-risk AI system
undergoes substantial modifications that affect compliance with essential
requirements.
EU Declaration of Conformity
A signed EU declaration of conformity must be drawn up for each high-risk AI
system.
The EU declaration of conformity of a high-risk AI system must be retained for 10
years and provided to authorities upon request.
The EU declaration of conformity of high-risk AI system must include:
1. AI system name, type, and traceability reference.
2. Provider’s name and address.
3. Statement of sole responsibility.",,,,,,,,,,,,,,
ICT Risk AI Guideline,ID: 24,,,,,,,,,,,,,,,
ICT Risk AI Guideline,,High-Risk AI System Information for Registration,,,,,,,,,,,,,,
ICT Risk AI Guideline,(version 1.0),,,,,,,,,,,,,,,
ICT Risk AI Guideline,,,,,,,,,,,,,,,,
ICT Risk AI Guideline,24,Detailed and up-to-date information about high-risk AI systems must be,,,,,,,,,,,,,,
ICT Risk AI Guideline,,submitted to the EU database prior to market placement or deployment.,,,,,,,,,,,,,,
ICT Risk AI Guideline,,,,,,,,,,,,,,,,
ICT Risk AI Guideline,ID: 25,,,,,,,,,,,,,,,
ICT Risk AI Guideline,,Notification for General-Purpose AI with Systemic Risk,,,,,,,,,,,,,,
ICT Risk AI Guideline,(version 1.0),,,,,,,,,,,,,,,
ICT Risk AI Guideline,,,,,,,,,,,,,,,,
ICT Risk AI Guideline,25,"If a general-purpose AI model meets the criteria for systemic risk, the European",,,,,,,,,,,,,,
ICT Risk AI Guideline,,"Commission must be notified within two weeks, including supporting evidence",,,,,,,,,,,,,,
ICT Risk AI Guideline,,,,,,,,,,,,,,,,
ICT Risk AI Guideline,,"and, if applicable, reasoned arguments for exemption. Designation by the",,,,,,,,,,,,,,
ICT Risk AI Guideline,,"Commission must be complied with, and reassessment may be requested after",,,,,,,,,,,,,,
ICT Risk AI Guideline,,six months.,,,,,,,,,,,,,,
ICT Risk AI Guideline,ID: 26,,,,,,,,,,,,,,,
ICT Risk AI Guideline,,Obligations as Providers of General-Purpose AI Models (incl. systemic risk),,,,,,,,,,,,,,
ICT Risk AI Guideline,(version 1.0),,,,,,,,,,,,,,,
ICT Risk AI Guideline,,,,,,,,,,,,,,,,
ICT Risk AI Guideline,26,Providers of general-purpose AI models must maintain detailed technical,,,,,,,,,,,,,,
ICT Risk AI Guideline,,"documentation, share essential information with downstream providers, comply",,,,,,,,,,,,,,
ICT Risk AI Guideline,,,,,,,,,,,,,,,,
ICT Risk AI Guideline,,"with copyright law, and publish a training data summary, in accordance with the",,,,,,,,,,,,,,
ICT Risk AI Guideline,,EU AI Act and templates provided by the AI Office.,,,,,,,,,,,,,,
ICT Risk AI Guideline,ID: 27,,,,,,,,,,,,,,,
ICT Risk AI Guideline,,Real-World Testing of High-Risk AI Systems,,,,,,,,,,,,,,
ICT Risk AI Guideline,(version 1.0),,,,,,,,,,,,,,,
ICT Risk AI Guideline,,,,,,,,,,,,,,,,
ICT Risk AI Guideline,27,Real-world testing of high-risk AI systems must be conducted under strict,,,,,,,,,,,,,,
ICT Risk AI Guideline,,"conditions, with informed consent, incident response protocols, and registration",,,,,,,,,,,,,,
ICT Risk AI Guideline,,,,,,,,,,,,,,,,
ICT Risk AI Guideline,,"in the EU database, ensuring transparency, safety, and regulatory compliance.",,,,,,,,,,,,,,
ICT Risk AI Guideline,ID: 28,,,,,,,,,,,,,,,
ICT Risk AI Guideline,,Serious Incident Reporting Procedure,,,,,,,,,,,,,,
ICT Risk AI Guideline,(version 1.0),,,,,,,,,,,,,,,
ICT Risk AI Guideline,,,,,,,,,,,,,,,,
ICT Risk AI Guideline,28,A formal procedure must be established for reporting serious incidents related to,,,,,,,,,,,,,,
ICT Risk AI Guideline,,"high-risk AI systems to market surveillance authorities and, where applicable,",,,,,,,,,,,,,,
ICT Risk AI Guideline,,,,,,,,,,,,,,,,
ICT Risk AI Guideline,,"notified bodies, ensuring timely notification, investigation, and corrective action",,,,,,,,,,,,,,
ICT Risk AI Guideline,,in compliance with the EU AI Act.,,,,,,,,,,,,,,
ICT Risk AI Guideline,ID: 29,,,,,,,,,,,,,,,
ICT Risk AI Guideline,,Post-Market Monitoring System,,,,,,,,,,,,,,
ICT Risk AI Guideline,(version 1.0),,,,,,,,,,,,,,,
ICT Risk AI Guideline,,,,,,,,,,,,,,,,
ICT Risk AI Guideline,29,A proportionate post-market monitoring system must be established and,,,,,,,,,,,,,,
ICT Risk AI Guideline,,maintained for high-risk AI systems to ensure continuous compliance with the,,,,,,,,,,,,,,
ICT Risk AI Guideline,,,,,,,,,,,,,,,,
ICT Risk AI Guideline,,"EU AI Act and internal control requirements, through structured data collection,",,,,,,,,,,,,,,
ICT Risk AI Guideline,,"performance analysis, and corrective action mechanisms.",,,,,,,,,,,,,,
ICT Risk AI Guideline,"29.1
29.2
29.3
29.4
29.5
29.6","System Establishment and Scope
A post-market monitoring system must be established and maintained for each high-
risk AI system.
The post-market monitoring system must be proportionate to the nature, risks, and
complexity of the AI system and should be integrated into existing systems,
provided equivalent protection is ensured.
Monitoring Plan and Documentation
The monitoring system must be based on a documented plan included in the
technical documentation of high-risk AI system (see control requirement ID 12 AI
Systems Technical Documentation) and must specify:
− Data sources and types.
− Collection methods and frequency.
− Analysis procedures and performance metrics.
− Corrective action mechanisms and escalation paths.
Performance Monitoring
The performance of the AI system must be continuously monitored and documented
using defined Key Performance Indicators (KPIs).
Performance requirements and KPIs should be included in the system description.
Deviations from defined performance thresholds of AI system must be made
transparent and addressed.
Data Collection and Analysis",,,,,,,,,,,,,,
ICT Risk AI Guideline,29.7,"The Post-Market Monitoring System for AI system must actively collect, document,",,,,,,,,,,,,,,
ICT Risk AI Guideline,,and analyze:,,,,,,,,,,,,,,
ICT Risk AI Guideline,,,,,,,,,,,,,,,,
ICT Risk AI Guideline,,− Operational data from the AI system.,,,,,,,,,,,,,,
ICT Risk AI Guideline,,− Feedback and usage data from deployers.,,,,,,,,,,,,,,
ICT Risk AI Guideline,,− Interactions with other AI systems throughout the lifecycle.,,,,,,,,,,,,,,
ICT Risk AI Guideline,ID: 30,,,,,,,,,,,,,,,
ICT Risk AI Guideline,,,Market Surveillance authorities and Non-Compliance,,,,,,,,,,,,,
ICT Risk AI Guideline,(version 1.0),,,,,,,,,,,,,,,
ICT Risk AI Guideline,,,,,,,,,,,,,,,,
ICT Risk AI Guideline,30,,The full cooperation with market surveillance authorities must be ensured by,,,,,,,,,,,,,
ICT Risk AI Guideline,,,"providing access to documentation, data, and other relevant artifacts necessary.",,,,,,,,,,,,,
ICT Risk AI Guideline,,,,,,,,,,,,,,,,
ICT Risk AI Guideline,,,Corrective actions must be implemented when notified of non-compliance in,,,,,,,,,,,,,
ICT Risk AI Guideline,,,high-risk AI systems by market surveillance authorities.,,,,,,,,,,,,,
ICT Risk AI Guideline,30.1,,Market surveillance authorities (relevant financial supervisory authority or another,,,,,,,,,,,,,
ICT Risk AI Guideline,,,relevant authority as identified by the Member State) must be granted full access to,,,,,,,,,,,,,
ICT Risk AI Guideline,,,,,,,,,,,,,,,,
ICT Risk AI Guideline,,,"the documentation as well as the training, validation and testing data sets used for",,,,,,,,,,,,,
ICT Risk AI Guideline,,,the development of high-risk AI systems,,,,,,,,,,,,,
ICT Risk AI Guideline,30.2,,"Market surveillance authorities must be cooperated with, and they must be provided",,,,,,,,,,,,,
ICT Risk AI Guideline,,,"with necessary information, documentation, data sets, and source code (under",,,,,,,,,,,,,
ICT Risk AI Guideline,,,,,,,,,,,,,,,,
ICT Risk AI Guideline,,,specific conditions) to facilitate their assessment of high-risk AI systems.,,,,,,,,,,,,,
ICT Risk AI Guideline,30.3,,"As an Operator, corrective action must be taken when national market surveillance",,,,,,,,,,,,,
ICT Risk AI Guideline,,,"authorities identify and report risks related to high-risk AI systems, including its",,,,,,,,,,,,,
ICT Risk AI Guideline,,,,,,,,,,,,,,,,
ICT Risk AI Guideline,,,withdrawal or recall if necessary.,,,,,,,,,,,,,
ICT Risk AI Guideline,30.4,,All appropriate corrective actions must be taken to bring the AI system into,,,,,,,,,,,,,
ICT Risk AI Guideline,,,compliance:,,,,,,,,,,,,,
ICT Risk AI Guideline,,,,,,,,,,,,,,,,
ICT Risk AI Guideline,,,"− to withdraw the AI system from the market, or",,,,,,,,,,,,,
ICT Risk AI Guideline,,,− to recall it within a period the market surveillance authority may prescribe,,,,,,,,,,,,,
ICT Risk AI Guideline,30.5,,Corrective actions must be implemented across the Legal Entities in EU market,,,,,,,,,,,,,
ICT Risk AI Guideline,,,when notified by a market surveillance authority about non-compliant high-risk AI,,,,,,,,,,,,,
ICT Risk AI Guideline,,,,,,,,,,,,,,,,
ICT Risk AI Guideline,,,within the timeline prescribed.,,,,,,,,,,,,,
ICT Risk AI Guideline,Protection,,Key references,,,,,,,,,,,,,
ICT Risk AI Guideline,,Protection,,Key references,,,,,,,,,,,,
ICT Risk AI Guideline,,goals,,,,,,,,,,,,,,
ICT Risk AI Guideline,,,"− Article 74 EU AI Act, Article 79 EU AI Act, Article 80 EU AI Act, Article 82 EU AI Act",,,,,,,,,,,,,
ICT Risk AI Guideline,,"Confidentiality,",− ISO23894 (6.5.2),,,,,,,,,,,,,
ICT Risk AI Guideline,,"Integrity,",,,,,,,,,,,,,,
ICT Risk AI Guideline,,"Availability,",,,,,,,,,,,,,,
ICT Risk AI Guideline,,Authenticity,,,,,,,,,,,,,,
ICT Risk AI Guideline,Start date of,,Relevant for role of DBG/LE as,,,,,,,,,,,,,
ICT Risk AI Guideline,,Start date of,,Relevant for role of DBG/LE as,,,,,,,,,,,,
ICT Risk AI Guideline,,applicability:,,,,,,,,,,,,,,
ICT Risk AI Guideline,,,"Provider, Deployer","Provider, Deployer",,,,,,,,,,,,
ICT Risk AI Guideline,2 Aug 2026,2 Aug 2026,,,,,,,,,,,,,,
ICT Risk AI Guideline,,,,,,,,,,,,,,,,
ICT Risk AI Guideline,ID: 5.3,,,,,,,,,,,,,,,
ICT Risk AI Guideline,,The following AI practices must be prohibited (Article 5 EU AI Act),,,,,,,,,,,,,,
ICT Risk AI Guideline,(version 1.0),,,,,,,,,,,,,,,
ICT Risk AI Guideline,,,,,,,,,,,,,,,,
ICT Risk AI Guideline,5.3.1,Intended to use subliminal techniques outside of a person’s awareness to influence,,,,,,,,,,,,,,
ICT Risk AI Guideline,,"a person’s behavior or purposefully manipulative or deceptive techniques, with the",,,,,,,,,,,,,,
ICT Risk AI Guideline,,,,,,,,,,,,,,,,
ICT Risk AI Guideline,,effect of materially distorting behavior or appreciably impairing decision-making and,,,,,,,,,,,,,,
ICT Risk AI Guideline,,causing or be reasonably likely to cause significant harm;,,,,,,,,,,,,,,
ICT Risk AI Guideline,5.3.2,Intended to exploit any of the vulnerabilities of a person or a specific group of,,,,,,,,,,,,,,
ICT Risk AI Guideline,,"persons due to their age, disability or a specific social or economic situation, with",,,,,,,,,,,,,,
ICT Risk AI Guideline,,,,,,,,,,,,,,,,
ICT Risk AI Guideline,,the objective to or the effect of materially distorting the behavior of that person or a,,,,,,,,,,,,,,
ICT Risk AI Guideline,,person pertaining to that group in a manner that causes or is reasonably likely to,,,,,,,,,,,,,,
ICT Risk AI Guideline,,cause that person or another person significant harm,,,,,,,,,,,,,,
ICT Risk AI Guideline,5.3.3,Biometric categorization system that categorizes natural persons according to,,,,,,,,,,,,,,
ICT Risk AI Guideline,,sensitive or protected attributes or characteristics or based on the inference of those,,,,,,,,,,,,,,
ICT Risk AI Guideline,,,,,,,,,,,,,,,,
ICT Risk AI Guideline,,attributes or characteristics;,,,,,,,,,,,,,,
ICT Risk AI Guideline,5.3.4,Intended to be used for social scoring evaluation or classification of the,,,,,,,,,,,,,,
ICT Risk AI Guideline,,trustworthiness of individuals over time natural persons or groups thereof based on,,,,,,,,,,,,,,
ICT Risk AI Guideline,,,,,,,,,,,,,,,,
ICT Risk AI Guideline,,"their social behavior or known, inferred, or predicted personality characteristics",,,,,,,,,,,,,,
ICT Risk AI Guideline,,which may lead to a detrimental or unfavorable treatment either unrelated (to the,,,,,,,,,,,,,,
ICT Risk AI Guideline,,data generation/collection context) or unjustified/disproportionate (to the social,,,,,,,,,,,,,,
ICT Risk AI Guideline,,behavior);of such persons or groups thereof,,,,,,,,,,,,,,
ICT Risk AI Guideline,5.3.5,Intended to be used for real-time biometric recognition in publicly accessible spaces,,,,,,,,,,,,,,
ICT Risk AI Guideline,,for purposes of law enforcement.,,,,,,,,,,,,,,
ICT Risk AI Guideline,,,,,,,,,,,,,,,,
ICT Risk AI Guideline,5.3.6,To be used for risk assessments of natural persons or groups thereof to assess the,,,,,,,,,,,,,,
ICT Risk AI Guideline,,risk of a natural person for offending or reoffending or for predicting the occurrence,,,,,,,,,,,,,,
ICT Risk AI Guideline,,,,,,,,,,,,,,,,
ICT Risk AI Guideline,,or reoccurrence of an actual or potential criminal or administrative offence based on,,,,,,,,,,,,,,
ICT Risk AI Guideline,,profiling of a natural person or on assessing personality traits and characteristics;,,,,,,,,,,,,,,
ICT Risk AI Guideline,5.3.7,To be used to create or expand facial recognition databases through the untargeted,,,,,,,,,,,,,,
ICT Risk AI Guideline,,scraping of facial images from the internet or CCTV footage,,,,,,,,,,,,,,
ICT Risk AI Guideline,,,,,,,,,,,,,,,,
ICT Risk AI Guideline,5.3.8,To be used to infer emotions of a natural person in the workplace or education,,,,,,,,,,,,,,
ICT Risk AI Guideline,,institutions.,,,,,,,,,,,,,,
ICT Risk AI Guideline,,,,,,,,,,,,,,,,
ICT Risk AI Guideline,ID: 5.4,High-risk AI systems are the AI systems listed in any of the following areas,,,,,,,,,,,,,,
ICT Risk AI Guideline,(version 1.0),(based on Article 6 (2) EU AI Act; ANNEX III):,,,,,,,,,,,,,,
ICT Risk AI Guideline,5.4.4.1,"Biometrics, in so far as their use is permitted under relevant Union or national law:",,,,,,,,,,,,,,
ICT Risk AI Guideline,,a) remote biometric identification systems.,,,,,,,,,,,,,,
ICT Risk AI Guideline,,b) This should not include AI systems intended to be used for biometric,,,,,,,,,,,,,,
ICT Risk AI Guideline,,verification the sole purpose of which is to confirm that a specific natural,,,,,,,,,,,,,,
ICT Risk AI Guideline,,person is the person he or she claims to be;,,,,,,,,,,,,,,
ICT Risk AI Guideline,,"c) AI systems intended to be used for biometric categorization, according to",,,,,,,,,,,,,,
ICT Risk AI Guideline,,sensitive or protected attributes or characteristics based on the inference of,,,,,,,,,,,,,,
ICT Risk AI Guideline,,those attributes or characteristics,,,,,,,,,,,,,,
ICT Risk AI Guideline,,d) AI systems intended to be used for emotion recognition.,,,,,,,,,,,,,,
ICT Risk AI Guideline,5.4.4.2,Critical infrastructure: AI systems intended to be used as safety components in the,,,,,,,,,,,,,,
ICT Risk AI Guideline,,"management and operation of critical digital infrastructure, road traffic, or in the",,,,,,,,,,,,,,
ICT Risk AI Guideline,,,,,,,,,,,,,,,,
ICT Risk AI Guideline,,"supply of water, gas, heating or electricity.",,,,,,,,,,,,,,
ICT Risk AI Guideline,5.4.4.3,Education and vocational training:,,,,,,,,,,,,,,
ICT Risk AI Guideline,,a) AI systems intended to be used to determine access or admission or to,,,,,,,,,,,,,,
ICT Risk AI Guideline,,assign natural persons to educational and vocational training institutions at,,,,,,,,,,,,,,
ICT Risk AI Guideline,,all levels;,,,,,,,,,,,,,,
ICT Risk AI Guideline,,"b) AI systems intended to be used to evaluate learning outcomes, including",,,,,,,,,,,,,,
ICT Risk AI Guideline,,when those outcomes are used to steer the learning process of natural,,,,,,,,,,,,,,
ICT Risk AI Guideline,,persons in educational and vocational training institutions at all levels;,,,,,,,,,,,,,,
ICT Risk AI Guideline,,c) AI systems intended to be used for the purpose of assessing the appropriate,,,,,,,,,,,,,,
ICT Risk AI Guideline,,"level of education that an individual will receive or will be able to access, in",,,,,,,,,,,,,,
ICT Risk AI Guideline,,the context of or within educational and vocational training institutions at all,,,,,,,,,,,,,,
ICT Risk AI Guideline,,levels;,,,,,,,,,,,,,,
ICT Risk AI Guideline,,d) AI systems intended to be used for monitoring and detecting prohibited,,,,,,,,,,,,,,
ICT Risk AI Guideline,,behavior of students during tests in the context of or within educational and,,,,,,,,,,,,,,
ICT Risk AI Guideline,,vocational training institutions at all levels.,,,,,,,,,,,,,,
ICT Risk AI Guideline,5.4.4.4,"Employment, workers’ management and access to self-employment:",,,,,,,,,,,,,,
ICT Risk AI Guideline,,a) AI systems intended to be used for the recruitment or selection of natural,,,,,,,,,,,,,,
ICT Risk AI Guideline,,"persons, in particular to place targeted job advertisements, to analyze and",,,,,,,,,,,,,,
ICT Risk AI Guideline,,"filter job applications, and to evaluate candidates;",,,,,,,,,,,,,,
ICT Risk AI Guideline,,b) AI systems intended to be used to make decisions affecting terms of work-,,,,,,,,,,,,,,
ICT Risk AI Guideline,,"related relationships, the promotion or termination of work-related",,,,,,,,,,,,,,
ICT Risk AI Guideline,,"contractual relationships, to allocate tasks based on individual behavior or",,,,,,,,,,,,,,
ICT Risk AI Guideline,,personal traits or characteristics or to monitor and evaluate the performance,,,,,,,,,,,,,,
ICT Risk AI Guideline,,and behavior of persons in such relationships.,,,,,,,,,,,,,,
ICT Risk AI Guideline,5.4.4.5,Access to and enjoyment of essential private services and essential public services,,,,,,,,,,,,,,
ICT Risk AI Guideline,,and benefits:,,,,,,,,,,,,,,
ICT Risk AI Guideline,,,,,,,,,,,,,,,,
ICT Risk AI Guideline,,a) AI systems intended to be used by public authorities or on behalf of public,,,,,,,,,,,,,,
ICT Risk AI Guideline,,authorities to evaluate the eligibility of natural persons for essential public,,,,,,,,,,,,,,
ICT Risk AI Guideline,ID: 24.2-24.7,Information to be submitted upon the registration of high-risk AI systems in,,,,,,,,,,,,,,
ICT Risk AI Guideline,(version 1.0),accordance with Article 49 and Annex VIII EU AI Act,,,,,,,,,,,,,,
ICT Risk AI Guideline,24.2.1,a) The following information must be submitted by providers to the EU,,,,,,,,,,,,,,
ICT Risk AI Guideline,,database prior to placing a high-risk AI system on the market:,,,,,,,,,,,,,,
ICT Risk AI Guideline,,,,,,,,,,,,,,,,
ICT Risk AI Guideline,,"1. Provider’s name, address, and contact details.",,,,,,,,,,,,,,
ICT Risk AI Guideline,,2. Contact details of any person submitting information on behalf of the,,,,,,,,,,,,,,
ICT Risk AI Guideline,,provider.,,,,,,,,,,,,,,
ICT Risk AI Guideline,,3. Authorized representative’s contact details (if applicable).,,,,,,,,,,,,,,
ICT Risk AI Guideline,,4. AI system trade name and traceability reference.,,,,,,,,,,,,,,
ICT Risk AI Guideline,,5. Description of the intended purpose and supported,,,,,,,,,,,,,,
ICT Risk AI Guideline,,components/functions.,,,,,,,,,,,,,,
ICT Risk AI Guideline,,6. Concise description of data used and operating logic.,,,,,,,,,,,,,,
ICT Risk AI Guideline,,"7. System status (e.g., on market, recalled).",,,,,,,,,,,,,,
ICT Risk AI Guideline,,"8. Certificate details from notified body (type, number, expiry date, body",,,,,,,,,,,,,,
ICT Risk AI Guideline,,ID).,,,,,,,,,,,,,,
ICT Risk AI Guideline,,9. Scanned copy of the certificate (if applicable).,,,,,,,,,,,,,,
ICT Risk AI Guideline,,10. Member States where the system is placed on the market or in service.,,,,,,,,,,,,,,
ICT Risk AI Guideline,,11. Copy of the EU declaration of conformity (see control requirement ID 23,,,,,,,,,,,,,,
ICT Risk AI Guideline,,High-Risk AI Systems Conformity Assessment).,,,,,,,,,,,,,,
ICT Risk AI Guideline,,12. Electronic instructions for use,,,,,,,,,,,,,,
ICT Risk AI Guideline,,13. 13. Optional URL for additional information.,,,,,,,,,,,,,,
ICT Risk AI Guideline,24.5.1,b) The following information must be submitted by providers to the EU,,,,,,,,,,,,,,
ICT Risk AI Guideline,,database prior to placing a non-high-risk AI system on the market:,,,,,,,,,,,,,,
ICT Risk AI Guideline,,,,,,,,,,,,,,,,
ICT Risk AI Guideline,,1. Provider’s contact details.,,,,,,,,,,,,,,
ICT Risk AI Guideline,,2. Contact details of any person submitting on behalf of the provider.,,,,,,,,,,,,,,
ICT Risk AI Guideline,,For the testing of high-risk AI systems in real world conditions outside AI,,,,,,,,,,,,,,
ICT Risk AI Guideline,ID: 27.1,,,,,,,,,,,,,,,
ICT Risk AI Guideline,,regulatory sandboxes all the following conditions must be met according to,,,,,,,,,,,,,,
ICT Risk AI Guideline,(version 1.0),Article 60 (4) EU AI Act,,,,,,,,,,,,,,
ICT Risk AI Guideline,27.1.1,Testing Plan of high-risk AI system,,,,,,,,,,,,,,
ICT Risk AI Guideline,,− A real-world testing plan must be prepared and submitted to the competent,,,,,,,,,,,,,,
ICT Risk AI Guideline,,market surveillance authority in the Member State where testing will occur.,,,,,,,,,,,,,,
ICT Risk AI Guideline,27.1.2,Approval of high-risk AI system,,,,,,,,,,,,,,
ICT Risk AI Guideline,,− Approval from the market surveillance authority must be obtained before testing,,,,,,,,,,,,,,
ICT Risk AI Guideline,,"begins. Where tacit approval is permitted under national law, testing must not",,,,,,,,,,,,,,
ICT Risk AI Guideline,,commence until the approval period has elapsed.,,,,,,,,,,,,,,
ICT Risk AI Guideline,27.1.3,Registration of high-risk AI system,,,,,,,,,,,,,,
ICT Risk AI Guideline,,− Testing in real-world conditions must be registered with a unique Union-wide,,,,,,,,,,,,,,
ICT Risk AI Guideline,,identification number and include all information specified in Annex IX EU AI Act.,,,,,,,,,,,,,,
ICT Risk AI Guideline,,"− For AI systems in sensitive areas (law enforcement, migration, asylum, border",,,,,,,,,,,,,,
ICT Risk AI Guideline,,"control), registration must be completed in the secure non-public EU database as",,,,,,,,,,,,,,
ICT Risk AI Guideline,,required by Article 49 EU AI Act.,,,,,,,,,,,,,,
ICT Risk AI Guideline,27.1.4,Legal Representation related to high-risk AI system,,,,,,,,,,,,,,
ICT Risk AI Guideline,,− The provider or prospective provider must be established in the Union or must,,,,,,,,,,,,,,
ICT Risk AI Guideline,,appoint a legal representative established in the Union.,,,,,,,,,,,,,,
ICT Risk AI Guideline,27.1.5,Data Transfer and Protection (high-risk AI system),,,,,,,,,,,,,,
ICT Risk AI Guideline,,− Data collected during testing must not be transferred to third countries unless,,,,,,,,,,,,,,
ICT Risk AI Guideline,,appropriate safeguards under Union law are implemented.,,,,,,,,,,,,,,
ICT Risk AI Guideline,,− Personal data of test subjects must be deleted after testing is completed.,,,,,,,,,,,,,,
ICT Risk AI Guideline,,"According to Annex IX EU AI Act, the following information must be provided and",,,,,,,,,,,,,,
ICT Risk AI Guideline,ID: 27.2,,,,,,,,,,,,,,,
ICT Risk AI Guideline,,thereafter kept up to date regarding testing of high-risk AI systems in real-world,,,,,,,,,,,,,,
ICT Risk AI Guideline,(version 1.0),conditions to be registered in accordance with Article 60 EU AI Act:,,,,,,,,,,,,,,
ICT Risk AI Guideline,27.2.1,"According to Annex IX EU AI Act, the following information must be provided and",,,,,,,,,,,,,,
ICT Risk AI Guideline,,thereafter kept up to date regarding testing of high-risk AI systems in real-world,,,,,,,,,,,,,,
ICT Risk AI Guideline,,,,,,,,,,,,,,,,
ICT Risk AI Guideline,,conditions to be registered in accordance with Article 60 EU AI Act:,,,,,,,,,,,,,,
ICT Risk AI Guideline,,1. A Union-wide unique single identification number of the testing in real world,,,,,,,,,,,,,,
ICT Risk AI Guideline,,conditions;,,,,,,,,,,,,,,
ICT Risk AI Guideline,,2. The name and contact details of the provider or prospective provider and of,,,,,,,,,,,,,,
ICT Risk AI Guideline,,the deployers involved in the testing in real world conditions;,,,,,,,,,,,,,,
ICT Risk AI Guideline,,"3. A brief description of the AI system, its intended purpose, and other",,,,,,,,,,,,,,
ICT Risk AI Guideline,,information necessary for the identification of the system;,,,,,,,,,,,,,,
ICT Risk AI Guideline,,4. A summary of the main characteristics of the plan for testing in real world,,,,,,,,,,,,,,
ICT Risk AI Guideline,,conditions;,,,,,,,,,,,,,,
ICT Risk AI Guideline,,5. Information on the suspension or termination of the testing in real world,,,,,,,,,,,,,,
ICT Risk AI Guideline,,conditions.,,,,,,,,,,,,,,
ICT Risk AI Guideline,,These requirements (according to Annex VII EU AI Act) apply to high-risk AI,,,,,,,,,,,,,,
ICT Risk AI Guideline,ID: 18.4,,,,,,,,,,,,,,,
ICT Risk AI Guideline,,systems that undergo a conformity assessment based on a quality management,,,,,,,,,,,,,,
ICT Risk AI Guideline,(version 1.0),system and technical documentation review by a notified body.,,,,,,,,,,,,,,
ICT Risk AI Guideline,18.4.1.1,"An approved internal control system for AI for the design, development, and testing",,,,,,,,,,,,,,
ICT Risk AI Guideline,,"of high-risk AI systems must be established, examined, and maintained in",,,,,,,,,,,,,,
ICT Risk AI Guideline,,,,,,,,,,,,,,,,
ICT Risk AI Guideline,,accordance with regulatory requirements.,,,,,,,,,,,,,,
ICT Risk AI Guideline,18.4.1.2,The technical documentation for each high-risk AI system must be compiled and,,,,,,,,,,,,,,
ICT Risk AI Guideline,,examined for conformity by a notified body.,,,,,,,,,,,,,,
ICT Risk AI Guideline,,,,,,,,,,,,,,,,
ICT Risk AI Guideline,18.4.2.1,A complete set of documentation for the internal control system for AI (AI ICS) must,,,,,,,,,,,,,,
ICT Risk AI Guideline,,be created and maintained. This documentation must include:,,,,,,,,,,,,,,
ICT Risk AI Guideline,,,,,,,,,,,,,,,,
ICT Risk AI Guideline,,− The name and address of the provider and any authorized representatives.,,,,,,,,,,,,,,
ICT Risk AI Guideline,,− A definitive list of all AI systems covered by the AI ICS.,,,,,,,,,,,,,,
ICT Risk AI Guideline,,− The complete technical documentation for each listed AI system.,,,,,,,,,,,,,,
ICT Risk AI Guideline,,"− Detailed documentation of the AI ICS, covering all aspects required by Article 17 of",,,,,,,,,,,,,,
ICT Risk AI Guideline,,the EU AI Act.,,,,,,,,,,,,,,
ICT Risk AI Guideline,,− A description of the procedures in place to ensure the AI ICS remains adequate,,,,,,,,,,,,,,
ICT Risk AI Guideline,,and effective.,,,,,,,,,,,,,,
ICT Risk AI Guideline,,− A written declaration confirming that the same application has not been lodged with,,,,,,,,,,,,,,
ICT Risk AI Guideline,,another notified body.,,,,,,,,,,,,,,
ICT Risk AI Guideline,18.4.2.2,The approved AI ICS must be continuously implemented and maintained to ensure,,,,,,,,,,,,,,
ICT Risk AI Guideline,,its adequacy and effectiveness.,,,,,,,,,,,,,,
ICT Risk AI Guideline,,,,,,,,,,,,,,,,
ICT Risk AI Guideline,18.4.2.3,Any intended changes to the approved AI ICS or the list of AI systems it covers,,,,,,,,,,,,,,
ICT Risk AI Guideline,,"must be identified, documented, and communicated to the relevant notified body for",,,,,,,,,,,,,,
ICT Risk AI Guideline,,,,,,,,,,,,,,,,
ICT Risk AI Guideline,,assessment.,,,,,,,,,,,,,,
ICT Risk AI Guideline,18.4.2.4,"All assessment decisions, conclusions, and notifications from the notified body",,,,,,,,,,,,,,
ICT Risk AI Guideline,,regarding the AI ICS must be formally recorded and archived.,,,,,,,,,,,,,,
ICT Risk AI Guideline,,,,,,,,,,,,,,,,
ICT Risk AI Guideline,18.4.3.1,The complete technical documentation as specified in Control Requirement ID 12 AI,,,,,,,,,,,,,,
ICT Risk AI Guideline,,Systems Technical Documentation must be prepared and maintained for,,,,,,,,,,,,,,
ICT Risk AI Guideline,,,,,,,,,,,,,,,,
ICT Risk AI Guideline,,assessment by a notified body.,,,,,,,,,,,,,,
ICT Risk AI Guideline,18.4.3.2,"Secure access to training, validation, and testing datasets must be provided to the",,,,,,,,,,,,,,
ICT Risk AI Guideline,,notified body upon request for the purpose of conformity assessment. This may,,,,,,,,,,,,,,
ICT Risk AI Guideline,,,,,,,,,,,,,,,,
ICT Risk AI Guideline,,include providing access through APIs or other remote access tools.,,,,,,,,,,,,,,
ICT Risk AI Guideline,18.4.3.3,"Secure access to the training and trained models of the AI system, including",,,,,,,,,,,,,,
ICT Risk AI Guideline,,"relevant parameters, must be provided to the notified body upon a reasoned",,,,,,,,,,,,,,
ICT Risk AI Guideline,,,,,,,,,,,,,,,,
ICT Risk AI Guideline,,"request, subject to existing laws on the protection of intellectual property and trade",,,,,,,,,,,,,,
ICT Risk AI Guideline,,secrets.,,,,,,,,,,,,,,
ICT Risk AI Guideline,ID: 26.1,Section 1 - Information to be provided by all providers of general-purpose AI,,,,,,,,,,,,,,
ICT Risk AI Guideline,(version 1.0),models (Annex XI EU AI Act),,,,,,,,,,,,,,
ICT Risk AI Guideline,26.1.1,A general description of the general-purpose AI model including:,,,,,,,,,,,,,,
ICT Risk AI Guideline,,a) the tasks that the model is intended to perform and the type and nature of AI,,,,,,,,,,,,,,
ICT Risk AI Guideline,,systems in which it can be integrated;,,,,,,,,,,,,,,
ICT Risk AI Guideline,,b) the acceptable use policies applicable;,,,,,,,,,,,,,,
ICT Risk AI Guideline,,c) the date of release and methods of distribution;,,,,,,,,,,,,,,
ICT Risk AI Guideline,,d) the architecture and number of parameters;,,,,,,,,,,,,,,
ICT Risk AI Guideline,,"e) the modality (e.g. text, image) and format of inputs and outputs;",,,,,,,,,,,,,,
ICT Risk AI Guideline,,f) the license.,,,,,,,,,,,,,,
ICT Risk AI Guideline,26.1.2,"A detailed description of the elements of the model referred to in point 1, and",,,,,,,,,,,,,,
ICT Risk AI Guideline,,"relevant information of the process for the development, including the following",,,,,,,,,,,,,,
ICT Risk AI Guideline,,,,,,,,,,,,,,,,
ICT Risk AI Guideline,,elements:,,,,,,,,,,,,,,
ICT Risk AI Guideline,,"a) the technical means (e.g. instructions of use, infrastructure, tools) required",,,,,,,,,,,,,,
ICT Risk AI Guideline,,for the general-purpose AI model to be integrated in AI systems;,,,,,,,,,,,,,,
ICT Risk AI Guideline,,"b) the design specifications of the model and training process, including",,,,,,,,,,,,,,
ICT Risk AI Guideline,,"training methodologies and techniques, the key design choices including the",,,,,,,,,,,,,,
ICT Risk AI Guideline,,rationale and assumptions made; what the model is designed to optimize for,,,,,,,,,,,,,,
ICT Risk AI Guideline,,"and the relevance of the different parameters, as applicable;",,,,,,,,,,,,,,
ICT Risk AI Guideline,ID: 26.2,Section 2 - Additional information to be provided by providers of general-,,,,,,,,,,,,,,
ICT Risk AI Guideline,(version 1.0),purpose AI models with systemic risk (Annex XI EU AI Act),,,,,,,,,,,,,,
ICT Risk AI Guideline,26.2.1,"A detailed description of the evaluation strategies, including evaluation results, on",,,,,,,,,,,,,,
ICT Risk AI Guideline,,the basis of available public evaluation protocols and tools or otherwise of other,,,,,,,,,,,,,,
ICT Risk AI Guideline,,,,,,,,,,,,,,,,
ICT Risk AI Guideline,,"evaluation methodologies. Evaluation strategies must include evaluation criteria,",,,,,,,,,,,,,,
ICT Risk AI Guideline,,metrics and the methodology on the identification of limitations.,,,,,,,,,,,,,,
ICT Risk AI Guideline,26.2.2,"Where applicable, a detailed description of the measures put in place for the",,,,,,,,,,,,,,
ICT Risk AI Guideline,,"purpose of conducting internal and/or external adversarial testing (e.g. red teaming),",,,,,,,,,,,,,,
ICT Risk AI Guideline,,,,,,,,,,,,,,,,
ICT Risk AI Guideline,,"model adaptations, including alignment and fine-tuning.",,,,,,,,,,,,,,
ICT Risk AI Guideline,26.2.3,"Where applicable, a detailed description of the system architecture explaining how",,,,,,,,,,,,,,
ICT Risk AI Guideline,,software components build or feed into each other and integrate into the overall,,,,,,,,,,,,,,
ICT Risk AI Guideline,,,,,,,,,,,,,,,,
ICT Risk AI Guideline,,processing.,,,,,,,,,,,,,,
ICT Risk AI Guideline,,Technical documentation for providers of general-purpose AI models to,,,,,,,,,,,,,,
ICT Risk AI Guideline,ID: 26.3,,,,,,,,,,,,,,,
ICT Risk AI Guideline,,downstream providers that integrate the model into their AI system must contain,,,,,,,,,,,,,,
ICT Risk AI Guideline,(version 1.0),at least the following (based on Annex XII EU AI Act),,,,,,,,,,,,,,
ICT Risk AI Guideline,26.3.1,A general description of the general-purpose AI model including:,,,,,,,,,,,,,,
ICT Risk AI Guideline,,a) the tasks that the model is intended to perform and the type and nature of AI,,,,,,,,,,,,,,
ICT Risk AI Guideline,,systems into which it can be integrated;,,,,,,,,,,,,,,
ICT Risk AI Guideline,,b) the acceptable use policies applicable;,,,,,,,,,,,,,,
ICT Risk AI Guideline,,c) the date of release and methods of distribution;,,,,,,,,,,,,,,
ICT Risk AI Guideline,,"d) how the model interacts, or can be used to interact, with hardware or",,,,,,,,,,,,,,
ICT Risk AI Guideline,,"software that is not part of the model itself, where applicable;",,,,,,,,,,,,,,
ICT Risk AI Guideline,,e) the versions of relevant software related to the use of the general-purpose,,,,,,,,,,,,,,
ICT Risk AI Guideline,,"AI model, where applicable;",,,,,,,,,,,,,,
ICT Risk AI Guideline,,f) the architecture and number of parameters;,,,,,,,,,,,,,,
ICT Risk AI Guideline,,"g) the modality (e.g. text, image) and format of inputs and outputs;",,,,,,,,,,,,,,
ICT Risk AI Guideline,,h) the license for the model.,,,,,,,,,,,,,,
ICT Risk Management Guideline_v3.0,<Specify ID:,,,,,,,,,,,,,,,
ICT Risk Management Guideline_v3.0,,,<Name of control requirement (e.g. Access to production data)>,,,,,,,,,,,,,
ICT Risk Management Guideline_v3.0,xx (version,,,,,,,,,,,,,,,
ICT Risk Management Guideline_v3.0,x)>,,,,,,,,,,,,,,,
ICT Risk Management Guideline_v3.0,,,,,,,,,,,,,,,,
ICT Risk Management Guideline_v3.0,1,,<Description of the control requirement>,,,,,,,,,,,,,
ICT Risk Management Guideline_v3.0,1.1,,<Lists the criteria applying to the control requirement>,,,,,,,,,,,,,
ICT Risk Management Guideline_v3.0,,,,,,,,,,,,,,,,
ICT Risk Management Guideline_v3.0,1.1.1,,<Lists the sub-criteria applying to the control requirement>,,,,,,,,,,,,,
ICT Risk Management Guideline_v3.0,Protection,,Key references,,,,,,,,,,,,,
ICT Risk Management Guideline_v3.0,,Protection,,,,,,,,,,,,,,
ICT Risk Management Guideline_v3.0,,goals,,,,,,,,,,,,,,
ICT Risk Management Guideline_v3.0,,,,,,,,,,,,,,,,
ICT Risk Management Guideline_v3.0,,,,,,,,,,,,,,,,
ICT Risk Management Guideline_v3.0,,,<Lists key regulatory references and industry best practice requirements affecting this control,,,,,,,,,,,,,
ICT Risk Management Guideline_v3.0,,<Specifies the,"requirement (e.g., ISO/IEC 27001:2022 A.5.10, A.8.1)>",,,,,,,,,,,,,
ICT Risk Management Guideline_v3.0,,protection goal of,,,,,,,,,,,,,,
ICT Risk Management Guideline_v3.0,,,,,,,,,,,,,,,,
ICT Risk Management Guideline_v3.0,,the control,,,,,,,,,,,,,,
ICT Risk Management Guideline_v3.0,,"requirement e.g.,",,,,,,,,,,,,,,
ICT Risk Management Guideline_v3.0,,CIAA,,,,,,,,,,,,,,
ICT Risk Management Guideline_v3.0,,"(Confidentiality,",,,,,,,,,,,,,,
ICT Risk Management Guideline_v3.0,,"Integrity,",,,,,,,,,,,,,,
ICT Risk Management Guideline_v3.0,,"Availability,",,,,,,,,,,,,,,
ICT Risk Management Guideline_v3.0,Authenticity)>,Authenticity)>,,,,,,,,,,,,,,
ICT Risk Management Guideline_v3.0,,,,,,,,,,,,,,,,
ICT Risk Management Guideline_v3.0,"The terms in this document are defined in the overall ICT Risk Glossary, which is provided on the",,,,,,,,,,,,,,,
ICT Risk Management Guideline_v3.0,Intranet website.,,,,,,,,,,,,,,,
ICT Risk Management Guideline_v3.0,ID: 1,,,,,,,,,,,,,,,
ICT Risk Management Guideline_v3.0,,ICT Risk Framework and ICT Risk Management Framework,,,,,,,,,,,,,,
ICT Risk Management Guideline_v3.0,(version 3.0),,,,,,,,,,,,,,,
ICT Risk Management Guideline_v3.0,,,,,,,,,,,,,,,,
ICT Risk Management Guideline_v3.0,1,It must be ensured that an ICT Risk Framework is established as an,,,,,,,,,,,,,,
ICT Risk Management Guideline_v3.0,,integral part of the ICT Risk Management Framework.,,,,,,,,,,,,,,
ICT Risk Management Guideline_v3.0,DOR.ICT.RMG.RIF.001,,,,,,,,,,,,,,,
ICT Risk Management Guideline_v3.0,1.1,A comprehensive ICT Risk Framework (which is part of the ICT Risk,,,,,,,,,,,,,,
ICT Risk Management Guideline_v3.0,,"Management Framework) must be planned, established, implemented,",,,,,,,,,,,,,,
ICT Risk Management Guideline_v3.0,DOR.ICT.RMG.RIF.002,,,,,,,,,,,,,,,
ICT Risk Management Guideline_v3.0,,"maintained, and continually improved to align with legislative, regulatory,",,,,,,,,,,,,,,
ICT Risk Management Guideline_v3.0,,,,,,,,,,,,,,,,
ICT Risk Management Guideline_v3.0,,"and contractual requirements, as well as best practices, international",,,,,,,,,,,,,,
ICT Risk Management Guideline_v3.0,,"standards, business objectives, digital operational resilience strategy,",,,,,,,,,,,,,,
ICT Risk Management Guideline_v3.0,,"legal entities' requirements, risk appetite, and the ICT Threat Landscape.",,,,,,,,,,,,,,
ICT Risk Management Guideline_v3.0,,Asset-Types: Business Process,,,,,,,,,,,,,,
ICT Risk Management Guideline_v3.0,,Key References: DORA 2022/2554 A.6.1,,,,,,,,,,,,,,
ICT Risk Management Guideline_v3.0,1.2,"The ICT Risk Management Framework must include at least strategies,",,,,,,,,,,,,,,
ICT Risk Management Guideline_v3.0,,"policies, procedures, ICT protocols and tools that are necessary to duly",,,,,,,,,,,,,,
ICT Risk Management Guideline_v3.0,DOR.ICT.RMG.RIF.003,,,,,,,,,,,,,,,
ICT Risk Management Guideline_v3.0,,and adequately protect Primary and Secondary Assets from ICT risks.,,,,,,,,,,,,,,
ICT Risk Management Guideline_v3.0,,,,,,,,,,,,,,,,
ICT Risk Management Guideline_v3.0,,"This also encompasses domains outside the mandate of ICT risk, such",,,,,,,,,,,,,,
ICT Risk Management Guideline_v3.0,,as Third-Party Risk Management or Business Continuity Management.,,,,,,,,,,,,,,
ICT Risk Management Guideline_v3.0,,"The ICT Risk Framework specifically includes documentation of policies,",,,,,,,,,,,,,,
ICT Risk Management Guideline_v3.0,,guidelines and procedures (incl. supporting documents).,,,,,,,,,,,,,,
ICT Risk Management Guideline_v3.0,,Asset-Types: Business Process,,,,,,,,,,,,,,
ICT Risk Management Guideline_v3.0,,Key References: DORA 2022/2554 A.6.1,,,,,,,,,,,,,,
ICT Risk Management Guideline_v3.0,1.3,The stakeholders (such as DBAG Group Risk Management and legal,,,,,,,,,,,,,,
ICT Risk Management Guideline_v3.0,,entity risk management function) defined in the ICT Risk Management,,,,,,,,,,,,,,
ICT Risk Management Guideline_v3.0,DOR.ICT.RMG.RIF.004,,,,,,,,,,,,,,,
ICT Risk Management Guideline_v3.0,,Framework (including the ICT Risk Management Policy and ICT Risk,,,,,,,,,,,,,,
ICT Risk Management Guideline_v3.0,,,,,,,,,,,,,,,,
ICT Risk Management Guideline_v3.0,,Guidelines) must be identified and adequately involved and informed,,,,,,,,,,,,,,
ICT Risk Management Guideline_v3.0,,about the ICT Risk Management Framework.,,,,,,,,,,,,,,
ICT Risk Management Guideline_v3.0,,Asset-Types: Business Process,,,,,,,,,,,,,,
ICT Risk Management Guideline_v3.0,,Key References: DORA 2022/2554 A.14.2,,,,,,,,,,,,,,
ICT Risk Management Guideline_v3.0,1.4,The ICT Risk Management Framework must be reviewed and approved,,,,,,,,,,,,,,
ICT Risk Management Guideline_v3.0,,at least once a year and must additionally be reviewed and approved at,,,,,,,,,,,,,,
ICT Risk Management Guideline_v3.0,DOR.ICT.RMG.RIF.005,,,,,,,,,,,,,,,
ICT Risk Management Guideline_v3.0,,least after the occurrence of a major ICT-related incident and following,,,,,,,,,,,,,,
ICT Risk Management Guideline_v3.0,,,,,,,,,,,,,,,,
ICT Risk Management Guideline_v3.0,,supervisory instructions or findings resulting from relevant digital,,,,,,,,,,,,,,
ICT Risk Management Guideline_v3.0,,operational resilience tests or audit procedures.,,,,,,,,,,,,,,
ICT Risk Management Guideline_v3.0,,Asset-Types: Business Process,,,,,,,,,,,,,,
ICT Risk Management Guideline_v3.0,,Key References: DORA 2022/2554 A.6.5,,,,,,,,,,,,,,
ICT Risk Management Guideline_v3.0,1.5,"The approach for monitoring, measuring, evaluating, and reporting of the",,,,,,,,,,,,,,
ICT Risk Management Guideline_v3.0,,ICT Risk Management Framework must be defined.,,,,,,,,,,,,,,
ICT Risk Management Guideline_v3.0,DOR.ICT.RMG.RIF.006,,,,,,,,,,,,,,,
ICT Risk Management Guideline_v3.0,,Asset-Types: Business Process,,,,,,,,,,,,,,
ICT Risk Management Guideline_v3.0,,Key References: ISO 27001:2022 Cor 202203 C.6.1.1,,,,,,,,,,,,,,
ICT Risk Management Guideline_v3.0,1.6,A report on the review of the ICT Risk Management Framework must,,,,,,,,,,,,,,
ICT Risk Management Guideline_v3.0,,,follow defined minimum requirements as outlined in Dora RTS Art. 27.2,,,,,,,,,,,,,
ICT Risk Management Guideline_v3.0,DOR.ICT.RMG.RIF.007,,,,,,,,,,,,,,,
ICT Risk Management Guideline_v3.0,,,,,,,,,,,,,,,,
ICT Risk Management Guideline_v3.0,ID: 2,,,,,,,,,,,,,,,
ICT Risk Management Guideline_v3.0,,Digital Operational Resilience Strategy,,,,,,,,,,,,,,
ICT Risk Management Guideline_v3.0,(version 3.0),,,,,,,,,,,,,,,
ICT Risk Management Guideline_v3.0,,,,,,,,,,,,,,,,
ICT Risk Management Guideline_v3.0,2,It must be ensured that a digital operational resilience (DOR),,,,,,,,,,,,,,
ICT Risk Management Guideline_v3.0,,"strategy is established, monitored and maintained supporting the",,,,,,,,,,,,,,
ICT Risk Management Guideline_v3.0,DOR.ICT.RMG.DOR.001,,,,,,,,,,,,,,,
ICT Risk Management Guideline_v3.0,,business strategy and objectives.,,,,,,,,,,,,,,
ICT Risk Management Guideline_v3.0,,,,,,,,,,,,,,,,
ICT Risk Management Guideline_v3.0,2.1,The DOR strategy must include current and target capabilities to,,,,,,,,,,,,,,
ICT Risk Management Guideline_v3.0,,address digital operational resilience and attain respective objectives,,,,,,,,,,,,,,
ICT Risk Management Guideline_v3.0,DOR.ICT.RMG.DOR.002,,,,,,,,,,,,,,,
ICT Risk Management Guideline_v3.0,,"(measured through appropriate metrics), by establishing the risk",,,,,,,,,,,,,,
ICT Risk Management Guideline_v3.0,,,,,,,,,,,,,,,,
ICT Risk Management Guideline_v3.0,,"tolerance level for ICT risk, in accordance with the risk appetite of legal",,,,,,,,,,,,,,
ICT Risk Management Guideline_v3.0,,entities.,,,,,,,,,,,,,,
ICT Risk Management Guideline_v3.0,,Asset-Types: Business Process,,,,,,,,,,,,,,
ICT Risk Management Guideline_v3.0,,"Key References: DORA 2022/2554 A.6.8b), A.6.8c)",,,,,,,,,,,,,,
ICT Risk Management Guideline_v3.0,2.2,The DOR strategy must explain the ICT reference architecture including,,,,,,,,,,,,,,
ICT Risk Management Guideline_v3.0,,required changes to reach the objectives.,,,,,,,,,,,,,,
ICT Risk Management Guideline_v3.0,DOR.ICT.RMG.DOR.003,,,,,,,,,,,,,,,
ICT Risk Management Guideline_v3.0,,Asset-Types: Business Process,,,,,,,,,,,,,,
ICT Risk Management Guideline_v3.0,,Key References: DORA 2022/2554 A.6.8d),,,,,,,,,,,,,,
ICT Risk Management Guideline_v3.0,2.3,The DOR strategy must outline implemented mechanisms to detect ICT-,,,,,,,,,,,,,,
ICT Risk Management Guideline_v3.0,,related incidents (incl. major ICT-related incidents) to prevent their,,,,,,,,,,,,,,
ICT Risk Management Guideline_v3.0,DOR.ICT.RMG.DOR.004,,,,,,,,,,,,,,,
ICT Risk Management Guideline_v3.0,,"impact and explain, by measuring their effectiveness, how they provide",,,,,,,,,,,,,,
ICT Risk Management Guideline_v3.0,,,,,,,,,,,,,,,,
ICT Risk Management Guideline_v3.0,,appropriate protection.,,,,,,,,,,,,,,
ICT Risk Management Guideline_v3.0,,Asset-Types: Business Process,,,,,,,,,,,,,,
ICT Risk Management Guideline_v3.0,,Key References: DORA 2022/2554 A.6.8e). A6.8f),,,,,,,,,,,,,,
ICT Risk Management Guideline_v3.0,2.4,The DOR strategy must explain required changes to digital operational,,,,,,,,,,,,,,
ICT Risk Management Guideline_v3.0,,resilience testing and how it is implemented.,,,,,,,,,,,,,,
ICT Risk Management Guideline_v3.0,DOR.ICT.RMG.DOR.005,,,,,,,,,,,,,,,
ICT Risk Management Guideline_v3.0,,Asset-Types: Business Process,,,,,,,,,,,,,,
ICT Risk Management Guideline_v3.0,,Key References: DORA 2022/2554 A.6.8g),,,,,,,,,,,,,,
ICT Risk Management Guideline_v3.0,2.5,The DOR strategy must outline a communication strategy in the event of,,,,,,,,,,,,,,
ICT Risk Management Guideline_v3.0,,ICT-related incidents which are to be disclosed.,,,,,,,,,,,,,,
ICT Risk Management Guideline_v3.0,DOR.ICT.RMG.DOR.006,,,,,,,,,,,,,,,
ICT Risk Management Guideline_v3.0,ID: 3,,,,,,,,,,,,,,,
ICT Risk Management Guideline_v3.0,,Target Protection Requirements,,,,,,,,,,,,,,
ICT Risk Management Guideline_v3.0,(version 3.0),,,,,,,,,,,,,,,
ICT Risk Management Guideline_v3.0,,,,,,,,,,,,,,,,
ICT Risk Management Guideline_v3.0,3,It must be ensured that control requirements in the ICT Risk,,,,,,,,,,,,,,
ICT Risk Management Guideline_v3.0,,Guidelines are properly defined and correspond to the protection,,,,,,,,,,,,,,
ICT Risk Management Guideline_v3.0,DOR.ICT.RMG.TPR.001,,,,,,,,,,,,,,,
ICT Risk Management Guideline_v3.0,,need.,,,,,,,,,,,,,,
ICT Risk Management Guideline_v3.0,,,,,,,,,,,,,,,,
ICT Risk Management Guideline_v3.0,3.1,Control requirements must be formulated to reflect the asset criticality with,,,,,,,,,,,,,,
ICT Risk Management Guideline_v3.0,,"regard to any of the protection goals, legislative statutory, regulatory and",,,,,,,,,,,,,,
ICT Risk Management Guideline_v3.0,DOR.ICT.RMG.TPR.002,,,,,,,,,,,,,,,
ICT Risk Management Guideline_v3.0,,"contractual requirements, as well as their role in supporting critical or",,,,,,,,,,,,,,
ICT Risk Management Guideline_v3.0,,,,,,,,,,,,,,,,
ICT Risk Management Guideline_v3.0,,important functions (CIF).,,,,,,,,,,,,,,
ICT Risk Management Guideline_v3.0,,Asset-Types: Business Process,,,,,,,,,,,,,,
ICT Risk Management Guideline_v3.0,,Key References: ISO 27001:2022 Cor 202203 C.8.1,,,,,,,,,,,,,,
ICT Risk Management Guideline_v3.0,ID: 4,,,,,,,,,,,,,,,
ICT Risk Management Guideline_v3.0,,Information classification,,,,,,,,,,,,,,
ICT Risk Management Guideline_v3.0,(version 3.0),,,,,,,,,,,,,,,
ICT Risk Management Guideline_v3.0,,,,,,,,,,,,,,,,
ICT Risk Management Guideline_v3.0,4,It must be ensured that information classification is performed and,,,,,,,,,,,,,,
ICT Risk Management Guideline_v3.0,,documented properly according to pre-defined criteria.,,,,,,,,,,,,,,
ICT Risk Management Guideline_v3.0,DOR.ICT.RMG.INC.001,,,,,,,,,,,,,,,
ICT Risk Management Guideline_v3.0,4.1,Information classification must reflect the highest classification value separately,,,,,,,,,,,,,,
ICT Risk Management Guideline_v3.0,,"for each security objective of confidentiality, integrity, availability, and",,,,,,,,,,,,,,
ICT Risk Management Guideline_v3.0,DOR.ICT.RMG.INC.002,,,,,,,,,,,,,,,
ICT Risk Management Guideline_v3.0,,authenticity.,,,,,,,,,,,,,,
ICT Risk Management Guideline_v3.0,,,,,,,,,,,,,,,,
ICT Risk Management Guideline_v3.0,,Asset-Types: Business Process,,,,,,,,,,,,,,
ICT Risk Management Guideline_v3.0,,Key References: ISO 27001:2022 Cor 202203; §8a (1) BSIG 9 MAS TRMG 3.3.1,,,,,,,,,,,,,,
ICT Risk Management Guideline_v3.0,4.2,"The classification process, criteria and classification results should be aligned",,,,,,,,,,,,,,
ICT Risk Management Guideline_v3.0,,with the business impact analysis methodology and process as well as the CIF,,,,,,,,,,,,,,
ICT Risk Management Guideline_v3.0,DOR.ICT.RMG.INC.003,,,,,,,,,,,,,,,
ICT Risk Management Guideline_v3.0,,process. It must consider the impact classification according to the table below.,,,,,,,,,,,,,,
ICT Risk Management Guideline_v3.0,,,,,,,,,,,,,,,,
ICT Risk Management Guideline_v3.0,,,Type of Impact,Critical,Major,Minor,Negligible,,,,,,,,,
ICT Risk Management Guideline_v3.0,,,Financial,Very high,High financial,Tangible losses,Minor losses,,,,,,,,,
ICT Risk Management Guideline_v3.0,,,,financial losses,losses with a,,,,,,,,,,,
ICT Risk Management Guideline_v3.0,,,,up to the,"substantial, but",,,,,,,,,,,
ICT Risk Management Guideline_v3.0,,,,existential threat,non-existential,,,,,,,,,,,
ICT Risk Management Guideline_v3.0,,,,to the business,threat,,,,,,,,,,,
ICT Risk Management Guideline_v3.0,,,,foundations.,,,,,,,,,,,,
ICT Risk Management Guideline_v3.0,,,Public,Affected for a,Affected for a,Affected for a,Affected,,,,,,,,,
ICT Risk Management Guideline_v3.0,,,confidence,long period,medium period,short period,below 1,,,,,,,,,
ICT Risk Management Guideline_v3.0,,,,,,,month,,,,,,,,,
ICT Risk Management Guideline_v3.0,,,Media or,Extensive,International,Media,Negative,,,,,,,,,
ICT Risk Management Guideline_v3.0,,,Reputation,international,coverage in most,broadening in,report in,,,,,,,,,
ICT Risk Management Guideline_v3.0,,,,media,international,one or a few,local media,,,,,,,,,
ICT Risk Management Guideline_v3.0,,,,broadening in,"newspapers, TV,",national or,,,,,,,,,,
ICT Risk Management Guideline_v3.0,,,,popular,and radio,international,,,,,,,,,,
ICT Risk Management Guideline_v3.0,,,,"newspapers, TV,",,newspapers,,,,,,,,,,
ICT Risk Management Guideline_v3.0,,,,and radio,,,,,,,,,,,,
ICT Risk Management Guideline_v3.0,,,Market,Harmful market,Harmful market,Market irritation,No,,,,,,,,,
ICT Risk Management Guideline_v3.0,,,,reaction and,reaction and,and undesirable,remarkable,,,,,,,,,
ICT Risk Management Guideline_v3.0,,,,significant market,significant market,movements for,impact,,,,,,,,,
ICT Risk Management Guideline_v3.0,,,,movement longer,movement,one day,,,,,,,,,,
ICT Risk Management Guideline_v3.0,,,,than 1-2 weeks,between 1 day to,,,,,,,,,,,
ICT Risk Management Guideline_v3.0,,,,,1-2 weeks,,,,,,,,,,,
ICT Risk Management Guideline_v3.0,,,Personal Data,Very high / high,Increased Risk,Normal PD,No PD,,,,,,,,,
ICT Risk Management Guideline_v3.0,,,(PD),risk PD,PD processing,processing,processing,,,,,,,,,
ICT Risk Management Guideline_v3.0,,,,processing,(exceptions),,,,,,,,,,,
ICT Risk Management Guideline_v3.0,,,Regulatory,"Significant fines,",Potential fines or,Verbal or written,No actions,,,,,,,,,
ICT Risk Management Guideline_v3.0,,,impact,special,other regulatory,comments,with respect,,,,,,,,,
ICT Risk Management Guideline_v3.0,,,,regulatory,actions,,to,,,,,,,,,
ICT Risk Management Guideline_v3.0,,,,supervision /,,,regulations,,,,,,,,,
ICT Risk Management Guideline_v3.0,,,,"investigation, or",,,,,,,,,,,,
ICT Risk Management Guideline_v3.0,,,,complete loss of,,,,,,,,,,,,
ICT Risk Management Guideline_v3.0,,,,license,,,,,,,,,,,,
ICT Risk Management Guideline_v3.0,,,,,,,,,,,,,,,,
ICT Risk Management Guideline_v3.0,,Asset-Types: Business Process,,,,,,,,,,,,,,
ICT Risk Management Guideline_v3.0,,Key References: ISO 27001:2022 Cor 202203 A.5.9,,,,,,,,,,,,,,
ICT Risk Management Guideline_v3.0,4.3,Information classification must be proportionately reflected in protection level and,,,,,,,,,,,,,,
ICT Risk Management Guideline_v3.0,,respective control requirements must be defined for the respective Information,,,,,,,,,,,,,,
ICT Risk Management Guideline_v3.0,DOR.ICT.RMG.INC.004,,,,,,,,,,,,,,,
ICT Risk Management Guideline_v3.0,,and related Secondary Assets.,,,,,,,,,,,,,,
ICT Risk Management Guideline_v3.0,,,,,,,,,,,,,,,,
ICT Risk Management Guideline_v3.0,ID: 5,,,,,,,,,,,,,,,
ICT Risk Management Guideline_v3.0,,Critical or important functions,,,,,,,,,,,,,,
ICT Risk Management Guideline_v3.0,(version 3.0),,,,,,,,,,,,,,,
ICT Risk Management Guideline_v3.0,,,,,,,,,,,,,,,,
ICT Risk Management Guideline_v3.0,5,It must be ensured that all critical or important functions and their,,,,,,,,,,,,,,
ICT Risk Management Guideline_v3.0,,supporting assets are identified.,,,,,,,,,,,,,,
ICT Risk Management Guideline_v3.0,DOR.ICT.RMG.CIF.001,,,,,,,,,,,,,,,
ICT Risk Management Guideline_v3.0,5.1,Procedures to identify critical or important functions must be in place.,,,,,,,,,,,,,,
ICT Risk Management Guideline_v3.0,DOR.ICT.RMG.CIF.002,Asset-Types: Business Process,,,,,,,,,,,,,,
ICT Risk Management Guideline_v3.0,,Key References: DORA 2022/2554 A.8.1,,,,,,,,,,,,,,
ICT Risk Management Guideline_v3.0,5.2,Critical or important functions must be identified and documented,,,,,,,,,,,,,,
ICT Risk Management Guideline_v3.0,,according to the specific criteria of the legal entities.,,,,,,,,,,,,,,
ICT Risk Management Guideline_v3.0,DOR.ICT.RMG.CIF.003,,,,,,,,,,,,,,,
ICT Risk Management Guideline_v3.0,,Asset-Types: Business Process,,,,,,,,,,,,,,
ICT Risk Management Guideline_v3.0,,Key References: DORA 2022/2554 A.8.1,,,,,,,,,,,,,,
ICT Risk Management Guideline_v3.0,5.3,Primary and Secondary Assets supporting critical or important functions,,,,,,,,,,,,,,
ICT Risk Management Guideline_v3.0,,must be identified and documented together with their roles and,,,,,,,,,,,,,,
ICT Risk Management Guideline_v3.0,DOR.ICT.RMG.CIF.004,,,,,,,,,,,,,,,
ICT Risk Management Guideline_v3.0,,dependencies in relation to ICT risk to provide context for the classification,,,,,,,,,,,,,,
ICT Risk Management Guideline_v3.0,,,,,,,,,,,,,,,,
ICT Risk Management Guideline_v3.0,,of information.,,,,,,,,,,,,,,
ICT Risk Management Guideline_v3.0,,Asset-Types: Business Process,,,,,,,,,,,,,,
ICT Risk Management Guideline_v3.0,,Key References: DORA 2022/2554 A.8.1,,,,,,,,,,,,,,
ICT Risk Management Guideline_v3.0,5.4,The identification of critical or important functions must be carried out at,,,,,,,,,,,,,,
ICT Risk Management Guideline_v3.0,,least annually.,,,,,,,,,,,,,,
ICT Risk Management Guideline_v3.0,DOR.ICT.RMG.CIF.005,,,,,,,,,,,,,,,
ICT Risk Management Guideline_v3.0,,Asset-Types: Business Process,,,,,,,,,,,,,,
ICT Risk Management Guideline_v3.0,,Key References: DORA 2022/2554 A.8.1,,,,,,,,,,,,,,
ICT Risk Management Guideline_v3.0,ID: 6,,,,,,,,,,,,,,,
ICT Risk Management Guideline_v3.0,,ICT Risk Management Methodology,,,,,,,,,,,,,,
ICT Risk Management Guideline_v3.0,(version 3.0),,,,,,,,,,,,,,,
ICT Risk Management Guideline_v3.0,,,,,,,,,,,,,,,,
ICT Risk Management Guideline_v3.0,ID: 7,,,,,,,,,,,,,,,
ICT Risk Management Guideline_v3.0,,ICT Risk Management Processes,,,,,,,,,,,,,,
ICT Risk Management Guideline_v3.0,(version 3.0),,,,,,,,,,,,,,,
ICT Risk Management Guideline_v3.0,,,,,,,,,,,,,,,,
ICT Risk Management Guideline_v3.0,7,It must be ensured that ICT Risk Management processes are in place,,,,,,,,,,,,,,
ICT Risk Management Guideline_v3.0,,"to identify, assess, treat, monitor, and report ICT risks.",,,,,,,,,,,,,,
ICT Risk Management Guideline_v3.0,DOR.ICT.RMG.PRC.001,,,,,,,,,,,,,,,
ICT Risk Management Guideline_v3.0,7.1,ICT Risk Management processes (incl. tools) must be designed and,,,,,,,,,,,,,,
ICT Risk Management Guideline_v3.0,,implemented to ensure that the risks are adequately managed and within,,,,,,,,,,,,,,
ICT Risk Management Guideline_v3.0,DOR.ICT.RMG.PRC.002,,,,,,,,,,,,,,,
ICT Risk Management Guideline_v3.0,,the defined risk appetite and tolerance level.,,,,,,,,,,,,,,
ICT Risk Management Guideline_v3.0,,,,,,,,,,,,,,,,
ICT Risk Management Guideline_v3.0,,Asset-Types: Business Process,,,,,,,,,,,,,,
ICT Risk Management Guideline_v3.0,,Key References: DORA RTS RMF A.3.c),,,,,,,,,,,,,,
ICT Risk Management Guideline_v3.0,7.2,ICT Risk Management processes must reflect the ICT Risk Management,,,,,,,,,,,,,,
ICT Risk Management Guideline_v3.0,,Methodology (incl. consideration of an ICT Risk Profile which includes,,,,,,,,,,,,,,
ICT Risk Management Guideline_v3.0,DOR.ICT.RMG.PRC.003,,,,,,,,,,,,,,,
ICT Risk Management Guideline_v3.0,,"Risk Taxonomy, ICT Threat Landscape, ICT Risk Categories, etc.) and",,,,,,,,,,,,,,
ICT Risk Management Guideline_v3.0,,,,,,,,,,,,,,,,
ICT Risk Management Guideline_v3.0,,address managing of information security and information technology and,,,,,,,,,,,,,,
ICT Risk Management Guideline_v3.0,,"other ICT-related risks (incl. facilities, people, and suppliers).",,,,,,,,,,,,,,
ICT Risk Management Guideline_v3.0,,Asset-Types: Business Process,,,,,,,,,,,,,,
ICT Risk Management Guideline_v3.0,,"Key References: DORA 2022/2554 A4.1, A4.2",,,,,,,,,,,,,,
ICT Risk Management Guideline_v3.0,7.3,Risk acceptance criteria based on risk appetite as well as evaluation,,,,,,,,,,,,,,
ICT Risk Management Guideline_v3.0,,criteria and impact criteria must be defined.,,,,,,,,,,,,,,
ICT Risk Management Guideline_v3.0,DOR.ICT.RMG.PRC.004,,,,,,,,,,,,,,,
ICT Risk Management Guideline_v3.0,,Asset-Types: Business Process,,,,,,,,,,,,,,
ICT Risk Management Guideline_v3.0,,Key References: ISO 27001:2022 Cor 202203 C.6.1.2,,,,,,,,,,,,,,
ICT Risk Management Guideline_v3.0,7.4,"All Primary (Information Assets, Process Assets) and Secondary Assets",,,,,,,,,,,,,,
ICT Risk Management Guideline_v3.0,,(IT and non-IT Assets) and control requirements must be part of the ICT,,,,,,,,,,,,,,
ICT Risk Management Guideline_v3.0,DOR.ICT.RMG.PRC.005,,,,,,,,,,,,,,,
ICT Risk Management Guideline_v3.0,,Risk Management processes.,,,,,,,,,,,,,,
ICT Risk Management Guideline_v3.0,,,,,,,,,,,,,,,,
ICT Risk Management Guideline_v3.0,ID: 8,,,,,,,,,,,,,,,
ICT Risk Management Guideline_v3.0,,ICT Risk Management Roles and Responsibilities,,,,,,,,,,,,,,
ICT Risk Management Guideline_v3.0,(version 3.0),,,,,,,,,,,,,,,
ICT Risk Management Guideline_v3.0,,,,,,,,,,,,,,,,
ICT Risk Management Guideline_v3.0,8,It must be ensured that roles and responsibilities regarding ICT Risk,,,,,,,,,,,,,,
ICT Risk Management Guideline_v3.0,,"Management and the resulting duties are defined, documented, and",,,,,,,,,,,,,,
ICT Risk Management Guideline_v3.0,DOR.ICT.RMG.RAR.001,,,,,,,,,,,,,,,
ICT Risk Management Guideline_v3.0,,operated.,,,,,,,,,,,,,,
ICT Risk Management Guideline_v3.0,,,,,,,,,,,,,,,,
ICT Risk Management Guideline_v3.0,8.1,"Staff responsible for designing, managing, and operating the ICT Risk",,,,,,,,,,,,,,
ICT Risk Management Guideline_v3.0,,Management Framework must have the necessary skills and,,,,,,,,,,,,,,
ICT Risk Management Guideline_v3.0,DOR.ICT.RMG.RAR.002,,,,,,,,,,,,,,,
ICT Risk Management Guideline_v3.0,,"competence, gained through proper education, training, or experience, or",,,,,,,,,,,,,,
ICT Risk Management Guideline_v3.0,,,,,,,,,,,,,,,,
ICT Risk Management Guideline_v3.0,,be under the proper supervision of experienced staff to ensure effective,,,,,,,,,,,,,,
ICT Risk Management Guideline_v3.0,,"ICT Risk management, IT and business operations, and IT compliance.",,,,,,,,,,,,,,
ICT Risk Management Guideline_v3.0,,Asset-Types: Business Process,,,,,,,,,,,,,,
ICT Risk Management Guideline_v3.0,,Key References: ISO 27001:2022 Cor 202203 C.7.2,,,,,,,,,,,,,,
ICT Risk Management Guideline_v3.0,8.2,Clearly separated roles and responsibilities considering the three lines of,,,,,,,,,,,,,,
ICT Risk Management Guideline_v3.0,,defense model or similar must be assigned for ICT-related functions such,,,,,,,,,,,,,,
ICT Risk Management Guideline_v3.0,DOR.ICT.RMG.RAR.003,,,,,,,,,,,,,,,
ICT Risk Management Guideline_v3.0,,"as for ICT Risk Oversight and ICT Operational Management, ensuring an",,,,,,,,,,,,,,
ICT Risk Management Guideline_v3.0,,,,,,,,,,,,,,,,
ICT Risk Management Guideline_v3.0,,appropriate level of independence between the roles to avoid conflict of,,,,,,,,,,,,,,
ICT Risk Management Guideline_v3.0,,interest.,,,,,,,,,,,,,,
ICT Risk Management Guideline_v3.0,,Asset-Types: Business Process,,,,,,,,,,,,,,
ICT Risk Management Guideline_v3.0,,"Key References: DORA 2022/2554 A.5.2c), A.6.4",,,,,,,,,,,,,,
ICT Risk Management Guideline_v3.0,8.3,When outsourcing tasks to verify compliance with ICT Risk management,,,,,,,,,,,,,,
ICT Risk Management Guideline_v3.0,,"requirements, whether internally or externally, DBAG or the respective",,,,,,,,,,,,,,
ICT Risk Management Guideline_v3.0,DOR.ICT.RMG.RAR.004,,,,,,,,,,,,,,,
ICT Risk Management Guideline_v3.0,,legal entity remains fully accountable.,,,,,,,,,,,,,,
ICT Risk Management Guideline_v3.0,,,,,,,,,,,,,,,,
ICT Risk Management Guideline_v3.0,,Asset-Types: Business Process,,,,,,,,,,,,,,
ICT Risk Management Guideline_v3.0,,Key References: DORA 2022/2554 A.6.10,,,,,,,,,,,,,,
ICT Risk Management Guideline_v3.0,8.4,"An Information Owner and Asset Owner must be responsible to manage,",,,,,,,,,,,,,,
ICT Risk Management Guideline_v3.0,,"monitor, protect and oversee information assets or IT and non-IT Assets",,,,,,,,,,,,,,
ICT Risk Management Guideline_v3.0,DOR.ICT.RMG.RAR.005,,,,,,,,,,,,,,,
ICT Risk Management Guideline_v3.0,,"throughout their entire lifecycle, ensuring the roles are identified,",,,,,,,,,,,,,,
ICT Risk Management Guideline_v3.0,,,,,,,,,,,,,,,,
ICT Risk Management Guideline_v3.0,,"classified, maintained, and updated annually or in case of any changes.",,,,,,,,,,,,,,
ICT Risk Management Guideline_v3.0,,"Asset-Types: Information, Business Process, Commercial-off-the-Shelf Solution,",,,,,,,,,,,,,,
ICT Risk Management Guideline_v3.0,,"Underlaying Software/Technology, SaaS, Tool, Certificate, Software Appliance,",,,,,,,,,,,,,,
ICT Risk Management Guideline_v3.0,,"Hardware Appliance, Cloud Appliance, Operating System, Cloud PaaS,",,,,,,,,,,,,,,
ICT Risk Management Guideline_v3.0,,"Container, End User Device, Mobile Device, Processing Peripheral, Storage",,,,,,,,,,,,,,
ICT Risk Management Guideline_v3.0,,"Media, Other Device, Storage, Server & Host Hardware, Network Connection,",,,,,,,,,,,,,,
ICT Risk Management Guideline_v3.0,ID: 9,,,,,,,,,,,,,,,
ICT Risk Management Guideline_v3.0,,Control Governance,,,,,,,,,,,,,,
ICT Risk Management Guideline_v3.0,(version 3.0),,,,,,,,,,,,,,,
ICT Risk Management Guideline_v3.0,,,,,,,,,,,,,,,,
ICT Risk Management Guideline_v3.0,9,It must be ensured that all control requirements from ICT Risk,,,,,,,,,,,,,,
ICT Risk Management Guideline_v3.0,,"Guidelines are fully addressed by controls, control ownership is",,,,,,,,,,,,,,
ICT Risk Management Guideline_v3.0,DOR.ICT.RMG.GOV.001,,,,,,,,,,,,,,,
ICT Risk Management Guideline_v3.0,,"assigned, controls are documented, and evidence from performed",,,,,,,,,,,,,,
ICT Risk Management Guideline_v3.0,,,,,,,,,,,,,,,,
ICT Risk Management Guideline_v3.0,,controls is in place3.,,,,,,,,,,,,,,
ICT Risk Management Guideline_v3.0,9.1,"Each control must be documented in relevant documents (e.g. Policies,",,,,,,,,,,,,,,
ICT Risk Management Guideline_v3.0,,"Guidelines, Processes, Procedures, ICS or other supporting",,,,,,,,,,,,,,
ICT Risk Management Guideline_v3.0,DOR.ICT.RMG.GOV.002,,,,,,,,,,,,,,,
ICT Risk Management Guideline_v3.0,,documentation aimed at addressing all aspects of control requirements).,,,,,,,,,,,,,,
ICT Risk Management Guideline_v3.0,,,,,,,,,,,,,,,,
ICT Risk Management Guideline_v3.0,,Asset-Types: Business Process,,,,,,,,,,,,,,
ICT Risk Management Guideline_v3.0,,Key References: ISO/IEC 27001:2022 A.5.35,,,,,,,,,,,,,,
ICT Risk Management Guideline_v3.0,9.2,Evidence of performed controls must be in place and available upon,,,,,,,,,,,,,,
ICT Risk Management Guideline_v3.0,,request.,,,,,,,,,,,,,,
ICT Risk Management Guideline_v3.0,9.3,,,,,,,,,,,,,,,
ICT Risk Management Guideline_v3.0,,,Each control must have clearly defined ownership and be assigned to,,,,,,,,,,,,,
ICT Risk Management Guideline_v3.0,DOR.ICT.RMG.GOV.003,,,,,,,,,,,,,,,
ICT Risk Management Guideline_v3.0,,,"one Control Owner. Where this is not practicable, ownership may be",,,,,,,,,,,,,
ICT Risk Management Guideline_v3.0,,,,,,,,,,,,,,,,
ICT Risk Management Guideline_v3.0,,assigned to multiple Control Owners. ●,assigned to multiple Control Owners. ●,,,,,,,,,,,,,
ICT Risk Management Guideline_v3.0,,Asset-Types: Business Process,,,,,,,,,,,,,,
ICT Risk Management Guideline_v3.0,,Key References: ISO/IEC 27001:2022 A.5.36,,,,,,,,,,,,,,
ICT Risk Management Guideline_v3.0,ID: 10,,,,,,,,,,,,,,,
ICT Risk Management Guideline_v3.0,,"ICT Risk Profile, ICT Threat Landscape and Risk Categories",,,,,,,,,,,,,,
ICT Risk Management Guideline_v3.0,(version 3.0),,,,,,,,,,,,,,,
ICT Risk Management Guideline_v3.0,,,,,,,,,,,,,,,,
ICT Risk Management Guideline_v3.0,10,"It must be ensured that an ICT Risk Profile, including ICT Threat",,,,,,,,,,,,,,
ICT Risk Management Guideline_v3.0,,"Landscape, and ICT Risk Categories are in place.",,,,,,,,,,,,,,
ICT Risk Management Guideline_v3.0,DOR.ICT.RMG.RTL.001,,,,,,,,,,,,,,,
ICT Risk Management Guideline_v3.0,10.1,"An ICT Risk Profile must be in place, including a collection of at least the",,,,,,,,,,,,,,
ICT Risk Management Guideline_v3.0,,"following documentation, along with the links between these documents:",,,,,,,,,,,,,,
ICT Risk Management Guideline_v3.0,DOR.ICT.RMG.RTL.002,,,,,,,,,,,,,,,
ICT Risk Management Guideline_v3.0,,"The Risk Taxonomy, particularly the identification of the ICT-related Risk",,,,,,,,,,,,,,
ICT Risk Management Guideline_v3.0,,,,,,,,,,,,,,,,
ICT Risk Management Guideline_v3.0,,"Clusters and relevant Risk Items (Level 4), the Risk Appetite for ICT",,,,,,,,,,,,,,
ICT Risk Management Guideline_v3.0,,"risks (including Tolerance Levels), the ICT Threat Landscape, and ICT-",,,,,,,,,,,,,,
ICT Risk Management Guideline_v3.0,,related Operational Risk Scenarios (incl. results).,,,,,,,,,,,,,,
ICT Risk Management Guideline_v3.0,,Asset-Types: Business Process,,,,,,,,,,,,,,
ICT Risk Management Guideline_v3.0,,"Key References: CSDR Art. 45.1; DORA RTS RMF A.3ei), A.3eii), A.3eiii);",,,,,,,,,,,,,,
ICT Risk Management Guideline_v3.0,,"ISO/IEC 27001;2022 C.6.1.2, C.8.2, A.5.36; MAS TRMG 3.2.2, 4.1.4, 4.2.1",,,,,,,,,,,,,,
ICT Risk Management Guideline_v3.0,10.2,ICT-related entries in the Risk Taxonomy must be defined and,,,,,,,,,,,,,,
ICT Risk Management Guideline_v3.0,,"operationalized based on external factors (e.g. industry best practices,",,,,,,,,,,,,,,
ICT Risk Management Guideline_v3.0,DOR.ICT.RMG.RTL.003,,,,,,,,,,,,,,,
ICT Risk Management Guideline_v3.0,,"external threat intelligence, regulatory requirements, etc.) and internal",,,,,,,,,,,,,,
ICT Risk Management Guideline_v3.0,,,,,,,,,,,,,,,,
ICT Risk Management Guideline_v3.0,,"factors (e.g. business needs, risk appetite, internal threat intelligence).",,,,,,,,,,,,,,
ICT Risk Management Guideline_v3.0,,Asset-Types: Business Process,,,,,,,,,,,,,,
ICT Risk Management Guideline_v3.0,,Key References: DORA 2022/2554 A.6.8a),,,,,,,,,,,,,,
ICT Risk Management Guideline_v3.0,10.3,The ICT-related risk appetite and tolerance levels must be defined and,,,,,,,,,,,,,,
ICT Risk Management Guideline_v3.0,,approved as part of the overall risk appetite and tolerance levels of,,,,,,,,,,,,,,
ICT Risk Management Guideline_v3.0,DOR.ICT.RMG.RTL.004,,,,,,,,,,,,,,,
ICT Risk Management Guideline_v3.0,,"DBAG, respectively the legal entities and in relation to the Risk Taxonomy.",,,,,,,,,,,,,,
ICT Risk Management Guideline_v3.0,,,,,,,,,,,,,,,,
ICT Risk Management Guideline_v3.0,,Asset-Types: Business Process,,,,,,,,,,,,,,
ICT Risk Management Guideline_v3.0,,Key References: DORA 2022/2554 A.6.8b),,,,,,,,,,,,,,
ICT Risk Management Guideline_v3.0,10.4,"The ICT-related entries to the Risk Taxonomy, ICT Threat Landscape, ICT",,,,,,,,,,,,,,
ICT Risk Management Guideline_v3.0,,"Risk Categories, risk appetite and tolerance levels must be reviewed in",,,,,,,,,,,,,,
ICT Risk Management Guideline_v3.0,DOR.ICT.RMG.RTL.005,,,,,,,,,,,,,,,
ICT Risk Management Guideline_v3.0,,"defined intervals, at least annually.",,,,,,,,,,,,,,
ICT Risk Management Guideline_v3.0,,,,,,,,,,,,,,,,
ICT Risk Management Guideline_v3.0,,Asset-Types: Business Process,,,,,,,,,,,,,,
ICT Risk Management Guideline_v3.0,,Key References: DORA 2022/2554 A.6.8b),,,,,,,,,,,,,,
ICT Risk Management Guideline_v3.0,10.5,"An ICT Threat Landscape must be defined, refined, and implemented",,,,,,,,,,,,,,
ICT Risk Management Guideline_v3.0,,based on the pre-defined Risk Taxonomy and specifically identifying ICT,,,,,,,,,,,,,,
ICT Risk Management Guideline_v3.0,DOR.ICT.RMG.RTL.006,,,,,,,,,,,,,,,
ICT Risk Management Guideline_v3.0,,threats to the Group Level.,,,,,,,,,,,,,,
ICT Risk Management Guideline_v3.0,,,,,,,,,,,,,,,,
ICT Risk Management Guideline_v3.0,,Asset-Types: Business Process,,,,,,,,,,,,,,
ICT Risk Management Guideline_v3.0,,Key References: ISO 27001:2022 Cor 202203 C.6.1.2,,,,,,,,,,,,,,
ICT Risk Management Guideline_v3.0,10.6,,,,,,,,,,,,,,,
ICT Risk Management Guideline_v3.0,,,"The ICT Threat Landscape must be maintained and regularly updated,",,,,,,,,,,,,,
ICT Risk Management Guideline_v3.0,,,"include industry standard and knowledge bases, and shared with relevant",,,,,,,,,,,,,
ICT Risk Management Guideline_v3.0,,stakeholders.,stakeholders.,,,,,,,,,,,,,
ICT Risk Management Guideline_v3.0,,,,,,,,,,,,,,,,
ICT Risk Management Guideline_v3.0,,,"The ICT Threat Landscape also must provide a risk-based view, which",,,,,,,,,,,,,
ICT Risk Management Guideline_v3.0,,,then motivates content and prioritization of ICT Control Framework and,,,,,,,,,,,,,
ICT Risk Management Guideline_v3.0,,"ICT Key Controls, respectively.","ICT Key Controls, respectively.",,,,,,,,,,,,,
ICT Risk Management Guideline_v3.0,,Asset-Types: Business Process,,,,,,,,,,,,,,
ICT Risk Management Guideline_v3.0,,Key References: ISO 27001:2022 Cor 202203 C.6.1.2,,,,,,,,,,,,,,
ICT Risk Management Guideline_v3.0,ID: 11 (version 3.0),ICT Risk Assessment,,,,,,,,,,,,,,
ICT Risk Management Guideline_v3.0,11,It must be ensured that the ICT Risk Assessment with ICT Risk,,,,,,,,,,,,,,
ICT Risk Management Guideline_v3.0,,"Identification, Analysis and Evaluation is performed with sufficient",,,,,,,,,,,,,,
ICT Risk Management Guideline_v3.0,DOR.ICT.RMG.RAS.001,,,,,,,,,,,,,,,
ICT Risk Management Guideline_v3.0,,"resources, clearly defined responsibilities, and relevant risk data.",,,,,,,,,,,,,,
ICT Risk Management Guideline_v3.0,,,,,,,,,,,,,,,,
ICT Risk Management Guideline_v3.0,11.1,Associated roles and responsibilities for the ICT Risk Assessment must,,,,,,,,,,,,,,
ICT Risk Management Guideline_v3.0,,be defined.,,,,,,,,,,,,,,
ICT Risk Management Guideline_v3.0,DOR.ICT.RMG.RAS.002,,,,,,,,,,,,,,,
ICT Risk Management Guideline_v3.0,,Asset-Types: Business Process,,,,,,,,,,,,,,
ICT Risk Management Guideline_v3.0,,Key References: ICT Risk Framework 1.0,,,,,,,,,,,,,,
ICT Risk Management Guideline_v3.0,11.2,ICT risk assessment must be performed on all legacy ICT Systems at,,,,,,,,,,,,,,
ICT Risk Management Guideline_v3.0,,least annually and additionally before and after connecting them to new IT,,,,,,,,,,,,,,
ICT Risk Management Guideline_v3.0,DOR.ICT.RMG.RAS.003,,,,,,,,,,,,,,,
ICT Risk Management Guideline_v3.0,,Assets to ensure no new risks are introduced.,,,,,,,,,,,,,,
ICT Risk Management Guideline_v3.0,,,,,,,,,,,,,,,,
ICT Risk Management Guideline_v3.0,,Asset-Types: Business Process,,,,,,,,,,,,,,
ICT Risk Management Guideline_v3.0,,Key References: DORA 2022/2554 A.8.7,,,,,,,,,,,,,,
ICT Risk Management Guideline_v3.0,11.3,The ICT risk assessments of the affected Primary and Secondary Assets,,,,,,,,,,,,,,
ICT Risk Management Guideline_v3.0,,"including the ICT risk treatment measures, if implemented, must be re-",,,,,,,,,,,,,,
ICT Risk Management Guideline_v3.0,DOR.ICT.RMG.RAS.004,,,,,,,,,,,,,,,
ICT Risk Management Guideline_v3.0,,performed at least annually and in any of the following cases:,,,,,,,,,,,,,,
ICT Risk Management Guideline_v3.0,,,,,,,,,,,,,,,,
ICT Risk Management Guideline_v3.0,,- Increase of the asset’s criticality,,,,,,,,,,,,,,
ICT Risk Management Guideline_v3.0,,- New or stricter control requirement associated with the asset in the,,,,,,,,,,,,,,
ICT Risk Management Guideline_v3.0,,ICT Risk Guidelines,,,,,,,,,,,,,,
ICT Risk Management Guideline_v3.0,,- Significant change with a security impact,,,,,,,,,,,,,,
ICT Risk Management Guideline_v3.0,,- In case of special requests by third party or regulator,,,,,,,,,,,,,,
ICT Risk Management Guideline_v3.0,,- Before the go-live,,,,,,,,,,,,,,
ICT Risk Management Guideline_v3.0,,-,"Major change in the network and information system infrastructure, in",,,,,,,,,,,,,
ICT Risk Management Guideline_v3.0,,,the processes or procedures affecting their ICT supported business,,,,,,,,,,,,,
ICT Risk Management Guideline_v3.0,,"functions, information assets or ICT system assets ●","functions, information assets or ICT system assets ●",,,,,,,,,,,,,
ICT Risk Management Guideline_v3.0,,Asset-Types: Business Process,,,,,,,,,,,,,,
ICT Risk Management Guideline_v3.0,,"Key References: ISO 27001:2022 Cor 202203 C.6.1.2, DORA Art. 8.3",,,,,,,,,,,,,,
ICT Risk Management Guideline_v3.0,ID: 12 (version 3.0),ICT Risk Identification,,,,,,,,,,,,,,
ICT Risk Management Guideline_v3.0,12,It must be ensured that ICT risks relevant to the organization are,,,,,,,,,,,,,,
ICT Risk Management Guideline_v3.0,,properly identified.,,,,,,,,,,,,,,
ICT Risk Management Guideline_v3.0,DOR.ICT.RMG.RID.001,,,,,,,,,,,,,,,
ICT Risk Management Guideline_v3.0,12.1,An ICT risk identification process must be established to identify potential,,,,,,,,,,,,,,
ICT Risk Management Guideline_v3.0,,ICT risks.,,,,,,,,,,,,,,
ICT Risk Management Guideline_v3.0,DOR.ICT.RMG.RID.002,,,,,,,,,,,,,,,
ICT Risk Management Guideline_v3.0,,Asset-Types: Business Process,,,,,,,,,,,,,,
ICT Risk Management Guideline_v3.0,,Key References: DORA 2022/2554 A.8.2,,,,,,,,,,,,,,
ICT Risk Management Guideline_v3.0,12.2,"The identification of internal and external vulnerabilities and threats,",,,,,,,,,,,,,,
ICT Risk Management Guideline_v3.0,,,,,"and threats,",,,,,,,,,,,
ICT Risk Management Guideline_v3.0,,,"particularly exposure to and from other financial entities,",,related to all,,,,,,,,,,,
ICT Risk Management Guideline_v3.0,DOR.ICT.RMG.RID.003,"relevant ICT supported business functions, Primary, and Secondary",,,,,,,,,,,,,,
ICT Risk Management Guideline_v3.0,,Assets must be conducted,,continuously. Risks (including linkage to ICT,,,,,,,,,,,,
ICT Risk Management Guideline_v3.0,,,"Threats) related to all relevant ICT supported business functions, Primary,",,,,,,,,,,,,,
ICT Risk Management Guideline_v3.0,ID: 13 (version 3.0),ICT Risk Analysis,,,,,,,,,,,,,,
ICT Risk Management Guideline_v3.0,13,It must be ensured that all identified ICT risks are analyzed.,,,,,,,,,,,,,,
ICT Risk Management Guideline_v3.0,DOR.ICT.RMG.RAN.001,,,,,,,,,,,,,,,
ICT Risk Management Guideline_v3.0,13.1,An ICT risk analysis process must be in place to determine and analyze,,,,,,,,,,,,,,
ICT Risk Management Guideline_v3.0,,identified ICT risks based on their likelihood of occurrence and their,,,,,,,,,,,,,,
ICT Risk Management Guideline_v3.0,DOR.ICT.RMG.RAN.002,,,,,,,,,,,,,,,
ICT Risk Management Guideline_v3.0,,potential impact.,,,,,,,,,,,,,,
ICT Risk Management Guideline_v3.0,,,,,,,,,,,,,,,,
ICT Risk Management Guideline_v3.0,,Asset-Types: Business Process,,,,,,,,,,,,,,
ICT Risk Management Guideline_v3.0,,Key References: DORA RTS RMF A.3b.i),,,,,,,,,,,,,,
ICT Risk Management Guideline_v3.0,13.2,The impact on DBAG or legal entities that might result from identified,,,,,,,,,,,,,,
ICT Risk Management Guideline_v3.0,,control requirement deviations considering the impact on loss of,,,,,,,,,,,,,,
ICT Risk Management Guideline_v3.0,DOR.ICT.RMG.RAN.003,,,,,,,,,,,,,,,
ICT Risk Management Guideline_v3.0,,"confidentiality, integrity, availability or authenticity of the assets and",,,,,,,,,,,,,,
ICT Risk Management Guideline_v3.0,,,,,,,,,,,,,,,,
ICT Risk Management Guideline_v3.0,,"business impact such as financial, reputational, compliance impact or",,,,,,,,,,,,,,
ICT Risk Management Guideline_v3.0,,privacy violation must be assessed.,,,,,,,,,,,,,,
ICT Risk Management Guideline_v3.0,,Asset-Types: Business Process,,,,,,,,,,,,,,
ICT Risk Management Guideline_v3.0,,Key References: DORA RTS RMF A.3b.ii),,,,,,,,,,,,,,
ICT Risk Management Guideline_v3.0,13.3,The likelihood of exploitation of identified control requirement deviations,,,,,,,,,,,,,,
ICT Risk Management Guideline_v3.0,,considering threats and vulnerabilities must be assessed.,,,,,,,,,,,,,,
ICT Risk Management Guideline_v3.0,DOR.ICT.RMG.RAN.004,,,,,,,,,,,,,,,
ICT Risk Management Guideline_v3.0,,Asset-Types: Business Process,,,,,,,,,,,,,,
ICT Risk Management Guideline_v3.0,,Key References: DORA RTS RMF A.3b),,,,,,,,,,,,,,
ICT Risk Management Guideline_v3.0,13.4,"As a result of the ICT risk analysis process, the ICT risk level based on",,,,,,,,,,,,,,
ICT Risk Management Guideline_v3.0,,impact and likelihood must be determined.,,,,,,,,,,,,,,
ICT Risk Management Guideline_v3.0,DOR.ICT.RMG.RAN.005,,,,,,,,,,,,,,,
ICT Risk Management Guideline_v3.0,,Asset-Types: Business Process,,,,,,,,,,,,,,
ICT Risk Management Guideline_v3.0,,Key References: ISO 27001:2022 Cor 202203 C.6.1.2,,,,,,,,,,,,,,
ICT Risk Management Guideline_v3.0,13.5,Qualitative and quantitative indicators to measure impact and likelihood of,,,,,,,,,,,,,,
ICT Risk Management Guideline_v3.0,,"OpRisk scenarios based on ICT Threat Events, Risks, and vulnerabilities",,,,,,,,,,,,,,
ICT Risk Management Guideline_v3.0,DOR.ICT.RMG.RAN.006,must be developed.,,,,,,,,,,,,,,
ICT Risk Management Guideline_v3.0,,,,,,,,,,,,,,,,
ICT Risk Management Guideline_v3.0,,Asset-Types: Business Process,,,,,,,,,,,,,,
ICT Risk Management Guideline_v3.0,,Key References: DORA RTS RMF A.3.b.ii),,,,,,,,,,,,,,
ICT Risk Management Guideline_v3.0,ID: 14 (version 3.0),ICT Risk Evaluation,,,,,,,,,,,,,,
ICT Risk Management Guideline_v3.0,14,"It must be ensured that identified ICT risks are evaluated, analyzed",,,,,,,,,,,,,,
ICT Risk Management Guideline_v3.0,,and prioritized.,,,,,,,,,,,,,,
ICT Risk Management Guideline_v3.0,DOR.ICT.RMG.REV.001,,,,,,,,,,,,,,,
ICT Risk Management Guideline_v3.0,14.1,An ICT Risk Evaluation process must be in place to evaluate the analyzed,,,,,,,,,,,,,,
ICT Risk Management Guideline_v3.0,,ICT risks resulting in a respective ICT risk level.,,,,,,,,,,,,,,
ICT Risk Management Guideline_v3.0,DOR.ICT.RMG.REV.002,,,,,,,,,,,,,,,
ICT Risk Management Guideline_v3.0,,Asset-Types: Business Process,,,,,,,,,,,,,,
ICT Risk Management Guideline_v3.0,,Key References: ISO 27001:2022 Cor 202203 C.6.1.2,,,,,,,,,,,,,,
ICT Risk Management Guideline_v3.0,ID: 15 (version 3.0),ICT Risk Treatment,,,,,,,,,,,,,,
ICT Risk Management Guideline_v3.0,15,It must be ensured that ICT risks are adequately treated.,,,,,,,,,,,,,,
ICT Risk Management Guideline_v3.0,DOR.ICT.RMG.RTR.001,,,,,,,,,,,,,,,
ICT Risk Management Guideline_v3.0,15.1,An ICT risk treatment process must be in place to manage and respond to,,,,,,,,,,,,,,
ICT Risk Management Guideline_v3.0,DOR.ICT.RMG.RTR.002,identified ICT risks.,,,,,,,,,,,,,,
ICT Risk Management Guideline_v3.0,,,,,,,,,,,,,,,,
ICT Risk Management Guideline_v3.0,,Asset-Types: Business Process,,,,,,,,,,,,,,
ICT Risk Management Guideline_v3.0,,Key References: ISO 27001:2022 Cor 202203 C.6.1.3,,,,,,,,,,,,,,
ICT Risk Management Guideline_v3.0,15.2,"ICT risk treatment plans must be created, documented, and maintained.",,,,,,,,,,,,,,
ICT Risk Management Guideline_v3.0,DOR.ICT.RMG.RTR.003,Asset-Types: Business Process,,,,,,,,,,,,,,
ICT Risk Management Guideline_v3.0,,Key References: ISO 27001:2022 Cor 202203 C.6.1.3,,,,,,,,,,,,,,
ICT Risk Management Guideline_v3.0,15.3,The ICT risk treatment plans must be signed off for all identified ICT risks,,,,,,,,,,,,,,
ICT Risk Management Guideline_v3.0,,by the respective Information Owner.,,,,,,,,,,,,,,
ICT Risk Management Guideline_v3.0,DOR.ICT.RMG.RTR.004,,,,,,,,,,,,,,,
ICT Risk Management Guideline_v3.0,,Asset-Types: Business Process,,,,,,,,,,,,,,
ICT Risk Management Guideline_v3.0,,Key References: ISO 27001:2022 Cor 202203 C.6.1.3,,,,,,,,,,,,,,
ICT Risk Management Guideline_v3.0,15.4,"The ICT risk treatment plan must include, at a minimum, the following",,,,,,,,,,,,,,
ICT Risk Management Guideline_v3.0,DOR.ICT.RMG.RTR.005,information:,,,,,,,,,,,,,,
ICT Risk Management Guideline_v3.0,,- Selected treatment option including actions for implementation,,,,,,,,,,,,,,
ICT Risk Management Guideline_v3.0,,"- Rationale for the selection of the treatment options, including the",,,,,,,,,,,,,,
ICT Risk Management Guideline_v3.0,,expected benefits to be attained,,,,,,,,,,,,,,
ICT Risk Management Guideline_v3.0,,- Responsible and accountable stakeholder for approving the,,,,,,,,,,,,,,
ICT Risk Management Guideline_v3.0,,treatment plan and implementing the plan,,,,,,,,,,,,,,
ICT Risk Management Guideline_v3.0,,Asset-Types: Business Process,,,,,,,,,,,,,,
ICT Risk Management Guideline_v3.0,,Key References: ISO 27001:2022 Cor 202203 C.6.1.3,,,,,,,,,,,,,,
ICT Risk Management Guideline_v3.0,15.5,Information Owners should be prepared to demonstrate and provide,,,,,,,,,,,,,,
ICT Risk Management Guideline_v3.0,,updates on the status of implementation of the ICT risk treatment plan,,,,,,,,,,,,,,
ICT Risk Management Guideline_v3.0,DOR.ICT.RMG.RTR.006,,,,,,,,,,,,,,,
ICT Risk Management Guideline_v3.0,,when required.,,,,,,,,,,,,,,
ICT Risk Management Guideline_v3.0,,,,,,,,,,,,,,,,
ICT Risk Management Guideline_v3.0,,Asset-Types: Business Process,,,,,,,,,,,,,,
ICT Risk Management Guideline_v3.0,,Key References: ISO 27001:2022 Cor 202203 C.6.1.3,,,,,,,,,,,,,,
ICT Risk Management Guideline_v3.0,15.6,All identified ICT risks must be assigned to one of the following treatment,,,,,,,,,,,,,,
ICT Risk Management Guideline_v3.0,,options as part of the ICT risk treatment plan:,,,,,,,,,,,,,,
ICT Risk Management Guideline_v3.0,DOR.ICT.RMG.RTR.007,,,,,,,,,,,,,,,
ICT Risk Management Guideline_v3.0,,Asset-Types: Business Process,,,,,,,,,,,,,,
ICT Risk Management Guideline_v3.0,,Key References: ISO 27001:2022 Cor 202203 C.6.1.3,,,,,,,,,,,,,,
ICT Risk Management Guideline_v3.0,15.6.1,“Accept” – acceptance of risk without mitigation (risks in scope for,,,,,,,,,,,,,,
ICT Risk Management Guideline_v3.0,,KRITIS assets must not be accepted if state-of-the-art mitigating,,,,,,,,,,,,,,
ICT Risk Management Guideline_v3.0,DOR.ICT.RMG.RTR.008,,,,,,,,,,,,,,,
ICT Risk Management Guideline_v3.0,,measures are available and their use is appropriate). Risk acceptance,,,,,,,,,,,,,,
ICT Risk Management Guideline_v3.0,,,,,,,,,,,,,,,,
ICT Risk Management Guideline_v3.0,,is only possible for the remaining residual risk.,,,,,,,,,,,,,,
ICT Risk Management Guideline_v3.0,,Asset-Types: Business Process,,,,,,,,,,,,,,
ICT Risk Management Guideline_v3.0,,Key References: ISO 27001:2022 Cor 202203 C.6.1.3,,,,,,,,,,,,,,
ICT Risk Management Guideline_v3.0,15.6.2,“Mitigate” – implementation of mitigating measures to reduce the ICT,,,,,,,,,,,,,,
ICT Risk Management Guideline_v3.0,,risk level.,,,,,,,,,,,,,,
ICT Risk Management Guideline_v3.0,DOR.ICT.RMG.RTR.009,,,,,,,,,,,,,,,
ICT Risk Management Guideline_v3.0,,Asset-Types: Business Process,,,,,,,,,,,,,,
ICT Risk Management Guideline_v3.0,,Key References: ISO 27001:2022 Cor 202203 C.6.1.3,,,,,,,,,,,,,,
ICT Risk Management Guideline_v3.0,ID: 16 (version 3.0),,,Residual Risk Handling,,,,,,,,,,,,
ICT Risk Management Guideline_v3.0,16,,,It must be ensured that residual ICT risks that remain after the ICT,,,,,,,,,,,,
ICT Risk Management Guideline_v3.0,,,,risk treatment has been performed are handled appropriately.,,,,,,,,,,,,
ICT Risk Management Guideline_v3.0,DOR.ICT.RMG.RRH.001,,,,,,,,,,,,,,,
ICT Risk Management Guideline_v3.0,16.1,,,A process to identify and determine residual ICT risks must be in place.,,,,,,,,,,,,
ICT Risk Management Guideline_v3.0,DOR.ICT.RMG.RRH.002,,,Asset-Types: Business Process,,,,,,,,,,,,
ICT Risk Management Guideline_v3.0,,,,Key References: DORA RTS RMF A.3d),,,,,,,,,,,,
ICT Risk Management Guideline_v3.0,16.2,,,"It must be ensured that residual ICT risks (e.g., in cases of risk",,,,,,,,,,,,
ICT Risk Management Guideline_v3.0,,,,"acceptance) are identified and registered in an inventory, along with an",,,,,,,,,,,,
ICT Risk Management Guideline_v3.0,DOR.ICT.RMG.RRH.003,,,,,,,,,,,,,,,
ICT Risk Management Guideline_v3.0,,,,acknowledgment of the residual ICT risk and an explanation for their,,,,,,,,,,,,
ICT Risk Management Guideline_v3.0,,,,,,,,,,,,,,,,
ICT Risk Management Guideline_v3.0,,,,acknowledgement.,,,,,,,,,,,,
ICT Risk Management Guideline_v3.0,,,,Asset-Types: Business Process,,,,,,,,,,,,
ICT Risk Management Guideline_v3.0,,,,Key References: DORA RTS RMF A.3d.iii),,,,,,,,,,,,
ICT Risk Management Guideline_v3.0,16.3,,,Acknowledged residual ICT risks must be reviewed at least annually,,,,,,,,,,,,
ICT Risk Management Guideline_v3.0,DOR.ICT.RMG.RRH.004,,,including:,,,,,,,,,,,,
ICT Risk Management Guideline_v3.0,,,,- Identification of changes to residual risks,,,,,,,,,,,,
ICT Risk Management Guideline_v3.0,,,,- Assessment of existing mitigation measures,,,,,,,,,,,,
ICT Risk Management Guideline_v3.0,,,,- Assess if the reasons for accepting the residual risks are still valid,,,,,,,,,,,,
ICT Risk Management Guideline_v3.0,,,,Asset-Types: Business Process,,,,,,,,,,,,
ICT Risk Management Guideline_v3.0,,,,"Key References: DORA RTS RMF A.3d.iv), A.3d.iv.1), A.3d.iv.2), A.3d.iv.3)",,,,,,,,,,,,
ICT Risk Management Guideline_v3.0,16.4,,,"If the residual risks have changed, the implemented mitigation measures",,,,,,,,,,,,
ICT Risk Management Guideline_v3.0,DOR.ICT.RMG.RRH.005,,,"are no longer sufficient, or the reasons for accepting the residual risks are",,,,,,,,,,,,
ICT Risk Management Guideline_v3.0,,,,"no longer valid, causing the residual risks to exceed the defined risk",,,,,,,,,,,,
ICT Risk Management Guideline_v3.0,,,,"tolerance levels, a new ICT risk treatment must be performed.",,,,,,,,,,,,
ICT Risk Management Guideline_v3.0,,,,,,,,,,,,,,,,
ICT Risk Management Guideline_v3.0,,,,Asset-Types: Business Process,,,,,,,,,,,,
ICT Risk Management Guideline_v3.0,,,,Key References: ICT Risk Framework 1.0,,,,,,,,,,,,
ICT Risk Management Guideline_v3.0,,16.5,,,Decisions on the acceptance and the review of residual ICT risks must be,,,,,,,,,,,
ICT Risk Management Guideline_v3.0,DOR.ICT.RMG.RRH.006,,,performed by Information Owners. ●,performed by Information Owners. ●,,,,,,,,,,,
ICT Risk Management Guideline_v3.0,,,,,,,,,,,,,,,,
ICT Risk Management Guideline_v3.0,,,,Asset-Types: Business Process,,,,,,,,,,,,
ICT Risk Management Guideline_v3.0,,,,Key References: ICT Risk Framework 1.0,,,,,,,,,,,,
ICT Risk Management Guideline_v3.0,ID: 17,,,,,,,,,,,,,,,
ICT Risk Management Guideline_v3.0,,,,ICT Risk Monitoring and Reporting,,,,,,,,,,,,
ICT Risk Management Guideline_v3.0,(version 3.0),,,,,,,,,,,,,,,
ICT Risk Management Guideline_v3.0,,,,,,,,,,,,,,,,
ICT Risk Management Guideline_v3.0,17,,,It must be ensured that ICT risks and related information are,,,,,,,,,,,,
ICT Risk Management Guideline_v3.0,,,,adequately communicated to the relevant stakeholders such as the,,,,,,,,,,,,
ICT Risk Management Guideline_v3.0,DOR.ICT.RMG.RMR.001,,,,,,,,,,,,,,,
ICT Risk Management Guideline_v3.0,,,,Management Body.,,,,,,,,,,,,
ICT Risk Management Guideline_v3.0,,,,,,,,,,,,,,,,
ICT Risk Management Guideline_v3.0,17.1,,,The reporting to relevant stakeholders and decision makers (incl.,,,,,,,,,,,,
ICT Risk Management Guideline_v3.0,,,,Management Body) must take place with an aggregation appropriate to,,,,,,,,,,,,
ICT Risk Management Guideline_v3.0,DOR.ICT.RMG.RMR.002,,,,,,,,,,,,,,,
ICT Risk Management Guideline_v3.0,,,,their roles and responsibilities related to ICT Risk management.,,,,,,,,,,,,
ICT Risk Management Guideline_v3.0,,,,,,,,,,,,,,,,
ICT Risk Management Guideline_v3.0,,,,Asset-Types: Business Process,,,,,,,,,,,,
ICT Risk Management Guideline_v3.0,,,,Key References: ISO/IEC 27001:2022 Cor 202203 C.6.1.3,,,,,,,,,,,,
ICT Risk Management Guideline_v3.0,17.2,,,"ICT risks identified as part of, and the results of ICT risk assessments,",,,,,,,,,,,,
ICT Risk Management Guideline_v3.0,,,,including the status of the ICT risk treatment plans must be,,,,,,,,,,,,
ICT Risk Management Guideline_v3.0,DOR.ICT.RMG.RMR.003,,,,,,,,,,,,,,,
ICT Risk Management Guideline_v3.0,,,,communicated to the relevant stakeholders and decision makers up to,,,,,,,,,,,,
ICT Risk Management Guideline_v3.0,,,,,,,,,,,,,,,,
ICT Risk Management Guideline_v3.0,,,,the Management Body for review.,,,,,,,,,,,,
ICT Risk Management Guideline_v3.0,,,,Asset-Types: Business Process,,,,,,,,,,,,
ICT Risk Management Guideline_v3.0,,,,Key References: ISO 27001:2022 Cor 202203 C.6.1.2,,,,,,,,,,,,
ICT Risk Management Guideline_v3.0,17.3,,,Identified ICT risks and relevant key indicators (e.g. risk appetite and,,,,,,,,,,,,
ICT Risk Management Guideline_v3.0,,,,"tolerance levels, digital operational resilience metrics, etc.) must be",,,,,,,,,,,,
ICT Risk Management Guideline_v3.0,DOR.ICT.RMG.RMR.004,,,,,,,,,,,,,,,
ICT Risk Management Guideline_v3.0,,,,reported regularly to:,,,,,,,,,,,,
ICT Risk Management Guideline_v3.0,,,,,,,,,,,,,,,,
ICT Risk Management Guideline_v3.0,,,,"- Appropriate stakeholders, including the ICT Risk Oversight and",,,,,,,,,,,,
ICT Risk Management Guideline_v3.0,,,,"ICT Operational Management at least quarterly, at least monthly",,,,,,,,,,,,
ICT Risk Management Guideline_v3.0,,,,in case of R3 risks and immediately in case of identification of R4,,,,,,,,,,,,
ICT Risk Management Guideline_v3.0,,,,risks,,,,,,,,,,,,
ICT Risk Management Guideline_v3.0,,,,- The affected Management Body and LE CISOs at least quarterly,,,,,,,,,,,,
ICT Risk Management Guideline_v3.0,,,,and within a month in case of identification of R4 risks,,,,,,,,,,,,
ICT Risk Management Guideline_v3.0,,,,Asset-Types: Business Process,,,,,,,,,,,,
ICT Risk Management Guideline_v3.0,,,,Key References: ISO 27001:2022 Cor 202203 C.6.1.3,,,,,,,,,,,,
ICT Risk Management Guideline_v3.0,17.4,,,All ICT risks must be registered in inventories which must be updated,,,,,,,,,,,,
ICT Risk Management Guideline_v3.0,,,,continuously and establish a monitoring and review process for,,,,,,,,,,,,
ICT Risk Management Guideline_v3.0,DOR.ICT.RMG.RMR.005,,,,,,,,,,,,,,,
ICT Risk Management Guideline_v3.0,,,,continuous assessment and treatment of risks.,,,,,,,,,,,,
ICT Risk Management Guideline_v3.0,,,,,,,,,,,,,,,,
ICT Risk Management Guideline_v3.0,,,,Asset-Types: Business Process,,,,,,,,,,,,
ICT Risk Management Guideline_v3.0,,,,Key References: ISO 27001:2022 Cor 202203 C.6.1.3,,,,,,,,,,,,
ICT Risk Management Guideline_v3.0,17.5,,,ICT risks with the highest ICT risk level must be assigned top priority and,,,,,,,,,,,,
ICT Risk Management Guideline_v3.0,,,,monitored closely with regular reporting on the actions that have been,,,,,,,,,,,,
ICT Risk Management Guideline_v3.0,DOR.ICT.RMG.RMR.006,,,,,,,,,,,,,,,
ICT Risk Management Guideline_v3.0,,,,taken to mitigate them.,,,,,,,,,,,,
ICT Risk Management Guideline_v3.0,,,,,,,,,,,,,,,,
ICT Risk Management Guideline_v3.0,,,,Asset-Types: Business Process,,,,,,,,,,,,
ICT Risk Management Guideline_v3.0,,,,Key References: ISO 27001:2022 Cor 202203 C.6.1.2,,,,,,,,,,,,
ICT Risk Management Guideline_v3.0,17.6,,,The fulfillment of ICT Risk control requirements must be documented for,,,,,,,,,,,,
ICT Risk Management Guideline_v3.0,DOR.ICT.RMG.RMR.007,,,"all Primary and Secondary Assets via ICT Risk documentation (e.g., ICT",,,,,,,,,,,,
ICT Risk Management Guideline_v3.0,,,,"Risk, Security Documentation (SD) or similar).",,,,,,,,,,,,
ICT Risk Management Guideline_v3.0,,,,,,,,,,,,,,,,
ICT Risk Management Guideline_v3.0,,,,Asset-Types: Business Process,,,,,,,,,,,,
ICT Risk Management Guideline_v3.0,,,,Key References: ISO 27001:2022 Cor 202203 A.5.31,,,,,,,,,,,,
ICT Risk Management Guideline_v3.0,,17.7,,,Senior ICT staff must report at least yearly to the management body and,,,,,,,,,,,
ICT Risk Management Guideline_v3.0,DOR.ICT.RMG.RMR.008,,,,LE CISOs on the following observations: ●,,,,,,,,,,,
ICT Risk Management Guideline_v3.0,,,,,"- digital operational resilience testing,",,,,,,,,,,,
ICT Risk Management Guideline_v3.0,,,,,,,,,,,,,,,,
ICT Risk Management Guideline_v3.0,ID: 18 (version 3.0),Independent4 ICT Internal Controls Monitoring and Risk Assurance,,,,,,,,,,,,,,
ICT Risk Management Guideline_v3.0,18,"It must be ensured that internal controls are monitored, ICT risk",,,,,,,,,,,,,,
ICT Risk Management Guideline_v3.0,,"assurance is provided, and control effectiveness validated and",,,,,,,,,,,,,,
ICT Risk Management Guideline_v3.0,DOR.ICT.RMG.CMR.001,,,,,,,,,,,,,,,
ICT Risk Management Guideline_v3.0,,reported to appropriate stakeholders such as Information and Asset,,,,,,,,,,,,,,
ICT Risk Management Guideline_v3.0,,,,,,,,,,,,,,,,
ICT Risk Management Guideline_v3.0,,"Owners, executive boards of the legal entities.",,,,,,,,,,,,,,
ICT Risk Management Guideline_v3.0,18.1,Established and implemented ICT internal controls must be continuously,,,,,,,,,,,,,,
ICT Risk Management Guideline_v3.0,,monitored and validated to ensure that these controls are valid and,,,,,,,,,,,,,,
ICT Risk Management Guideline_v3.0,DOR.ICT.RMG.CMR.002,,,,,,,,,,,,,,,
ICT Risk Management Guideline_v3.0,,effective.,,,,,,,,,,,,,,
ICT Risk Management Guideline_v3.0,,,,,,,,,,,,,,,,
ICT Risk Management Guideline_v3.0,,Asset-Types: Business Process,,,,,,,,,,,,,,
ICT Risk Management Guideline_v3.0,,Key References: DORA RTS RMF A.3a),,,,,,,,,,,,,,
ICT Risk Management Guideline_v3.0,18.2,Observations on the effectiveness of controls must be reported to control,,,,,,,,,,,,,,
ICT Risk Management Guideline_v3.0,,owners.,,,,,,,,,,,,,,
ICT Risk Management Guideline_v3.0,DOR.ICT.RMG.CMR.003,,,,,,,,,,,,,,,
ICT Risk Management Guideline_v3.0,,Asset-Types: Business Process,,,,,,,,,,,,,,
ICT Risk Management Guideline_v3.0,,Key References: DORA RTS RMF A.3a),,,,,,,,,,,,,,
ICT Risk Management Guideline_v3.0,ID: 19 (version 3.0),ICT Risk Management Continuous Improvement,,,,,,,,,,,,,,
ICT Risk Management Guideline_v3.0,19,It must be ensured that lessons learned on the activities performed,,,,,,,,,,,,,,
ICT Risk Management Guideline_v3.0,,as part of an ICT Risk Management processes are captured and,,,,,,,,,,,,,,
ICT Risk Management Guideline_v3.0,DOR.ICT.RMG.IMP.001,,,,,,,,,,,,,,,
ICT Risk Management Guideline_v3.0,,continuously used for improvement.,,,,,,,,,,,,,,
ICT Risk Management Guideline_v3.0,,,,,,,,,,,,,,,,
ICT Risk Management Guideline_v3.0,19.1,It must be ensured that the ICT Risk Management processes (incl. tool,,,,,,,,,,,,,,
ICT Risk Management Guideline_v3.0,,"definitions, etc.) are reviewed and improved to be up to date with latest",,,,,,,,,,,,,,
ICT Risk Management Guideline_v3.0,DOR.ICT.RMG.IMP.002,,,,,,,,,,,,,,,
ICT Risk Management Guideline_v3.0,,best practices and tailored to the needs of DBAG or the respective legal,,,,,,,,,,,,,,
ICT Risk Management Guideline_v3.0,,,,,,,,,,,,,,,,
ICT Risk Management Guideline_v3.0,,entity.,,,,,,,,,,,,,,
ICT Risk Management Guideline_v3.0,,Asset-Types: Business Process,,,,,,,,,,,,,,
ICT Risk Management Guideline_v3.0,,Key References: ICT Risk Framework 1.0,,,,,,,,,,,,,,
ICT Risk Management Guideline_v3.0,19.2,Independent reviews of ICT Risk Management processes and the,,,,,,,,,,,,,,
ICT Risk Management Guideline_v3.0,,"implementation thereof must be performed and if necessary, corrective",,,,,,,,,,,,,,
ICT Risk Management Guideline_v3.0,DOR.ICT.RMG.IMP.003,,,,,,,,,,,,,,,
ICT Risk Management Guideline_v3.0,,actions should be initiated.,,,,,,,,,,,,,,
ICT Risk Management Guideline_v3.0,,,,,,,,,,,,,,,,
ICT Risk Management Guideline_v3.0,,Asset-Types: Business Process,,,,,,,,,,,,,,
ICT Risk Management Guideline_v3.0,,Key References: ISO 27001:2022 Cor 202203 C.9.1.2,,,,,,,,,,,,,,
ICT Risk Management Guideline_v3.0,19.3,"Where appropriate, the results of monitoring technological developments",,,,,,,,,,,,,,
ICT Risk Management Guideline_v3.0,,must be used to update ICT Risk Management processes (incl. tools) and,,,,,,,,,,,,,,
ICT Risk Management Guideline_v3.0,DOR.ICT.RMG.IMP.004,,,,,,,,,,,,,,,
ICT Risk Management Guideline_v3.0,,effectively combat ICT risk (e.g. cyberattacks).,,,,,,,,,,,,,,
ICT Risk Management Guideline_v3.0,,,,,,,,,,,,,,,,
ICT Risk Management Guideline_v3.0,,Asset-Types: Business Process,,,,,,,,,,,,,,
ICT Risk Management Guideline_v3.0,,Key References: DORA 2022/2554 A.13.7,,,,,,,,,,,,,,
ICT Risk Management Guideline_v3.0,19.4,A follow-up process and rules for the timely verification and remediation of,,,,,,,,,,,,,,
ICT Risk Management Guideline_v3.0,,critical ICT-related audit findings must be established.,,,,,,,,,,,,,,
ICT Risk Management Guideline_v3.0,DOR.ICT.RMG.IMP.005,,,,,,,,,,,,,,,
ICT Risk Management Guideline_v3.0,,Asset-Types: Business Process,,,,,,,,,,,,,,
ICT Risk Management Guideline_v3.0,,Key References: DORA 2022/2554 A.6.7,,,,,,,,,,,,,,
ICT Risk Management Guideline_v3.0,ID: 20 (version 3.0),Provisions on Telecommunication Network and Services,,,,,,,,,,,,,,
ICT Risk Management Guideline_v3.0,20,It must be ensured that provisions for the telecommunication,,,,,,,,,,,,,,
ICT Risk Management Guideline_v3.0,,"network and services, including relevant registration and",,,,,,,,,,,,,,
ICT Risk Management Guideline_v3.0,DOR.ICT.RMG.TKG.001,,,,,,,,,,,,,,,
ICT Risk Management Guideline_v3.0,,"responsibilities, are properly managed.",,,,,,,,,,,,,,
ICT Risk Management Guideline_v3.0,,,,,,,,,,,,,,,,
ICT Risk Management Guideline_v3.0,20.1,A security officer5 must officially be nominated and contact details,,,,,,,,,,,,,,
ICT Risk Management Guideline_v3.0,,provided to the Bundesnetzagentur.,,,,,,,,,,,,,,
ICT Risk Management Guideline_v3.0,DOR.ICT.RMG.TKG.002,,,,,,,,,,,,,,,
ICT Risk Management Guideline_v3.0,,Asset-Types: Business Process,,,,,,,,,,,,,,
ICT Risk Management Guideline_v3.0,,Key References: TKG §166,,,,,,,,,,,,,,
ICT Risk Management Guideline_v3.0,20.2,The telecommunication network and telecommunication services must be,,,,,,,,,,,,,,
ICT Risk Management Guideline_v3.0,,registered at the Bundesnetzagentur.,,,,,,,,,,,,,,
ICT Risk Management Guideline_v3.0,DOR.ICT.RMG.TKG.003,,,,,,,,,,,,,,,
ICT Risk Management Guideline_v3.0,,Asset-Types: Business Process,,,,,,,,,,,,,,
ICT Risk Management Guideline_v3.0,,Key References: TKG §166,,,,,,,,,,,,,,
ICT Risk Management Guideline_v3.0,ID: 21,,,,,,,,,,,,,,,
ICT Risk Management Guideline_v3.0,,Digital Operational Resilience Testing Programme,,,,,,,,,,,,,,
ICT Risk Management Guideline_v3.0,(version,,,,,,,,,,,,,,,
ICT Risk Management Guideline_v3.0,3.0),,,,,,,,,,,,,,,
ICT Risk Management Guideline_v3.0,,,,,,,,,,,,,,,,
ICT Risk Management Guideline_v3.0,21,It must be ensured that a sound and comprehensive Digital Operational,,,,,,,,,,,,,,
ICT Risk Management Guideline_v3.0,,,It must be ensured that a sound and comprehensive Digital Operational,,,,,,,,,,,,,
ICT Risk Management Guideline_v3.0,,,"Resilience Testing (DORT) Programme is established, maintained, and",,,,,,,,,,,,,
ICT Risk Management Guideline_v3.0,,,,,,,,,,,,,,,,
ICT Risk Management Guideline_v3.0,,reviewed as an integral part of the ICT Risk Management Framework.,reviewed as an integral part of the ICT Risk Management Framework.,,,,,,,,,,,,,
ICT Risk Management Guideline_v3.0,21.1,"A DORT Programme must be established, documented, and maintained within the",,,,,,,,,,,,,,
ICT Risk Management Guideline_v3.0,,ICT Risk Management Framework.,,,,,,,,,,,,,,
ICT Risk Management Guideline_v3.0,,,,,,,,,,,,,,,,
ICT Risk Management Guideline_v3.0,,Asset-Types: Business Process,,,,,,,,,,,,,,
ICT Risk Management Guideline_v3.0,,Key References: DORA 2022/2554 Art. 24(1),,,,,,,,,,,,,,
IDP & NCLC Application Governance Guideline,<Specify ID:,,,,,,,,,,,,,,,
IDP & NCLC Application Governance Guideline,,<Name of control requirement (e.g. Access to production data)>,,,,,,,,,,,,,,
IDP & NCLC Application Governance Guideline,xx (version,,,,,,,,,,,,,,,
IDP & NCLC Application Governance Guideline,x)>,,,,,,,,,,,,,,,
IDP & NCLC Application Governance Guideline,,,,,,,,,,,,,,,,
IDP & NCLC Application Governance Guideline,1,<Description of the control requirement>,,,,,,,,,,,,,,
IDP & NCLC Application Governance Guideline,1.1,<Lists the criteria applying to the control requirement>,,,,,,,,,,,,,,
IDP & NCLC Application Governance Guideline,,,,,,,,,,,,,,,,
IDP & NCLC Application Governance Guideline,1.1.1,<Lists the sub-criteria applying to the control requirement>,,,,,,,,,,,,,,
IDP & NCLC Application Governance Guideline,,,Asset-Types: <Lists asset types applicable to the control requirement>,,,,,,,,,,,,,
IDP & NCLC Application Governance Guideline,,,Key references: <Lists key regulatory references and industry best practice requirements affecting this,,,,,,,,,,,,,
IDP & NCLC Application Governance Guideline,,"control requirement (e.g., ISO/IEC 27001:2022 A.5.10, A.8.1)>","control requirement (e.g., ISO/IEC 27001:2022 A.5.10, A.8.1)>",,,,,,,,,,,,,
IDP & NCLC Application Governance Guideline,,,,,,,,,,,,,,,,
IDP & NCLC Application Governance Guideline,,,,,,,,,,,,,,,,
IDP & NCLC Application Governance Guideline,"The terms in this document are defined in the overall ICT Risk Glossary, which is",,,,,,,,,,,,,,,
IDP & NCLC Application Governance Guideline,provided on the Intranet website.,,,,,,,,,,,,,,,
IDP & NCLC Application Governance Guideline,,,,,,,,,,,,,,,,
IDP & NCLC Application Governance Guideline,,,,,,,,,,,,,,,,
IDP & NCLC Application Governance Guideline,,ID: 1 (version 2.0),,,IDP Monitoring & Oversight,,,,,,,,,,,
IDP & NCLC Application Governance Guideline,,1,,,It must be ensured that IDP control activities are monitored and,,,,,,,,,,,
IDP & NCLC Application Governance Guideline,,,,,governed.,,,,,,,,,,,
IDP & NCLC Application Governance Guideline,,DOR.ICT.IDP.MNO.001,,,,,,,,,,,,,,
IDP & NCLC Application Governance Guideline,"1.1
DOR.ICT.IDP.MNO.002",,,"A centralized monitoring and oversight mechanism must be established
and maintained to govern and monitor the execution of IDP control
activities in DBG ●
Asset-Types: Information, Business Process, Individual Data Processing
Key References: DORA 2022/2554 A.5.1, A6.1, ISO 27001:2022 Cor 202203
A.5.36",,,,,,,,,,,,
IDP & NCLC Application Governance Guideline,ID: 2,,,,,,,,,,,,,,,
IDP & NCLC Application Governance Guideline,,Individual Data Processing Inventory and Ownership,,,,,,,,,,,,,,
IDP & NCLC Application Governance Guideline,(version 2.0),,,,,,,,,,,,,,,
IDP & NCLC Application Governance Guideline,,,,,,,,,,,,,,,,
IDP & NCLC Application Governance Guideline,2,All Individual Data Processing applications must be centrally,,,,,,,,,,,,,,
IDP & NCLC Application Governance Guideline,,"inventoried, regular reviewed, disabled if in-active for over 14 months,",,,,,,,,,,,,,,
IDP & NCLC Application Governance Guideline,DOR.ICT.IDP.INV.001,,,,,,,,,,,,,,,
IDP & NCLC Application Governance Guideline,,and documented.,,,,,,,,,,,,,,
IDP & NCLC Application Governance Guideline,,,,,,,,,,,,,,,,
IDP & NCLC Application Governance Guideline,2.1,All Individual Data Processing applications (IDP applications) currently used,,,,,,,,,,,,,,
IDP & NCLC Application Governance Guideline,DOR.ICT.IDP.INV.002,in practice must be,,consistently,identified and inventoried in a central IDP,,,,,,,,,,,
IDP & NCLC Application Governance Guideline,,application Inventory. If the IDP application is not detected through technical,,,,,,,,,,,,,,
IDP & NCLC Application Governance Guideline,,"measures, it must be registered manually.",,,,,,,,,,,,,,
IDP & NCLC Application Governance Guideline,,"Asset-Types: Information, Business Process, Individual Data Processing",,,,,,,,,,,,,,
IDP & NCLC Application Governance Guideline,,"Key References: DORA 2022/2554 A.8.1, DORA RTS RMF A.4.1, ISO 27001:2022",,,,,,,,,,,,,,
IDP & NCLC Application Governance Guideline,,Cor 202203 A.5.9,,,,,,,,,,,,,,
IDP & NCLC Application Governance Guideline,2.2,For all identified IDP applications the IDP application Inventory must contain,,,,,,,,,,,,,,
IDP & NCLC Application Governance Guideline,DOR.ICT.IDP.INV.003,at least the following information:,,,,,,,,,,,,,,
IDP & NCLC Application Governance Guideline,,- name and purpose of the IDP application,,,,,,,,,,,,,,
IDP & NCLC Application Governance Guideline,,"- version history, date",,,,,,,,,,,,,,
IDP & NCLC Application Governance Guideline,,- externally or internally developed,,,,,,,,,,,,,,
IDP & NCLC Application Governance Guideline,,- staff member(s) responsible for specialist aspects,,,,,,,,,,,,,,
IDP & NCLC Application Governance Guideline,,- staff member(s) responsible for technical aspects,,,,,,,,,,,,,,
IDP & NCLC Application Governance Guideline,,- technology (runtime environment or scripting language as chapter 3.3),,,,,,,,,,,,,,
IDP & NCLC Application Governance Guideline,,,- tagging of KRITIS-relevant assets ●,,,,,,,,,,,,,
IDP & NCLC Application Governance Guideline,,,- tagging of CIF supporting assets ●,,,,,,,,,,,,,
IDP & NCLC Application Governance Guideline,,"- result of the classification/protection requirements classification and,",,,,,,,,,,,,,,
IDP & NCLC Application Governance Guideline,,"where appropriate, the protective measures derived from these",,,,,,,,,,,,,,
IDP & NCLC Application Governance Guideline,,"Asset-Types: Information, Individual Data Processing, No‑code/Low-code",,,,,,,,,,,,,,
IDP & NCLC Application Governance Guideline,,Applications,,,,,,,,,,,,,,
IDP & NCLC Application Governance Guideline,,"Key References: §8a (1) BSIG 9, 10, DORA 2022/2554 A.8.1, A.8.4, DORA RTS",,,,,,,,,,,,,,
IDP & NCLC Application Governance Guideline,,"RMF A.4.2, ISO 27001:2022 Cor 202203 A.5.9",,,,,,,,,,,,,,
IDP & NCLC Application Governance Guideline,2.3,For all identified critical and major IDP applications the IDP application,,,,,,,,,,,,,,
IDP & NCLC Application Governance Guideline,DOR.ICT.IDP.INV.004,Inventory must additionally contain the following information:,,,,,,,,,,,,,,
IDP & NCLC Application Governance Guideline,,- Information Owner,,,,,,,,,,,,,,
IDP & NCLC Application Governance Guideline,,- Owning LE,,,,,,,,,,,,,,
IDP & NCLC Application Governance Guideline,,- Using LE,,,,,,,,,,,,,,
IDP & NCLC Application Governance Guideline,ID: 3,,,,,,,,,,,,,,,
IDP & NCLC Application Governance Guideline,,Classification of information,,,,,,,,,,,,,,
IDP & NCLC Application Governance Guideline,(version 2.0),,,,,,,,,,,,,,,
IDP & NCLC Application Governance Guideline,,,,,,,,,,,,,,,,
IDP & NCLC Application Governance Guideline,3,Individual Data Processing and Standard & Extended NCLC,,,,,,,,,,,,,,
IDP & NCLC Application Governance Guideline,,"applications must be classified based on their impact on security,",,,,,,,,,,,,,,
IDP & NCLC Application Governance Guideline,DOR.ICT.IDP.CLA.001,,,,,,,,,,,,,,,
IDP & NCLC Application Governance Guideline,,"technical complexity, and operational requirement, and regularly",,,,,,,,,,,,,,
IDP & NCLC Application Governance Guideline,,,,,,,,,,,,,,,,
IDP & NCLC Application Governance Guideline,,assessed.,,,,,,,,,,,,,,
IDP & NCLC Application Governance Guideline,3.1,IDP applications and Standard & Extended NCLC must be classified upon,,,,,,,,,,,,,,
IDP & NCLC Application Governance Guideline,,usage in practice according to an established information classification,,,,,,,,,,,,,,
IDP & NCLC Application Governance Guideline,DOR.ICT.IDP.CLA.002,,,,,,,,,,,,,,,
IDP & NCLC Application Governance Guideline,,"scheme in conformance with the information, which is processed, otherwise",,,,,,,,,,,,,,
IDP & NCLC Application Governance Guideline,,,,,,,,,,,,,,,,
IDP & NCLC Application Governance Guideline,,"handled, or protected by the application, i.e., considering the impact",,,,,,,,,,,,,,
IDP & NCLC Application Governance Guideline,,"regarding confidentiality, integrity, availability, and authenticity (180 days) ●",,,,,,,,,,,,,,
IDP & NCLC Application Governance Guideline,,"Asset-Types: Information, Individual Data Processing, No‑code/Low-code",,,,,,,,,,,,,,
IDP & NCLC Application Governance Guideline,,Applications,,,,,,,,,,,,,,
IDP & NCLC Application Governance Guideline,,"Key References: DORA 2022/2554 A.8.1, DORA RTS RMF A.5.2, ISO 27001:2022",,,,,,,,,,,,,,
IDP & NCLC Application Governance Guideline,,Cor 202203 A.5.12,,,,,,,,,,,,,,
IDP & NCLC Application Governance Guideline,,,,,,,,,,,,,,,,
IDP & NCLC Application Governance Guideline,ID: 4,,,,,,,,,,,,,,,
IDP & NCLC Application Governance Guideline,,Development and Documentation of IDPs and Extended No‑/Low‑Code Apps,,,,,,,,,,,,,,
IDP & NCLC Application Governance Guideline,(version 2.0),,,,,,,,,,,,,,,
IDP & NCLC Application Governance Guideline,,,,,,,,,,,,,,,,
IDP & NCLC Application Governance Guideline,4,IDP and Extended No‑/Low‑Code application development must include a,,,,,,,,,,,,,,
IDP & NCLC Application Governance Guideline,,"prior review to ensure necessity, adherence to coding standards and",,,,,,,,,,,,,,
IDP & NCLC Application Governance Guideline,DOR.ICT.IDP.DEV.001,,,,,,,,,,,,,,,
IDP & NCLC Application Governance Guideline,,required documentation for major and critical applications.,,,,,,,,,,,,,,
IDP & NCLC Application Governance Guideline,,,,,,,,,,,,,,,,
IDP & NCLC Application Governance Guideline,4.1,"Before an IDP application of the level ""critical"" or ""major"" and Extended NCLC",,,,,,,,,,,,,,
IDP & NCLC Application Governance Guideline,,,application are,"newly developed or an application of the level ""minor"" or",,,,,,,,,,,,
IDP & NCLC Application Governance Guideline,DOR.ICT.IDP.DEV.002,,,,,,,,,,,,,,,
IDP & NCLC Application Governance Guideline,,"""negligible"" level will fall into this category due to further development, the",,,,,,,,,,,,,,
IDP & NCLC Application Governance Guideline,,,,,,,,,,,,,,,,
IDP & NCLC Application Governance Guideline,,respective business unit and IT should jointly verify whether the planned,,,,,,,,,,,,,,
IDP & NCLC Application Governance Guideline,,processing purpose and the task addressed by the IDP,,,,,and Extended NCLC,,,,,,,,,
IDP & NCLC Application Governance Guideline,,application can already be covered by one of the existing applications or by its,,,,,,,,,,,,,,
IDP & NCLC Application Governance Guideline,,further development (180 days) ●,,,,,,,,,,,,,,
IDP & NCLC Application Governance Guideline,,"Asset-Types: Information, Individual Data Processing, No‑code/Low-code Applications",,,,,,,,,,,,,,
IDP & NCLC Application Governance Guideline,,"Key References: DORA 2022/2554 A.9.4 e), ISO 27001:2022 Cor 202203 A.8.27",,,,,,,,,,,,,,
IDP & NCLC Application Governance Guideline,4.2,IDP and Extended NCLC applications must follow established coding,,,,,,,,,,,,,,
IDP & NCLC Application Governance Guideline,,principles (180 days) ●,,,,,,,,,,,,,,
IDP & NCLC Application Governance Guideline,DOR.ICT.IDP.DEV.003,,,,,,,,,,,,,,,
IDP & NCLC Application Governance Guideline,,"Asset-Types: Information, Individual Data Processing, No‑code/Low-code Applications",,,,,,,,,,,,,,
IDP & NCLC Application Governance Guideline,,"Key References: DORA RTS RMF A.9.4 e), DORA RTS RMF A.16.9, ISO 27001:2022",,,,,,,,,,,,,,
IDP & NCLC Application Governance Guideline,,Cor 202203 A.8.31,,,,,,,,,,,,,,
IDP & NCLC Application Governance Guideline,4.3,For all major and critical IDP and extended NCLC applications regarding,,,,,,,,,,,,,,
IDP & NCLC Application Governance Guideline,,"authenticity, integrity or availability the development, including a functional",,,,,,,,,,,,,,
IDP & NCLC Application Governance Guideline,DOR.ICT.IDP.DEV.004,,,,,,,,,,,,,,,
IDP & NCLC Application Governance Guideline,,"documentation, must be documented in a clearly structured way and in a",,,,,,,,,,,,,,
IDP & NCLC Application Governance Guideline,,,,,,,,,,,,,,,,
IDP & NCLC Application Governance Guideline,,manner that is readily comprehensible for competent third parties. For all major,,,,,,,,,,,,,,
IDP & NCLC Application Governance Guideline,,and critical IDPs,,,and Extended NCLC,regarding confidentiality a limited,,,,,,,,,,
IDP & NCLC Application Governance Guideline,,functional documentation should be provided. The documentation must be,,,,,,,,,,,,,,
IDP & NCLC Application Governance Guideline,,stored according to applicable retention times (180 days) ●,,,,,,,,,,,,,,
IDP & NCLC Application Governance Guideline,,"Asset-Types: Information, Individual Data Processing, No‑code/Low-code Applications",,,,,,,,,,,,,,
IDP & NCLC Application Governance Guideline,,"Key References: DORA 2022/2554 A.9.4 e), DORA RTS RMF A.16.2, ISO",,,,,,,,,,,,,,
IDP & NCLC Application Governance Guideline,,27001:2022 Cor 202203 A.5.8,,,,,,,,,,,,,,
IDP & NCLC Application Governance Guideline,4.4,"For all IDP and Standard & Extended NCLC applications, a technical",,,,,,,,,,,,,,
IDP & NCLC Application Governance Guideline,,documentation must be in place (180 days) ●,,,,,,,,,,,,,,
IDP & NCLC Application Governance Guideline,DOR.ICT.IDP.DEV.005,,,,,,,,,,,,,,,
IDP & NCLC Application Governance Guideline,,"Asset-Types: Information, Individual Data Processing, No‑code/Low-code Applications",,,,,,,,,,,,,,
IDP & NCLC Application Governance Guideline,,"Key References: DORA RTS RMF A.9.4 e), DORA RTS RMF A.16.2, MAS TRMG",,,,,,,,,,,,,,
IDP & NCLC Application Governance Guideline,,6.5.3,,,,,,,,,,,,,,
IDP & NCLC Application Governance Guideline,ID: 5,,,,,,,,,,,,,,,
IDP & NCLC Application Governance Guideline,,General risk management,,,,,,,,,,,,,,
IDP & NCLC Application Governance Guideline,(version 2.0),,,,,,,,,,,,,,,
IDP & NCLC Application Governance Guideline,,,,,,,,,,,,,,,,
IDP & NCLC Application Governance Guideline,5,Monitoring control and processes to manage IT and security risk for,,,,,,,,,,,,,,
IDP & NCLC Application Governance Guideline,,major and critical IDP and Extended NCLC applications must be,,,,,,,,,,,,,,
IDP & NCLC Application Governance Guideline,DOR.ICT.IDP.GRM.001,,,,,,,,,,,,,,,
IDP & NCLC Application Governance Guideline,,"established, including regular and ad-hoc risk assessment, following",,,,,,,,,,,,,,
IDP & NCLC Application Governance Guideline,,,,,,,,,,,,,,,,
IDP & NCLC Application Governance Guideline,,establishing risk management practice.,,,,,,,,,,,,,,
IDP & NCLC Application Governance Guideline,"5.1
DOR.ICT.IDP.GRM.002","For major and critical IDP and Extended NCLC applications appropriate
monitoring and control processes must be set up for IT and information
security risks and other relevant risks caused by the application. This includes
in particular the definition of risk criteria, the identification of risks, the
determination of the need for protection, the derived protective measures for",,,,,,,,,,,,,,
IDP & NCLC Application Governance Guideline,,ID: 6 (version 2.0),,,IDP Application training,,,,,,,,,,,
IDP & NCLC Application Governance Guideline,,6,,,It must be ensured that employees are aware of IDP application-,,,,,,,,,,,
IDP & NCLC Application Governance Guideline,,,,,related topics.,,,,,,,,,,,
IDP & NCLC Application Governance Guideline,,DOR.ICT.IDP.TRA.001,,,,,,,,,,,,,,
IDP & NCLC Application Governance Guideline,"6.1
DOR.ICT.IDP.TRA.002",,,"IDP application trainings must be performed to increase the employees’
awareness regarding IDP application-related topics. Additionally, these
trainings should cover external employees to further enhance their
understanding.
Asset-Types: Business Process
Key References: DORA 2022/2554 A.13.6, DORA RTS RMF A.19b), ISO
27001:2022 Cor 202203 C.6.3",,,,,,,,,,,,
IDP & NCLC Application Governance Guideline,ID: 7,Technical security measures for IDP and Extended No-/Low-Code,,,,,,,,,,,,,,
IDP & NCLC Application Governance Guideline,(version 2.0),Applications,,,,,,,,,,,,,,
IDP & NCLC Application Governance Guideline,7,Security measures for IDP and Extended NCLC applications must be in,,,,,,,,,,,,,,
IDP & NCLC Application Governance Guideline,,"place and commensurate with their classification, including",,,,,,,,,,,,,,
IDP & NCLC Application Governance Guideline,DOR.ICT.IDP.SEC.001,,,,,,,,,,,,,,,
IDP & NCLC Application Governance Guideline,,"documentation, access control, test management, business continuity",,,,,,,,,,,,,,
IDP & NCLC Application Governance Guideline,,,,,,,,,,,,,,,,
IDP & NCLC Application Governance Guideline,,"management, periodic review, and transfer to regular applications.",,,,,,,,,,,,,,
IDP & NCLC Application Governance Guideline,7.1,The classification of information must determine the protection requirements,,,,,,,,,,,,,,
IDP & NCLC Application Governance Guideline,,for IDP and Extended NCLC applications (180 days) ●,,,,,,,,,,,,,,
IDP & NCLC Application Governance Guideline,DOR.ICT.IDP.SEC.002,,,,,,,,,,,,,,,
IDP & NCLC Application Governance Guideline,,"Asset-Types: Information, Individual Data Processing, No‑code/Low-code Applications",,,,,,,,,,,,,,
IDP & NCLC Application Governance Guideline,,"Key References: DORA 2022/2554 A.9.1, ISO 27001:2022 Cor 202203 A.5.8",,,,,,,,,,,,,,
IDP & NCLC Application Governance Guideline,7.2,If the protection requirements derived from the criticality exceed the technical,,,,,,,,,,,,,,
IDP & NCLC Application Governance Guideline,,"protection possibilities of the IDP application (e.g., VBA password, file open",,,,,,,,,,,,,,
IDP & NCLC Application Governance Guideline,DOR.ICT.IDP.SEC.003,,,,,,,,,,,,,,,
IDP & NCLC Application Governance Guideline,,"password), appropriate protective measures must be taken.",,,,,,,,,,,,,,
IDP & NCLC Application Governance Guideline,,,,,,,,,,,,,,,,
IDP & NCLC Application Governance Guideline,,"Asset-Types: Information, Individual Data Processing",,,,,,,,,,,,,,
IDP & NCLC Application Governance Guideline,,"Key References: DORA 2022/2554 A.9.2, ISO 27001:2022 Cor 202203 C.6.1.3",,,,,,,,,,,,,,
IDP & NCLC Application Governance Guideline,7.3,"To reduce risks regarding authenticity, integrity, or availability, IDP applications",,,,,,,,,,,,,,
IDP & NCLC Application Governance Guideline,,classified as critical and,,Extended NCLC applications classified as critical,,,,,,,,,,,,
IDP & NCLC Application Governance Guideline,DOR.ICT.IDP.SEC.004,,,,,,,,,,,,,,,
IDP & NCLC Application Governance Guideline,,,"regarding confidentiality, authenticity, integrity or availability",,must be,,,,,,,,,,,
IDP & NCLC Application Governance Guideline,,,,,,,,,,,,,,,,
IDP & NCLC Application Governance Guideline,,transferred into a regular application within three years after classification. A,,,,,,,,,,,,,,
IDP & NCLC Application Governance Guideline,ID: 8,,,,,,,,,,,,,,,
IDP & NCLC Application Governance Guideline,,No‑/Low-code applications governance,,,,,,,,,,,,,,
IDP & NCLC Application Governance Guideline,(version 2.0),,,,,,,,,,,,,,,
IDP & NCLC Application Governance Guideline,,,,,,,,,,,,,,,,
IDP & NCLC Application Governance Guideline,8,"No‑/Low-code Applications must be governed using a proportional,",,,,,,,,,,,,,,
IDP & NCLC Application Governance Guideline,,"risk‑based approach whereby all components (apps, flows, and",,,,,,,,,,,,,,
IDP & NCLC Application Governance Guideline,DOR.ICT.IDP.NLC.001,,,,,,,,,,,,,,,
IDP & NCLC Application Governance Guideline,,environments) comply with ICT Risk Framework and are subject to,,,,,,,,,,,,,,
IDP & NCLC Application Governance Guideline,,,,,,,,,,,,,,,,
IDP & NCLC Application Governance Guideline,,control requirements commensurate with their business impact and,,,,,,,,,,,,,,
IDP & NCLC Application Governance Guideline,,technical complexity.,,,,,,,,,,,,,,
IDP & NCLC Application Governance Guideline,8.1,Foundational and environmental risk‑based protections must be implemented,,,,,,,,,,,,,,
IDP & NCLC Application Governance Guideline,,,Foundational and environmental risk‑based protections must be implemented,,,,,,,,,,,,,
IDP & NCLC Application Governance Guideline,,,"at platform level wherever possible such as DLP (e.g., information/data",,,,,,,,,,,,,
IDP & NCLC Application Governance Guideline,DOR.ICT.IDP.NLC.002,,,,,,,,,,,,,,,
IDP & NCLC Application Governance Guideline,,,"labelling, connectors restriction), IAM (e.g., identity control, role-based & need",,,,,-,,,,,,,,
IDP & NCLC Application Governance Guideline,,,,,,,,,,,,,,,,
IDP & NCLC Application Governance Guideline,,"to-know enforcement, SOD (180 days) ●","to-know enforcement, SOD (180 days) ●",,,,,,,,,,,,,
IDP & NCLC Application Governance Guideline,,"Asset-Types: Information, No‑code/Low-code Applications",,,,,,,,,,,,,,
IDP & NCLC Application Governance Guideline,,"Key References: DORA 2022/2554 A.8.1, A.9.1, ISO 27001:2022 Cor 202203 C.6.1.2,",,,,,,,,,,,,,,
IDP & NCLC Application Governance Guideline,,"C.6.1.3, C.8.2, C.8.3, A.8.4, A.8.19, A.8.25, A.8.29, A.8.31, A.8.32",,,,,,,,,,,,,,
IDP & NCLC Application Governance Guideline,8.2,Standard and Extended NCLC applications must ensure asset governance,,,,,,,,,,,,,,
IDP & NCLC Application Governance Guideline,,,Standard and Extended NCLC applications must ensure asset governance,,,,,,,,,,,,,
IDP & NCLC Application Governance Guideline,,,"(including register centralized inventory, defined ownership, purpose, version",,,,,,,,,,,,,
IDP & NCLC Application Governance Guideline,DOR.ICT.IDP.NLC.003,,,,,,,,,,,,,,,
IDP & NCLC Application Governance Guideline,,,"history, classification, inventory maintenance, and risk‑based periodic review)",,,,,",",,,,,,,,
IDP & NCLC Application Governance Guideline,,,,,,,,,,,,,,,,
IDP & NCLC Application Governance Guideline,,,implement version control and Citizen Developer training must be provided to,,,,,,,,,,,,,
IDP & NCLC Application Governance Guideline,,the users (180 days) ●,the users (180 days) ●,,,,,,,,,,,,,
IDP & NCLC Application Governance Guideline,,"Asset-Types: Information, No‑code/Low-code Applications",,,,,,,,,,,,,,
IDP & NCLC Application Governance Guideline,,"Key References: DORA 2022/2554 A.9.2, ISO 27001:2022 Cor 202203 C.6.1.2,",,,,,,,,,,,,,,
IDP & NCLC Application Governance Guideline,,"C.6.1.3, C.8.2, C.8.3, A.8.4, A.8.19, A.8.25, A.8.29, A.8.31, A.8.32",,,,,,,,,,,,,,
IDP & NCLC Application Governance Guideline,8.3,Extended NCLC applications must apply enhanced governance by additionally,,,,,,,,,,,,,,
IDP & NCLC Application Governance Guideline,,,Extended NCLC applications must apply enhanced governance by additionall,,,,,,,,,,,,,
IDP & NCLC Application Governance Guideline,,,ensuring that the inventory contains required information as defined in,,,,,,,,,,,,,
IDP & NCLC Application Governance Guideline,DOR.ICT.IDP.NLC.004,,,,,,,,,,,,,,,
IDP & NCLC Application Governance Guideline,,,"requirement ID 2.2, 2.3, adhering to lifecycle requirements defined in",,,,,,,,,,,,,
IDP & NCLC Application Governance Guideline,,,,,,,,,,,,,,,,
IDP & NCLC Application Governance Guideline,,,"Requirement ID 2.8), implement segregated environment controls",,,,,,,,,,,,,
IDP & NCLC Application Governance Guideline,,,(Development / Test / Production) and protect the integrity and confidentiality,,,,,,,,,,,,,
IDP & NCLC Application Governance Guideline,,,"of data in non-production environments, including the use of anonymized or",,,,,,,,,,,,,
IDP & NCLC Application Governance Guideline,,,"pseudonymized data, and complying with applicable requirements mentioned",,,,,,,,,,,,,
IDP & NCLC Application Governance Guideline,,,"in requirement ID 3, 4, 5, 7 where required based on criticality and technical",,,,,,,,,,,,,
IDP & NCLC Application Governance Guideline,,complexity (180 days) ●,complexity (180 days) ●,,,,,,,,,,,,,
Identity and Access Management Guideline_v2.0,<Specify ID:,,,,,,,,,,,,,,,
Identity and Access Management Guideline_v2.0,,<Name of control requirement (e.g. Access to production data)>,,,,,,,,,,,,,,
Identity and Access Management Guideline_v2.0,xx (version,,,,,,,,,,,,,,,
Identity and Access Management Guideline_v2.0,x)>,,,,,,,,,,,,,,,
Identity and Access Management Guideline_v2.0,,,,,,,,,,,,,,,,
Identity and Access Management Guideline_v2.0,1,<Description of the control requirement>,,,,,,,,,,,,,,
Identity and Access Management Guideline_v2.0,1.1,<Lists the criteria applying to the control requirement>,,,,,,,,,,,,,,
Identity and Access Management Guideline_v2.0,,,,,,,,,,,,,,,,
Identity and Access Management Guideline_v2.0,1.1.1,<Lists the sub-criteria applying to the control requirement>,,,,,,,,,,,,,,
Identity and Access Management Guideline_v2.0,,,Asset-Types: <Lists asset types applicable to the control requirement>,,,,,,,,,,,,,
Identity and Access Management Guideline_v2.0,,,Key references: <Lists key regulatory references and industry best practice requirements affecting this,,,,,,,,,,,,,
Identity and Access Management Guideline_v2.0,,"control requirement (e.g., ISO/IEC 27001:2022 A.5.10, A.8.1)>","control requirement (e.g., ISO/IEC 27001:2022 A.5.10, A.8.1)>",,,,,,,,,,,,,
Identity and Access Management Guideline_v2.0,,,,,,,,,,,,,,,,
Identity and Access Management Guideline_v2.0,,,,,,,,,,,,,,,,
Identity and Access Management Guideline_v2.0,"The terms in this document are defined in the overall ICT Risk Glossary, which is",,,,,,,,,,,,,,,
Identity and Access Management Guideline_v2.0,provided on the Intranet website.,,,,,,,,,,,,,,,
Identity and Access Management Guideline_v2.0,,,,,,,,,,,,,,,,
Identity and Access Management Guideline_v2.0,ID: 1,,,,,,,,,,,,,,,
Identity and Access Management Guideline_v2.0,,IAM Rules & Procedures,,,,,,,,,,,,,,
Identity and Access Management Guideline_v2.0,(version 2.0),,,,,,,,,,,,,,,
Identity and Access Management Guideline_v2.0,,,,,,,,,,,,,,,,
Identity and Access Management Guideline_v2.0,1,"For Identity and Access Management, procedures and controls must be",,,,,,,,,,,,,,
Identity and Access Management Guideline_v2.0,,"defined, implemented, and performed.",,,,,,,,,,,,,,
Identity and Access Management Guideline_v2.0,DOR.ICT.IAM.PRC.001,,,,,,,,,,,,,,,
Identity and Access Management Guideline_v2.0,1.1,"A formal access management process, which includes the review and",,,,,,,,,,,,,,
Identity and Access Management Guideline_v2.0,,authorization of access requests by responsible authorities prior to,,,,,,,,,,,,,,
Identity and Access Management Guideline_v2.0,DOR.ICT.IAM.PRC.002,,,,,,,,,,,,,,,
Identity and Access Management Guideline_v2.0,,"provisioning, must be established, documented, and applied for all accounts",,,,,,,,,,,,,,
Identity and Access Management Guideline_v2.0,,,,,,,,,,,,,,,,
Identity and Access Management Guideline_v2.0,,and access rights.,,,,,,,,,,,,,,
Identity and Access Management Guideline_v2.0,,"Asset-Types: Commercial-off-the-Shelf Solution, Underlaying Software/Technology,",,,,,,,,,,,,,,
Identity and Access Management Guideline_v2.0,,"SaaS, Tool, Software Appliance, Hardware Appliance, Cloud Appliance, Operating",,,,,,,,,,,,,,
Identity and Access Management Guideline_v2.0,,"System, Cloud PaaS, Container, End User Device, Mobile Device, Processing",,,,,,,,,,,,,,
Identity and Access Management Guideline_v2.0,,"Peripheral, Other Device, Storage, Server & Host Hardware",,,,,,,,,,,,,,
Identity and Access Management Guideline_v2.0,,Key References: DORA RTS RMF A.20 1),,,,,,,,,,,,,,
Identity and Access Management Guideline_v2.0,1.2,Access requests and access provisioning for primary and secondary access,,,,,,,,,,,,,,
Identity and Access Management Guideline_v2.0,,"must be documented accordingly. A central record must be available,",,,,,,,,,,,,,,
Identity and Access Management Guideline_v2.0,DOR.ICT.IAM.PRC.003,,,,,,,,,,,,,,,
Identity and Access Management Guideline_v2.0,,"preferably via a designated IAM tool, and allow the tracking of individual",,,,,,,,,,,,,,
Identity and Access Management Guideline_v2.0,,,,,,,,,,,,,,,,
Identity and Access Management Guideline_v2.0,,requests by MyUserID.,,,,,,,,,,,,,,
Identity and Access Management Guideline_v2.0,,"Asset-Types: Commercial-off-the-Shelf Solution, Underlaying Software/Technology,",,,,,,,,,,,,,,
Identity and Access Management Guideline_v2.0,,"SaaS, Tool, Software Appliance, Hardware Appliance, Cloud Appliance, Operating",,,,,,,,,,,,,,
Identity and Access Management Guideline_v2.0,,"System, Cloud PaaS, Container, End User Device, Mobile Device, Processing",,,,,,,,,,,,,,
Identity and Access Management Guideline_v2.0,,"Peripheral, Other Device, Storage, Server & Host Hardware",,,,,,,,,,,,,,
Identity and Access Management Guideline_v2.0,,Key References: DORA RTS RMF A.20 1),,,,,,,,,,,,,,
Identity and Access Management Guideline_v2.0,1.3,Access requests must be reviewed and authorized by responsible authorities,,,,,,,,,,,,,,
Identity and Access Management Guideline_v2.0,,or persons. An additional approval by the Role Owner is required for business-,,,,,,,,,,,,,,
Identity and Access Management Guideline_v2.0,DOR.ICT.IAM.PRC.004,,,,,,,,,,,,,,,
Identity and Access Management Guideline_v2.0,,critical access.,,,,,,,,,,,,,,
Identity and Access Management Guideline_v2.0,,,,,,,,,,,,,,,,
Identity and Access Management Guideline_v2.0,,"Asset-Types: Commercial-off-the-Shelf Solution, Underlaying Software/Technology,",,,,,,,,,,,,,,
Identity and Access Management Guideline_v2.0,,"SaaS, Tool, Software Appliance, Hardware Appliance, Cloud Appliance, Operating",,,,,,,,,,,,,,
Identity and Access Management Guideline_v2.0,,"System, Cloud PaaS, Container, End User Device, Mobile Device, Processing",,,,,,,,,,,,,,
Identity and Access Management Guideline_v2.0,,"Peripheral, Other Device, Storage, Server & Host Hardware",,,,,,,,,,,,,,
Identity and Access Management Guideline_v2.0,,Key References: DORA RTS RMF A.20 1),,,,,,,,,,,,,,
Identity and Access Management Guideline_v2.0,1.4,"Automated access provisioning must be established. If not possible,",,,,,,,,,,,,,,
Identity and Access Management Guideline_v2.0,,"complementary controls must be designed, implemented, and described in the",,,,,,,,,,,,,,
Identity and Access Management Guideline_v2.0,DOR.ICT.IAM.PRC.005,,,,,,,,,,,,,,,
Identity and Access Management Guideline_v2.0,,Authorization Concept.,,,,,,,,,,,,,,
Identity and Access Management Guideline_v2.0,,,,,,,,,,,,,,,,
Identity and Access Management Guideline_v2.0,,"Asset-Types: Business Process, Commercial-off-the-Shelf Solution, Underlaying",,,,,,,,,,,,,,
Identity and Access Management Guideline_v2.0,,"Software/Technology, SaaS, Tool, Software Appliance, Hardware Appliance, Cloud",,,,,,,,,,,,,,
Identity and Access Management Guideline_v2.0,,Appliance,,,,,,,,,,,,,,
Identity and Access Management Guideline_v2.0,,Key References: DORA RTS RMF A.20 1),,,,,,,,,,,,,,
Identity and Access Management Guideline_v2.0,1.5,"An identity lifecycle process is established and must manage the creation,",,,,,,,,,,,,,,
Identity and Access Management Guideline_v2.0,,"change, review and update, temporary deactivation, and termination of all",,,,,,,,,,,,,,
Identity and Access Management Guideline_v2.0,DOR.ICT.IAM.PRC.006,,,,,,,,,,,,,,,
Identity and Access Management Guideline_v2.0,,accounts.,,,,,,,,,,,,,,
Identity and Access Management Guideline_v2.0,,,,,,,,,,,,,,,,
Identity and Access Management Guideline_v2.0,,"Asset-Types: Business Process, Commercial-off-the-Shelf Solution, Underlaying",,,,,,,,,,,,,,
Identity and Access Management Guideline_v2.0,,"Software/Technology, SaaS, Tool, Software Appliance, Hardware Appliance, Cloud",,,,,,,,,,,,,,
Identity and Access Management Guideline_v2.0,,Appliance,,,,,,,,,,,,,,
Identity and Access Management Guideline_v2.0,,Key References: DORA RTS RMF A.20 2b),,,,,,,,,,,,,,
Identity and Access Management Guideline_v2.0,ID: 1,,,,,,,,,,,,,,,
Identity and Access Management Guideline_v2.0,,IAM Rules & Procedures,,,,,,,,,,,,,,
Identity and Access Management Guideline_v2.0,(version 2.0),,,,,,,,,,,,,,,
Identity and Access Management Guideline_v2.0,,,,,,,,,,,,,,,,
Identity and Access Management Guideline_v2.0,1.6,Entitlements in affected target ICT Systems and validation of entitlement,,,,,,,,,,,,,,
Identity and Access Management Guideline_v2.0,,creation by reconciliation between target ICT System and requested access,,,,,,,,,,,,,,
Identity and Access Management Guideline_v2.0,DOR.ICT.IAM.PRC.007,,,,,,,,,,,,,,,
Identity and Access Management Guideline_v2.0,,must be enforced daily (including automated synchronization and clean-up of,,,,,,,,,,,,,,
Identity and Access Management Guideline_v2.0,,,,,,,,,,,,,,,,
Identity and Access Management Guideline_v2.0,,"identified deviations). If not possible, complementary controls must be",,,,,,,,,,,,,,
Identity and Access Management Guideline_v2.0,,"designed, implemented, and described in the Authorization Concept.",,,,,,,,,,,,,,
Identity and Access Management Guideline_v2.0,,"Asset-Types: Business Process, Commercial-off-the-Shelf Solution, Underlaying",,,,,,,,,,,,,,
Identity and Access Management Guideline_v2.0,,"Software/Technology, SaaS, Tool, Software Appliance, Hardware Appliance, Cloud",,,,,,,,,,,,,,
Identity and Access Management Guideline_v2.0,,"Appliance, Operating System, Cloud PaaS, Container, End User Device, Mobile",,,,,,,,,,,,,,
Identity and Access Management Guideline_v2.0,,"Device, Processing Peripheral, Other Device, Storage, Server & Host Hardware",,,,,,,,,,,,,,
Identity and Access Management Guideline_v2.0,,Key References: ISO 27001:2022 Cor 202203 A.5.18,,,,,,,,,,,,,,
Identity and Access Management Guideline_v2.0,1.7,Applications should automatically be reconciled. If automatic reconciliation is,,,,,,,,,,,,,,
Identity and Access Management Guideline_v2.0,,"not possible, complementary controls must be designed and implemented.",,,,,,,,,,,,,,
Identity and Access Management Guideline_v2.0,DOR.ICT.IAM.PRC.008,,,,,,,,,,,,,,,
Identity and Access Management Guideline_v2.0,,"Asset-Types: Business Process, Commercial-off-the-Shelf Solution, Underlaying",,,,,,,,,,,,,,
Identity and Access Management Guideline_v2.0,,"Software/Technology, SaaS, Tool, Software Appliance, Hardware Appliance, Cloud",,,,,,,,,,,,,,
Identity and Access Management Guideline_v2.0,,"Appliance, Operating System, Cloud PaaS, Container, End User Device, Mobile",,,,,,,,,,,,,,
Identity and Access Management Guideline_v2.0,,"Device, Processing Peripheral, Other Device, Storage, Server & Host Hardware",,,,,,,,,,,,,,
Identity and Access Management Guideline_v2.0,,Key References: ICT Risk Framework 1.0,,,,,,,,,,,,,,
Identity and Access Management Guideline_v2.0,ID: 2,,,,,,,,,,,,,,,
Identity and Access Management Guideline_v2.0,,IAM Definition of Access Rights,,,,,,,,,,,,,,
Identity and Access Management Guideline_v2.0,(version 2.0),,,,,,,,,,,,,,,
Identity and Access Management Guideline_v2.0,,,,,,,,,,,,,,,,
Identity and Access Management Guideline_v2.0,2,Access Rights for Identity Access Management must be defined and,,,,,,,,,,,,,,
Identity and Access Management Guideline_v2.0,,documented.,,,,,,,,,,,,,,
Identity and Access Management Guideline_v2.0,DOR.ICT.IAM.ACC.001,,,,,,,,,,,,,,,
Identity and Access Management Guideline_v2.0,2.1,Access rights including remote and emergency access must be assigned and,,,,,,,,,,,,,,
Identity and Access Management Guideline_v2.0,,"provisioned for IT Assets based on need-to-know, need-to-use and least",,,,,,,,,,,,,,
Identity and Access Management Guideline_v2.0,DOR.ICT.IAM.ACC.002,,,,,,,,,,,,,,,
Identity and Access Management Guideline_v2.0,,privilege principles.,,,,,,,,,,,,,,
Identity and Access Management Guideline_v2.0,,,,,,,,,,,,,,,,
Identity and Access Management Guideline_v2.0,,"Asset-Types: Business Process, Commercial-off-the-Shelf Solution, Underlaying",,,,,,,,,,,,,,
Identity and Access Management Guideline_v2.0,,"Software/Technology, SaaS, Tool, Software Appliance, Hardware Appliance, Cloud",,,,,,,,,,,,,,
Identity and Access Management Guideline_v2.0,,"Appliance, Operating System, Cloud PaaS, Container, End User Device, Mobile",,,,,,,,,,,,,,
Identity and Access Management Guideline_v2.0,,"Device, Processing Peripheral, Other Device, Storage, Server & Host Hardware",,,,,,,,,,,,,,
Identity and Access Management Guideline_v2.0,,Key References: DORA RTS RMF A.21 1a),,,,,,,,,,,,,,
Identity and Access Management Guideline_v2.0,2.2,Access rights must be designed in alignment with the information classification,,,,,,,,,,,,,,
Identity and Access Management Guideline_v2.0,,of the information asset.,,,,,,,,,,,,,,
Identity and Access Management Guideline_v2.0,DOR.ICT.IAM.ACC.003,,,,,,,,,,,,,,,
Identity and Access Management Guideline_v2.0,,"Asset-Types: Information, Business Process, Commercial-off-the-Shelf Solution,",,,,,,,,,,,,,,
Identity and Access Management Guideline_v2.0,,"Underlaying Software/Technology, SaaS, Tool, Software Appliance, Hardware",,,,,,,,,,,,,,
Identity and Access Management Guideline_v2.0,,"Appliance, Cloud Appliance, Cloud PaaS, Container, End User Device, Mobile Device,",,,,,,,,,,,,,,
Identity and Access Management Guideline_v2.0,,"Other Device, Storage, Server & Host Hardware",,,,,,,,,,,,,,
Identity and Access Management Guideline_v2.0,,Key References: ISO 27001:2022 Cor 202203 A.5.18,,,,,,,,,,,,,,
Identity and Access Management Guideline_v2.0,2.3,"It must be ensured that roles and responsibilities are assigned to grant,",,,,,,,,,,,,,,
Identity and Access Management Guideline_v2.0,,"review, and revoke access rights. Retention periods for logs must be defined",,,,,,,,,,,,,,
Identity and Access Management Guideline_v2.0,DOR.ICT.IAM.ACC.004,,,,,,,,,,,,,,,
Identity and Access Management Guideline_v2.0,,"in accordance with business and information security objectives, reason for",,,,,,,,,,,,,,
Identity and Access Management Guideline_v2.0,,,,,,,,,,,,,,,,
Identity and Access Management Guideline_v2.0,,event recording and results of the ICT risk assessment.,,,,,,,,,,,,,,
Identity and Access Management Guideline_v2.0,,"Asset-Types: Business Process, Commercial-off-the-Shelf Solution, Underlaying",,,,,,,,,,,,,,
Identity and Access Management Guideline_v2.0,,"Software/Technology, SaaS, Tool, Software Appliance, Hardware Appliance, Cloud",,,,,,,,,,,,,,
Identity and Access Management Guideline_v2.0,,"Appliance, Operating System, Cloud PaaS, Container, End User Device, Mobile",,,,,,,,,,,,,,
Identity and Access Management Guideline_v2.0,,"Device, Processing Peripheral, Other Device, Storage, Server & Host Hardware",,,,,,,,,,,,,,
Identity and Access Management Guideline_v2.0,,,,,,,,,,,,,,,,
Identity and Access Management Guideline_v2.0,,Key References: DORA RTS RMF A.21 1e.i),,,,,,,,,,,,,,
Identity and Access Management Guideline_v2.0,ID: 3,,,,,,,,,,,,,,,
Identity and Access Management Guideline_v2.0,,Segregation of Duties,,,,,,,,,,,,,,
Identity and Access Management Guideline_v2.0,(version 2.0),,,,,,,,,,,,,,,
Identity and Access Management Guideline_v2.0,,,,,,,,,,,,,,,,
Identity and Access Management Guideline_v2.0,3,"Segregation of Duties (SoD) must be defined, applied, and controlled to",,,,,,,,,,,,,,
Identity and Access Management Guideline_v2.0,,"prevent any unauthorized access to sensitive data, circumventing",,,,,,,,,,,,,,
Identity and Access Management Guideline_v2.0,DOR.ICT.IAM.SOD.001,,,,,,,,,,,,,,,
Identity and Access Management Guideline_v2.0,,access controls or conflicting business interests.,,,,,,,,,,,,,,
Identity and Access Management Guideline_v2.0,,,,,,,,,,,,,,,,
Identity and Access Management Guideline_v2.0,3.1,The Business Owner is responsible to assign all roles and entitlements to SoD,,,,,,,,,,,,,,
Identity and Access Management Guideline_v2.0,,areas7 for which Segregation of Duty is required and must be implemented at,,,,,,,,,,,,,,
Identity and Access Management Guideline_v2.0,DOR.ICT.IAM.SOD.002,,,,,,,,,,,,,,,
Identity and Access Management Guideline_v2.0,,technical level. Roles assigned to SoD areas must be documented (e.g. in the,,,,,,,,,,,,,,
Identity and Access Management Guideline_v2.0,,,,,,,,,,,,,,,,
Identity and Access Management Guideline_v2.0,,Authorization Concept of the IT Asset).,,,,,,,,,,,,,,
Identity and Access Management Guideline_v2.0,,"Asset-Types: Business Process, Commercial-off-the-Shelf Solution, Underlaying",,,,,,,,,,,,,,
Identity and Access Management Guideline_v2.0,,"Software/Technology, SaaS, Tool, Software Appliance, Hardware Appliance, Cloud",,,,,,,,,,,,,,
Identity and Access Management Guideline_v2.0,,"Appliance, Operating System, Cloud PaaS, Container, Server & Host Hardware",,,,,,,,,,,,,,
Identity and Access Management Guideline_v2.0,,"Key References: DORA RTS RMF A.2g, A.21.1b)",,,,,,,,,,,,,,
Identity and Access Management Guideline_v2.0,3.2,SoD lifecycle change process must be documented.8,,,,,,,,,,,,,,
Identity and Access Management Guideline_v2.0,DOR.ICT.IAM.SOD.003,,,,,,,,,,,,,,,
Identity and Access Management Guideline_v2.0,,"Asset-Types: Business Process, Commercial-off-the-Shelf Solution, Underlaying",,,,,,,,,,,,,,
Identity and Access Management Guideline_v2.0,,,,,,,,,,,,,,,,
Identity and Access Management Guideline_v2.0,,"Software/Technology, SaaS, Tool, Software Appliance, Hardware Appliance, Cloud",,,,,,,,,,,,,,
Identity and Access Management Guideline_v2.0,,"Appliance, Operating System, Cloud PaaS, Container, Server & Host Hardware",,,,,,,,,,,,,,
Identity and Access Management Guideline_v2.0,,"Key References: DORA RTS RMF A.2g, A.21.1b)",,,,,,,,,,,,,,
Identity and Access Management Guideline_v2.0,3.3,Entitlements compositions must not contain any SoD conflict in itself.,,,,,,,,,,,,,,
Identity and Access Management Guideline_v2.0,DOR.ICT.IAM.SOD.004,,,,,,,,,,,,,,,
Identity and Access Management Guideline_v2.0,,"Asset-Types: Business Process, Commercial-off-the-Shelf Solution, Underlaying",,,,,,,,,,,,,,
Identity and Access Management Guideline_v2.0,,,,,,,,,,,,,,,,
Identity and Access Management Guideline_v2.0,,"Software/Technology, SaaS, Tool, Software Appliance, Hardware Appliance, Cloud",,,,,,,,,,,,,,
Identity and Access Management Guideline_v2.0,,"Appliance, Operating System, Cloud PaaS, Container, Server & Host Hardware",,,,,,,,,,,,,,
Identity and Access Management Guideline_v2.0,,"Key References: DORA RTS RMF A.2g, A.21.1b)",,,,,,,,,,,,,,
Identity and Access Management Guideline_v2.0,3.4,Confirmed toxic SoD combinations must not be (re-) approved (ID 15 for,,,,,,,,,,,,,,
Identity and Access Management Guideline_v2.0,DOR.ICT.IAM.SOD.005,further details).,,,,,,,,,,,,,,
Identity and Access Management Guideline_v2.0,,,,,,,,,,,,,,,,
Identity and Access Management Guideline_v2.0,ID: 4,,,,,,,,,,,,,,,
Identity and Access Management Guideline_v2.0,,IAM Authorization concept,,,,,,,,,,,,,,
Identity and Access Management Guideline_v2.0,(version 2.0),,,,,,,,,,,,,,,
Identity and Access Management Guideline_v2.0,,,,,,,,,,,,,,,,
Identity and Access Management Guideline_v2.0,4,"For each IT Asset an authorization concept must be developed,",,,,,,,,,,,,,,
Identity and Access Management Guideline_v2.0,,"implemented, and kept up to date to prevent any unauthorized access or",,,,,,,,,,,,,,
Identity and Access Management Guideline_v2.0,DOR.ICT.IAM.DOC.001,,,,,,,,,,,,,,,
Identity and Access Management Guideline_v2.0,,breach of access controls.,,,,,,,,,,,,,,
Identity and Access Management Guideline_v2.0,,,,,,,,,,,,,,,,
Identity and Access Management Guideline_v2.0,4.1,An Authorization Concept must cover at least the following scope items:,,,,,,,,,,,,,,
Identity and Access Management Guideline_v2.0,DOR.ICT.IAM.DOC.002,"Asset-Types: Business Process, Commercial-off-the-Shelf Solution, Underlaying",,,,,,,,,,,,,,
Identity and Access Management Guideline_v2.0,,"Software/Technology, SaaS, Tool, Software Appliance, Hardware Appliance, Cloud",,,,,,,,,,,,,,
Identity and Access Management Guideline_v2.0,,,,,,,,,,,,,,,,
Identity and Access Management Guideline_v2.0,,"Appliance, Operating System, Cloud PaaS, Container, End User Device, Mobile",,,,,,,,,,,,,,
Identity and Access Management Guideline_v2.0,,"Device, Processing Peripheral, Other Device, Storage, Server & Host Hardware",,,,,,,,,,,,,,
Identity and Access Management Guideline_v2.0,,Key References: DORA RTS RMF A.21d),,,,,,,,,,,,,,
Identity and Access Management Guideline_v2.0,ID: 5,,,,,,,,,,,,,,,
Identity and Access Management Guideline_v2.0,,Access Control,,,,,,,,,,,,,,
Identity and Access Management Guideline_v2.0,(version 2.0),,,,,,,,,,,,,,,
Identity and Access Management Guideline_v2.0,,,,,,,,,,,,,,,,
Identity and Access Management Guideline_v2.0,5,"Access controls must be defined, implemented, monitored and",,,,,,,,,,,,,,
Identity and Access Management Guideline_v2.0,,"controlled to prevent any unauthorized access, avoid breach of access",,,,,,,,,,,,,,
Identity and Access Management Guideline_v2.0,DOR.ICT.IAM.ACO.001,,,,,,,,,,,,,,,
Identity and Access Management Guideline_v2.0,,controls and restrict access to support the protection requirements,,,,,,,,,,,,,,
Identity and Access Management Guideline_v2.0,,,,,,,,,,,,,,,,
Identity and Access Management Guideline_v2.0,,considering each level of classification.,,,,,,,,,,,,,,
Identity and Access Management Guideline_v2.0,5.1,"Unauthorized access must be defined, identified, prevented and denied by",,,,,,,,,,,,,,
Identity and Access Management Guideline_v2.0,,controls and measures for IT Assets and Non-IT Assets9.,,,,,,,,,,,,,,
Identity and Access Management Guideline_v2.0,DOR.ICT.IAM.ACO.002,,,,,,,,,,,,,,,
Identity and Access Management Guideline_v2.0,,"Asset-Types: Business Process, Commercial-off-the-Shelf Solution, Underlaying",,,,,,,,,,,,,,
Identity and Access Management Guideline_v2.0,,"Software/Technology, SaaS, Tool, Software Appliance, Hardware Appliance, Cloud",,,,,,,,,,,,,,
Identity and Access Management Guideline_v2.0,,"Appliance, Operating System, Cloud PaaS, Container, End User Device, Mobile",,,,,,,,,,,,,,
Identity and Access Management Guideline_v2.0,,"Device, Processing Peripheral, Storage Media, Other Device, Storage, Server & Host",,,,,,,,,,,,,,
Identity and Access Management Guideline_v2.0,,"Hardware, Building, Room, Datacenter",,,,,,,,,,,,,,
Identity and Access Management Guideline_v2.0,,Key References: DORA 2022/2554 A.9.4 c),,,,,,,,,,,,,,
Identity and Access Management Guideline_v2.0,,,,,,,,,,,,,,,,
Identity and Access Management Guideline_v2.0,5.3,Entitlements for access to different Segregation Areas must only be assigned,,,,,,,,,,,,,,
Identity and Access Management Guideline_v2.0,,to users reflecting SoDs to access different Segregation Areas. Where,,,,,,,,,,,,,,
Identity and Access Management Guideline_v2.0,DOR.ICT.IAM.ACO.004,,,,,,,,,,,,,,,
Identity and Access Management Guideline_v2.0,,separation of environment or duties is difficult (activities in the Green and Red,,,,,,,,,,,,,,
Identity and Access Management Guideline_v2.0,,,,,,,,,,,,,,,,
Identity and Access Management Guideline_v2.0,,Segregation Areas development and production activities performed by same,,,,,,,,,,,,,,
Identity and Access Management Guideline_v2.0,,"teams), other controls such as monitoring of activities, audit trails and",,,,,,,,,,,,,,
Identity and Access Management Guideline_v2.0,,management supervision must be implemented.,,,,,,,,,,,,,,
Identity and Access Management Guideline_v2.0,,"Asset-Types: Business Process, Commercial-off-the-Shelf Solution, Underlaying",,,,,,,,,,,,,,
Identity and Access Management Guideline_v2.0,,"Software/Technology, SaaS, Tool, Software Appliance, Hardware Appliance, Cloud",,,,,,,,,,,,,,
Identity and Access Management Guideline_v2.0,,"Appliance, Operating System, Cloud PaaS, Container, End User Device, Mobile",,,,,,,,,,,,,,
Identity and Access Management Guideline_v2.0,,"Device, Processing Peripheral, Other Device, Storage, Server & Host Hardware",,,,,,,,,,,,,,
Identity and Access Management Guideline_v2.0,,Key References: ISO 27001:2022 Cor 202203 A.8.31,,,,,,,,,,,,,,
Identity and Access Management Guideline_v2.0,5.4,User accounts should be clearly distinguishable in context of the user,,,,,,,,,,,,,,
Identity and Access Management Guideline_v2.0,,interface.,,,,,,,,,,,,,,
Identity and Access Management Guideline_v2.0,DOR.ICT.IAM.ACO.005,,,,,,,,,,,,,,,
Identity and Access Management Guideline_v2.0,,"Asset-Types: Business Process, Commercial-off-the-Shelf Solution, Underlaying",,,,,,,,,,,,,,
Identity and Access Management Guideline_v2.0,,"Software/Technology, SaaS, Tool, Software Appliance, Hardware Appliance, Cloud",,,,,,,,,,,,,,
Identity and Access Management Guideline_v2.0,,"Appliance, Operating System, Cloud PaaS, Container, End User Device, Mobile",,,,,,,,,,,,,,
Identity and Access Management Guideline_v2.0,,"Device, Processing Peripheral, Other Device, Storage",,,,,,,,,,,,,,
Identity and Access Management Guideline_v2.0,,Key References: ISO 27001:2022 Cor 202203 A.5.15,,,,,,,,,,,,,,
Identity and Access Management Guideline_v2.0,,,,,,,,,,,,,,,,
Identity and Access Management Guideline_v2.0,5.6,At least all accesses to Red and Yellow Segregation Area must be logged and,,,,,,,,,,,,,,
Identity and Access Management Guideline_v2.0,,all ICT Systems and users must only have access to networks and network,,,,,,,,,,,,,,
Identity and Access Management Guideline_v2.0,DOR.ICT.IAM.ACO.007,,,,,,,,,,,,,,,
Identity and Access Management Guideline_v2.0,,services that they have been specifically authorized to use based on the need-,,,,,,,,,,,,,,
Identity and Access Management Guideline_v2.0,,,,,,,,,,,,,,,,
Identity and Access Management Guideline_v2.0,,to-know principle.,,,,,,,,,,,,,,
Identity and Access Management Guideline_v2.0,,"Asset-Types: Information, Business Process, Commercial-off-the-Shelf Solution,",,,,,,,,,,,,,,
Identity and Access Management Guideline_v2.0,,"Underlaying Software/Technology, SaaS, Tool, Software Appliance, Hardware",,,,,,,,,,,,,,
Identity and Access Management Guideline_v2.0,ID: 6,,,,,,,,,,,,,,,
Identity and Access Management Guideline_v2.0,,IAM Identification,,,,,,,,,,,,,,
Identity and Access Management Guideline_v2.0,(version 2.0),,,,,,,,,,,,,,,
Identity and Access Management Guideline_v2.0,,,,,,,,,,,,,,,,
Identity and Access Management Guideline_v2.0,6,"Controls and measures must be designed, implemented and managed to",,,,,,,,,,,,,,
Identity and Access Management Guideline_v2.0,,ensure that access to information and IT Assets are conducted using a,,,,,,,,,,,,,,
Identity and Access Management Guideline_v2.0,DOR.ICT.IAM.UID.001,,,,,,,,,,,,,,,
Identity and Access Management Guideline_v2.0,,unique identity. The established IAM lifecycle process must manage and,,,,,,,,,,,,,,
Identity and Access Management Guideline_v2.0,,,,,,,,,,,,,,,,
Identity and Access Management Guideline_v2.0,,control these unique identities.,,,,,,,,,,,,,,
Identity and Access Management Guideline_v2.0,6.1,"All internal and external individuals, who have access to Information Assets",,,,,,,,,,,,,,
Identity and Access Management Guideline_v2.0,,"and IT Assets, must have a unique, global user ID (""MyUserID"") linked to a",,,,,,,,,,,,,,
Identity and Access Management Guideline_v2.0,DOR.ICT.IAM.UID.002,,,,,,,,,,,,,,,
Identity and Access Management Guideline_v2.0,,unique account. These accounts (other than shared accounts) must be linked,,,,,,,,,,,,,,
Identity and Access Management Guideline_v2.0,,,,,,,,,,,,,,,,
Identity and Access Management Guideline_v2.0,,to a MyUserID to remain traceable.,,,,,,,,,,,,,,
Identity and Access Management Guideline_v2.0,,Asset-Types: Business Process,,,,,,,,,,,,,,
Identity and Access Management Guideline_v2.0,,Key References: DORA RTS RMF A.20 2a),,,,,,,,,,,,,,
Identity and Access Management Guideline_v2.0,6.2,"Information on the creation, modification or deletion of unique identifiers",,,,,,,,,,,,,,
Identity and Access Management Guideline_v2.0,,"assigned to unique user accounts must be logged, monitored, maintained and",,,,,,,,,,,,,,
Identity and Access Management Guideline_v2.0,DOR.ICT.IAM.UID.003,kept for at least 18 month – even following a reorganization or end of a,,,,,,,,,,,,,,
Identity and Access Management Guideline_v2.0,,contractual relationship with the user.,,,,,,,,,,,,,,
Identity and Access Management Guideline_v2.0,,"Asset-Types: Information, Business Process, Commercial-off-the-Shelf Solution,",,,,,,,,,,,,,,
Identity and Access Management Guideline_v2.0,,"Underlaying Software/Technology, SaaS, Tool, Software Appliance, Hardware",,,,,,,,,,,,,,
Identity and Access Management Guideline_v2.0,,"Appliance, Cloud Appliance, Operating System, Cloud PaaS, Container, End User",,,,,,,,,,,,,,
Identity and Access Management Guideline_v2.0,,"Device, Mobile Device, Processing Peripheral, Other Device, Storage, Server & Host",,,,,,,,,,,,,,
Identity and Access Management Guideline_v2.0,,Hardware,,,,,,,,,,,,,,
Identity and Access Management Guideline_v2.0,,Key References: DORA RTS RMF A.20 2a),,,,,,,,,,,,,,
Identity and Access Management Guideline_v2.0,ID: 7,,,,,,,,,,,,,,,
Identity and Access Management Guideline_v2.0,,Contractual obligations regarding information security,,,,,,,,,,,,,,
Identity and Access Management Guideline_v2.0,(version 2.0),,,,,,,,,,,,,,,
Identity and Access Management Guideline_v2.0,,,,,,,,,,,,,,,,
Identity and Access Management Guideline_v2.0,7,Contractual obligations must consider the organisations demand on,,,,,,,,,,,,,,
Identity and Access Management Guideline_v2.0,,information security to ensure adherence and to prevent information,,,,,,,,,,,,,,
Identity and Access Management Guideline_v2.0,DOR.ICT.IAM.CON.001,,,,,,,,,,,,,,,
Identity and Access Management Guideline_v2.0,,leakage.,,,,,,,,,,,,,,
Identity and Access Management Guideline_v2.0,,,,,,,,,,,,,,,,
Identity and Access Management Guideline_v2.0,7.1,"Personal secret authentication information such as passwords, PINs, keys,",,,,,,,,,,,,,,
Identity and Access Management Guideline_v2.0,,and tokens must never be shared or be made accessible to any other,,,,,,,,,,,,,,
Identity and Access Management Guideline_v2.0,DOR.ICT.IAM.CON.002,,,,,,,,,,,,,,,
Identity and Access Management Guideline_v2.0,,individual. The correct handling of cryptographic products and key material,,,,,,,,,,,,,,
Identity and Access Management Guideline_v2.0,,,,,,,,,,,,,,,,
Identity and Access Management Guideline_v2.0,,"must be ensured and documented, and employees must be properly trained.",,,,,,,,,,,,,,
Identity and Access Management Guideline_v2.0,ID: 8,,,,,,,,,,,,,,,
Identity and Access Management Guideline_v2.0,,Password management,,,,,,,,,,,,,,
Identity and Access Management Guideline_v2.0,(version 2.0),,,,,,,,,,,,,,,
Identity and Access Management Guideline_v2.0,,,,,,,,,,,,,,,,
Identity and Access Management Guideline_v2.0,8,"Passwords and PINs must be defined, kept safe and managed securely.",,,,,,,,,,,,,,
Identity and Access Management Guideline_v2.0,DOR.ICT.IAM.PWM.001,,,,,,,,,,,,,,,
Identity and Access Management Guideline_v2.0,8.1,Login-credentials must consider the following:,,,,,,,,,,,,,,
Identity and Access Management Guideline_v2.0,DOR.ICT.IAM.PWM.002,"Asset-Types: Information, Business Process, Commercial-off-the-Shelf Solution,",,,,,,,,,,,,,,
Identity and Access Management Guideline_v2.0,,"Underlaying Software/Technology, SaaS, Tool, Software Appliance, Hardware",,,,,,,,,,,,,,
Identity and Access Management Guideline_v2.0,,"Appliance, Cloud Appliance, Operating System, Cloud PaaS, Container, End User",,,,,,,,,,,,,,
Identity and Access Management Guideline_v2.0,,"Device, Mobile Device, Processing Peripheral, Other Device, Storage, Server & Host",,,,,,,,,,,,,,
Identity and Access Management Guideline_v2.0,,Hardware,,,,,,,,,,,,,,
Identity and Access Management Guideline_v2.0,,Key References: ICT Risk Framework 1.0,,,,,,,,,,,,,,
Identity and Access Management Guideline_v2.0,8.1.1,"Secret authentication information such as passwords, PINs, keys and",,,,,,,,,,,,,,
Identity and Access Management Guideline_v2.0,,tokens must be classified as strictly confidential and protected by,,,,,,,,,,,,,,
Identity and Access Management Guideline_v2.0,DOR.ICT.IAM.PWM.003,,,,,,,,,,,,,,,
Identity and Access Management Guideline_v2.0,,cryptographic measures.,,,,,,,,,,,,,,
Identity and Access Management Guideline_v2.0,,,,,,,,,,,,,,,,
Identity and Access Management Guideline_v2.0,,"Asset-Types: Information, Commercial-off-the-Shelf Solution, Underlaying",,,,,,,,,,,,,,
Identity and Access Management Guideline_v2.0,,"Software/Technology, SaaS, Tool, Software Appliance, Hardware Appliance,",,,,,,,,,,,,,,
Identity and Access Management Guideline_v2.0,,"Cloud Appliance, Operating System, Cloud PaaS, Container, End User Device,",,,,,,,,,,,,,,
Identity and Access Management Guideline_v2.0,,"Mobile Device, Processing Peripheral, Other Device, Storage, Server & Host",,,,,,,,,,,,,,
Identity and Access Management Guideline_v2.0,,,,,,,,,,,,,,,,
Identity and Access Management Guideline_v2.0,ID: 9,,,,,,,,,,,,,,,
Identity and Access Management Guideline_v2.0,,Secure authentication mechanisms,,,,,,,,,,,,,,
Identity and Access Management Guideline_v2.0,(version 2.0),,,,,,,,,,,,,,,
Identity and Access Management Guideline_v2.0,,,,,,,,,,,,,,,,
Identity and Access Management Guideline_v2.0,9,"Secure authentication mechanisms must be defined, developed, and",,,,,,,,,,,,,,
Identity and Access Management Guideline_v2.0,,applied.,,,,,,,,,,,,,,
Identity and Access Management Guideline_v2.0,DOR.ICT.IAM.SAM.001,,,,,,,,,,,,,,,
Identity and Access Management Guideline_v2.0,9.1,All legal entity owned ICT Systems must allow access to their resources only,,,,,,,,,,,,,,
Identity and Access Management Guideline_v2.0,,after users have been successfully authenticated and authorized.,,,,,,,,,,,,,,
Identity and Access Management Guideline_v2.0,DOR.ICT.IAM.SAM.002,,,,,,,,,,,,,,,
Identity and Access Management Guideline_v2.0,,"Asset-Types: Business Process, Commercial-off-the-Shelf Solution, Underlaying",,,,,,,,,,,,,,
Identity and Access Management Guideline_v2.0,,"Software/Technology, Tool, Software Appliance, Hardware Appliance, Cloud",,,,,,,,,,,,,,
Identity and Access Management Guideline_v2.0,,"Appliance, Operating System, Container, End User Device, Mobile Device, Processing",,,,,,,,,,,,,,
Identity and Access Management Guideline_v2.0,,"Peripheral, Other Device, Storage, Server & Host Hardware",,,,,,,,,,,,,,
Identity and Access Management Guideline_v2.0,,Key References: ISO 27001:2022 Cor 202203 A.8.5,,,,,,,,,,,,,,
Identity and Access Management Guideline_v2.0,9.2,Confidential data must be accessible only if the user is authenticated with a,,,,,,,,,,,,,,
Identity and Access Management Guideline_v2.0,,strong two- or multi-factor authentication.,,,,,,,,,,,,,,
Identity and Access Management Guideline_v2.0,DOR.ICT.IAM.SAM.003,,,,,,,,,,,,,,,
Identity and Access Management Guideline_v2.0,,"Asset-Types: Information, Business Process, Commercial-off-the-Shelf Solution,",,,,,,,,,,,,,,
Identity and Access Management Guideline_v2.0,,"Underlaying Software/Technology, SaaS, Tool, Software Appliance, Hardware",,,,,,,,,,,,,,
Identity and Access Management Guideline_v2.0,,"Appliance, Cloud Appliance, Operating System, Cloud PaaS, Container, End User",,,,,,,,,,,,,,
Identity and Access Management Guideline_v2.0,,"Device, Mobile Device, Processing Peripheral, Other Device, Storage, Server & Host",,,,,,,,,,,,,,
Identity and Access Management Guideline_v2.0,,Hardware,,,,,,,,,,,,,,
Identity and Access Management Guideline_v2.0,,Key References: ISO 27001:2022 Cor 202203 A.8.5,,,,,,,,,,,,,,
Identity and Access Management Guideline_v2.0,9.3,"Where possible, ICT Systems should leverage Single-Sign-On (SSO) features",,,,,,,,,,,,,,
Identity and Access Management Guideline_v2.0,,provided centrally.,,,,,,,,,,,,,,
Identity and Access Management Guideline_v2.0,DOR.ICT.IAM.SAM.004,,,,,,,,,,,,,,,
Identity and Access Management Guideline_v2.0,,"Asset-Types: Business Process, Commercial-off-the-Shelf Solution, Underlaying",,,,,,,,,,,,,,
Identity and Access Management Guideline_v2.0,,"Software/Technology, SaaS, Tool, Software Appliance, Hardware Appliance, Cloud",,,,,,,,,,,,,,
Identity and Access Management Guideline_v2.0,,"Appliance, Operating System, Cloud PaaS, Container, End User Device, Mobile",,,,,,,,,,,,,,
Identity and Access Management Guideline_v2.0,,"Device, Processing Peripheral, Other Device, Storage, Server & Host Hardware",,,,,,,,,,,,,,
Identity and Access Management Guideline_v2.0,,Key References: ISO 27001:2022 Cor 202203 A.8.5,,,,,,,,,,,,,,
Identity and Access Management Guideline_v2.0,9.4,"If user credentials input is required, the log-on process must follow the",,,,,,,,,,,,,,
Identity and Access Management Guideline_v2.0,,following criteria:,,,,,,,,,,,,,,
Identity and Access Management Guideline_v2.0,DOR.ICT.IAM.SAM.005,,,,,,,,,,,,,,,
Identity and Access Management Guideline_v2.0,,"Asset-Types: Information, Business Process, Commercial-off-the-Shelf Solution,",,,,,,,,,,,,,,
Identity and Access Management Guideline_v2.0,,"Underlaying Software/Technology, SaaS, Tool, Software Appliance, Hardware",,,,,,,,,,,,,,
Identity and Access Management Guideline_v2.0,,"Appliance, Cloud Appliance, Operating System, Cloud PaaS, Container, End User",,,,,,,,,,,,,,
Identity and Access Management Guideline_v2.0,,"Device, Mobile Device, Processing Peripheral, Other Device, Storage, Server & Host",,,,,,,,,,,,,,
Identity and Access Management Guideline_v2.0,,Hardware,,,,,,,,,,,,,,
Identity and Access Management Guideline_v2.0,,Key References: ISO 27001:2022 Cor 202203 A.8.5,,,,,,,,,,,,,,
Identity and Access Management Guideline_v2.0,9.4.1,Log-on information must be validated only upon completion of all input,,,,,,,,,,,,,,
Identity and Access Management Guideline_v2.0,,data.,,,,,,,,,,,,,,
Identity and Access Management Guideline_v2.0,DOR.ICT.IAM.SAM.006,,,,,,,,,,,,,,,
Identity and Access Management Guideline_v2.0,,"Asset-Types: Information, Commercial-off-the-Shelf Solution, Underlaying",,,,,,,,,,,,,,
Identity and Access Management Guideline_v2.0,,"Software/Technology, SaaS, Tool, Software Appliance, Hardware Appliance, Cloud",,,,,,,,,,,,,,
Identity and Access Management Guideline_v2.0,,"Appliance, Operating System, Cloud PaaS, Container, End User Device, Mobile",,,,,,,,,,,,,,
Identity and Access Management Guideline_v2.0,ID: 10,,,,,,,,,,,,,,,
Identity and Access Management Guideline_v2.0,,Non-privileged Access Administration,,,,,,,,,,,,,,
Identity and Access Management Guideline_v2.0,(version 2.0),,,,,,,,,,,,,,,
Identity and Access Management Guideline_v2.0,,,,,,,,,,,,,,,,
Identity and Access Management Guideline_v2.0,10,"Primary and secondary accesses must be defined, assigned,",,,,,,,,,,,,,,
Identity and Access Management Guideline_v2.0,,"documented, managed, and controlled.",,,,,,,,,,,,,,
Identity and Access Management Guideline_v2.0,DOR.ICT.IAM.PRI.001,,,,,,,,,,,,,,,
Identity and Access Management Guideline_v2.0,10.1,The primary and secondary access to legal entities’ ICT Systems must be,,,,,,,,,,,,,,
Identity and Access Management Guideline_v2.0,DOR.ICT.IAM.PRI.002,activated or de-activated based on the information provided by HR and/or,,,,,,,,,,,,,,
Identity and Access Management Guideline_v2.0,,Third-Party Management.,,,,,,,,,,,,,,
Identity and Access Management Guideline_v2.0,,,,,,,,,,,,,,,,
Identity and Access Management Guideline_v2.0,ID: 11,,,,,,,,,,,,,,,
Identity and Access Management Guideline_v2.0,,Shared and non-personal accounts,,,,,,,,,,,,,,
Identity and Access Management Guideline_v2.0,(version 2.0),,,,,,,,,,,,,,,
Identity and Access Management Guideline_v2.0,,,,,,,,,,,,,,,,
Identity and Access Management Guideline_v2.0,11,"Shared and non-personal accounts must be defined, assigned,",,,,,,,,,,,,,,
Identity and Access Management Guideline_v2.0,,"documented, managed, and controlled to prevent any unauthorized",,,,,,,,,,,,,,
Identity and Access Management Guideline_v2.0,DOR.ICT.IAM.SHA.001,,,,,,,,,,,,,,,
Identity and Access Management Guideline_v2.0,,access or breach of access controls.,,,,,,,,,,,,,,
Identity and Access Management Guideline_v2.0,,,,,,,,,,,,,,,,
Identity and Access Management Guideline_v2.0,11.1,"Non-personal accounts and shared user accounts must be limited, inventoried",,,,,,,,,,,,,,
Identity and Access Management Guideline_v2.0,,and the traceability to responsible persons must be ensured.,,,,,,,,,,,,,,
Identity and Access Management Guideline_v2.0,DOR.ICT.IAM.SHA.002,,,,,,,,,,,,,,,
Identity and Access Management Guideline_v2.0,ID: 12,,,,,,,,,,,,,,,
Identity and Access Management Guideline_v2.0,,Privileged account administration,,,,,,,,,,,,,,
Identity and Access Management Guideline_v2.0,(version 2.0),,,,,,,,,,,,,,,
Identity and Access Management Guideline_v2.0,,,,,,,,,,,,,,,,
Identity and Access Management Guideline_v2.0,12,"Privileged accounts (PAM) must be defined, assigned, documented,",,,,,,,,,,,,,,
Identity and Access Management Guideline_v2.0,,"managed, monitored and controlled to avoid unauthorized usage and",,,,,,,,,,,,,,
Identity and Access Management Guideline_v2.0,DOR.ICT.IAM.PAM.001,,,,,,,,,,,,,,,
Identity and Access Management Guideline_v2.0,,harm to IT Assets.,,,,,,,,,,,,,,
Identity and Access Management Guideline_v2.0,,,,,,,,,,,,,,,,
Identity and Access Management Guideline_v2.0,ID: 13,,,,,,,,,,,,,,,
Identity and Access Management Guideline_v2.0,,Mechanisms to secure privileged accounts,,,,,,,,,,,,,,
Identity and Access Management Guideline_v2.0,(version 2.0),,,,,,,,,,,,,,,
Identity and Access Management Guideline_v2.0,,,,,,,,,,,,,,,,
Identity and Access Management Guideline_v2.0,13,Measures and criteria to manage and handle privileged accounts must be,,,,,,,,,,,,,,
Identity and Access Management Guideline_v2.0,,"defined, implemented, monitored and controlled to avoid unauthorized",,,,,,,,,,,,,,
Identity and Access Management Guideline_v2.0,DOR.ICT.IAM.PVL.001,,,,,,,,,,,,,,,
Identity and Access Management Guideline_v2.0,,usage and harm to IT Assets.,,,,,,,,,,,,,,
Identity and Access Management Guideline_v2.0,,,,,,,,,,,,,,,,
Identity and Access Management Guideline_v2.0,13.1,Idle Session Timeout: The use of privileged access must be time-limited based,,,,,,,,,,,,,,
Identity and Access Management Guideline_v2.0,,on their level of criticality.,,,,,,,,,,,,,,
Identity and Access Management Guideline_v2.0,DOR.ICT.IAM.PVL.002,,,,,,,,,,,,,,,
Identity and Access Management Guideline_v2.0,,"Asset-Types: Business Process, Commercial-off-the-Shelf Solution, Underlaying",,,,,,,,,,,,,,
Identity and Access Management Guideline_v2.0,,"Software/Technology, SaaS, Tool, Software Appliance, Hardware Appliance, Cloud",,,,,,,,,,,,,,
Identity and Access Management Guideline_v2.0,,"Appliance, Operating System, Cloud PaaS, Container, End User Device, Mobile",,,,,,,,,,,,,,
Identity and Access Management Guideline_v2.0,,"Device, Processing Peripheral, Other Device, Storage, Server & Host Hardware",,,,,,,,,,,,,,
Identity and Access Management Guideline_v2.0,,Key References: ISO 27001:2022 Cor 202203 A.8.2,,,,,,,,,,,,,,
Identity and Access Management Guideline_v2.0,13.2,Separate privileged from non-privileged account: Dedicated user IDs must be,,,,,,,,,,,,,,
Identity and Access Management Guideline_v2.0,,created and used for privileged access. Dedicated user IDs must be marked,,,,,,,,,,,,,,
Identity and Access Management Guideline_v2.0,DOR.ICT.IAM.PVL.003,,,,,,,,,,,,,,,
Identity and Access Management Guideline_v2.0,,and identifiable for privileged access. Privileged access must not be assigned,,,,,,,,,,,,,,
Identity and Access Management Guideline_v2.0,,,,,,,,,,,,,,,,
Identity and Access Management Guideline_v2.0,,to user IDs with regular business / IT roles and must be provided based on the,,,,,,,,,,,,,,
Identity and Access Management Guideline_v2.0,,function using the least privilege principle.,,,,,,,,,,,,,,
Identity and Access Management Guideline_v2.0,,"Asset-Types: Business Process, Commercial-off-the-Shelf Solution, Underlaying",,,,,,,,,,,,,,
Identity and Access Management Guideline_v2.0,,"Software/Technology, SaaS, Tool, Software Appliance, Hardware Appliance, Cloud",,,,,,,,,,,,,,
Identity and Access Management Guideline_v2.0,,"Appliance, Operating System, Cloud PaaS, Container, End User Device, Mobile",,,,,,,,,,,,,,
Identity and Access Management Guideline_v2.0,,"Device, Processing Peripheral, Other Device, Storage, Server & Host Hardware",,,,,,,,,,,,,,
Identity and Access Management Guideline_v2.0,,Key References: DORA RTS RMF A.21 1e.ii),,,,,,,,,,,,,,
Identity and Access Management Guideline_v2.0,13.3,Release of locked privileged accounts must be detected and justified.,,,,,,,,,,,,,,
Identity and Access Management Guideline_v2.0,DOR.ICT.IAM.PVL.004,"Asset-Types: Business Process, Commercial-off-the-Shelf Solution, Underlaying",,,,,,,,,,,,,,
Identity and Access Management Guideline_v2.0,,"Software/Technology, SaaS, Tool, Software Appliance, Hardware Appliance, Cloud",,,,,,,,,,,,,,
Identity and Access Management Guideline_v2.0,,"Appliance, Operating System, Cloud PaaS, Container, End User Device, Mobile",,,,,,,,,,,,,,
Identity and Access Management Guideline_v2.0,,"Device, Processing Peripheral, Other Device, Storage, Server & Host Hardware",,,,,,,,,,,,,,
Identity and Access Management Guideline_v2.0,,Key References: ISO 27001:2022 Cor 202203 A.8.2,,,,,,,,,,,,,,
Identity and Access Management Guideline_v2.0,ID: 14,,,,,,,,,,,,,,,
Identity and Access Management Guideline_v2.0,,Privileged account monitoring,,,,,,,,,,,,,,
Identity and Access Management Guideline_v2.0,(version 2.0),,,,,,,,,,,,,,,
Identity and Access Management Guideline_v2.0,,,,,,,,,,,,,,,,
Identity and Access Management Guideline_v2.0,14,Privileged accounts must be monitored and logged. The details must be,,,,,,,,,,,,,,
Identity and Access Management Guideline_v2.0,,made available to the Security Information and Event Management,,,,,,,,,,,,,,
Identity and Access Management Guideline_v2.0,DOR.ICT.IAM.PAL.001,,,,,,,,,,,,,,,
Identity and Access Management Guideline_v2.0,,(SIEM) for analysis and detection of unauthorized privileged accesses.,,,,,,,,,,,,,,
Identity and Access Management Guideline_v2.0,,,,,,,,,,,,,,,,
Identity and Access Management Guideline_v2.0,14.1,Logging and Monitoring: Logs must be made available for Security Information,,,,,,,,,,,,,,
Identity and Access Management Guideline_v2.0,,and Event Management (SIEM) in a structured way to allow the detection of,,,,,,,,,,,,,,
Identity and Access Management Guideline_v2.0,DOR.ICT.IAM.PAL.002,,,,,,,,,,,,,,,
Identity and Access Management Guideline_v2.0,,unauthorized privileged accesses.,,,,,,,,,,,,,,
Identity and Access Management Guideline_v2.0,,,,,,,,,,,,,,,,
Identity and Access Management Guideline_v2.0,,,,,,,,,,,,,,,,
Identity and Access Management Guideline_v2.0,,"Asset-Types: Information, Business Process, Commercial-off-the-Shelf Solution,",,,,,,,,,,,,,,
Identity and Access Management Guideline_v2.0,,"Underlaying Software/Technology, SaaS, Tool, Software Appliance, Hardware",,,,,,,,,,,,,,
Identity and Access Management Guideline_v2.0,,"Appliance, Cloud Appliance, Operating System, Cloud PaaS, End User Device, Mobile",,,,,,,,,,,,,,
Identity and Access Management Guideline_v2.0,,"Device, Processing Peripheral, Other Device, Storage, Server & Host Hardware",,,,,,,,,,,,,,
Identity and Access Management Guideline_v2.0,,Key References: ISO 27001:2022 Cor 202203 A.8.2,,,,,,,,,,,,,,
Identity and Access Management Guideline_v2.0,14.2,Access to privileged accounts must be technically enforced to require a valid,,,,,,,,,,,,,,
Identity and Access Management Guideline_v2.0,,,Access to privileged accounts must be technically enforced to require a valid,,,,,,,,,,,,,
Identity and Access Management Guideline_v2.0,,,"approved change request, ICT incident ticket, or a reference to a catalog of",,,,,,,,,,,,,
Identity and Access Management Guideline_v2.0,DOR.ICT.IAM.PAL.003,,,,,,,,,,,,,,,
Identity and Access Management Guideline_v2.0,,recurring routine activities.,recurring routine activities.,,,,,,,,,,,,,
Identity and Access Management Guideline_v2.0,,,,,,,,,,,,,,,,
Identity and Access Management Guideline_v2.0,,"Asset-Types: Business Process, Commercial-off-the-Shelf Solution, Underlaying",,,,,,,,,,,,,,
Identity and Access Management Guideline_v2.0,,"Software/Technology, SaaS, Tool, Software Appliance, Hardware Appliance, Operating",,,,,,,,,,,,,,
Identity and Access Management Guideline_v2.0,,"System, Cloud PaaS, Container, End User Device, Mobile Device, Processing",,,,,,,,,,,,,,
Identity and Access Management Guideline_v2.0,,"Peripheral, Other Device, Storage, Server & Host Hardware",,,,,,,,,,,,,,
Identity and Access Management Guideline_v2.0,,Key References: ISO 27001:2022 Cor 202203 A.8.2,,,,,,,,,,,,,,
Identity and Access Management Guideline_v2.0,14.3,Video Session Recording / Text / Key stroke Logging: Any interactive use of,,,,,,,,,,,,,,
Identity and Access Management Guideline_v2.0,,privileged accounts by individuals must be recorded through the PAM solution,,,,,,,,,,,,,,
Identity and Access Management Guideline_v2.0,DOR.ICT.IAM.PAL.004,,,,,,,,,,,,,,,
Identity and Access Management Guideline_v2.0,,and regularly reviewed on a risk basis.,,,,,,,,,,,,,,
Identity and Access Management Guideline_v2.0,,,,,,,,,,,,,,,,
Identity and Access Management Guideline_v2.0,,"Asset-Types: Business Process, Commercial-off-the-Shelf Solution, Underlaying",,,,,,,,,,,,,,
Identity and Access Management Guideline_v2.0,,"Software/Technology, SaaS, Tool, Software Appliance, Hardware Appliance, Cloud",,,,,,,,,,,,,,
Identity and Access Management Guideline_v2.0,,"Appliance, Operating System, Cloud PaaS, End User Device, Mobile Device,",,,,,,,,,,,,,,
Identity and Access Management Guideline_v2.0,,"Processing Peripheral, Other Device, Storage, Server & Host Hardware",,,,,,,,,,,,,,
Identity and Access Management Guideline_v2.0,,Key References: ICT Risk Framework 1.0,,,,,,,,,,,,,,
Identity and Access Management Guideline_v2.0,14.4,Credentials Obfuscation (Disable Password View / Copy): The passwords for,,,,,,,,,,,,,,
Identity and Access Management Guideline_v2.0,,privileged accounts must remain hidden and must not be subject to copying.,,,,,,,,,,,,,,
Identity and Access Management Guideline_v2.0,DOR.ICT.IAM.PAL.005,De-obfuscation for Emergency Accounts and Break Glass Accounts is,,,,,,,,,,,,,,
Identity and Access Management Guideline_v2.0,,"allowed, provided that:",,,,,,,,,,,,,,
Identity and Access Management Guideline_v2.0,,"Asset-Types: Business Process, Commercial-off-the-Shelf Solution, Underlaying",,,,,,,,,,,,,,
Identity and Access Management Guideline_v2.0,,"Software/Technology, SaaS, Tool, Software Appliance, Hardware Appliance, Cloud",,,,,,,,,,,,,,
Identity and Access Management Guideline_v2.0,,"Appliance, Operating System, Cloud PaaS, Container, End User Device, Mobile",,,,,,,,,,,,,,
Identity and Access Management Guideline_v2.0,,"Device, Processing Peripheral, Other Device, Storage, Server & Host Hardware",,,,,,,,,,,,,,
Identity and Access Management Guideline_v2.0,,Key References: ISO 27001:2022 Cor 202203 A.8.2,,,,,,,,,,,,,,
Identity and Access Management Guideline_v2.0,14.4.1,all other Privileged Access Management (PAM) control requirements in ID:,,,,,,,,,,,,,,
Identity and Access Management Guideline_v2.0,,"11, 12 and 13 are implemented (including traceability to individuals);",,,,,,,,,,,,,,
Identity and Access Management Guideline_v2.0,DOR.ICT.IAM.PAL.006,,,,,,,,,,,,,,,
Identity and Access Management Guideline_v2.0,,"Asset-Types: Business Process, Commercial-off-the-Shelf Solution, Underlaying",,,,,,,,,,,,,,
Identity and Access Management Guideline_v2.0,,,,,,,,,,,,,,,,
Identity and Access Management Guideline_v2.0,,"Software/Technology, SaaS, Tool, Software Appliance, Hardware Appliance, Cloud",,,,,,,,,,,,,,
Identity and Access Management Guideline_v2.0,,"Appliance, Operating System, Cloud PaaS, Container, End User Device, Mobile",,,,,,,,,,,,,,
Identity and Access Management Guideline_v2.0,,"Device, Processing Peripheral, Other Device, Storage, Server & Host Hardware",,,,,,,,,,,,,,
Identity and Access Management Guideline_v2.0,,Key References: ISO 27001:2022 Cor 202203 A.8.2,,,,,,,,,,,,,,
Identity and Access Management Guideline_v2.0,14.4.2,passwords must be automatically rotated after being retrieved from the,,,,,,,,,,,,,,
Identity and Access Management Guideline_v2.0,,secure storage and utilized;,,,,,,,,,,,,,,
Identity and Access Management Guideline_v2.0,DOR.ICT.IAM.PAL.007,,,,,,,,,,,,,,,
Identity and Access Management Guideline_v2.0,,"Asset-Types: Business Process, Commercial-off-the-Shelf Solution, Underlaying",,,,,,,,,,,,,,
Identity and Access Management Guideline_v2.0,,,,,,,,,,,,,,,,
Identity and Access Management Guideline_v2.0,,"Software/Technology, SaaS, Tool, Software Appliance, Hardware Appliance, Cloud",,,,,,,,,,,,,,
Identity and Access Management Guideline_v2.0,,"Appliance, Operating System, Cloud PaaS, Container, End User Device, Mobile",,,,,,,,,,,,,,
Identity and Access Management Guideline_v2.0,,"Device, Processing Peripheral, Other Device, Storage, Server & Host Hardware",,,,,,,,,,,,,,
Identity and Access Management Guideline_v2.0,,Key References: ISO 27001:2022 Cor 202203 A.8.2,,,,,,,,,,,,,,
Identity and Access Management Guideline_v2.0,14.4.3,"any use of emergency access must be documented, and a Security",,,,,,,,,,,,,,
Identity and Access Management Guideline_v2.0,,Information and Event Management (SIEM) alert must be sent in the event,,,,,,,,,,,,,,
Identity and Access Management Guideline_v2.0,DOR.ICT.IAM.PAL.008,of account usage.,,,,,,,,,,,,,,
Identity and Access Management Guideline_v2.0,,,,,,,,,,,,,,,,
Identity and Access Management Guideline_v2.0,,"Asset-Types: Business Process, Commercial-off-the-Shelf Solution, Underlaying",,,,,,,,,,,,,,
Identity and Access Management Guideline_v2.0,,"Software/Technology, SaaS, Tool, Software Appliance, Hardware Appliance, Cloud",,,,,,,,,,,,,,
Identity and Access Management Guideline_v2.0,,"Appliance, Operating System, Cloud PaaS, Container, End User Device, Mobile",,,,,,,,,,,,,,
Identity and Access Management Guideline_v2.0,ID: 15,,,,,,,,,,,,,,,
Identity and Access Management Guideline_v2.0,,Recertification,,,,,,,,,,,,,,
Identity and Access Management Guideline_v2.0,(version 2.0),,,,,,,,,,,,,,,
Identity and Access Management Guideline_v2.0,,,,,,,,,,,,,,,,
Identity and Access Management Guideline_v2.0,15,The recertification of access rights and role compositions must be,,,,,,,,,,,,,,
Identity and Access Management Guideline_v2.0,,"defined, integrated in the access procedure, monitored and controlled.",,,,,,,,,,,,,,
Identity and Access Management Guideline_v2.0,DOR.ICT.IAM.REC.001,,,,,,,,,,,,,,,
Identity and Access Management Guideline_v2.0,15.1,The following types of recertification must be performed and documented:,,,,,,,,,,,,,,
Identity and Access Management Guideline_v2.0,DOR.ICT.IAM.REC.002,"Asset-Types: Business Process, Commercial-off-the-Shelf Solution, Underlaying",,,,,,,,,,,,,,
Identity and Access Management Guideline_v2.0,,"Software/Technology, SaaS, Tool, Software Appliance, Hardware Appliance, Cloud",,,,,,,,,,,,,,
Identity and Access Management Guideline_v2.0,,"Appliance, Operating System, Cloud PaaS, Container, End User Device, Mobile",,,,,,,,,,,,,,
Identity and Access Management Guideline_v2.0,,"Device, Processing Peripheral, Other Device, Storage, Server & Host Hardware",,,,,,,,,,,,,,
Identity and Access Management Guideline_v2.0,,Key References: ISO 27001:2022 Cor 202203 A.5.18,,,,,,,,,,,,,,
Identity and Access Management Guideline_v2.0,15.1.1,User access recertification must take place every 6 months for business-,,,,,,,,,,,,,,
Identity and Access Management Guideline_v2.0,,critical access and for privileged access of all levels by the responsible,,,,,,,,,,,,,,
Identity and Access Management Guideline_v2.0,DOR.ICT.IAM.REC.003,,,,,,,,,,,,,,,
Identity and Access Management Guideline_v2.0,,Line Manager and respective Role Owners.,,,,,,,,,,,,,,
Identity and Access Management Guideline_v2.0,,,,,,,,,,,,,,,,
Identity and Access Management Guideline_v2.0,,"Asset-Types: Business Process, Commercial-off-the-Shelf Solution, Underlaying",,,,,,,,,,,,,,
Identity and Access Management Guideline_v2.0,,"Software/Technology, SaaS, Tool, Software Appliance, Hardware Appliance, Cloud",,,,,,,,,,,,,,
Identity and Access Management Guideline_v2.0,,"Appliance, Operating System, Cloud PaaS, Container, End User Device, Mobile",,,,,,,,,,,,,,
Identity and Access Management Guideline_v2.0,,"Device, Other Device, Storage, Server & Host Hardware",,,,,,,,,,,,,,
Identity and Access Management Guideline_v2.0,,Key References: ISO 27001:2022 Cor 202203 A.5.18,,,,,,,,,,,,,,
Identity and Access Management Guideline_v2.0,15.1.2,User access recertification must take place every 12 months for all other,,,,,,,,,,,,,,
Identity and Access Management Guideline_v2.0,,accesses by the responsible Line Manager.,,,,,,,,,,,,,,
Identity and Access Management Guideline_v2.0,DOR.ICT.IAM.REC.004,,,,,,,,,,,,,,,
Identity and Access Management Guideline_v2.0,,"Asset-Types: Business Process, Commercial-off-the-Shelf Solution, Underlaying",,,,,,,,,,,,,,
Identity and Access Management Guideline_v2.0,,"Software/Technology, SaaS, Tool, IDP, Software Appliance, Hardware Appliance,",,,,,,,,,,,,,,
Identity and Access Management Guideline_v2.0,,"Cloud Appliance, Operating System, Cloud PaaS, Container, End User Device,",,,,,,,,,,,,,,
Identity and Access Management Guideline_v2.0,,"Mobile Device, Other Device, Storage, Server & Host Hardware",,,,,,,,,,,,,,
Identity and Access Management Guideline_v2.0,,Key References: DORA RTS RMF A.21 1e.iv),,,,,,,,,,,,,,
Identity and Access Management Guideline_v2.0,15.1.3,The following types of recertification must be performed and documented:,,,,,,,,,,,,,,
Identity and Access Management Guideline_v2.0,,Role composition recertification by the Role Owner and Asset Owner must,,,,,,,,,,,,,,
Identity and Access Management Guideline_v2.0,DOR.ICT.IAM.REC.005,,,,,,,,,,,,,,,
Identity and Access Management Guideline_v2.0,,take place every 12 months and must include birth right roles.,,,,,,,,,,,,,,
Identity and Access Management Guideline_v2.0,,,,,,,,,,,,,,,,
Identity and Access Management Guideline_v2.0,,"Asset-Types: Business Process, Commercial-off-the-Shelf Solution, Underlaying",,,,,,,,,,,,,,
Identity and Access Management Guideline_v2.0,,"Software/Technology, SaaS, Tool, Software Appliance, Hardware Appliance, Cloud",,,,,,,,,,,,,,
Identity and Access Management Guideline_v2.0,,"Appliance, Operating System, Cloud PaaS, Container, End User Device, Mobile",,,,,,,,,,,,,,
Identity and Access Management Guideline_v2.0,,"Device, Processing Peripheral, Other Device, Storage, Server & Host Hardware",,,,,,,,,,,,,,
Identity and Access Management Guideline_v2.0,,Key References: ISO 27001:2022 Cor 202203 A.5.18,,,,,,,,,,,,,,
Identity and Access Management Guideline_v2.0,15.2,"All unauthorized access, which has been identified during the recertification",,,,,,,,,,,,,,
Identity and Access Management Guideline_v2.0,,"process, must be revoked after the recertifier’s sign-off.",,,,,,,,,,,,,,
Identity and Access Management Guideline_v2.0,DOR.ICT.IAM.REC.006,,,,,,,,,,,,,,,
Identity and Access Management Guideline_v2.0,,"Asset-Types: Business Process, Commercial-off-the-Shelf Solution, Underlaying",,,,,,,,,,,,,,
Identity and Access Management Guideline_v2.0,,"Software/Technology, SaaS, Tool, IDP, Software Appliance, Hardware Appliance,",,,,,,,,,,,,,,
Identity and Access Management Guideline_v2.0,,"Cloud Appliance, Operating System, Cloud PaaS, Container, End User Device, Mobile",,,,,,,,,,,,,,
Identity and Access Management Guideline_v2.0,,"Device, Processing Peripheral, Other Device, Storage, Server & Host Hardware",,,,,,,,,,,,,,
Identity and Access Management Guideline_v2.0,,Key References: ISO 27001:2022 Cor 202203 A.5.18,,,,,,,,,,,,,,
Identity and Access Management Guideline_v2.0,15.3,Dedicated access to legal entity data must be reviewed at least once every 12,,,,,,,,,,,,,,
Identity and Access Management Guideline_v2.0,,months by an employee of the respective legal entity.,,,,,,,,,,,,,,
Identity and Access Management Guideline_v2.0,DOR.ICT.IAM.REC.007,,,,,,,,,,,,,,,
Identity and Access Management Guideline_v2.0,,"Asset-Types: Business Process, Commercial-off-the-Shelf Solution, Underlaying",,,,,,,,,,,,,,
Identity and Access Management Guideline_v2.0,,"Software/Technology, SaaS, Tool, Software Appliance, Hardware Appliance, Cloud",,,,,,,,,,,,,,
Identity and Access Management Guideline_v2.0,,,,,,,,,,,,,,,,
Identity and Access Management Guideline_v2.0,ID: 16,,,,,,,,,,,,,,,
Identity and Access Management Guideline_v2.0,,Requirements for Tier-0 accounts,,,,,,,,,,,,,,
Identity and Access Management Guideline_v2.0,(version 2.0),,,,,,,,,,,,,,,
Identity and Access Management Guideline_v2.0,,,,,,,,,,,,,,,,
Identity and Access Management Guideline_v2.0,16,"Tier-0 access must be managed, secured and kept safe.",,,,,,,,,,,,,,
Identity and Access Management Guideline_v2.0,DOR.ICT.IAM.T0A.001,,,,,,,,,,,,,,,
Identity and Access Management Guideline_v2.0,16.1,Tier-0 access must additionally comply with the following control requirements:,,,,,,,,,,,,,,
Identity and Access Management Guideline_v2.0,DOR.ICT.IAM.T0A.002,"Asset-Types: Business Process, Commercial-off-the-Shelf Solution, Underlaying",,,,,,,,,,,,,,
Identity and Access Management Guideline_v2.0,,"Software/Technology, SaaS, Tool, Software Appliance, Hardware Appliance, Cloud",,,,,,,,,,,,,,
Identity and Access Management Guideline_v2.0,,"Appliance, Operating System, Cloud PaaS, Container, End User Device, Mobile Device,",,,,,,,,,,,,,,
Identity and Access Management Guideline_v2.0,,"Processing Peripheral, Other Device, Storage, Server & Host Hardware",,,,,,,,,,,,,,
Identity and Access Management Guideline_v2.0,,Key References: ISO 27001:2022 Cor 202203 A.8.2,,,,,,,,,,,,,,
Identity and Access Management Guideline_v2.0,16.1.1,Threat Analytics SIEM / PAM: Session monitoring solution must allow for,,,,,,,,,,,,,,
Identity and Access Management Guideline_v2.0,,data analysis / logging of actions made by privileged access.,,,,,,,,,,,,,,
Identity and Access Management Guideline_v2.0,DOR.ICT.IAM.T0A.003,,,,,,,,,,,,,,,
Identity and Access Management Guideline_v2.0,,"Asset-Types: Commercial-off-the-Shelf Solution, Underlaying",,,,,,,,,,,,,,
Identity and Access Management Guideline_v2.0,,"Software/Technology, SaaS, Tool, Software Appliance, Hardware Appliance, Cloud",,,,,,,,,,,,,,
Identity and Access Management Guideline_v2.0,,"Appliance, Operating System, Cloud PaaS, Container, End User Device, Mobile",,,,,,,,,,,,,,
Identity and Access Management Guideline_v2.0,,"Device, Processing Peripheral, Other Device, Storage, Server & Host Hardware",,,,,,,,,,,,,,
Identity and Access Management Guideline_v2.0,,Key References: ISO 27001:2022 Cor 202203 A.8.2,,,,,,,,,,,,,,
Identity and Access Management Guideline_v2.0,16.1.2,Maximum Session Time / Time-limited Access: Use of privileged access,,,,,,,,,,,,,,
Identity and Access Management Guideline_v2.0,,must be time-limited to the necessary minimum.,,,,,,,,,,,,,,
Identity and Access Management Guideline_v2.0,DOR.ICT.IAM.T0A.004,,,,,,,,,,,,,,,
Identity and Access Management Guideline_v2.0,,"Asset-Types: Commercial-off-the-Shelf Solution, Underlaying",,,,,,,,,,,,,,
Identity and Access Management Guideline_v2.0,,"Software/Technology, SaaS, Tool, Software Appliance, Hardware Appliance, Cloud",,,,,,,,,,,,,,
Identity and Access Management Guideline_v2.0,,"Appliance, Operating System, Cloud PaaS, Container, End User Device, Mobile",,,,,,,,,,,,,,
Identity and Access Management Guideline_v2.0,,"Device, Processing Peripheral, Other Device, Storage, Server & Host Hardware",,,,,,,,,,,,,,
Identity and Access Management Guideline_v2.0,,Key References: ISO 27001:2022 Cor 202203 A.8.2,,,,,,,,,,,,,,
Identity and Access Management Guideline_v2.0,16.1.3,"In emergency situations10, the approval for privileged access must occur",,,,,,,,,,,,,,
Identity and Access Management Guideline_v2.0,,through the responsible Manager on Duty. The Ticket Owner must ensure,,,,,,,,,,,,,,
Identity and Access Management Guideline_v2.0,DOR.ICT.IAM.T0A.005,that the ICT incident documentation including approval is provided within 24,,,,,,,,,,,,,,
Identity and Access Management Guideline_v2.0,,hours.,,,,,,,,,,,,,,
Identity and Access Management Guideline_v2.0,,"Asset-Types: Business Process, Commercial-off-the-Shelf Solution, Underlaying",,,,,,,,,,,,,,
Identity and Access Management Guideline_v2.0,,"Software/Technology, Tool, Software Appliance, Hardware Appliance, Operating",,,,,,,,,,,,,,
Identity and Access Management Guideline_v2.0,,"System, Container, Processing Peripheral, Other Device, Storage, Server & Host",,,,,,,,,,,,,,
Identity and Access Management Guideline_v2.0,,Hardware,,,,,,,,,,,,,,
Identity and Access Management Guideline_v2.0,,Key References: ISO 27001:2022 Cor 202203 A.8.2,,,,,,,,,,,,,,
Identity and Access Management Guideline_v2.0,ID: 17,,,,,,,,,,,,,,,
Identity and Access Management Guideline_v2.0,,IAM for Cloud,,,,,,,,,,,,,,
Identity and Access Management Guideline_v2.0,(version 2.0),,,,,,,,,,,,,,,
Identity and Access Management Guideline_v2.0,,,,,,,,,,,,,,,,
Identity and Access Management Guideline_v2.0,17,"A procedure for Cloud Identity Access Management must be defined,",,,,,,,,,,,,,,
Identity and Access Management Guideline_v2.0,,"implemented, monitored and controlled to protect against unauthorized",,,,,,,,,,,,,,
Identity and Access Management Guideline_v2.0,DOR.ICT.IAM.CLD.001,,,,,,,,,,,,,,,
Identity and Access Management Guideline_v2.0,,usage or privilege escalation of Cloud-related accounts.,,,,,,,,,,,,,,
Identity and Access Management Guideline_v2.0,,,,,,,,,,,,,,,,
Network Security Guideline_v2.0,<Specify ID:,,,,,,,,,,,,,,,
Network Security Guideline_v2.0,,<Name of control requirement (e.g. Access to production data)>,,,,,,,,,,,,,,
Network Security Guideline_v2.0,xx (version,,,,,,,,,,,,,,,
Network Security Guideline_v2.0,x)>,,,,,,,,,,,,,,,
Network Security Guideline_v2.0,,,,,,,,,,,,,,,,
Network Security Guideline_v2.0,1,<Description of the control requirement>,,,,,,,,,,,,,,
Network Security Guideline_v2.0,1.1,<Lists the criteria applying to the control requirement>,,,,,,,,,,,,,,
Network Security Guideline_v2.0,,,,,,,,,,,,,,,,
Network Security Guideline_v2.0,1.1.1,<Lists the sub-criteria applying to the control requirement>,,,,,,,,,,,,,,
Network Security Guideline_v2.0,,,Asset-Types: <Lists asset types applicable to the control requirement>,,,,,,,,,,,,,
Network Security Guideline_v2.0,,,Key references: <Lists key regulatory references and industry best practice requirements affecting this,,,,,,,,,,,,,
Network Security Guideline_v2.0,,"control requirement (e.g., ISO/IEC 27001:2022 A.5.10, A.8.1)>","control requirement (e.g., ISO/IEC 27001:2022 A.5.10, A.8.1)>",,,,,,,,,,,,,
Network Security Guideline_v2.0,,,,,,,,,,,,,,,,
Network Security Guideline_v2.0,,,,,,,,,,,,,,,,
Network Security Guideline_v2.0,"The terms in this document are defined in the overall ICT Risk Glossary, which is provided",,,,,,,,,,,,,,,
Network Security Guideline_v2.0,on the Intranet website.,,,,,,,,,,,,,,,
Network Security Guideline_v2.0,ID: 1,,,,,,,,,,,,,,,
Network Security Guideline_v2.0,,Network and cloud architecture,,,,,,,,,,,,,,
Network Security Guideline_v2.0,(version 2.0),,,,,,,,,,,,,,,
Network Security Guideline_v2.0,,,,,,,,,,,,,,,,
Network Security Guideline_v2.0,1,It must be ensured that networks are designed in line with the,,,,,,,,,,,,,,
Network Security Guideline_v2.0,,established IT security requirements.,,,,,,,,,,,,,,
Network Security Guideline_v2.0,DOR.ICT.NWS.ACH.001,,,,,,,,,,,,,,,
Network Security Guideline_v2.0,1.1,Relevant established requirements as well as best practices or standards,,,,,,,,,,,,,,
Network Security Guideline_v2.0,,within the industry must be taken into account when designing networks.,,,,,,,,,,,,,,
Network Security Guideline_v2.0,DOR.ICT.NWS.ACH.002,,,,,,,,,,,,,,,
Network Security Guideline_v2.0,,"Asset-Types: Information, Business Process, Tool, Certificate, Operating System,",,,,,,,,,,,,,,
Network Security Guideline_v2.0,,"Cloud PaaS, Container, Network Connection",,,,,,,,,,,,,,
Network Security Guideline_v2.0,,Key References: DORA RTS RMF A.13.1f,,,,,,,,,,,,,,
Network Security Guideline_v2.0,1.2,The network architecture and the network security design must be reviewed,,,,,,,,,,,,,,
Network Security Guideline_v2.0,,annually to identify potential vulnerabilities.,,,,,,,,,,,,,,
Network Security Guideline_v2.0,DOR.ICT.NWS.ACH.003,,,,,,,,,,,,,,,
Network Security Guideline_v2.0,,"Asset-Types: Information, Business Process, Tool, Certificate, Operating System,",,,,,,,,,,,,,,
Network Security Guideline_v2.0,,"Cloud PaaS, Container, Network Connection",,,,,,,,,,,,,,
Network Security Guideline_v2.0,,Key References: DORA RTS RMF A.13.1i,,,,,,,,,,,,,,
Network Security Guideline_v2.0,1.3,The network topologies with all network connections and data flows must be,,,,,,,,,,,,,,
Network Security Guideline_v2.0,,"documented, including but not limited to the clear specification of relevant",,,,,,,,,,,,,,
Network Security Guideline_v2.0,DOR.ICT.NWS.ACH.004,,,,,,,,,,,,,,,
Network Security Guideline_v2.0,,"elements like network security zones, network segments and their",,,,,,,,,,,,,,
Network Security Guideline_v2.0,,,,,,,,,,,,,,,,
Network Security Guideline_v2.0,,classification based on the assigned IT applications in the respective,,,,,,,,,,,,,,
Network Security Guideline_v2.0,,segment.,,,,,,,,,,,,,,
Network Security Guideline_v2.0,,"Asset-Types: Information, Business Process, Tool, Certificate, Cloud PaaS, Network",,,,,,,,,,,,,,
Network Security Guideline_v2.0,,Connection,,,,,,,,,,,,,,
Network Security Guideline_v2.0,,Key References: DORA RTS RMF A.13.1b,,,,,,,,,,,,,,
Network Security Guideline_v2.0,1.4,The documentation on network topology must be reviewed and updated after,,,,,,,,,,,,,,
Network Security Guideline_v2.0,,major network changes or at least annually.,,,,,,,,,,,,,,
Network Security Guideline_v2.0,DOR.ICT.NWS.ACH.005,,,,,,,,,,,,,,,
Network Security Guideline_v2.0,,"Asset-Types: Information, Business Process, Tool, Certificate, Operating System,",,,,,,,,,,,,,,
Network Security Guideline_v2.0,,"Cloud PaaS, Container, Network Connection",,,,,,,,,,,,,,
Network Security Guideline_v2.0,,Key References: ISO 27001:2022 Cor 202203 A.8.22,,,,,,,,,,,,,,
Network Security Guideline_v2.0,1.5,Architecture guidance and best practices for the use of cloud services must,,,,,,,,,,,,,,
Network Security Guideline_v2.0,,be established to get the right balance between usage of cloud native,,,,,,,,,,,,,,
Network Security Guideline_v2.0,DOR.ICT.NWS.ACH.006,services and avoidance of lock-in by providing the required interoperability,,,,,,,,,,,,,,
Network Security Guideline_v2.0,,and portability where needed.,,,,,,,,,,,,,,
Network Security Guideline_v2.0,,"Asset-Types: Information, Business Process, Commercial-off-the-Shelf Solution,",,,,,,,,,,,,,,
Network Security Guideline_v2.0,,"SaaS, Cloud Appliance, Operating System, Cloud PaaS, Container, Network",,,,,,,,,,,,,,
Network Security Guideline_v2.0,,Connection,,,,,,,,,,,,,,
Network Security Guideline_v2.0,,Key References: /,,,,,,,,,,,,,,
Network Security Guideline_v2.0,ID: 2,,,,,,,,,,,,,,,
Network Security Guideline_v2.0,,Network configuration,,,,,,,,,,,,,,
Network Security Guideline_v2.0,(version 2.0),,,,,,,,,,,,,,,
Network Security Guideline_v2.0,,,,,,,,,,,,,,,,
Network Security Guideline_v2.0,2,It must be ensured through appropriate network configuration that all,,,,,,,,,,,,,,
Network Security Guideline_v2.0,,network and infrastructure components are securely configured and,,,,,,,,,,,,,,
Network Security Guideline_v2.0,DOR.ICT.NWS.CON.001,,,,,,,,,,,,,,,
Network Security Guideline_v2.0,,hardened.,,,,,,,,,,,,,,
Network Security Guideline_v2.0,,,,,,,,,,,,,,,,
Network Security Guideline_v2.0,2.1,Secure configuration and hardening baselines for all network and,,,,,,,,,,,,,,
Network Security Guideline_v2.0,,"infrastructure components must be defined, documented, implemented and,",,,,,,,,,,,,,,
Network Security Guideline_v2.0,DOR.ICT.NWS.CON.002,,,,,,,,,,,,,,,
Network Security Guideline_v2.0,,for components in the Red and Yellow Segregation Areas regularly be,,,,,,,,,,,,,,
Network Security Guideline_v2.0,,,,,,,,,,,,,,,,
Network Security Guideline_v2.0,,reviewed in line with the ICT Operations Guideline.,,,,,,,,,,,,,,
Network Security Guideline_v2.0,,"Asset-Types: Information, Hardware Appliance, Cloud Appliance, Operating System,",,,,,,,,,,,,,,
Network Security Guideline_v2.0,,"Cloud PaaS, Container, End User Device, Mobile Device, Storage, Server & Host",,,,,,,,,,,,,,
Network Security Guideline_v2.0,,"Hardware, Network Connection",,,,,,,,,,,,,,
Network Security Guideline_v2.0,,Key References: DORA RTS RMF A.13.1k,,,,,,,,,,,,,,
Network Security Guideline_v2.0,2.1.1,All instructions from vendors as well as best practices and standards,,,,,,,,,,,,,,
Network Security Guideline_v2.0,,"within the industry, that can serve as a robust benchmark, must be",,,,,,,,,,,,,,
Network Security Guideline_v2.0,DOR.ICT.NWS.CON.003,,,,,,,,,,,,,,,
Network Security Guideline_v2.0,,followed.,,,,,,,,,,,,,,
Network Security Guideline_v2.0,,,,,,,,,,,,,,,,
Network Security Guideline_v2.0,,"Asset-Types: Information, Hardware Appliance, Cloud Appliance, Operating",,,,,,,,,,,,,,
Network Security Guideline_v2.0,,"System, Cloud PaaS, Container, End User Device, Mobile Device, Storage,",,,,,,,,,,,,,,
Network Security Guideline_v2.0,,"Server & Host Hardware, Network Connection",,,,,,,,,,,,,,
Network Security Guideline_v2.0,,Key References: DORA RTS RMF A.13.1k,,,,,,,,,,,,,,
Network Security Guideline_v2.0,2.2,Hardening baselines must be implemented and verified before using a new,,,,,,,,,,,,,,
Network Security Guideline_v2.0,,or changed infrastructure component in the Red Segregation Area in line,,,,,,,,,,,,,,
Network Security Guideline_v2.0,DOR.ICT.NWS.CON.004,,,,,,,,,,,,,,,
Network Security Guideline_v2.0,,with the ICT Operations Guideline.,,,,,,,,,,,,,,
Network Security Guideline_v2.0,,,,,,,,,,,,,,,,
Network Security Guideline_v2.0,,"Asset-Types: Hardware Appliance, Cloud Appliance, Operating System, Cloud",,,,,,,,,,,,,,
Network Security Guideline_v2.0,,"PaaS, Container, End User Device, Mobile Device, Storage, Server & Host Hardware",,,,,,,,,,,,,,
Network Security Guideline_v2.0,,Key References: ISO 27001:2022 Cor 202203 A.8.20,,,,,,,,,,,,,,
Network Security Guideline_v2.0,2.3,"Procedures must be in place to limit, lock and terminate ICT systems and",,,,,,,,,,,,,,
Network Security Guideline_v2.0,,remote sessions after a specific period of inactivity.,,,,,,,,,,,,,,
Network Security Guideline_v2.0,DOR.ICT.NWS.CON.005,,,,,,,,,,,,,,,
Network Security Guideline_v2.0,,"Asset-Types: Business Process, Software Appliance, Hardware Appliance, Cloud",,,,,,,,,,,,,,
Network Security Guideline_v2.0,,"Appliance, Operating System, Cloud PaaS, Container, Storage, Server & Host",,,,,,,,,,,,,,
Network Security Guideline_v2.0,,"Hardware, Network Connection",,,,,,,,,,,,,,
Network Security Guideline_v2.0,,Key References: DORA RTS RMF A.13.1l,,,,,,,,,,,,,,
Network Security Guideline_v2.0,2.4,Configuration files of security-relevant network components must be secured,,,,,,,,,,,,,,
Network Security Guideline_v2.0,,against tampering (running configuration files and start-up configuration,,,,,,,,,,,,,,
Network Security Guideline_v2.0,DOR.ICT.NWS.CON.006,files).,,,,,,,,,,,,,,
Network Security Guideline_v2.0,,,,,,,,,,,,,,,,
Network Security Guideline_v2.0,,"Asset-Types: Business Process, Hardware Appliance, Cloud Appliance, Cloud",,,,,,,,,,,,,,
Network Security Guideline_v2.0,,"PaaS, Storage, Server & Host Hardware, Network Connection",,,,,,,,,,,,,,
Network Security Guideline_v2.0,,Key References: ISO 27001:2022 Cor 202203 A.8.22,,,,,,,,,,,,,,
Network Security Guideline_v2.0,ID: 3,,,,,,,,,,,,,,,
Network Security Guideline_v2.0,,Network services,,,,,,,,,,,,,,
Network Security Guideline_v2.0,(version 2.0),,,,,,,,,,,,,,,
Network Security Guideline_v2.0,,,,,,,,,,,,,,,,
Network Security Guideline_v2.0,3,"It must be ensured that network services are managed, and security",,,,,,,,,,,,,,
Network Security Guideline_v2.0,,features are documented in a way that ensures consistent and secure,,,,,,,,,,,,,,
Network Security Guideline_v2.0,DOR.ICT.NWS.SER.001,,,,,,,,,,,,,,,
Network Security Guideline_v2.0,,service delivery.,,,,,,,,,,,,,,
Network Security Guideline_v2.0,,,,,,,,,,,,,,,,
Network Security Guideline_v2.0,3.1,"A regular process must be defined and implemented to identify, specify,",,,,,,,,,,,,,,
Network Security Guideline_v2.0,DOR.ICT.NWS.SER.002,"document, and monitor IT and information security measures and features",,,,,,,,,,,,,,
Network Security Guideline_v2.0,,"(typically in a service catalogue, or Asset Security Documentation (ASD)),",,,,,,,,,,,,,,
Network Security Guideline_v2.0,,service levels and management requirements of all network services with,,,,,,,,,,,,,,
Network Security Guideline_v2.0,,their defined scope and applicability.,,,,,,,,,,,,,,
Network Security Guideline_v2.0,,"Asset-Types: Information, Business Process, Commercial-off-the-Shelf Solution,",,,,,,,,,,,,,,
Network Security Guideline_v2.0,,"Underlaying Software/Technology, Tool, Software Appliance, Hardware Appliance,",,,,,,,,,,,,,,
Network Security Guideline_v2.0,,"Cloud Appliance, Cloud PaaS, Storage, Network Connection, Supplier",,,,,,,,,,,,,,
Network Security Guideline_v2.0,,Key References: DORA RTS RMF A.13.1m.i),,,,,,,,,,,,,,
Network Security Guideline_v2.0,3.1.1,It must be specified whether the services are provided by an ICT third-,,,,,,,,,,,,,,
Network Security Guideline_v2.0,DOR.ICT.NWS.SER.003,party service provider or an internal service provider.,,,,,,,,,,,,,,
Network Security Guideline_v2.0,,,,,,,,,,,,,,,,
Network Security Guideline_v2.0,,"Asset-Types: Information, Business Process, Commercial-off-the-Shelf Solution,",,,,,,,,,,,,,,
Network Security Guideline_v2.0,,"Underlaying Software/Technology, Tool, Software Appliance, Hardware",,,,,,,,,,,,,,
Network Security Guideline_v2.0,,"Appliance, Cloud Appliance, Cloud PaaS, Storage, Network Connection, Supplier",,,,,,,,,,,,,,
Network Security Guideline_v2.0,,Key References: DORA RTS RMF A.13.1m.ii),,,,,,,,,,,,,,
Network Security Guideline_v2.0,3.2,A regular process for managing network services must be defined as part of,,,,,,,,,,,,,,
Network Security Guideline_v2.0,DOR.ICT.NWS.SER.004,"the network operational documentation and include responsibilities, standard",,,,,,,,,,,,,,
Network Security Guideline_v2.0,,"and emergency operation procedures, defined implementation rules and",,,,,,,,,,,,,,
Network Security Guideline_v2.0,,related communication as part of change management process.,,,,,,,,,,,,,,
Network Security Guideline_v2.0,,"Asset-Types: Information, Business Process, Commercial-off-the-Shelf Solution,",,,,,,,,,,,,,,
Network Security Guideline_v2.0,,"Underlaying Software/Technology, Software Appliance, Hardware Appliance, Cloud",,,,,,,,,,,,,,
Network Security Guideline_v2.0,,"Appliance, Cloud PaaS, Network Connection",,,,,,,,,,,,,,
Network Security Guideline_v2.0,,Key References: ISO 27001:2022 Cor 202203 A.8.21,,,,,,,,,,,,,,
Network Security Guideline_v2.0,3.3,The scope of documentation must be in accordance with the asset,,,,,,,,,,,,,,
Network Security Guideline_v2.0,,specifications documented in an asset inventory.,,,,,,,,,,,,,,
Network Security Guideline_v2.0,DOR.ICT.NWS.SER.005,,,,,,,,,,,,,,,
Network Security Guideline_v2.0,,"Asset-Types: Information, Network Connection",,,,,,,,,,,,,,
Network Security Guideline_v2.0,,Key References: ISO 27001:2022 Cor 202203 A.8.21,,,,,,,,,,,,,,
Network Security Guideline_v2.0,3.4,Each network segment must have a defined list of allowed access protocols.,,,,,,,,,,,,,,
Network Security Guideline_v2.0,DOR.ICT.NWS.SER.006,"Asset-Types: Information, Network Connection",,,,,,,,,,,,,,
Network Security Guideline_v2.0,,Key References: ISO 27001:2022 Cor 202203 A.8.21,,,,,,,,,,,,,,
Network Security Guideline_v2.0,ID: 4,,,,,,,,,,,,,,,
Network Security Guideline_v2.0,,Access to network-connected IT Assets,,,,,,,,,,,,,,
Network Security Guideline_v2.0,(version 2.0),,,,,,,,,,,,,,,
Network Security Guideline_v2.0,,,,,,,,,,,,,,,,
Network Security Guideline_v2.0,4,"It must be ensured that access to network-connected IT Assets,",,,,,,,,,,,,,,
Network Security Guideline_v2.0,,"especially networks and network services, are controlled through",,,,,,,,,,,,,,
Network Security Guideline_v2.0,DOR.ICT.NWS.ACC.001,,,,,,,,,,,,,,,
Network Security Guideline_v2.0,,,,,,,,,,,,,,,,
Network Security Guideline_v2.0,ID: 5,,,,,,,,,,,,,,,
Network Security Guideline_v2.0,,Protection of network connections and data in transit,,,,,,,,,,,,,,
Network Security Guideline_v2.0,(version 2.0),,,,,,,,,,,,,,,
Network Security Guideline_v2.0,,,,,,,,,,,,,,,,
Network Security Guideline_v2.0,5,"Network connections, including data in transit, must be protected in a",,,,,,,,,,,,,,
Network Security Guideline_v2.0,,way that preserves their integrity and ensures confidentiality.,,,,,,,,,,,,,,
Network Security Guideline_v2.0,DOR.ICT.NWS.CON.001,,,,,,,,,,,,,,,
Network Security Guideline_v2.0,5.1,"Network connections, with the respective communication protocols used, as",,,,,,,,,,,,,,
Network Security Guideline_v2.0,,well as data in transit passing over all types of networks must be encrypted,,,,,,,,,,,,,,
Network Security Guideline_v2.0,DOR.ICT.NWS.CON.002,,,,,,,,,,,,,,,
Network Security Guideline_v2.0,,,"to preserve confidentiality, integrity, availability, and authenticity",,in line with,,,,,,,,,,,
Network Security Guideline_v2.0,,,,,,,,,,,,,,,,
Network Security Guideline_v2.0,,the Encryption and Key Management Guideline,,"by using standardized,",,,,,,,,,,,,
Network Security Guideline_v2.0,,,"secure cryptographic protocols (e.g., TLS) with legal entity approved",,,,,,,,,,,,,
Network Security Guideline_v2.0,,,cryptographic measures and a secure configuration to prevent man-in-the-,,,,,,,,,,,,,
Network Security Guideline_v2.0,,middle attacks. The following must be ensured:,middle attacks,,,,,,,,,,,,,
Network Security Guideline_v2.0,,"Asset-Types: Information, Business Process, Commercial-off-the-Shelf Solution,",,,,,,,,,,,,,,
Network Security Guideline_v2.0,,"Underlaying Software/Technology, SaaS, Tool, Software Appliance, Hardware",,,,,,,,,,,,,,
Network Security Guideline_v2.0,,"Appliance, Cloud Appliance, Cloud PaaS, Container, End User Device, Mobile",,,,,,,,,,,,,,
Network Security Guideline_v2.0,,"Device, Other Device, Storage, Server & Host Hardware, Network Connection",,,,,,,,,,,,,,
Network Security Guideline_v2.0,,Key References: DORA RTS RMF A.13.1e,,,,,,,,,,,,,,
Network Security Guideline_v2.0,5.1.1,Procedures must be established to assess compliance with the,,,,,,,,,,,,,,
Network Security Guideline_v2.0,,requirements on the protection of data during network transmission.,,,,,,,,,,,,,,
Network Security Guideline_v2.0,DOR.ICT.NWS.CON.003,,,,,,,,,,,,,,,
Network Security Guideline_v2.0,,"Asset-Types: Information, Business Process, Commercial-off-the-Shelf Solution,",,,,,,,,,,,,,,
Network Security Guideline_v2.0,,"Underlaying Software/Technology, SaaS, Tool, Software Appliance, Hardware",,,,,,,,,,,,,,
Network Security Guideline_v2.0,,"Appliance, Cloud Appliance, Cloud PaaS, Container, End User Device, Mobile",,,,,,,,,,,,,,
Network Security Guideline_v2.0,,"Device, Other Device, Storage, Server & Host Hardware, Network Connection",,,,,,,,,,,,,,
Network Security Guideline_v2.0,,Key References: DORA RTS RMF A.14.1a,,,,,,,,,,,,,,
Network Security Guideline_v2.0,5.1.2,Network traffic between internal networks and the Internet as well as,,,,,,,,,,,,,,
Network Security Guideline_v2.0,,other external connections must be secured.,,,,,,,,,,,,,,
Network Security Guideline_v2.0,DOR.ICT.NWS.CON.004,,,,,,,,,,,,,,,
Network Security Guideline_v2.0,,"Asset-Types: Information, Business Process, Commercial-off-the-Shelf Solution,",,,,,,,,,,,,,,
Network Security Guideline_v2.0,,"Underlaying Software/Technology, SaaS, Tool, Software Appliance, Hardware",,,,,,,,,,,,,,
Network Security Guideline_v2.0,,"Appliance, Cloud Appliance, Cloud PaaS, Container, End User Device, Mobile",,,,,,,,,,,,,,
Network Security Guideline_v2.0,,"Device, Other Device, Storage, Server & Host Hardware, Network Connection",,,,,,,,,,,,,,
Network Security Guideline_v2.0,,Key References: DORA RTS RMF A.13.1g,,,,,,,,,,,,,,
Network Security Guideline_v2.0,ID: 6,,,,,,,,,,,,,,,
Network Security Guideline_v2.0,,Separation of environments,,,,,,,,,,,,,,
Network Security Guideline_v2.0,(version 2.0),,,,,,,,,,,,,,,
Network Security Guideline_v2.0,,,,,,,,,,,,,,,,
Network Security Guideline_v2.0,6,Dedicated environments must be provided in accordance with their,,,,,,,,,,,,,,
Network Security Guideline_v2.0,,intended use.,,,,,,,,,,,,,,
Network Security Guideline_v2.0,DOR.ICT.NWS.SEP.001,,,,,,,,,,,,,,,
Network Security Guideline_v2.0,6.1,"Red, Yellow, Blue and Green segregation areas must be segregated at least",,,,,,,,,,,,,,
Network Security Guideline_v2.0,,logically.,,,,,,,,,,,,,,
Network Security Guideline_v2.0,DOR.ICT.NWS.SEP.002,,,,,,,,,,,,,,,
Network Security Guideline_v2.0,,"Asset-Types: Business Process, Network Connection",,,,,,,,,,,,,,
Network Security Guideline_v2.0,,Key References: ISO 27001:2022 Cor 202203 A.8.31,,,,,,,,,,,,,,
Network Security Guideline_v2.0,6.2,A physically separate network test lab must be provided for testing and,,,,,,,,,,,,,,
Network Security Guideline_v2.0,,acceptance testing of on-premises network services.,,,,,,,,,,,,,,
Network Security Guideline_v2.0,DOR.ICT.NWS.SEP.003,,,,,,,,,,,,,,,
Network Security Guideline_v2.0,ID: 7,,,,,,,,,,,,,,,
Network Security Guideline_v2.0,,Segregation in networks,,,,,,,,,,,,,,
Network Security Guideline_v2.0,(version 2.0),,,,,,,,,,,,,,,
Network Security Guideline_v2.0,,,,,,,,,,,,,,,,
Network Security Guideline_v2.0,7,It must be ensured that networks are segregated appropriately.,,,,,,,,,,,,,,
Network Security Guideline_v2.0,DOR.ICT.NWS.SEG.001,,,,,,,,,,,,,,,
Network Security Guideline_v2.0,7.1,Groups of network connected IT Assets must be segmented and segregated,,,,,,,,,,,,,,
Network Security Guideline_v2.0,,into different types of network security zones according to their purpose:,,,,,,,,,,,,,,
Network Security Guideline_v2.0,DOR.ICT.NWS.SEG.002,,,,,,,,,,,,,,,
Network Security Guideline_v2.0,,"Asset-Types: Information, Business Process, Commercial-off-the-Shelf Solution,",,,,,,,,,,,,,,
Network Security Guideline_v2.0,,"Underlaying Software/Technology, Tool, Certificate, Software Appliance, Hardware",,,,,,,,,,,,,,
Network Security Guideline_v2.0,,"Appliance, Cloud Appliance, Cloud PaaS, Container, Processing Peripheral, Other",,,,,,,,,,,,,,
Network Security Guideline_v2.0,,"Device, Storage, Server & Host Hardware, Network Connection",,,,,,,,,,,,,,
Network Security Guideline_v2.0,,Key References: ISO 27001:2022 Cor 202203 A.8.22,,,,,,,,,,,,,,
Network Security Guideline_v2.0,7.1.1,The network security zones types must at least be logically segregated,,,,,,,,,,,,,,
Network Security Guideline_v2.0,,from each other.,,,,,,,,,,,,,,
Network Security Guideline_v2.0,DOR.ICT.NWS.SEG.003,,,,,,,,,,,,,,,
Network Security Guideline_v2.0,,"Asset-Types: Information, Business Process",,,,,,,,,,,,,,
Network Security Guideline_v2.0,,Key References: ISO 27001:2022 Cor 202203 A.8.22,,,,,,,,,,,,,,
Network Security Guideline_v2.0,7.1.2,Within the network security zone types the network-connected IT Assets,,,,,,,,,,,,,,
Network Security Guideline_v2.0,,must be segregated on a risk-based approach.,,,,,,,,,,,,,,
Network Security Guideline_v2.0,DOR.ICT.NWS.SEG.004,,,,,,,,,,,,,,,
Network Security Guideline_v2.0,,"Asset-Types: Information, Business Process, Commercial-off-the-Shelf Solution,",,,,,,,,,,,,,,
Network Security Guideline_v2.0,,"Underlaying Software/Technology, Tool, Certificate, Software Appliance,",,,,,,,,,,,,,,
Network Security Guideline_v2.0,,"Hardware Appliance, Cloud Appliance, Cloud PaaS, Container, Processing",,,,,,,,,,,,,,
Network Security Guideline_v2.0,,"Peripheral, Other Device, Storage, Server & Host Hardware, Network Connection",,,,,,,,,,,,,,
Network Security Guideline_v2.0,,Key References: ISO 27001:2022 Cor 202203 A.8.22,,,,,,,,,,,,,,
Network Security Guideline_v2.0,7.1.3,"Within the Internet and Partner network security zone types, the network-",,,,,,,,,,,,,,
Network Security Guideline_v2.0,,connected IT Assets,must,be assigned to their own DMZ on a risk-based,,,,,,,,,,,,
Network Security Guideline_v2.0,DOR.ICT.NWS.SEG.005,,,,,,,,,,,,,,,
Network Security Guideline_v2.0,,approach.,,,,,,,,,,,,,,
Network Security Guideline_v2.0,,,,,,,,,,,,,,,,
Network Security Guideline_v2.0,,"Asset-Types: Information, Business Process, Commercial-off-the-Shelf Solution,",,,,,,,,,,,,,,
Network Security Guideline_v2.0,,"Underlaying Software/Technology, Tool, Certificate, Software Appliance,",,,,,,,,,,,,,,
Network Security Guideline_v2.0,,"Hardware Appliance, Cloud Appliance, Cloud PaaS, Container, Processing",,,,,,,,,,,,,,
Network Security Guideline_v2.0,,"Peripheral, Other Device, Storage, Server & Host Hardware, Network Connection",,,,,,,,,,,,,,
Network Security Guideline_v2.0,,Key References: ISO 27001:2022 Cor 202203 A.8.22,,,,,,,,,,,,,,
Network Security Guideline_v2.0,7.2,The following must be considered in the risk-based approach for segregation:,,,,,,,,,,,,,,
Network Security Guideline_v2.0,,"- The criticality or importance of the function those ICT Systems,",,,,,,,,,,,,,,
Network Security Guideline_v2.0,DOR.ICT.NWS.SEG.006,,,,,,,,,,,,,,,
Network Security Guideline_v2.0,,"including networks, support",,,,,,,,,,,,,,
Network Security Guideline_v2.0,,,,,,,,,,,,,,,,
Network Security Guideline_v2.0,,- The established classification,,,,,,,,,,,,,,
Network Security Guideline_v2.0,,"- The overall risk profile of IT Assets using those ICT Systems,",,,,,,,,,,,,,,
Network Security Guideline_v2.0,,including networks,,,,,,,,,,,,,,
Network Security Guideline_v2.0,,"Asset-Types: Information, Business Process, Commercial-off-the-Shelf Solution,",,,,,,,,,,,,,,
Network Security Guideline_v2.0,,"Underlaying Software/Technology, Tool, Certificate, Software Appliance, Hardware",,,,,,,,,,,,,,
Network Security Guideline_v2.0,,"Appliance, Cloud Appliance, Cloud PaaS, Container, Storage, Server & Host",,,,,,,,,,,,,,
Network Security Guideline_v2.0,,"Hardware, Network Connection",,,,,,,,,,,,,,
Network Security Guideline_v2.0,,"Key References: DORA RTS RMF A.13.1ai),ii),iii)",,,,,,,,,,,,,,
Network Security Guideline_v2.0,7.3,All network-connected IT Assets must be assigned to a network security,,,,,,,,,,,,,,
Network Security Guideline_v2.0,,zone that corresponds to their use case.,,,,,,,,,,,,,,
Network Security Guideline_v2.0,DOR.ICT.NWS.SEG.007,,,,,,,,,,,,,,,
Network Security Guideline_v2.0,ID: 8,,,,,,,,,,,,,,,
Network Security Guideline_v2.0,,Firewalls and connection filters,,,,,,,,,,,,,,
Network Security Guideline_v2.0,(version 2.0),,,,,,,,,,,,,,,
Network Security Guideline_v2.0,,,,,,,,,,,,,,,,
Network Security Guideline_v2.0,8,Firewalls and connection filters must be implemented and managed to,,,,,,,,,,,,,,
Network Security Guideline_v2.0,,ensure reliable and strict control of data traffic between networks on an,,,,,,,,,,,,,,
Network Security Guideline_v2.0,DOR.ICT.NWS.FWF.001,,,,,,,,,,,,,,,
Network Security Guideline_v2.0,,ongoing basis.,,,,,,,,,,,,,,
Network Security Guideline_v2.0,,,,,,,,,,,,,,,,
Network Security Guideline_v2.0,8.1,Firewall configurations must prevent any unauthorized connections between,,,,,,,,,,,,,,
Network Security Guideline_v2.0,,network security zones.,,,,,,,,,,,,,,
Network Security Guideline_v2.0,DOR.ICT.NWS.FWF.002,,,,,,,,,,,,,,,
Network Security Guideline_v2.0,,"Asset-Types: Business Process, Cloud PaaS, Network Connection",,,,,,,,,,,,,,
Network Security Guideline_v2.0,,Key References: ISO 27001:2022 Cor 202203 A.8.22,,,,,,,,,,,,,,
Network Security Guideline_v2.0,8.2,Firewall rules must be implemented according to defined criteria for network,,,,,,,,,,,,,,
Network Security Guideline_v2.0,,connectivity.,,,,,,,,,,,,,,
Network Security Guideline_v2.0,DOR.ICT.NWS.FWF.003,,,,,,,,,,,,,,,
Network Security Guideline_v2.0,,"Asset-Types: Business Process, Hardware Appliance, Cloud Appliance, Cloud",,,,,,,,,,,,,,
Network Security Guideline_v2.0,,"PaaS, Storage, Server & Host Hardware, Network Connection",,,,,,,,,,,,,,
Network Security Guideline_v2.0,,Key References: ISO 27001:2022 Cor 202203 A.8.22,,,,,,,,,,,,,,
Network Security Guideline_v2.0,8.3,Implementation and removal of firewall rules must follow defined,,,,,,,,,,,,,,
Network Security Guideline_v2.0,,"procedures3, if possible, with an automatic workflow.",,,,,,,,,,,,,,
Network Security Guideline_v2.0,DOR.ICT.NWS.FWF.004,,,,,,,,,,,,,,,
Network Security Guideline_v2.0,,"Asset-Types: Business Process, Hardware Appliance, Cloud Appliance, Cloud",,,,,,,,,,,,,,
Network Security Guideline_v2.0,,"PaaS, Storage, Server & Host Hardware, Network Connection",,,,,,,,,,,,,,
Network Security Guideline_v2.0,,Key References: ISO 27001:2022 Cor 202203 A.8.22,,,,,,,,,,,,,,
Network Security Guideline_v2.0,8.4,"If provisioning is done manually, additional controls (four-eyes-principle)",,,,,,,,,,,,,,
Network Security Guideline_v2.0,,must be established.,,,,,,,,,,,,,,
Network Security Guideline_v2.0,DOR.ICT.NWS.FWF.005,,,,,,,,,,,,,,,
Network Security Guideline_v2.0,,Asset-Types: Business Process,,,,,,,,,,,,,,
Network Security Guideline_v2.0,,Key References: ISO 27001:2022 Cor 202203 A.8.22,,,,,,,,,,,,,,
Network Security Guideline_v2.0,8.5,"Roles, responsibilities and steps for the specification, implementation,",,,,,,,,,,,,,,
Network Security Guideline_v2.0,,"approval, change and review of firewall rules and connection filters must be",,,,,,,,,,,,,,
Network Security Guideline_v2.0,DOR.ICT.NWS.FWF.006,,,,,,,,,,,,,,,
Network Security Guideline_v2.0,,identified in defined procedures4.,,,,,,,,,,,,,,
Network Security Guideline_v2.0,,,,,,,,,,,,,,,,
Network Security Guideline_v2.0,,Asset-Types: Business Process,,,,,,,,,,,,,,
Network Security Guideline_v2.0,,"Key References: DORA RTS RMF A.13,.1h",,,,,,,,,,,,,,
Network Security Guideline_v2.0,8.6,Firewall rules and connection filters must be recertified regularly and adhere,,,,,,,,,,,,,,
Network Security Guideline_v2.0,,to all of the following:,,,,,,,,,,,,,,
Network Security Guideline_v2.0,DOR.ICT.NWS.FWF.007,,,,,,,,,,,,,,,
Network Security Guideline_v2.0,ID: 9,,,,,,,,,,,,,,,
Network Security Guideline_v2.0,,Protection of perimeters,,,,,,,,,,,,,,
Network Security Guideline_v2.0,(version 2.0),,,,,,,,,,,,,,,
Network Security Guideline_v2.0,,,,,,,,,,,,,,,,
Network Security Guideline_v2.0,9,It must be ensured that perimeters are secured in such a way that,,,,,,,,,,,,,,
Network Security Guideline_v2.0,,unauthorized access and connections are prevented.,,,,,,,,,,,,,,
Network Security Guideline_v2.0,DOR.ICT.NWS.PER.001,,,,,,,,,,,,,,,
Network Security Guideline_v2.0,ID: 10 (version 2.0),Web filtering,,,,,,,,,,,,,,
Network Security Guideline_v2.0,10,It must be ensured that suitable web filtering is in place to prevent,,,,,,,,,,,,,,
Network Security Guideline_v2.0,,access to unauthorized or insecure resources.,,,,,,,,,,,,,,
Network Security Guideline_v2.0,DOR.ICT.NWS.WEB.001,,,,,,,,,,,,,,,
Network Security Guideline_v2.0,10.1,Proxies must check all unencrypted and encrypted communications. To do,,,,,,,,,,,,,,
Network Security Guideline_v2.0,,,Proxies must check all unencrypted and encrypted communications. To do,,,,,,,,,,,,,
Network Security Guideline_v2.0,,,"this, for all encrypted connections between external and internal networks,",,,,,,,,,,,,,
Network Security Guideline_v2.0,DOR.ICT.NWS.WEB.002,,,,,,,,,,,,,,,
Network Security Guideline_v2.0,,"interception and inspection must be possible at the proxy, in both directions.","interception and inspection must be possible at the proxy, in both directions.",,,,,,,,,,,,,
Network Security Guideline_v2.0,,,,,,,,,,,,,,,,
Network Security Guideline_v2.0,,"Asset-Types: Information, Business Process, Cloud Appliance, Cloud PaaS,",,,,,,,,,,,,,,
Network Security Guideline_v2.0,,Network Connection,,,,,,,,,,,,,,
Network Security Guideline_v2.0,,Key References: ISO 27001:2022 Cor 202203 A.8.22,,,,,,,,,,,,,,
Network Security Guideline_v2.0,10.2,The management of blacklisted (denied) or whitelisted (allowed) destinations,,,,,,,,,,,,,,
Network Security Guideline_v2.0,,on proxies must be defined.,,,,,,,,,,,,,,
Network Security Guideline_v2.0,DOR.ICT.NWS.WEB.003,,,,,,,,,,,,,,,
Network Security Guideline_v2.0,,"Asset-Types: Information, Business Process, Cloud Appliance, Cloud PaaS,",,,,,,,,,,,,,,
Network Security Guideline_v2.0,,Network Connection,,,,,,,,,,,,,,
Network Security Guideline_v2.0,,Key References: ISO 27001:2022 Cor 202203 A.8.22,,,,,,,,,,,,,,
Network Security Guideline_v2.0,10.3,"Proxies must be able to protect from prohibited targets, detect malware and",,,,,,,,,,,,,,
Network Security Guideline_v2.0,,protect users and ICT systems from malicious content.,,,,,,,,,,,,,,
Network Security Guideline_v2.0,DOR.ICT.NWS.WEB.004,,,,,,,,,,,,,,,
Network Security Guideline_v2.0,,"Asset-Types: Information, Business Process, Cloud Appliance, Cloud PaaS,",,,,,,,,,,,,,,
Network Security Guideline_v2.0,,Network Connection,,,,,,,,,,,,,,
Network Security Guideline_v2.0,,Key References: ISO 27001:2022 Cor 202203 A.8.22,,,,,,,,,,,,,,
Network Security Guideline_v2.0,10.4,Bypassing the proxies must be prevented by appropriate configuration.,,,,,,,,,,,,,,
Network Security Guideline_v2.0,DOR.ICT.NWS.WEB.005,"Asset-Types: Information, Business Process, Cloud Appliance, Cloud PaaS,",,,,,,,,,,,,,,
Network Security Guideline_v2.0,,Network Connection,,,,,,,,,,,,,,
Network Security Guideline_v2.0,,Key References: ISO 27001:2022 Cor 202203 A.8.22,,,,,,,,,,,,,,
Network Security Guideline_v2.0,10.5,"All proxy rules, including exceptions (whitelisting), must be revalidated at",,,,,,,,,,,,,,
Network Security Guideline_v2.0,,defined intervals.,,,,,,,,,,,,,,
Network Security Guideline_v2.0,DOR.ICT.NWS.WEB.006,,,,,,,,,,,,,,,
Network Security Guideline_v2.0,,"Asset-Types: Information, Business Process, Cloud Appliance, Cloud PaaS,",,,,,,,,,,,,,,
Network Security Guideline_v2.0,,Network Connection,,,,,,,,,,,,,,
Network Security Guideline_v2.0,,Key References: ISO 27001:2022 Cor 202203 A.8.22,,,,,,,,,,,,,,
Network Security Guideline_v2.0,10.6,Access to external websites must be managed based on defined processes,,,,,,,,,,,,,,
Network Security Guideline_v2.0,,"for website white- and blacklisting, covering the following aspects:",,,,,,,,,,,,,,
Network Security Guideline_v2.0,DOR.ICT.NWS.WEB.007,,,,,,,,,,,,,,,
Network Security Guideline_v2.0,,- Roles and responsibilities,,,,,,,,,,,,,,
Network Security Guideline_v2.0,,,,,,,,,,,,,,,,
Network Security Guideline_v2.0,,- Baseline of proxy rules,,,,,,,,,,,,,,
Network Security Guideline_v2.0,,-,,Management of exceptional approvals process,,,,,,,,,,,,
Network Security Guideline_v2.0,,- Management of proxy rule recertifications at defined intervals,,,,,,,,,,,,,,
Network Security Guideline_v2.0,,- Monitoring activities,,,,,,,,,,,,,,
Network Security Guideline_v2.0,,"Asset-Types: Business Process, Network Connection",,,,,,,,,,,,,,
Network Security Guideline_v2.0,,Key References: ISO 27001:2022 Cor 202203 A.8.23,,,,,,,,,,,,,,
Network Security Guideline_v2.0,10.7,Access to the following types of websites must be blocked:,,,,,,,,,,,,,,
Network Security Guideline_v2.0,,- Known or suspected malicious websites,,,,,,,,,,,,,,
Network Security Guideline_v2.0,DOR.ICT.NWS.WEB.008,,,,,,,,,,,,,,,
Network Security Guideline_v2.0,,- Command and control servers,,,,,,,,,,,,,,
Network Security Guideline_v2.0,,,,,,,,,,,,,,,,
Network Security Guideline_v2.0,,- Malicious websites acquired from threat intelligence,,,,,,,,,,,,,,
Network Security Guideline_v2.0,,- Websites sharing illegal content,,,,,,,,,,,,,,
Network Security Guideline_v2.0,ID: 11 (version 2.0),Event logging,,,,,,,,,,,,,,
Network Security Guideline_v2.0,11,"For network and cloud-related events, event logging must be",,,,,,,,,,,,,,
Network Security Guideline_v2.0,,established so that security-related events are logged and made,,,,,,,,,,,,,,
Network Security Guideline_v2.0,DOR.ICT.NWS.LOG.001,,,,,,,,,,,,,,,
Network Security Guideline_v2.0,,available for later analysis.,,,,,,,,,,,,,,
Network Security Guideline_v2.0,,,,,,,,,,,,,,,,
Network Security Guideline_v2.0,11.1,Access to networks and network services must be logged and regularly,,,,,,,,,,,,,,
Network Security Guideline_v2.0,,evaluated for anomalies/attack scenarios.,,,,,,,,,,,,,,
Network Security Guideline_v2.0,DOR.ICT.NWS.LOG.002,,,,,,,,,,,,,,,
Network Security Guideline_v2.0,,"Asset-Types: Information, Business Process, Commercial-off-the-Shelf Solution,",,,,,,,,,,,,,,
Network Security Guideline_v2.0,,"Underlaying Software/Technology, SaaS, Tool, Software Appliance, Hardware",,,,,,,,,,,,,,
Network Security Guideline_v2.0,,"Appliance, Cloud Appliance, Cloud PaaS, Network Connection",,,,,,,,,,,,,,
Network Security Guideline_v2.0,,Key References: ISO 27001:2022 Cor 202203 A.5.15,,,,,,,,,,,,,,
Network Security Guideline_v2.0,11.2,Log management must be implemented to ensure that all security-relevant,,,,,,,,,,,,,,
Network Security Guideline_v2.0,,logs of IT Assets managed by Legal entity are persisted in a central space.,,,,,,,,,,,,,,
Network Security Guideline_v2.0,DOR.ICT.NWS.LOG.003,,,,,,,,,,,,,,,
Network Security Guideline_v2.0,,"Asset-Types: Information, Business Process, SaaS, Cloud Appliance, Cloud PaaS",,,,,,,,,,,,,,
Network Security Guideline_v2.0,,Key References: ISO 27001:2022 Cor 202203 A.8.32,,,,,,,,,,,,,,
Network Security Guideline_v2.0,11.3,At least the following events must be logged and reported to SIEM or,,,,,,,,,,,,,,
Network Security Guideline_v2.0,,,At least the following events must be logged and reported to SIEM or,,,,,,,,,,,,,
Network Security Guideline_v2.0,,,equivalent or network performance monitoring solution at the legal entity in,,,,,,,,,,,,,
Network Security Guideline_v2.0,DOR.ICT.NWS.LOG.004,,,,,,,,,,,,,,,
Network Security Guideline_v2.0,,,accordance with the ICT Incident & Operational Event Management,,,,,,,,,,,,,
Network Security Guideline_v2.0,,,,,,,,,,,,,,,,
Network Security Guideline_v2.0,,,Guideline:,,,,,,,,,,,,,
Network Security Guideline_v2.0,,-,,Network traffic activities,,,,,,,,,,,,
Network Security Guideline_v2.0,,- Network performance,,,,,,,,,,,,,,
Network Security Guideline_v2.0,,"Asset-Types: Business Process, Cloud PaaS, Network Connection",,,,,,,,,,,,,,
Network Security Guideline_v2.0,,Key References: DORA RTS RMF A.12.2c.v,,,,,,,,,,,,,,
Network Security Guideline_v2.0,11.4,"Unauthorized attempts to access the legal entity network must be banned,",,,,,,,,,,,,,,
Network Security Guideline_v2.0,,"monitored, investigated, and reported to SIEM or equivalent at the legal",,,,,,,,,,,,,,
Network Security Guideline_v2.0,DOR.ICT.NWS.LOG.005,entity.,,,,,,,,,,,,,,
Network Security Guideline_v2.0,,,,,,,,,,,,,,,,
Network Security Guideline_v2.0,,"Asset-Types: Business Process, Commercial-off-the-Shelf Solution, Cloud",,,,,,,,,,,,,,
Network Security Guideline_v2.0,,"Appliance, Cloud PaaS, Network Connection",,,,,,,,,,,,,,
Network Security Guideline_v2.0,,Key References: ISO 27001:2022 Cor 202203 A.5.15,,,,,,,,,,,,,,
Network Security Guideline_v2.0,ID: 12 (version 2.0),Security concept5,,,,,,,,,,,,,,
Network Security Guideline_v2.0,12,"It must be ensured that a security concept is in place, maintained and",,,,,,,,,,,,,,
Network Security Guideline_v2.0,,submitted to the Bundesnetzagentur in relevant cases.,,,,,,,,,,,,,,
Network Security Guideline_v2.0,DOR.ICT.NWS.DOC.001,,,,,,,,,,,,,,,
Network Security Guideline_v2.0,12.1,A security concept which describes the threats and implemented security,,,,,,,,,,,,,,
Network Security Guideline_v2.0,,,A security concept which describes the threats and implemented security,,,,,,,,,,,,,
Network Security Guideline_v2.0,,,measures for the telecommunication network and/or offered,,,,,,,,,,,,,
Network Security Guideline_v2.0,DOR.ICT.NWS.DOC.002,,,,,,,,,,,,,,,
Network Security Guideline_v2.0,,,telecommunication services and regularly verify their effectiveness must be,,,,,,,,,,,,,
Network Security Guideline_v2.0,,,,,,,,,,,,,,,,
Network Security Guideline_v2.0,,created and maintained.,created and maintained.,,,,,,,,,,,,,
Network Security Guideline_v2.0,,"Asset-Types: Business Process, Tool, Certificate, Cloud PaaS, Network Connection",,,,,,,,,,,,,,
Network Security Guideline_v2.0,,"Key References: TKG §165, 166",,,,,,,,,,,,,,
Network Security Guideline_v2.0,12.2,The security concept must be submitted to the Bundesnetzagentur when,,,,,,,,,,,,,,
Network Security Guideline_v2.0,,starting the operation and in case of significant changes.,,,,,,,,,,,,,,
Network Security Guideline_v2.0,DOR.ICT.NWS.DOC.003,,,,,,,,,,,,,,,
Network Security Guideline_v2.0,,Asset-Types: Business Process,,,,,,,,,,,,,,
Network Security Guideline_v2.0,,Key References: TKG §166,,,,,,,,,,,,,,
Network Security Guideline_v2.0,ID: 13 (version 2.0),Cloud-specific requirements,,,,,,,,,,,,,,
Network Security Guideline_v2.0,13,It must be ensured that robust cloud-specific security measures are in,,,,,,,,,,,,,,
Network Security Guideline_v2.0,,place.,,,,,,,,,,,,,,
Network Security Guideline_v2.0,DOR.ICT.NWS.CLD.001,,,,,,,,,,,,,,,
Network Security Guideline_v2.0,13.1,It must be ensured that appropriate controls to ensure isolation of tenants are,,,,,,,,,,,,,,
Network Security Guideline_v2.0,,implemented.,,,,,,,,,,,,,,
Network Security Guideline_v2.0,DOR.ICT.NWS.CLD.002,,,,,,,,,,,,,,,
Network Security Guideline_v2.0,,"Asset-Types: Information, Business Process, SaaS, Cloud Appliance, Cloud PaaS",,,,,,,,,,,,,,
Network Security Guideline_v2.0,,Key References: ISO 27001:2022 Cor 202203 A.8.22,,,,,,,,,,,,,,
Network Security Guideline_v2.0,13.2,"Services of CSPs must be evaluated and tested, and it must be ensured that",,,,,,,,,,,,,,
Network Security Guideline_v2.0,,"the services, including APIs, can be used to retrieve own data6.",,,,,,,,,,,,,,
Network Security Guideline_v2.0,DOR.ICT.NWS.CLD.003,,,,,,,,,,,,,,,
Network Security Guideline_v2.0,,"Asset-Types: Information, Business Process, SaaS, Cloud PaaS",,,,,,,,,,,,,,
Network Security Guideline_v2.0,,Key References: ISO 27001:2022 Cor 202203,,,,,,,,,,,,,,
Network Security Guideline_v2.0,13.3,The legal entity must ensure that provisions included in the contract with the,,,,,,,,,,,,,,
Network Security Guideline_v2.0,,"CSP to access the data upon termination of the contract, to download all",,,,,,,,,,,,,,
Network Security Guideline_v2.0,DOR.ICT.NWS.CLD.004,,,,,,,,,,,,,,,
Network Security Guideline_v2.0,,"relevant data, and to permanently delete the data upon request by legal",,,,,,,,,,,,,,
Network Security Guideline_v2.0,,,,,,,,,,,,,,,,
Network Security Guideline_v2.0,,entity.,,,,,,,,,,,,,,
Network Security Guideline_v2.0,,"Asset-Types: Information, Business Process, SaaS, Cloud Appliance, Cloud PaaS",,,,,,,,,,,,,,
Network Security Guideline_v2.0,,Key References: ISO 27001:2022 Cor 202203 A.8.22,,,,,,,,,,,,,,
Network Security Guideline_v2.0,13.4,Transfer legal entity information/data to storage provided by cloud,,,,,,,,,,,,,,
Network Security Guideline_v2.0,,infrastructure is allowed only for authorized and approved suppliers. Other,,,,,,,,,,,,,,
Network Security Guideline_v2.0,DOR.ICT.NWS.CLD.005,,,,,,,,,,,,,,,
Network Security Guideline_v2.0,,control requirements for suppliers are incorporated in the Third-Party ICT,,,,,,,,,,,,,,
Network Security Guideline_v2.0,,,,,,,,,,,,,,,,
Network Security Guideline_v2.0,,,,,,,,,,,,,,,,
Software Development and ICT Change Management Guideline_v2.0,<Specify ID:,,,,,,,,,,,,,,,
Software Development and ICT Change Management Guideline_v2.0,,<Name of control requirement (e.g. Access to production data)>,,,,,,,,,,,,,,
Software Development and ICT Change Management Guideline_v2.0,xx (version,,,,,,,,,,,,,,,
Software Development and ICT Change Management Guideline_v2.0,x)>,,,,,,,,,,,,,,,
Software Development and ICT Change Management Guideline_v2.0,,,,,,,,,,,,,,,,
Software Development and ICT Change Management Guideline_v2.0,1,<Description of the control requirement>,,,,,,,,,,,,,,
Software Development and ICT Change Management Guideline_v2.0,1.1,<Lists the criteria applying to the control requirement>,,,,,,,,,,,,,,
Software Development and ICT Change Management Guideline_v2.0,,,,,,,,,,,,,,,,
Software Development and ICT Change Management Guideline_v2.0,1.1.1,<Lists the sub-criteria applying to the control requirement>,,,,,,,,,,,,,,
Software Development and ICT Change Management Guideline_v2.0,,,Asset-Types: <Lists asset types applicable to the control requirement>,,,,,,,,,,,,,
Software Development and ICT Change Management Guideline_v2.0,,,Key references: <Lists key regulatory references and industry best practice requirements affecting this,,,,,,,,,,,,,
Software Development and ICT Change Management Guideline_v2.0,,"control requirement (e.g., ISO/IEC 27001:2022 A.5.10, A.8.1)>","control requirement (e.g., ISO/IEC 27001:2022 A.5.10, A.8.1)>",,,,,,,,,,,,,
Software Development and ICT Change Management Guideline_v2.0,,,,,,,,,,,,,,,,
Software Development and ICT Change Management Guideline_v2.0,,,,,,,,,,,,,,,,
Software Development and ICT Change Management Guideline_v2.0,"The terms in this document are defined in the overall ICT Risk Glossary, which is provided",,,,,,,,,,,,,,,
Software Development and ICT Change Management Guideline_v2.0,on the Intranet website.,,,,,,,,,,,,,,,
Software Development and ICT Change Management Guideline_v2.0,ID: 1,,,,,,,,,,,,,,,
Software Development and ICT Change Management Guideline_v2.0,,General Change Management Requirements,,,,,,,,,,,,,,
Software Development and ICT Change Management Guideline_v2.0,(version 2.0),,,,,,,,,,,,,,,
Software Development and ICT Change Management Guideline_v2.0,,,,,,,,,,,,,,,,
Software Development and ICT Change Management Guideline_v2.0,1,It must be ensured that an ICT Change management process is in place,,,,,,,,,,,,,,
Software Development and ICT Change Management Guideline_v2.0,,to manage changes to IT Assets and non-IT Assets.,,,,,,,,,,,,,,
Software Development and ICT Change Management Guideline_v2.0,DOR.ICT.SDC.GEN.001,,,,,,,,,,,,,,,
Software Development and ICT Change Management Guideline_v2.0,1.1,An ICT Change management process must be in place to ensure the,,,,,,,,,,,,,,
Software Development and ICT Change Management Guideline_v2.0,DOR.ICT.SDC.GEN.002,controlled and systematic handling of ICT Changes and must cover at least,,,,,,,,,,,,,,
Software Development and ICT Change Management Guideline_v2.0,,"the IT Assets software, hardware, network, firmware components, systems,",,,,,,,,,,,,,,
Software Development and ICT Change Management Guideline_v2.0,,"security parameters, roles, and responsibilities.",,,,,,,,,,,,,,
Software Development and ICT Change Management Guideline_v2.0,,"Asset-Types: Information, Business Process",,,,,,,,,,,,,,
Software Development and ICT Change Management Guideline_v2.0,,Key References: DORA RTS RMF A.17.2a),,,,,,,,,,,,,,
Software Development and ICT Change Management Guideline_v2.0,1.2,The ICT Change management process must contain at least the following steps:,,,,,,,,,,,,,,
Software Development and ICT Change Management Guideline_v2.0,DOR.ICT.SDC.GEN.003,– Formal documentation,,,,,,,,,,,,,,
Software Development and ICT Change Management Guideline_v2.0,,,,,,,,,,,,,,,,
Software Development and ICT Change Management Guideline_v2.0,,– Classification,,,,,,,,,,,,,,
Software Development and ICT Change Management Guideline_v2.0,,– Prioritization,,,,,,,,,,,,,,
Software Development and ICT Change Management Guideline_v2.0,,– Authorization,,,,,,,,,,,,,,
Software Development and ICT Change Management Guideline_v2.0,,– Approval,,,,,,,,,,,,,,
Software Development and ICT Change Management Guideline_v2.0,,– Testing,,,,,,,,,,,,,,
Software Development and ICT Change Management Guideline_v2.0,,– Implementation,,,,,,,,,,,,,,
Software Development and ICT Change Management Guideline_v2.0,,– Validation,,,,,,,,,,,,,,
Software Development and ICT Change Management Guideline_v2.0,,– Reporting,,,,,,,,,,,,,,
Software Development and ICT Change Management Guideline_v2.0,,Asset-Types: Business Process,,,,,,,,,,,,,,
Software Development and ICT Change Management Guideline_v2.0,,Key References: ISO 27001:2022 Cor 202203 A.8.32,,,,,,,,,,,,,,
Software Development and ICT Change Management Guideline_v2.0,1.3,During the ICT Change management process the following measures and,,,,,,,,,,,,,,
Software Development and ICT Change Management Guideline_v2.0,DOR.ICT.SDC.GEN.004,mechanisms must be applied:,,,,,,,,,,,,,,
Software Development and ICT Change Management Guideline_v2.0,,,,,,,,,,,,,,,,
Software Development and ICT Change Management Guideline_v2.0,,"Asset-Types: Business Process, Commercial-off-the-Shelf Solution, Underlaying",,,,,,,,,,,,,,
Software Development and ICT Change Management Guideline_v2.0,,"Software/Technology, SaaS, Tool, Certificate, Software Appliance, Hardware",,,,,,,,,,,,,,
Software Development and ICT Change Management Guideline_v2.0,,"Appliance, Cloud Appliance, Operating System, Cloud PaaS, Container, End User",,,,,,,,,,,,,,
Software Development and ICT Change Management Guideline_v2.0,,"Device, Mobile Device, Processing Peripheral, Other Device, Storage, Server & Host",,,,,,,,,,,,,,
Software Development and ICT Change Management Guideline_v2.0,,Hardware,,,,,,,,,,,,,,
Software Development and ICT Change Management Guideline_v2.0,,Key References: DORA RTS RMF A.17.1h),,,,,,,,,,,,,,
Software Development and ICT Change Management Guideline_v2.0,1.3.1,The identification of the potential impact of ICT Changes on existing ICT,,,,,,,,,,,,,,
Software Development and ICT Change Management Guideline_v2.0,DOR.ICT.SDC.GEN.005,security measures and an assessment of whether such change requires,,,,,,,,,,,,,,
Software Development and ICT Change Management Guideline_v2.0,,the adoption of additional ICT security measures.,,,,,,,,,,,,,,
Software Development and ICT Change Management Guideline_v2.0,,"Asset-Types: Business Process, Commercial-off-the-Shelf Solution, Underlaying",,,,,,,,,,,,,,
Software Development and ICT Change Management Guideline_v2.0,,"Software/Technology, SaaS, Tool, Certificate, Software Appliance, Hardware",,,,,,,,,,,,,,
Software Development and ICT Change Management Guideline_v2.0,,"Appliance, Cloud Appliance, Operating System, Cloud PaaS, Container, End User",,,,,,,,,,,,,,
Software Development and ICT Change Management Guideline_v2.0,,"Device, Mobile Device, Processing Peripheral, Other Device, Storage, Server &",,,,,,,,,,,,,,
Software Development and ICT Change Management Guideline_v2.0,,Host Hardware,,,,,,,,,,,,,,
Software Development and ICT Change Management Guideline_v2.0,,Key References: DORA RTS RMF A.17.1h),,,,,,,,,,,,,,
Software Development and ICT Change Management Guideline_v2.0,ID: 2,,,,,,,,,,,,,,,
Software Development and ICT Change Management Guideline_v2.0,,ICT Change Types,,,,,,,,,,,,,,
Software Development and ICT Change Management Guideline_v2.0,(version 2.0),,,,,,,,,,,,,,,
Software Development and ICT Change Management Guideline_v2.0,,,,,,,,,,,,,,,,
Software Development and ICT Change Management Guideline_v2.0,2,It must be ensured that each change is classified and handled,,,,,,,,,,,,,,
Software Development and ICT Change Management Guideline_v2.0,,accordingly.,,,,,,,,,,,,,,
Software Development and ICT Change Management Guideline_v2.0,DOR.ICT.SDC.CHG.001,,,,,,,,,,,,,,,
Software Development and ICT Change Management Guideline_v2.0,2.1,Each change must be assigned to the following two change types:,,,,,,,,,,,,,,
Software Development and ICT Change Management Guideline_v2.0,DOR.ICT.SDC.CHG.002,Asset-Types: Business Process,,,,,,,,,,,,,,
Software Development and ICT Change Management Guideline_v2.0,,Key References: MaRisk 7.2 No 3 8.2 No. 1,,,,,,,,,,,,,,
Software Development and ICT Change Management Guideline_v2.0,2.1.1,Normal ICT Change: Normal ICT Changes adhere to every step outlined,,,,,,,,,,,,,,
Software Development and ICT Change Management Guideline_v2.0,,in the ICT-Change Management Processes.,,,,,,,,,,,,,,
Software Development and ICT Change Management Guideline_v2.0,DOR.ICT.SDC.CHG.003,,,,,,,,,,,,,,,
Software Development and ICT Change Management Guideline_v2.0,,Asset-Types: Business Process,,,,,,,,,,,,,,
Software Development and ICT Change Management Guideline_v2.0,,Key References: MaRisk 7.2 No 3 8.2 No. 1,,,,,,,,,,,,,,
Software Development and ICT Change Management Guideline_v2.0,2.1.2,Emergency ICT Change: Emergency ICT Changes are ICT Changes that,,,,,,,,,,,,,,
Software Development and ICT Change Management Guideline_v2.0,,require immediate implementation due to a high risk of service failure or,,,,,,,,,,,,,,
Software Development and ICT Change Management Guideline_v2.0,DOR.ICT.SDC.CHG.004,,,,,,,,,,,,,,,
Software Development and ICT Change Management Guideline_v2.0,,prevention of an imminent service impact3.,,,,,,,,,,,,,,
Software Development and ICT Change Management Guideline_v2.0,,,,,,,,,,,,,,,,
Software Development and ICT Change Management Guideline_v2.0,,Asset-Types: Business Process,,,,,,,,,,,,,,
Software Development and ICT Change Management Guideline_v2.0,,Key References: MaRisk 7.2 No 3 8.2 No. 1,,,,,,,,,,,,,,
Software Development and ICT Change Management Guideline_v2.0,2.2,There may also be additional subordinate change types4. These must comply,,,,,,,,,,,,,,
Software Development and ICT Change Management Guideline_v2.0,,with the specifications of this Guideline but may contain deviations in the,,,,,,,,,,,,,,
Software Development and ICT Change Management Guideline_v2.0,DOR.ICT.SDC.CHG.005,,,,,,,,,,,,,,,
Software Development and ICT Change Management Guideline_v2.0,,order of process steps5.,,,,,,,,,,,,,,
Software Development and ICT Change Management Guideline_v2.0,,,,,,,,,,,,,,,,
Software Development and ICT Change Management Guideline_v2.0,,Asset-Types: Business Process,,,,,,,,,,,,,,
Software Development and ICT Change Management Guideline_v2.0,,Key References: ISO 27001:2022 Cor 202203 A.8.32,,,,,,,,,,,,,,
Software Development and ICT Change Management Guideline_v2.0,2.3,An ICT Change is significant if it affects the security of assets supporting,,,,,,,,,,,,,,
Software Development and ICT Change Management Guideline_v2.0,,"critical or important functions, decreases the security level, affects security",,,,,,,,,,,,,,
Software Development and ICT Change Management Guideline_v2.0,DOR.ICT.SDC.CHG.006,"features of IT Assets, or impacts any security-relevant components of the",,,,,,,,,,,,,,
Software Development and ICT Change Management Guideline_v2.0,,system6.,,,,,,,,,,,,,,
Software Development and ICT Change Management Guideline_v2.0,,Asset-Types: Business Process,,,,,,,,,,,,,,
Software Development and ICT Change Management Guideline_v2.0,,Key References: ISO 27001:2022 Cor 202203 A.8.32,,,,,,,,,,,,,,
Software Development and ICT Change Management Guideline_v2.0,ID: 3,,,,,,,,,,,,,,,
Software Development and ICT Change Management Guideline_v2.0,,Emergency Changes,,,,,,,,,,,,,,
Software Development and ICT Change Management Guideline_v2.0,(version 2.0),,,,,,,,,,,,,,,
Software Development and ICT Change Management Guideline_v2.0,,,,,,,,,,,,,,,,
Software Development and ICT Change Management Guideline_v2.0,3,It must be ensured that emergency changes are handled according to,,,,,,,,,,,,,,
Software Development and ICT Change Management Guideline_v2.0,,the defined process.,,,,,,,,,,,,,,
Software Development and ICT Change Management Guideline_v2.0,DOR.ICT.SDC.EMG.001,,,,,,,,,,,,,,,
Software Development and ICT Change Management Guideline_v2.0,3.1,"As part of the ICT Change management process, procedures, protocols, and",,,,,,,,,,,,,,
Software Development and ICT Change Management Guideline_v2.0,,tools that provide adequate safeguards must be defined and established to,,,,,,,,,,,,,,
Software Development and ICT Change Management Guideline_v2.0,DOR.ICT.SDC.EMG.002,,,,,,,,,,,,,,,
Software Development and ICT Change Management Guideline_v2.0,,manage Emergency ICT Changes.,,,,,,,,,,,,,,
Software Development and ICT Change Management Guideline_v2.0,,,,,,,,,,,,,,,,
Software Development and ICT Change Management Guideline_v2.0,,"Asset-Types: Business Process, Commercial-off-the-Shelf Solution, Underlaying",,,,,,,,,,,,,,
Software Development and ICT Change Management Guideline_v2.0,,"Software/Technology, SaaS, Tool, Certificate, Software Appliance, Hardware",,,,,,,,,,,,,,
Software Development and ICT Change Management Guideline_v2.0,,"Appliance, Cloud Appliance, Operating System, Cloud PaaS, Container, End User",,,,,,,,,,,,,,
Software Development and ICT Change Management Guideline_v2.0,,"Device, Mobile Device, Processing Peripheral, Other Device, Storage, Server & Host",,,,,,,,,,,,,,
Software Development and ICT Change Management Guideline_v2.0,,Hardware,,,,,,,,,,,,,,
Software Development and ICT Change Management Guideline_v2.0,,Key References: DORA RTS RMF A.17.1f),,,,,,,,,,,,,,
Software Development and ICT Change Management Guideline_v2.0,3.2,Emergency ICT Changes that meet the defined criteria may be implemented,,,,,,,,,,,,,,
Software Development and ICT Change Management Guideline_v2.0,,"without an implementation plan, testing, documentation, or risk assessment.",,,,,,,,,,,,,,
Software Development and ICT Change Management Guideline_v2.0,DOR.ICT.SDC.EMG.003,,,,,,,,,,,,,,,
Software Development and ICT Change Management Guideline_v2.0,,"Following implementation, these changes must undergo a retrospective",,,,,,,,,,,,,,
Software Development and ICT Change Management Guideline_v2.0,,,,,,,,,,,,,,,,
Software Development and ICT Change Management Guideline_v2.0,,"review, risk assessment, testing, documentation, and formal approval to the",,,,,,,,,,,,,,
Software Development and ICT Change Management Guideline_v2.0,,same extent as normal ICT Changes if not already existing.,,,,,,,,,,,,,,
Software Development and ICT Change Management Guideline_v2.0,,Asset-Types: Business Process,,,,,,,,,,,,,,
Software Development and ICT Change Management Guideline_v2.0,,Key References: MaRisk 7.2 No 3 8.2 No. 1,,,,,,,,,,,,,,
Software Development and ICT Change Management Guideline_v2.0,3.3,The implementation of Emergency ICT Change must be guided by the,,,,,,,,,,,,,,
Software Development and ICT Change Management Guideline_v2.0,,professional assessment of the team overseeing production systems and the,,,,,,,,,,,,,,
Software Development and ICT Change Management Guideline_v2.0,DOR.ICT.SDC.EMG.004,business.,,,,,,,,,,,,,,
Software Development and ICT Change Management Guideline_v2.0,,,,,,,,,,,,,,,,
Software Development and ICT Change Management Guideline_v2.0,,Asset-Types: Business Process,,,,,,,,,,,,,,
Software Development and ICT Change Management Guideline_v2.0,,Key References: MaRisk 7.2 No 3 8.2 No. 1,,,,,,,,,,,,,,
Software Development and ICT Change Management Guideline_v2.0,ID: 4,,,,,,,,,,,,,,,
Software Development and ICT Change Management Guideline_v2.0,,Change Documentation,,,,,,,,,,,,,,
Software Development and ICT Change Management Guideline_v2.0,(version 2.0),,,,,,,,,,,,,,,
Software Development and ICT Change Management Guideline_v2.0,,,,,,,,,,,,,,,,
Software Development and ICT Change Management Guideline_v2.0,4,It must be ensured that every change has formal documentation.,,,,,,,,,,,,,,
Software Development and ICT Change Management Guideline_v2.0,DOR.ICT.SDC.DOC.001,,,,,,,,,,,,,,,
Software Development and ICT Change Management Guideline_v2.0,4.1,All upcoming changes must be recorded and processed in the form of an ICT,,,,,,,,,,,,,,
Software Development and ICT Change Management Guideline_v2.0,,Change ticket including at least the following information:,,,,,,,,,,,,,,
Software Development and ICT Change Management Guideline_v2.0,,– Unique ID and time stamp,,,,,,,,,,,,,,
Software Development and ICT Change Management Guideline_v2.0,DOR.ICT.SDC.DOC.002,,,,,,,,,,,,,,,
Software Development and ICT Change Management Guideline_v2.0,,– Reason and description,,,,,,,,,,,,,,
Software Development and ICT Change Management Guideline_v2.0,,,,,,,,,,,,,,,,
Software Development and ICT Change Management Guideline_v2.0,,"– Affected IT Assets, processes, units",,,,,,,,,,,,,,
Software Development and ICT Change Management Guideline_v2.0,,– Target date,,,,,,,,,,,,,,
Software Development and ICT Change Management Guideline_v2.0,,– Category,,,,,,,,,,,,,,
Software Development and ICT Change Management Guideline_v2.0,,– Priority,,,,,,,,,,,,,,
Software Development and ICT Change Management Guideline_v2.0,,– Possible effects of implementation and non-implementation and the,,,,,,,,,,,,,,
Software Development and ICT Change Management Guideline_v2.0,,resulting risks,,,,,,,,,,,,,,
Software Development and ICT Change Management Guideline_v2.0,,"– Where applicable, resources and budget owner required",,,,,,,,,,,,,,
Software Development and ICT Change Management Guideline_v2.0,,– Fall-back procedure or other mitigation measures,,,,,,,,,,,,,,
Software Development and ICT Change Management Guideline_v2.0,,"– Applicant, approver",,,,,,,,,,,,,,
Software Development and ICT Change Management Guideline_v2.0,,– Change Record Request Status,,,,,,,,,,,,,,
Software Development and ICT Change Management Guideline_v2.0,ID: 5,,,,,,,,,,,,,,,
Software Development and ICT Change Management Guideline_v2.0,,Change verification and assessment,,,,,,,,,,,,,,
Software Development and ICT Change Management Guideline_v2.0,(version 2.0),,,,,,,,,,,,,,,
Software Development and ICT Change Management Guideline_v2.0,,,,,,,,,,,,,,,,
Software Development and ICT Change Management Guideline_v2.0,5,It must be ensured that the feasibility and associated risks of the,,,,,,,,,,,,,,
Software Development and ICT Change Management Guideline_v2.0,,change are evaluated.,,,,,,,,,,,,,,
Software Development and ICT Change Management Guideline_v2.0,DOR.ICT.SDC.CVA.001,,,,,,,,,,,,,,,
Software Development and ICT Change Management Guideline_v2.0,5.1,It must be ensured that the desired solution is feasible and aligned with business,,,,,,,,,,,,,,
Software Development and ICT Change Management Guideline_v2.0,,needs.,,,,,,,,,,,,,,
Software Development and ICT Change Management Guideline_v2.0,DOR.ICT.SDC.CVA.002,,,,,,,,,,,,,,,
Software Development and ICT Change Management Guideline_v2.0,,Asset-Types: Business Process,,,,,,,,,,,,,,
Software Development and ICT Change Management Guideline_v2.0,,Key References: ICT Risk Framework 1.0,,,,,,,,,,,,,,
Software Development and ICT Change Management Guideline_v2.0,5.2,"It must be ensured that the risks, security requirements and impacts of ICT",,,,,,,,,,,,,,
Software Development and ICT Change Management Guideline_v2.0,,Changes are assessed and appropriately documented including assignment,,,,,,,,,,,,,,
Software Development and ICT Change Management Guideline_v2.0,DOR.ICT.SDC.CVA.003,,,,,,,,,,,,,,,
Software Development and ICT Change Management Guideline_v2.0,,to a change type.,,,,,,,,,,,,,,
Software Development and ICT Change Management Guideline_v2.0,,,,,,,,,,,,,,,,
Software Development and ICT Change Management Guideline_v2.0,,Asset-Types: Business Process,,,,,,,,,,,,,,
Software Development and ICT Change Management Guideline_v2.0,,Key References: ICT Risk Framework 1.0,,,,,,,,,,,,,,
Software Development and ICT Change Management Guideline_v2.0,5.3,A risk assessment must be performed for significant changes and the regular,,,,,,,,,,,,,,
Software Development and ICT Change Management Guideline_v2.0,,risk assessment process must be followed.,,,,,,,,,,,,,,
Software Development and ICT Change Management Guideline_v2.0,DOR.ICT.SDC.CVA.004,,,,,,,,,,,,,,,
Software Development and ICT Change Management Guideline_v2.0,ID: 6,,,,,,,,,,,,,,,
Software Development and ICT Change Management Guideline_v2.0,,Change approval,,,,,,,,,,,,,,
Software Development and ICT Change Management Guideline_v2.0,(version 2.0),,,,,,,,,,,,,,,
Software Development and ICT Change Management Guideline_v2.0,,,,,,,,,,,,,,,,
Software Development and ICT Change Management Guideline_v2.0,6,It must be ensured that every ICT Change is approved.,,,,,,,,,,,,,,
Software Development and ICT Change Management Guideline_v2.0,DOR.ICT.SDC.APP.001,,,,,,,,,,,,,,,
Software Development and ICT Change Management Guideline_v2.0,6.1,The approval level for every ICT Change must be defined and executed,,,,,,,,,,,,,,
Software Development and ICT Change Management Guideline_v2.0,,based on the results of the risk assessment.,,,,,,,,,,,,,,
Software Development and ICT Change Management Guideline_v2.0,DOR.ICT.SDC.APP.002,,,,,,,,,,,,,,,
Software Development and ICT Change Management Guideline_v2.0,,Asset-Types: Business Process,,,,,,,,,,,,,,
Software Development and ICT Change Management Guideline_v2.0,,Key References: ISO 27001:2022 Cor 202203 A.8.32,,,,,,,,,,,,,,
Software Development and ICT Change Management Guideline_v2.0,6.2,A Change Advisory Board (CAB) must approve changes to IT Assets in,,,,,,,,,,,,,,
Software Development and ICT Change Management Guideline_v2.0,,production or impacting production data and emergency changes.,,,,,,,,,,,,,,
Software Development and ICT Change Management Guideline_v2.0,DOR.ICT.SDC.APP.003,,,,,,,,,,,,,,,
Software Development and ICT Change Management Guideline_v2.0,,Asset-Types: Business Process,,,,,,,,,,,,,,
Software Development and ICT Change Management Guideline_v2.0,,Key References: ISO 27001:2022 Cor 202203 A.8.32,,,,,,,,,,,,,,
Software Development and ICT Change Management Guideline_v2.0,ID: 7,,,,,,,,,,,,,,,
Software Development and ICT Change Management Guideline_v2.0,,Change Testing,,,,,,,,,,,,,,
Software Development and ICT Change Management Guideline_v2.0,(version 2.0),,,,,,,,,,,,,,,
Software Development and ICT Change Management Guideline_v2.0,,,,,,,,,,,,,,,,
Software Development and ICT Change Management Guideline_v2.0,7,It must be ensured that ICT Changes are tested sufficiently.,,,,,,,,,,,,,,
Software Development and ICT Change Management Guideline_v2.0,DOR.ICT.SDC.TST.001,,,,,,,,,,,,,,,
Software Development and ICT Change Management Guideline_v2.0,7.1,All ICT Changes must be tested to ensure they meet acceptance criteria.,,,,,,,,,,,,,,
Software Development and ICT Change Management Guideline_v2.0,DOR.ICT.SDC.TST.002,,,,,,,,,,,,,,,
Software Development and ICT Change Management Guideline_v2.0,,"Asset-Types: Business Process, Commercial-off-the-Shelf Solution, Underlaying",,,,,,,,,,,,,,
Software Development and ICT Change Management Guideline_v2.0,,,,,,,,,,,,,,,,
Software Development and ICT Change Management Guideline_v2.0,,"Software/Technology, Tool, Software Appliance, Hardware Appliance, Cloud",,,,,,,,,,,,,,
Software Development and ICT Change Management Guideline_v2.0,,"Appliance, Operating System, Cloud PaaS, Container, Storage, Server & Host",,,,,,,,,,,,,,
Software Development and ICT Change Management Guideline_v2.0,,Hardware,,,,,,,,,,,,,,
Software Development and ICT Change Management Guideline_v2.0,,Key References: ISO 27001:2022 Cor 202203 A.8.32,,,,,,,,,,,,,,
Software Development and ICT Change Management Guideline_v2.0,7.2,"ICT Changes must be tested in the Yellow, Blue or Green Segregation Area",,,,,,,,,,,,,,
Software Development and ICT Change Management Guideline_v2.0,DOR.ICT.SDC.TST.003,before promotion to Red Segregation Area.,,,,,,,,,,,,,,
Software Development and ICT Change Management Guideline_v2.0,,,,,,,,,,,,,,,,
Software Development and ICT Change Management Guideline_v2.0,,"Asset-Types: Business Process, Commercial-off-the-Shelf Solution, Underlaying",,,,,,,,,,,,,,
Software Development and ICT Change Management Guideline_v2.0,,"Software/Technology, Tool, Certificate, Software Appliance, Hardware Appliance,",,,,,,,,,,,,,,
Software Development and ICT Change Management Guideline_v2.0,,"Cloud Appliance, Operating System, Cloud PaaS, Container, Storage, Server & Host",,,,,,,,,,,,,,
Software Development and ICT Change Management Guideline_v2.0,,Hardware,,,,,,,,,,,,,,
Software Development and ICT Change Management Guideline_v2.0,,Key References: ISO 27001:2022 Cor 202203 A.8.32,,,,,,,,,,,,,,
Software Development and ICT Change Management Guideline_v2.0,7.3,The Yellow Segregation Area must be (nearly) identical to the Red,,,,,,,,,,,,,,
Software Development and ICT Change Management Guideline_v2.0,DOR.ICT.SDC.TST.004,Segregation Area.,,,,,,,,,,,,,,
Software Development and ICT Change Management Guideline_v2.0,,,,,,,,,,,,,,,,
Software Development and ICT Change Management Guideline_v2.0,,"Asset-Types: Business Process, Commercial-off-the-Shelf Solution, Underlaying",,,,,,,,,,,,,,
Software Development and ICT Change Management Guideline_v2.0,,"Software/Technology, Tool, Certificate, Software Appliance, Hardware Appliance,",,,,,,,,,,,,,,
Software Development and ICT Change Management Guideline_v2.0,,"Cloud Appliance, Operating System, Cloud PaaS, Container, Storage, Server & Host",,,,,,,,,,,,,,
Software Development and ICT Change Management Guideline_v2.0,,Hardware,,,,,,,,,,,,,,
Software Development and ICT Change Management Guideline_v2.0,,Key References: DORA RTS RMF A.16.1b.ii),,,,,,,,,,,,,,
Software Development and ICT Change Management Guideline_v2.0,7.4,Significant changes on IT Assets must be tested by simulating stressed,,,,,,,,,,,,,,
Software Development and ICT Change Management Guideline_v2.0,DOR.ICT.SDC.TST.005,conditions.,,,,,,,,,,,,,,
Software Development and ICT Change Management Guideline_v2.0,,,,,,,,,,,,,,,,
Software Development and ICT Change Management Guideline_v2.0,,"Asset-Types: Business Process, Commercial-off-the-Shelf Solution, Underlaying",,,,,,,,,,,,,,
Software Development and ICT Change Management Guideline_v2.0,,"Software/Technology, Tool, Software Appliance, Hardware Appliance, Cloud Appliance,",,,,,,,,,,,,,,
Software Development and ICT Change Management Guideline_v2.0,ID: 8,,,,,,,,,,,,,,,
Software Development and ICT Change Management Guideline_v2.0,,Change Implementation,,,,,,,,,,,,,,
Software Development and ICT Change Management Guideline_v2.0,(version 2.0),,,,,,,,,,,,,,,
Software Development and ICT Change Management Guideline_v2.0,,,,,,,,,,,,,,,,
Software Development and ICT Change Management Guideline_v2.0,8,It must be ensured that changes are implemented effectively.,,,,,,,,,,,,,,
Software Development and ICT Change Management Guideline_v2.0,DOR.ICT.SDC.IMP.001,,,,,,,,,,,,,,,
Software Development and ICT Change Management Guideline_v2.0,8.1,"The following steps must be carried out during change implementation, where",,,,,,,,,,,,,,
Software Development and ICT Change Management Guideline_v2.0,DOR.ICT.SDC.IMP.002,feasible with the support of a change implementation plan:,,,,,,,,,,,,,,
Software Development and ICT Change Management Guideline_v2.0,,– Describe the sequence of implementation steps and timing of the roll-,,,,,,,,,,,,,,
Software Development and ICT Change Management Guideline_v2.0,,out.,,,,,,,,,,,,,,
Software Development and ICT Change Management Guideline_v2.0,,"– Describe resource requirements (if specific, requirements should be",,,,,,,,,,,,,,
Software Development and ICT Change Management Guideline_v2.0,,considered).,,,,,,,,,,,,,,
Software Development and ICT Change Management Guideline_v2.0,,– Describe identified inter-dependencies and the interaction with other,,,,,,,,,,,,,,
Software Development and ICT Change Management Guideline_v2.0,,changes and how they are managed.,,,,,,,,,,,,,,
Software Development and ICT Change Management Guideline_v2.0,,– Describe the criteria for successful production implementation.,,,,,,,,,,,,,,
Software Development and ICT Change Management Guideline_v2.0,,– Describe installation verification requirements (if necessary and,,,,,,,,,,,,,,
Software Development and ICT Change Management Guideline_v2.0,,applicable).,,,,,,,,,,,,,,
Software Development and ICT Change Management Guideline_v2.0,,– Describe fallback procedures.,,,,,,,,,,,,,,
Software Development and ICT Change Management Guideline_v2.0,,– Identify and update all relevant documents impacted by the change,,,,,,,,,,,,,,
Software Development and ICT Change Management Guideline_v2.0,,"implementation (e.g. business processes, system documentation,",,,,,,,,,,,,,,
Software Development and ICT Change Management Guideline_v2.0,,"configuration details, and security concepts).",,,,,,,,,,,,,,
Software Development and ICT Change Management Guideline_v2.0,,– Address key risks in the plan and formally review them including,,,,,,,,,,,,,,
Software Development and ICT Change Management Guideline_v2.0,,technical and business risks.,,,,,,,,,,,,,,
Software Development and ICT Change Management Guideline_v2.0,,– Include an appropriate test plan.,,,,,,,,,,,,,,
Software Development and ICT Change Management Guideline_v2.0,,"– Include approval by affected Application Owners, if not already",,,,,,,,,,,,,,
Software Development and ICT Change Management Guideline_v2.0,,approved during change approval in ID 6.,,,,,,,,,,,,,,
Software Development and ICT Change Management Guideline_v2.0,ID: 9,,,,,,,,,,,,,,,
Software Development and ICT Change Management Guideline_v2.0,,Change Review,,,,,,,,,,,,,,
Software Development and ICT Change Management Guideline_v2.0,(version 2.0),,,,,,,,,,,,,,,
Software Development and ICT Change Management Guideline_v2.0,,,,,,,,,,,,,,,,
Software Development and ICT Change Management Guideline_v2.0,9,"It must be ensured that the documentation on the changes is reviewed,",,,,,,,,,,,,,,
Software Development and ICT Change Management Guideline_v2.0,,and a post-implementation review is carried out.,,,,,,,,,,,,,,
Software Development and ICT Change Management Guideline_v2.0,DOR.ICT.SDC.REV.001,,,,,,,,,,,,,,,
Software Development and ICT Change Management Guideline_v2.0,9.1,A post-implementation review must be conducted to evaluate whether the,,,,,,,,,,,,,,
Software Development and ICT Change Management Guideline_v2.0,,change met its objectives and to identify areas for improvement and included,,,,,,,,,,,,,,
Software Development and ICT Change Management Guideline_v2.0,DOR.ICT.SDC.REV.002,,,,,,,,,,,,,,,
Software Development and ICT Change Management Guideline_v2.0,,in the change ticket.,,,,,,,,,,,,,,
Software Development and ICT Change Management Guideline_v2.0,,,,,,,,,,,,,,,,
Software Development and ICT Change Management Guideline_v2.0,,Asset-Types: Business Process,,,,,,,,,,,,,,
Software Development and ICT Change Management Guideline_v2.0,,Key References: MaRisk 7.2 No 3 8.2 No. 1,,,,,,,,,,,,,,
Software Development and ICT Change Management Guideline_v2.0,9.2,All documentation must be reviewed and checked against the ICT Change,,,,,,,,,,,,,,
Software Development and ICT Change Management Guideline_v2.0,DOR.ICT.SDC.REV.003,requirements.,,,,,,,,,,,,,,
Software Development and ICT Change Management Guideline_v2.0,,,,,,,,,,,,,,,,
Software Development and ICT Change Management Guideline_v2.0,,Asset-Types: Business Process,,,,,,,,,,,,,,
Software Development and ICT Change Management Guideline_v2.0,,Key References: MaRisk 7.2 No 3 8.2 No. 1,,,,,,,,,,,,,,
Software Development and ICT Change Management Guideline_v2.0,ID: 10,,,,,,,,,,,,,,,
Software Development and ICT Change Management Guideline_v2.0,,Change Reporting,,,,,,,,,,,,,,
Software Development and ICT Change Management Guideline_v2.0,(version 2.0),,,,,,,,,,,,,,,
Software Development and ICT Change Management Guideline_v2.0,,,,,,,,,,,,,,,,
Software Development and ICT Change Management Guideline_v2.0,10,It must be ensured that relevant stakeholders are regularly informed,,,,,,,,,,,,,,
Software Development and ICT Change Management Guideline_v2.0,,about change activities.,,,,,,,,,,,,,,
Software Development and ICT Change Management Guideline_v2.0,DOR.ICT.SDC.REP.001,,,,,,,,,,,,,,,
Software Development and ICT Change Management Guideline_v2.0,10.1,Communication regarding the change must be made to all relevant,,,,,,,,,,,,,,
Software Development and ICT Change Management Guideline_v2.0,,stakeholders or potentially impacted entities in a timely manner.,,,,,,,,,,,,,,
Software Development and ICT Change Management Guideline_v2.0,DOR.ICT.SDC.REP.002,,,,,,,,,,,,,,,
Software Development and ICT Change Management Guideline_v2.0,,Asset-Types: Business Process,,,,,,,,,,,,,,
Software Development and ICT Change Management Guideline_v2.0,,Key References: ISO 27001:2022 Cor 202203 A.8.32,,,,,,,,,,,,,,
Software Development and ICT Change Management Guideline_v2.0,10.2,"Regular reports must be generated and distributed, covering change",,,,,,,,,,,,,,
Software Development and ICT Change Management Guideline_v2.0,,"management activities, process performance, compliance, and, where",,,,,,,,,,,,,,
Software Development and ICT Change Management Guideline_v2.0,DOR.ICT.SDC.REP.003,"appropriate, relevant KPIs and metrics.",,,,,,,,,,,,,,
Software Development and ICT Change Management Guideline_v2.0,,,,,,,,,,,,,,,,
Software Development and ICT Change Management Guideline_v2.0,,Asset-Types: Business Process,,,,,,,,,,,,,,
Software Development and ICT Change Management Guideline_v2.0,,Key References: MaRisk 7.2 No 3 8.2 No. 1,,,,,,,,,,,,,,
Software Development and ICT Change Management Guideline_v2.0,ID: 11,,,,,,,,,,,,,,,
Software Development and ICT Change Management Guideline_v2.0,,Change Logging,,,,,,,,,,,,,,
Software Development and ICT Change Management Guideline_v2.0,(version 2.0),,,,,,,,,,,,,,,
Software Development and ICT Change Management Guideline_v2.0,,,,,,,,,,,,,,,,
Software Development and ICT Change Management Guideline_v2.0,11,It must be ensured that ICT Change management relevant events are,,,,,,,,,,,,,,
Software Development and ICT Change Management Guideline_v2.0,,logged.,,,,,,,,,,,,,,
Software Development and ICT Change Management Guideline_v2.0,DOR.ICT.SDC.LOG.001,,,,,,,,,,,,,,,
Software Development and ICT Change Management Guideline_v2.0,11.1,All ICT Change management events must be logged in accordance with the ICT,,,,,,,,,,,,,,
Software Development and ICT Change Management Guideline_v2.0,,Incident & Operational Event Management Guideline.,,,,,,,,,,,,,,
Software Development and ICT Change Management Guideline_v2.0,DOR.ICT.SDC.LOG.002,,,,,,,,,,,,,,,
Software Development and ICT Change Management Guideline_v2.0,,"Asset-Types: Business Process, Commercial-off-the-Shelf Solution, Underlaying",,,,,,,,,,,,,,
Software Development and ICT Change Management Guideline_v2.0,,"Software/Technology, Tool, Certificate, Software Appliance, Hardware Appliance, Cloud",,,,,,,,,,,,,,
Software Development and ICT Change Management Guideline_v2.0,,"Appliance, Operating System, Cloud PaaS, Container, End User Device, Mobile Device,",,,,,,,,,,,,,,
Software Development and ICT Change Management Guideline_v2.0,,"Processing Peripheral, Other Device, Storage, Server & Host Hardware",,,,,,,,,,,,,,
Software Development and ICT Change Management Guideline_v2.0,,Key References: DORA RTS RMF A.12.2c.iii),,,,,,,,,,,,,,
Software Development and ICT Change Management Guideline_v2.0,ID: 12,,,,,,,,,,,,,,,
Software Development and ICT Change Management Guideline_v2.0,,Change Management System,,,,,,,,,,,,,,
Software Development and ICT Change Management Guideline_v2.0,(version 2.0),,,,,,,,,,,,,,,
Software Development and ICT Change Management Guideline_v2.0,,,,,,,,,,,,,,,,
Software Development and ICT Change Management Guideline_v2.0,12,It must be ensured that tools and software are used to support the,,,,,,,,,,,,,,
Software Development and ICT Change Management Guideline_v2.0,,process wherever possible.,,,,,,,,,,,,,,
Software Development and ICT Change Management Guideline_v2.0,DOR.ICT.SDC.CMS.001,,,,,,,,,,,,,,,
Software Development and ICT Change Management Guideline_v2.0,12.1,Tools must be used to ensure control and transparency of the whole ICT,,,,,,,,,,,,,,
Software Development and ICT Change Management Guideline_v2.0,,Change Management process.,,,,,,,,,,,,,,
Software Development and ICT Change Management Guideline_v2.0,DOR.ICT.SDC.CMS.002,,,,,,,,,,,,,,,
Software Development and ICT Change Management Guideline_v2.0,,"Asset-Types: Business Process, Commercial-off-the-Shelf Solution, Underlaying",,,,,,,,,,,,,,
Software Development and ICT Change Management Guideline_v2.0,,"Software/Technology, Tool, Certificate, Software Appliance, Hardware Appliance, Cloud",,,,,,,,,,,,,,
Software Development and ICT Change Management Guideline_v2.0,,"Appliance, Operating System, Cloud PaaS, Container, End User Device, Mobile Device,",,,,,,,,,,,,,,
Software Development and ICT Change Management Guideline_v2.0,,"Processing Peripheral, Other Device, Storage, Server & Host Hardware",,,,,,,,,,,,,,
Software Development and ICT Change Management Guideline_v2.0,,Key References: MaRisk 7.2 No 3 8.2 No. 1,,,,,,,,,,,,,,
Software Development and ICT Change Management Guideline_v2.0,ID: 13,,,,,,,,,,,,,,,
Software Development and ICT Change Management Guideline_v2.0,,General software development process,,,,,,,,,,,,,,
Software Development and ICT Change Management Guideline_v2.0,(version 2.0),,,,,,,,,,,,,,,
Software Development and ICT Change Management Guideline_v2.0,,,,,,,,,,,,,,,,
Software Development and ICT Change Management Guideline_v2.0,,It must be ensured that the software development process is,,,,,,,,,,,,,,
Software Development and ICT Change Management Guideline_v2.0,13,,,,,,,,,,,,,,,
Software Development and ICT Change Management Guideline_v2.0,,"systematically managed, controlled and is aligned with business,",,,,,,,,,,,,,,
Software Development and ICT Change Management Guideline_v2.0,DOR.ICT.SDC.GEN.001,"technical, and regulatory requirements throughout its lifecycle.",,,,,,,,,,,,,,
Software Development and ICT Change Management Guideline_v2.0,,,,,,,,,,,,,,,,
Software Development and ICT Change Management Guideline_v2.0,13.1,A structured secure software development process must be in place to,,,,,,,,,,,,,,
Software Development and ICT Change Management Guideline_v2.0,,manage and control the development of software successfully.,,,,,,,,,,,,,,
Software Development and ICT Change Management Guideline_v2.0,DOR.ICT.SDC.GEN.002,,,,,,,,,,,,,,,
Software Development and ICT Change Management Guideline_v2.0,,Asset-Types: Business Process,,,,,,,,,,,,,,
Software Development and ICT Change Management Guideline_v2.0,,Key References: ICT Risk Framework 1.0,,,,,,,,,,,,,,
Software Development and ICT Change Management Guideline_v2.0,13.2,The process must at least cover specifications for:,,,,,,,,,,,,,,
Software Development and ICT Change Management Guideline_v2.0,DOR.ICT.SDC.GEN.003,– Requirements determination,,,,,,,,,,,,,,
Software Development and ICT Change Management Guideline_v2.0,,– Development objective,,,,,,,,,,,,,,
Software Development and ICT Change Management Guideline_v2.0,,– (Technical) implementation (incl. programming Guidelines),,,,,,,,,,,,,,
Software Development and ICT Change Management Guideline_v2.0,,– Quality assurance,,,,,,,,,,,,,,
Software Development and ICT Change Management Guideline_v2.0,,"– Testing, acceptance, and approval",,,,,,,,,,,,,,
Software Development and ICT Change Management Guideline_v2.0,,– Secure repositories for source code and configuration,,,,,,,,,,,,,,
Software Development and ICT Change Management Guideline_v2.0,,– Roles and responsibilities in line with Segregation of Duties,,,,,,,,,,,,,,
Software Development and ICT Change Management Guideline_v2.0,,The process should cover specifications for:,,,,,,,,,,,,,,
Software Development and ICT Change Management Guideline_v2.0,,–,Generation and update of Software Bill of Materials (SBOM) and,,,,,,,,,,,,,
Software Development and ICT Change Management Guideline_v2.0,,Cryptography Bill Of Materials ● (31.01.2027),Cryptography Bill Of Materials ● (31.01.2027),,,,,,,,,,,,,
Software Development and ICT Change Management Guideline_v2.0,,Asset-Types: Business Process,,,,,,,,,,,,,,
Software Development and ICT Change Management Guideline_v2.0,,Key References: ISO 27001:2022 Cor 202203 A.8.32,,,,,,,,,,,,,,
Software Development and ICT Change Management Guideline_v2.0,13.3,Developers must not deploy software to the Red and Yellow Segregation,,,,,,,,,,,,,,
Software Development and ICT Change Management Guideline_v2.0,,Area in their function as a developer.,,,,,,,,,,,,,,
Software Development and ICT Change Management Guideline_v2.0,DOR.ICT.SDC.GEN.004,,,,,,,,,,,,,,,
Software Development and ICT Change Management Guideline_v2.0,,Asset-Types: Business Process,,,,,,,,,,,,,,
Software Development and ICT Change Management Guideline_v2.0,,Key References: ISO 27001:2022 Cor 202203 A.8.25,,,,,,,,,,,,,,
Software Development and ICT Change Management Guideline_v2.0,13.4,"Depending on the protection need, it must be ensured that the confidentiality,",,,,,,,,,,,,,,
Software Development and ICT Change Management Guideline_v2.0,,"the integrity, the availability, and the authenticity of all assets, whether",,,,,,,,,,,,,,
Software Development and ICT Change Management Guideline_v2.0,DOR.ICT.SDC.GEN.005,,,,,,,,,,,,,,,
Software Development and ICT Change Management Guideline_v2.0,,"directly involved or indirectly affected through dependencies, are maintained",,,,,,,,,,,,,,
Software Development and ICT Change Management Guideline_v2.0,,,,,,,,,,,,,,,,
Software Development and ICT Change Management Guideline_v2.0,,during development and after go-live.,,,,,,,,,,,,,,
Software Development and ICT Change Management Guideline_v2.0,,"Asset-Types: Information, Business Process, Commercial-off-the-Shelf Solution,",,,,,,,,,,,,,,
Software Development and ICT Change Management Guideline_v2.0,,"Underlaying Software/Technology, Tool",,,,,,,,,,,,,,
Software Development and ICT Change Management Guideline_v2.0,,Key References: ISO 27001:2022 Cor 202203 A.8.25,,,,,,,,,,,,,,
Software Development and ICT Change Management Guideline_v2.0,13.5,Functional and non-functional requirements must be used and treated,,,,,,,,,,,,,,
Software Development and ICT Change Management Guideline_v2.0,,identically during the software development process.,,,,,,,,,,,,,,
Software Development and ICT Change Management Guideline_v2.0,DOR.ICT.SDC.GEN.006,,,,,,,,,,,,,,,
Software Development and ICT Change Management Guideline_v2.0,,"Asset-Types: Information, Business Process",,,,,,,,,,,,,,
Software Development and ICT Change Management Guideline_v2.0,,Key References: ISO 27001:2022 Cor 202203 A.8.25,,,,,,,,,,,,,,
Software Development and ICT Change Management Guideline_v2.0,13.6,"Quality and security thresholds and corresponding controls must be defined,",,,,,,,,,,,,,,
Software Development and ICT Change Management Guideline_v2.0,,"implemented, and assessed before IT Assets can be promoted to the next",,,,,,,,,,,,,,
Software Development and ICT Change Management Guideline_v2.0,DOR.ICT.SDC.GEN.007,,,,,,,,,,,,,,,
Software Development and ICT Change Management Guideline_v2.0,,"Segregation Area, e.g. Development (Green) to Test (Yellow/Blue) to",,,,,,,,,,,,,,
Software Development and ICT Change Management Guideline_v2.0,,,,,,,,,,,,,,,,
Software Development and ICT Change Management Guideline_v2.0,ID: 14,,,,,,,,,,,,,,,
Software Development and ICT Change Management Guideline_v2.0,,Secure system architecture and secure engineering principles,,,,,,,,,,,,,,
Software Development and ICT Change Management Guideline_v2.0,(version 2.0),,,,,,,,,,,,,,,
Software Development and ICT Change Management Guideline_v2.0,,,,,,,,,,,,,,,,
Software Development and ICT Change Management Guideline_v2.0,14,"It must be ensured that secure system architecture, secure engineering",,,,,,,,,,,,,,
Software Development and ICT Change Management Guideline_v2.0,,principles and secure coding are in place.,,,,,,,,,,,,,,
Software Development and ICT Change Management Guideline_v2.0,DOR.ICT.SDC.PRN.001,,,,,,,,,,,,,,,
Software Development and ICT Change Management Guideline_v2.0,14.1,"Secure engineering principles must be established, documented, and applied.",,,,,,,,,,,,,,
Software Development and ICT Change Management Guideline_v2.0,DOR.ICT.SDC.PRN.002,"Asset-Types: Business Process, Commercial-off-the-Shelf Solution, Underlaying",,,,,,,,,,,,,,
Software Development and ICT Change Management Guideline_v2.0,,"Software/Technology, Tool, IDP",,,,,,,,,,,,,,
Software Development and ICT Change Management Guideline_v2.0,,Key References: ISO 27001:2022 Cor 202203 A.8.27,,,,,,,,,,,,,,
Software Development and ICT Change Management Guideline_v2.0,14.2,Processes and principles for secure coding as part of secure engineering must,,,,,,,,,,,,,,
Software Development and ICT Change Management Guideline_v2.0,,be established and at least cover:,,,,,,,,,,,,,,
Software Development and ICT Change Management Guideline_v2.0,DOR.ICT.SDC.PRN.003,,,,,,,,,,,,,,,
Software Development and ICT Change Management Guideline_v2.0,,− Protection of source code against unauthorized access and tampering,,,,,,,,,,,,,,
Software Development and ICT Change Management Guideline_v2.0,,(e.g. versioning of source code),,,,,,,,,,,,,,
Software Development and ICT Change Management Guideline_v2.0,,− Measures to mitigate risk from unintentional alteration or intentional,,,,,,,,,,,,,,
Software Development and ICT Change Management Guideline_v2.0,,manipulation,,,,,,,,,,,,,,
Software Development and ICT Change Management Guideline_v2.0,,"− Use of security architecture principles (e.g. “security by design”, “least",,,,,,,,,,,,,,
Software Development and ICT Change Management Guideline_v2.0,,privilege”),,,,,,,,,,,,,,
Software Development and ICT Change Management Guideline_v2.0,,"Asset-Types: Business Process, Commercial-off-the-Shelf Solution, Underlaying",,,,,,,,,,,,,,
Software Development and ICT Change Management Guideline_v2.0,,"Software/Technology, Tool",,,,,,,,,,,,,,
Software Development and ICT Change Management Guideline_v2.0,,Key References: ISO 27001:2022 Cor 202203 A.8.28,,,,,,,,,,,,,,
Software Development and ICT Change Management Guideline_v2.0,14.3,Planning and prerequisites before coding which should be in place include:,,,,,,,,,,,,,,
Software Development and ICT Change Management Guideline_v2.0,DOR.ICT.SDC.PRN.004,− Secure design and architecture,,,,,,,,,,,,,,
Software Development and ICT Change Management Guideline_v2.0,,− Secure coding standards,,,,,,,,,,,,,,
Software Development and ICT Change Management Guideline_v2.0,,− DBG-specific expectations and approved principles for secure coding,,,,,,,,,,,,,,
Software Development and ICT Change Management Guideline_v2.0,,"Asset-Types: Business Process, Commercial-off-the-Shelf Solution, Underlaying",,,,,,,,,,,,,,
Software Development and ICT Change Management Guideline_v2.0,,"Software/Technology, Tool",,,,,,,,,,,,,,
Software Development and ICT Change Management Guideline_v2.0,,"Key References: ISO 27001:2022 Cor 202203 A.8.25, A.8.27",,,,,,,,,,,,,,
Software Development and ICT Change Management Guideline_v2.0,14.4,Considerations during coding which should be in place include:,,,,,,,,,,,,,,
Software Development and ICT Change Management Guideline_v2.0,,− Secure coding practices specific to the programming language,,,,,,,,,,,,,,
Software Development and ICT Change Management Guideline_v2.0,DOR.ICT.SDC.PRN.005,,,,,,,,,,,,,,,
Software Development and ICT Change Management Guideline_v2.0,,− Secure and structured programming techniques,,,,,,,,,,,,,,
Software Development and ICT Change Management Guideline_v2.0,,,,,,,,,,,,,,,,
Software Development and ICT Change Management Guideline_v2.0,,− Documenting code,,,,,,,,,,,,,,
Software Development and ICT Change Management Guideline_v2.0,,− Removing programming defects,,,,,,,,,,,,,,
Software Development and ICT Change Management Guideline_v2.0,ID: 15,,,,,,,,,,,,,,,
Software Development and ICT Change Management Guideline_v2.0,,Source code testing and verification,,,,,,,,,,,,,,
Software Development and ICT Change Management Guideline_v2.0,(version 2.0),,,,,,,,,,,,,,,
Software Development and ICT Change Management Guideline_v2.0,,,,,,,,,,,,,,,,
Software Development and ICT Change Management Guideline_v2.0,15,It must be ensured that source code is tested and verified.,,,,,,,,,,,,,,
Software Development and ICT Change Management Guideline_v2.0,DOR.ICT.SDC.TST.001,,,,,,,,,,,,,,,
Software Development and ICT Change Management Guideline_v2.0,15.1,"In-house developed software and, where feasible, ICT third-party source code",,,,,,,,,,,,,,
Software Development and ICT Change Management Guideline_v2.0,DOR.ICT.SDC.TST.002,must be tested before implementing in the Red Segregation Area.,,,,,,,,,,,,,,
Software Development and ICT Change Management Guideline_v2.0,,"Asset-Types: Business Process, Commercial-off-the-Shelf Solution, Underlaying",,,,,,,,,,,,,,
Software Development and ICT Change Management Guideline_v2.0,,"Software/Technology, Tool, Operating System, Cloud PaaS, Container, Storage",,,,,,,,,,,,,,
Software Development and ICT Change Management Guideline_v2.0,,"Key References: DORA RTS RMF A.16.3, A16.8",,,,,,,,,,,,,,
Software Development and ICT Change Management Guideline_v2.0,15.2,Source code checks that must be carried out using both static and dynamic tests.,,,,,,,,,,,,,,
Software Development and ICT Change Management Guideline_v2.0,DOR.ICT.SDC.TST.003,"Asset-Types: Business Process, Commercial-off-the-Shelf Solution, Underlaying",,,,,,,,,,,,,,
Software Development and ICT Change Management Guideline_v2.0,,"Software/Technology, Tool, Operating System, Cloud PaaS, Container, Storage",,,,,,,,,,,,,,
Software Development and ICT Change Management Guideline_v2.0,,Key References: DORA RTS RMF A.16.3,,,,,,,,,,,,,,
Software Development and ICT Change Management Guideline_v2.0,ID: 16,,,,,,,,,,,,,,,
Software Development and ICT Change Management Guideline_v2.0,,Test management process,,,,,,,,,,,,,,
Software Development and ICT Change Management Guideline_v2.0,(version 2.0),,,,,,,,,,,,,,,
Software Development and ICT Change Management Guideline_v2.0,,,,,,,,,,,,,,,,
Software Development and ICT Change Management Guideline_v2.0,16,It must be ensured that the tests and their processes are fully designed,,,,,,,,,,,,,,
Software Development and ICT Change Management Guideline_v2.0,,and carried out so that all relevant aspects are sufficiently tested.,,,,,,,,,,,,,,
Software Development and ICT Change Management Guideline_v2.0,DOR.ICT.SDC.TMP.001,,,,,,,,,,,,,,,
Software Development and ICT Change Management Guideline_v2.0,16.1,A test management process must be in place for testing ICT Systems before use,,,,,,,,,,,,,,
Software Development and ICT Change Management Guideline_v2.0,,and after maintenance.,,,,,,,,,,,,,,
Software Development and ICT Change Management Guideline_v2.0,DOR.ICT.SDC.TMP.002,,,,,,,,,,,,,,,
Software Development and ICT Change Management Guideline_v2.0,,"Asset-Types: Business Process, IDP",,,,,,,,,,,,,,
Software Development and ICT Change Management Guideline_v2.0,,Key References: DORA RTS RMF A.16.2,,,,,,,,,,,,,,
Software Development and ICT Change Management Guideline_v2.0,16.2,The tests must be designed as following:,,,,,,,,,,,,,,
Software Development and ICT Change Management Guideline_v2.0,DOR.ICT.SDC.TMP.003,"Asset-Types: Business Process, Commercial-off-the-Shelf Solution, Underlaying",,,,,,,,,,,,,,
Software Development and ICT Change Management Guideline_v2.0,,"Software/Technology, Tool, Certificate, Software Appliance, Hardware Appliance, Cloud",,,,,,,,,,,,,,
Software Development and ICT Change Management Guideline_v2.0,,"Appliance, Operating System, Cloud PaaS, Container, Storage",,,,,,,,,,,,,,
Software Development and ICT Change Management Guideline_v2.0,,Key References: DORA RTS RMF A.16.2,,,,,,,,,,,,,,
Software Development and ICT Change Management Guideline_v2.0,16.2.1,The extent of tests must be based on the criticality of the IT Assets and related,,,,,,,,,,,,,,
Software Development and ICT Change Management Guideline_v2.0,,business processes.,,,,,,,,,,,,,,
Software Development and ICT Change Management Guideline_v2.0,DOR.ICT.SDC.TMP.004,,,,,,,,,,,,,,,
Software Development and ICT Change Management Guideline_v2.0,,"Asset-Types: Business Process, IDP",,,,,,,,,,,,,,
Software Development and ICT Change Management Guideline_v2.0,,Key References: DORA RTS RMF A.16.2,,,,,,,,,,,,,,
Software Development and ICT Change Management Guideline_v2.0,16.2.2,"The tests must be designed to verify that new ICT Systems perform as intended,",,,,,,,,,,,,,,
Software Development and ICT Change Management Guideline_v2.0,,including the quality of internally developed software.,,,,,,,,,,,,,,
Software Development and ICT Change Management Guideline_v2.0,DOR.ICT.SDC.TMP.005,,,,,,,,,,,,,,,
Software Development and ICT Change Management Guideline_v2.0,,Asset-Types: Business Process,,,,,,,,,,,,,,
Software Development and ICT Change Management Guideline_v2.0,,Key References: DORA RTS RMF A.16.2,,,,,,,,,,,,,,
Software Development and ICT Change Management Guideline_v2.0,ID: 17,,,,,,,,,,,,,,,
Software Development and ICT Change Management Guideline_v2.0,,Testing security functions,,,,,,,,,,,,,,
Software Development and ICT Change Management Guideline_v2.0,(version 2.0),,,,,,,,,,,,,,,
Software Development and ICT Change Management Guideline_v2.0,,,,,,,,,,,,,,,,
Software Development and ICT Change Management Guideline_v2.0,17,It must be ensured that security functions are thoroughly tested and,,,,,,,,,,,,,,
Software Development and ICT Change Management Guideline_v2.0,,validated.,,,,,,,,,,,,,,
Software Development and ICT Change Management Guideline_v2.0,DOR.ICT.SDC.TSF.001,,,,,,,,,,,,,,,
Software Development and ICT Change Management Guideline_v2.0,17.1,"Security functions must be tested, including (if relevant):",,,,,,,,,,,,,,
Software Development and ICT Change Management Guideline_v2.0,DOR.ICT.SDC.TSF.002,– Authentication mechanisms,,,,,,,,,,,,,,
Software Development and ICT Change Management Guideline_v2.0,,,,,,,,,,,,,,,,
Software Development and ICT Change Management Guideline_v2.0,,– Access functions,,,,,,,,,,,,,,
Software Development and ICT Change Management Guideline_v2.0,,– Logging & Monitoring,,,,,,,,,,,,,,
Software Development and ICT Change Management Guideline_v2.0,,– Cryptographic mechanisms,,,,,,,,,,,,,,
Software Development and ICT Change Management Guideline_v2.0,,– Validation of input data,,,,,,,,,,,,,,
Software Development and ICT Change Management Guideline_v2.0,,– Audit-Logs,,,,,,,,,,,,,,
Software Development and ICT Change Management Guideline_v2.0,,– Handling of exceptions,,,,,,,,,,,,,,
Software Development and ICT Change Management Guideline_v2.0,,"Asset-Types: Information, Business Process, Commercial-off-the-Shelf Solution,",,,,,,,,,,,,,,
Software Development and ICT Change Management Guideline_v2.0,,"Underlaying Software/Technology, SaaS, Tool, Software Appliance, Hardware Appliance,",,,,,,,,,,,,,,
Software Development and ICT Change Management Guideline_v2.0,,Cloud Appliance,,,,,,,,,,,,,,
Software Development and ICT Change Management Guideline_v2.0,,Key References: ISO 27001:2022 Cor 202203 A.8.29,,,,,,,,,,,,,,
Software Development and ICT Change Management Guideline_v2.0,ID: 18,,,,,,,,,,,,,,,
Software Development and ICT Change Management Guideline_v2.0,,Test and development documentation,,,,,,,,,,,,,,
Software Development and ICT Change Management Guideline_v2.0,(version 2.0),,,,,,,,,,,,,,,
Software Development and ICT Change Management Guideline_v2.0,,,,,,,,,,,,,,,,
Software Development and ICT Change Management Guideline_v2.0,18,It must be ensured that the testing and development activities are,,,,,,,,,,,,,,
Software Development and ICT Change Management Guideline_v2.0,,properly documented.,,,,,,,,,,,,,,
Software Development and ICT Change Management Guideline_v2.0,DOR.ICT.SDC.DOC.001,,,,,,,,,,,,,,,
Software Development and ICT Change Management Guideline_v2.0,18.1,The IT Application and its development must be documented in a way that is,,,,,,,,,,,,,,
Software Development and ICT Change Management Guideline_v2.0,DOR.ICT.SDC.DOC.002,comprehensible for competent third parties. The documentation must include,,,,,,,,,,,,,,
Software Development and ICT Change Management Guideline_v2.0,,at least:,,,,,,,,,,,,,,
Software Development and ICT Change Management Guideline_v2.0,,– User documentation,,,,,,,,,,,,,,
Software Development and ICT Change Management Guideline_v2.0,,– Technical system documentation,,,,,,,,,,,,,,
Software Development and ICT Change Management Guideline_v2.0,,– Operating procedures and processes,,,,,,,,,,,,,,
Software Development and ICT Change Management Guideline_v2.0,,"Asset-Types: Information, Business Process, Commercial-off-the-Shelf Solution,",,,,,,,,,,,,,,
Software Development and ICT Change Management Guideline_v2.0,,"Underlaying Software/Technology, Tool",,,,,,,,,,,,,,
Software Development and ICT Change Management Guideline_v2.0,,Key References: ISO 27001:2022 Cor 202203 A.8.32,,,,,,,,,,,,,,
Software Development and ICT Change Management Guideline_v2.0,18.2,Test management documentation must at least contain the following:,,,,,,,,,,,,,,
Software Development and ICT Change Management Guideline_v2.0,DOR.ICT.SDC.DOC.003,– Test case description,,,,,,,,,,,,,,
Software Development and ICT Change Management Guideline_v2.0,,,,,,,,,,,,,,,,
Software Development and ICT Change Management Guideline_v2.0,,– Test data,,,,,,,,,,,,,,
Software Development and ICT Change Management Guideline_v2.0,,– Expected test results,,,,,,,,,,,,,,
Software Development and ICT Change Management Guideline_v2.0,,– Realized test results,,,,,,,,,,,,,,
Software Development and ICT Change Management Guideline_v2.0,,– Actions derived from tests,,,,,,,,,,,,,,
Software Development and ICT Change Management Guideline_v2.0,,"Asset-Types: Information, Business Process, Commercial-off-the-Shelf Solution,",,,,,,,,,,,,,,
Software Development and ICT Change Management Guideline_v2.0,,"Underlaying Software/Technology, Tool, IDP",,,,,,,,,,,,,,
Software Development and ICT Change Management Guideline_v2.0,,Key References: ISO 27001:2022 Cor 202203 A.8.29,,,,,,,,,,,,,,
Software Development and ICT Change Management Guideline_v2.0,18.3,The operating procedures and processes must be defined for each IT,,,,,,,,,,,,,,
Software Development and ICT Change Management Guideline_v2.0,,Application and be available to the respective operators of the IT Application.,,,,,,,,,,,,,,
Software Development and ICT Change Management Guideline_v2.0,DOR.ICT.SDC.DOC.004,,,,,,,,,,,,,,,
Software Development and ICT Change Management Guideline_v2.0,,"Asset-Types: Information, Commercial-off-the-Shelf Solution, Underlaying",,,,,,,,,,,,,,
Software Development and ICT Change Management Guideline_v2.0,,"Software/Technology, Tool, Software Appliance, Hardware Appliance, Cloud Appliance",,,,,,,,,,,,,,
Software Development and ICT Change Management Guideline_v2.0,,Key References: ISO 27001:2022 Cor 202203 A.8.19,,,,,,,,,,,,,,
Software Development and ICT Change Management Guideline_v2.0,ID: 19,,,,,,,,,,,,,,,
Software Development and ICT Change Management Guideline_v2.0,,Defect handling,,,,,,,,,,,,,,
Software Development and ICT Change Management Guideline_v2.0,(version 2.0),,,,,,,,,,,,,,,
Software Development and ICT Change Management Guideline_v2.0,,,,,,,,,,,,,,,,
Software Development and ICT Change Management Guideline_v2.0,19,It must be ensured that discovered defects are recorded and that the,,,,,,,,,,,,,,
Software Development and ICT Change Management Guideline_v2.0,,methods for addressing them are clearly defined.,,,,,,,,,,,,,,
Software Development and ICT Change Management Guideline_v2.0,DOR.ICT.SDC.DEF.001,,,,,,,,,,,,,,,
Software Development and ICT Change Management Guideline_v2.0,19.1,"Defects are identified, recorded, and eliminated prior to go live.",,,,,,,,,,,,,,
Software Development and ICT Change Management Guideline_v2.0,DOR.ICT.SDC.DEF.002,,,,,,,,,,,,,,,
Software Development and ICT Change Management Guideline_v2.0,,"Asset-Types: Information, Business Process, Commercial-off-the-Shelf Solution,",,,,,,,,,,,,,,
Software Development and ICT Change Management Guideline_v2.0,,,,,,,,,,,,,,,,
Software Development and ICT Change Management Guideline_v2.0,,"Underlaying Software/Technology, Tool",,,,,,,,,,,,,,
Software Development and ICT Change Management Guideline_v2.0,,Key References: ISO 27001:2022 Cor 202203 A.8.33,,,,,,,,,,,,,,
Software Development and ICT Change Management Guideline_v2.0,19.2,Defects must be documented.,,,,,,,,,,,,,,
Software Development and ICT Change Management Guideline_v2.0,DOR.ICT.SDC.DEF.003,"Asset-Types: Information, Business Process, Underlaying Software/Technology, Tool,",,,,,,,,,,,,,,
Software Development and ICT Change Management Guideline_v2.0,,IDP,,,,,,,,,,,,,,
Software Development and ICT Change Management Guideline_v2.0,,Key References: ISO 27001:2022 Cor 202203 A.8.29,,,,,,,,,,,,,,
Software Development and ICT Change Management Guideline_v2.0,19.3,Defect handling and emergency defect handling must be defined.,,,,,,,,,,,,,,
Software Development and ICT Change Management Guideline_v2.0,DOR.ICT.SDC.DEF.004,,,,,,,,,,,,,,,
Software Development and ICT Change Management Guideline_v2.0,,,,,,,,,,,,,,,,
Software Development and ICT Change Management Guideline_v2.0,ID: 20,,,,,,,,,,,,,,,
Software Development and ICT Change Management Guideline_v2.0,,Data Management,,,,,,,,,,,,,,
Software Development and ICT Change Management Guideline_v2.0,(version 2.0),,,,,,,,,,,,,,,
Software Development and ICT Change Management Guideline_v2.0,,,,,,,,,,,,,,,,
Software Development and ICT Change Management Guideline_v2.0,20,,,,,,,,,,,,,,,
Software Development and ICT Change Management Guideline_v2.0,,It must be ensured that data is adequately protected.,,,,,,,,,,,,,,
Software Development and ICT Change Management Guideline_v2.0,DOR.ICT.SDC.DAT.001,,,,,,,,,,,,,,,
Software Development and ICT Change Management Guideline_v2.0,,,,,,,,,,,,,,,,
Software Development and ICT Change Management Guideline_v2.0,20.1,Data must be protected according to its integrity and confidentiality in all,,,,,,,,,,,,,,
Software Development and ICT Change Management Guideline_v2.0,,Segregation Areas.,,,,,,,,,,,,,,
Software Development and ICT Change Management Guideline_v2.0,DOR.ICT.SDC.DAT.002,,,,,,,,,,,,,,,
Software Development and ICT Change Management Guideline_v2.0,,"Asset-Types: Information, Business Process, Commercial-off-the-Shelf Solution,",,,,,,,,,,,,,,
Software Development and ICT Change Management Guideline_v2.0,,"Underlaying Software/Technology, SaaS, Tool, Software Appliance, Hardware Appliance,",,,,,,,,,,,,,,
Software Development and ICT Change Management Guideline_v2.0,,"Cloud Appliance, Cloud PaaS, Storage",,,,,,,,,,,,,,
Software Development and ICT Change Management Guideline_v2.0,,Key References: DORA RTS RMF A.16.5,,,,,,,,,,,,,,
Software Development and ICT Change Management Guideline_v2.0,20.2,Sensitive data must always be stored in the Red Segregation Area or the Yellow,,,,,,,,,,,,,,
Software Development and ICT Change Management Guideline_v2.0,,"Segregation Area, provided the protection level meets or exceeds that of the Red",,,,,,,,,,,,,,
Software Development and ICT Change Management Guideline_v2.0,DOR.ICT.SDC.DAT.003,,,,,,,,,,,,,,,
Software Development and ICT Change Management Guideline_v2.0,,Segregation Area.,,,,,,,,,,,,,,
Software Development and ICT Change Management Guideline_v2.0,,,,,,,,,,,,,,,,
Software Development and ICT Change Management Guideline_v2.0,,"Asset-Types: Information, Business Process, Commercial-off-the-Shelf Solution,",,,,,,,,,,,,,,
Software Development and ICT Change Management Guideline_v2.0,,"Underlaying Software/Technology, SaaS, Tool, Certificate, Software Appliance, Hardware",,,,,,,,,,,,,,
Software Development and ICT Change Management Guideline_v2.0,,"Appliance, Cloud Appliance, Cloud PaaS, Storage",,,,,,,,,,,,,,
Software Development and ICT Change Management Guideline_v2.0,,Key References: DORA RTS RMF A.16.5,,,,,,,,,,,,,,
Software Development and ICT Change Management Guideline_v2.0,20.3,"Sensitive data must be anonymized, pseudonymized or randomized before it is",,,,,,,,,,,,,,
Software Development and ICT Change Management Guideline_v2.0,,copied to or stored in Green or Blue Segregation Area and must be approved by,,,,,,,,,,,,,,
Software Development and ICT Change Management Guideline_v2.0,DOR.ICT.SDC.DAT.004,,,,,,,,,,,,,,,
Software Development and ICT Change Management Guideline_v2.0,,the Information Owner.,,,,,,,,,,,,,,
Software Development and ICT Change Management Guideline_v2.0,,,,,,,,,,,,,,,,
Software Development and ICT Change Management Guideline_v2.0,,"Asset-Types: Information, Business Process, Commercial-off-the-Shelf Solution,",,,,,,,,,,,,,,
Software Development and ICT Change Management Guideline_v2.0,,"Underlaying Software/Technology, SaaS, Tool, Certificate, Software Appliance, Hardware",,,,,,,,,,,,,,
Software Development and ICT Change Management Guideline_v2.0,,"Appliance, Cloud Appliance, Cloud PaaS, Storage",,,,,,,,,,,,,,
Software Development and ICT Change Management Guideline_v2.0,,Key References: ISO 27001:2022 Cor 202203 A8.11,,,,,,,,,,,,,,
Software Development and ICT Change Management Guideline_v2.0,20.4,Exceptions may be required where sensitive production data is needed for,,,,,,,,,,,,,,
Software Development and ICT Change Management Guideline_v2.0,,"specific test occasions. For this, the following requirements must be fulfilled:",,,,,,,,,,,,,,
Software Development and ICT Change Management Guideline_v2.0,DOR.ICT.SDC.DAT.005,,,,,,,,,,,,,,,
Software Development and ICT Change Management Guideline_v2.0,,– Approval by the responsible Information Owner,,,,,,,,,,,,,,
Software Development and ICT Change Management Guideline_v2.0,,– Alignment with Group Data Protection for personal data,,,,,,,,,,,,,,
Software Development and ICT Change Management Guideline_v2.0,,– Reporting and explanation when using sensitive production data for,,,,,,,,,,,,,,
Software Development and ICT Change Management Guideline_v2.0,,testing must be ensured,,,,,,,,,,,,,,
Software Development and ICT Change Management Guideline_v2.0,,– Data storage as well as user access must be time limited and removed,,,,,,,,,,,,,,
Software Development and ICT Change Management Guideline_v2.0,,afterwards,,,,,,,,,,,,,,
Software Development and ICT Change Management Guideline_v2.0,,"Asset-Types: Information, Business Process, Commercial-off-the-Shelf Solution,",,,,,,,,,,,,,,
Software Development and ICT Change Management Guideline_v2.0,,"Underlaying Software/Technology, SaaS, Tool, Software Appliance, Hardware",,,,,,,,,,,,,,
Software Development and ICT Change Management Guideline_v2.0,,"Appliance, Cloud Appliance, Cloud PaaS, Storage",,,,,,,,,,,,,,
Software Development and ICT Change Management Guideline_v2.0,,Key References: DORA RTS RMF A.16.6,,,,,,,,,,,,,,
Software Development and ICT Change Management Guideline_v2.0,20.5,Test data must be classified in accordance with the information classification,,,,,,,,,,,,,,
Software Development and ICT Change Management Guideline_v2.0,,scheme and should be protected accordingly.7,,,,,,,,,,,,,,
Software Development and ICT Change Management Guideline_v2.0,DOR.ICT.SDC.DAT.006,,,,,,,,,,,,,,,
Software Development and ICT Change Management Guideline_v2.0,ID: 21,,,,,,,,,,,,,,,
Software Development and ICT Change Management Guideline_v2.0,,ICT Project Management,,,,,,,,,,,,,,
Software Development and ICT Change Management Guideline_v2.0,(version 2.0),,,,,,,,,,,,,,,
Software Development and ICT Change Management Guideline_v2.0,,,,,,,,,,,,,,,,
Software Development and ICT Change Management Guideline_v2.0,21,It must be ensured that the ICT projects are handled in an appropriate,,,,,,,,,,,,,,
Software Development and ICT Change Management Guideline_v2.0,,manner.,,,,,,,,,,,,,,
Software Development and ICT Change Management Guideline_v2.0,DOR.ICT.SDC.PMA.001,,,,,,,,,,,,,,,
Software Development and ICT Change Management Guideline_v2.0,21.1,The ICT Project Management procedures must include:,,,,,,,,,,,,,,
Software Development and ICT Change Management Guideline_v2.0,DOR.ICT.SDC.PMA.002,– ICT project objectives,,,,,,,,,,,,,,
Software Development and ICT Change Management Guideline_v2.0,,– ICT project governance,,,,,,,,,,,,,,
Software Development and ICT Change Management Guideline_v2.0,,"– ICT project planning, timeframe, steps, and relevant milestones",,,,,,,,,,,,,,
Software Development and ICT Change Management Guideline_v2.0,,– ICT project risk assessment,,,,,,,,,,,,,,
Software Development and ICT Change Management Guideline_v2.0,,– Roles and responsibilities,,,,,,,,,,,,,,
Software Development and ICT Change Management Guideline_v2.0,,– Change management requirements,,,,,,,,,,,,,,
Software Development and ICT Change Management Guideline_v2.0,,– Testing of all requirements,,,,,,,,,,,,,,
Software Development and ICT Change Management Guideline_v2.0,,– Approval process for deploying IT Assets in Red Segregation Area,,,,,,,,,,,,,,
Software Development and ICT Change Management Guideline_v2.0,,Asset-Types: Business Process,,,,,,,,,,,,,,
Software Development and ICT Change Management Guideline_v2.0,,Key References: DORA RTS RMF A.15.3,,,,,,,,,,,,,,
Software Development and ICT Change Management Guideline_v2.0,21.2,ICT Project Management procedures that ensured effective management of,,,,,,,,,,,,,,
Software Development and ICT Change Management Guideline_v2.0,,"ICT projects related to the acquisition, maintenance and development of ICT",,,,,,,,,,,,,,
Software Development and ICT Change Management Guideline_v2.0,DOR.ICT.SDC.PMA.003,,,,,,,,,,,,,,,
Software Development and ICT Change Management Guideline_v2.0,,"Systems must be developed, implemented, and documented.",,,,,,,,,,,,,,
Software Development and ICT Change Management Guideline_v2.0,,,,,,,,,,,,,,,,
Software Development and ICT Change Management Guideline_v2.0,,Asset-Types: Business Process,,,,,,,,,,,,,,
Software Development and ICT Change Management Guideline_v2.0,,"Key References: DORA RTS RMF A.15.1, A.15.2",,,,,,,,,,,,,,
Software Development and ICT Change Management Guideline_v2.0,21.3,Risks across ICT projects must be captured and remediated.,,,,,,,,,,,,,,
Software Development and ICT Change Management Guideline_v2.0,DOR.ICT.SDC.PMA.004,Asset-Types: Business Process,,,,,,,,,,,,,,
Software Development and ICT Change Management Guideline_v2.0,,Key References: DORA RTS RMF A.15.5,,,,,,,,,,,,,,
Software Development and ICT Change Management Guideline_v2.0,21.4,"ICT projects affecting critical or important functions, and their risks must be",,,,,,,,,,,,,,
Software Development and ICT Change Management Guideline_v2.0,,"reported to the management body either individually or in aggregate, based",,,,,,,,,,,,,,
Software Development and ICT Change Management Guideline_v2.0,DOR.ICT.SDC.PMA.005,,,,,,,,,,,,,,,
Software Development and ICT Change Management Guideline_v2.0,,"on the project's importance and size, and on a regular or event-driven basis.",,,,,,,,,,,,,,
Software Development and ICT Change Management Guideline_v2.0,,,,,,,,,,,,,,,,
Software Development and ICT Change Management Guideline_v2.0,,Asset-Types: Business Process,,,,,,,,,,,,,,
Software Development and ICT Change Management Guideline_v2.0,,Key References: DORA RTS RMF A.15.5,,,,,,,,,,,,,,
Software Development and ICT Change Management Guideline_v2.0,21.5,Any information or expertise required from the business areas or functions,,,,,,,,,,,,,,
Software Development and ICT Change Management Guideline_v2.0,,must be provided for the secure implementation of ICT projects.,,,,,,,,,,,,,,
Software Development and ICT Change Management Guideline_v2.0,DOR.ICT.SDC.PMA.006,,,,,,,,,,,,,,,
Software Development and ICT Change Management Guideline_v2.0,,Asset-Types: Business Process,,,,,,,,,,,,,,
Software Development and ICT Change Management Guideline_v2.0,,Key References: DORA RTS RMF A.15.4,,,,,,,,,,,,,,
Third Party ICT Risk Management Guideline_v2.0,<Specify ID:,,,,,,,,,,,,,,,
Third Party ICT Risk Management Guideline_v2.0,,<Name of control requirement (e.g. Access to production data)>,,,,,,,,,,,,,,
Third Party ICT Risk Management Guideline_v2.0,xx (version,,,,,,,,,,,,,,,
Third Party ICT Risk Management Guideline_v2.0,x)>,,,,,,,,,,,,,,,
Third Party ICT Risk Management Guideline_v2.0,,,,,,,,,,,,,,,,
Third Party ICT Risk Management Guideline_v2.0,1,<Description of the control requirement>,,,,,,,,,,,,,,
Third Party ICT Risk Management Guideline_v2.0,1.1,<Lists the criteria applying to the control requirement>,,,,,,,,,,,,,,
Third Party ICT Risk Management Guideline_v2.0,,,,,,,,,,,,,,,,
Third Party ICT Risk Management Guideline_v2.0,1.1.1,<Lists the sub-criteria applying to the control requirement>,,,,,,,,,,,,,,
Third Party ICT Risk Management Guideline_v2.0,,,Asset-Types: <Lists asset types applicable to the control requirement>,,,,,,,,,,,,,
Third Party ICT Risk Management Guideline_v2.0,,,Key references: <Lists key regulatory references and industry best practice requirements affecting this,,,,,,,,,,,,,
Third Party ICT Risk Management Guideline_v2.0,,"control requirement (e.g., ISO/IEC 27001:2022 A.5.10, A.8.1)>","control requirement (e.g., ISO/IEC 27001:2022 A.5.10, A.8.1)>",,,,,,,,,,,,,
Third Party ICT Risk Management Guideline_v2.0,,,,,,,,,,,,,,,,
Third Party ICT Risk Management Guideline_v2.0,,,,,,,,,,,,,,,,
Third Party ICT Risk Management Guideline_v2.0,"The terms in this document are defined in the overall ICT Risk Glossary, which is provided",,,,,,,,,,,,,,,
Third Party ICT Risk Management Guideline_v2.0,on the Intranet website.,,,,,,,,,,,,,,,
Third Party ICT Risk Management Guideline_v2.0,ID: 1,,,,,,,,,,,,,,,
Third Party ICT Risk Management Guideline_v2.0,,Establishment of ICT third-party security management,,,,,,,,,,,,,,
Third Party ICT Risk Management Guideline_v2.0,(version 2.0),,,,,,,,,,,,,,,
Third Party ICT Risk Management Guideline_v2.0,,,,,,,,,,,,,,,,
Third Party ICT Risk Management Guideline_v2.0,1,ICT third-party relationship management must be documented and in,,,,,,,,,,,,,,
Third Party ICT Risk Management Guideline_v2.0,,place.,,,,,,,,,,,,,,
Third Party ICT Risk Management Guideline_v2.0,DOR.ICT.TPR.GEN.001,,,,,,,,,,,,,,,
Third Party ICT Risk Management Guideline_v2.0,1.1,ICT third-party relationship management including documented processes,,,,,,,,,,,,,,
Third Party ICT Risk Management Guideline_v2.0,,and procedures must be established. The ICT third-party relationship,,,,,,,,,,,,,,
Third Party ICT Risk Management Guideline_v2.0,,,,,,,,,,,,,,,,
Third Party ICT Risk Management Guideline_v2.0,,management must address Information Security requirements and ensure,,,,,,,,,,,,,,
Third Party ICT Risk Management Guideline_v2.0,,protection of information assets of the legal entity.,,,,,,,,,,,,,,
Third Party ICT Risk Management Guideline_v2.0,DOR.ICT.TPR.GEN.002,,,,,,,,,,,,,,,
Third Party ICT Risk Management Guideline_v2.0,,"Asset-Types: Information, Business Process, Supplier",,,,,,,,,,,,,,
Third Party ICT Risk Management Guideline_v2.0,,Key References: DORA RTS RMF A.11.2k.iv),,,,,,,,,,,,,,
Third Party ICT Risk Management Guideline_v2.0,1.2,ICT third-party relationship management must be integrated in the overall,,,,,,,,,,,,,,
Third Party ICT Risk Management Guideline_v2.0,,security measures and reflected in the risk assessment process; relevant ICT,,,,,,,,,,,,,,
Third Party ICT Risk Management Guideline_v2.0,DOR.ICT.TPR.GEN.003,,,,,,,,,,,,,,,
Third Party ICT Risk Management Guideline_v2.0,,Risk Assessment and ICT Risk Management requirements are to be found in,,,,,,,,,,,,,,
Third Party ICT Risk Management Guideline_v2.0,,,,,,,,,,,,,,,,
Third Party ICT Risk Management Guideline_v2.0,,the ICT Risk Management Guideline.,,,,,,,,,,,,,,
Third Party ICT Risk Management Guideline_v2.0,,"Asset-Types: Information, Business Process, Supplier",,,,,,,,,,,,,,
Third Party ICT Risk Management Guideline_v2.0,,Key References: DORA 2022/2554 A.28.1a),,,,,,,,,,,,,,
Third Party ICT Risk Management Guideline_v2.0,1.3,The ICT third-party relationship management must consider:,,,,,,,,,,,,,,
Third Party ICT Risk Management Guideline_v2.0,DOR.ICT.TPR.GEN.004,- Categories of ICT third-parties according to critical or important,,,,,,,,,,,,,,
Third Party ICT Risk Management Guideline_v2.0,,"functions of the services/ products they provide to the legal entity,",,,,,,,,,,,,,,
Third Party ICT Risk Management Guideline_v2.0,,linked to the ICT Risk Management requirements,,,,,,,,,,,,,,
Third Party ICT Risk Management Guideline_v2.0,,- The inventory of the ICT third-party relationships in a register of all ICT,,,,,,,,,,,,,,
Third Party ICT Risk Management Guideline_v2.0,,Risk Management relevant ICT third-party relationships with the,,,,,,,,,,,,,,
Third Party ICT Risk Management Guideline_v2.0,,respective categories of services/ products as well as classification of,,,,,,,,,,,,,,
Third Party ICT Risk Management Guideline_v2.0,,the ICT third-party relationships. The register inventory should be,,,,,,,,,,,,,,
Third Party ICT Risk Management Guideline_v2.0,,aligned or merged with the register of information,,,,,,,,,,,,,,
Third Party ICT Risk Management Guideline_v2.0,,- The classification of criticality of information assets accessed by ICT,,,,,,,,,,,,,,
Third Party ICT Risk Management Guideline_v2.0,,third-party in the context of an ICT third-party relationship must be,,,,,,,,,,,,,,
Third Party ICT Risk Management Guideline_v2.0,,based on how information assets are accessed and handled (for more,,,,,,,,,,,,,,
Third Party ICT Risk Management Guideline_v2.0,,details – refer to the Third Party Risk Policy),,,,,,,,,,,,,,
Third Party ICT Risk Management Guideline_v2.0,,"Asset-Types: Information, Business Process, Supplier",,,,,,,,,,,,,,
Third Party ICT Risk Management Guideline_v2.0,,Key References: DORA 2022/2554 A.8.5,,,,,,,,,,,,,,
Third Party ICT Risk Management Guideline_v2.0,1.4,All processes with ICT third-party linkage including dependencies to critical,,,,,,,,,,,,,,
Third Party ICT Risk Management Guideline_v2.0,,and important functions must be identified and documented.,,,,,,,,,,,,,,
Third Party ICT Risk Management Guideline_v2.0,DOR.ICT.TPR.GEN.005,,,,,,,,,,,,,,,
Third Party ICT Risk Management Guideline_v2.0,,"Asset-Types: Information, Business Process, Supplier",,,,,,,,,,,,,,
Third Party ICT Risk Management Guideline_v2.0,,Key References: ISO 27001:2022 Cor 202203 A.5.19,,,,,,,,,,,,,,
Third Party ICT Risk Management Guideline_v2.0,1.5,Information Security requirements must be contractually agreed with each,,,,,,,,,,,,,,
Third Party ICT Risk Management Guideline_v2.0,,ICT third-party based on the type of ICT third-party relationship.,,,,,,,,,,,,,,
Third Party ICT Risk Management Guideline_v2.0,DOR.ICT.TPR.GEN.006,,,,,,,,,,,,,,,
Third Party ICT Risk Management Guideline_v2.0,,"Asset-Types: Information, Business Process, Supplier",,,,,,,,,,,,,,
Third Party ICT Risk Management Guideline_v2.0,,Key References: ISO 27001:2022 Cor 202203 A.5.19,,,,,,,,,,,,,,
Third Party ICT Risk Management Guideline_v2.0,ID: 2,,,,,,,,,,,,,,,
Third Party ICT Risk Management Guideline_v2.0,,ICT third-party agreements,,,,,,,,,,,,,,
Third Party ICT Risk Management Guideline_v2.0,(version 2.0),,,,,,,,,,,,,,,
Third Party ICT Risk Management Guideline_v2.0,,,,,,,,,,,,,,,,
Third Party ICT Risk Management Guideline_v2.0,2,ICT third-party agreements must be documented and in place.,,,,,,,,,,,,,,
Third Party ICT Risk Management Guideline_v2.0,DOR.ICT.TPR.TPA.001,,,,,,,,,,,,,,,
Third Party ICT Risk Management Guideline_v2.0,2.1,Contracts with ICT third-parties in scope with access to information assets of,,,,,,,,,,,,,,
Third Party ICT Risk Management Guideline_v2.0,,the legal entity must contain effective and enforceable control requirements for,,,,,,,,,,,,,,
Third Party ICT Risk Management Guideline_v2.0,,,,,,,,,,,,,,,,
Third Party ICT Risk Management Guideline_v2.0,,"Information Security, based on ICT Risk Framework (for more details – refer",,,,,,,,,,,,,,
Third Party ICT Risk Management Guideline_v2.0,,to the ICT Risk Management Guideline) – based on Information Security,,,,,,,,,,,,,,
Third Party ICT Risk Management Guideline_v2.0,DOR.ICT.TPR.TPA.002,,,,,,,,,,,,,,,
Third Party ICT Risk Management Guideline_v2.0,,Classification of ICT third-parties.,,,,,,,,,,,,,,
Third Party ICT Risk Management Guideline_v2.0,,,,,,,,,,,,,,,,
Third Party ICT Risk Management Guideline_v2.0,,"Asset-Types: Information, Business Process, Supplier",,,,,,,,,,,,,,
Third Party ICT Risk Management Guideline_v2.0,,Key References: ISO 27001:2022 Cor 202203 A.5.20,,,,,,,,,,,,,,
Third Party ICT Risk Management Guideline_v2.0,2.2,Relevant contacts must be defined by both the ICT third-party and the legal,,,,,,,,,,,,,,
Third Party ICT Risk Management Guideline_v2.0,,"entity, including a contact person for information security issues. For KRITIS-",,,,,,,,,,,,,,
Third Party ICT Risk Management Guideline_v2.0,DOR.ICT.TPR.TPA.003,,,,,,,,,,,,,,,
Third Party ICT Risk Management Guideline_v2.0,,relevant assets the service provider must provide a 24x7 security contact for,,,,,,,,,,,,,,
Third Party ICT Risk Management Guideline_v2.0,,,,,,,,,,,,,,,,
Third Party ICT Risk Management Guideline_v2.0,,ICT-related Incidents.,,,,,,,,,,,,,,
Third Party ICT Risk Management Guideline_v2.0,,"Asset-Types: Information, Business Process, Supplier",,,,,,,,,,,,,,
Third Party ICT Risk Management Guideline_v2.0,,Key References: ISO 27001:2022 Cor 202203 A.5.20,,,,,,,,,,,,,,
Third Party ICT Risk Management Guideline_v2.0,2.3,Contracts with ICT third-parties must be regularly reviewed (at least once a,,,,,,,,,,,,,,
Third Party ICT Risk Management Guideline_v2.0,,"year), and reviewed if one of the following cases occurs and updated, if",,,,,,,,,,,,,,
Third Party ICT Risk Management Guideline_v2.0,DOR.ICT.TPR.TPA.004,,,,,,,,,,,,,,,
Third Party ICT Risk Management Guideline_v2.0,,required:,,,,,,,,,,,,,,
Third Party ICT Risk Management Guideline_v2.0,,,,,,,,,,,,,,,,
Third Party ICT Risk Management Guideline_v2.0,,- In case of significant change of the ICT third-party relationship and/or,,,,,,,,,,,,,,
Third Party ICT Risk Management Guideline_v2.0,,ICT third-party organization and/or ICT third-party service,,,,,,,,,,,,,,
Third Party ICT Risk Management Guideline_v2.0,,- In case of significant change of ICT Risk Management Framework if,,,,,,,,,,,,,,
Third Party ICT Risk Management Guideline_v2.0,,required,,,,,,,,,,,,,,
Third Party ICT Risk Management Guideline_v2.0,,"- In case of special request of relevant stakeholders (e.g. regulators,",,,,,,,,,,,,,,
Third Party ICT Risk Management Guideline_v2.0,,auditors),,,,,,,,,,,,,,
Third Party ICT Risk Management Guideline_v2.0,,"Asset-Types: Information, Business Process, Supplier",,,,,,,,,,,,,,
Third Party ICT Risk Management Guideline_v2.0,,Key References: ISO 27001:2022 Cor 202203 A.5.20,,,,,,,,,,,,,,
Third Party ICT Risk Management Guideline_v2.0,2.4,"If no update to agreements based on the review is needed, a confirmation",,,,,,,,,,,,,,
Third Party ICT Risk Management Guideline_v2.0,,must be documented.,,,,,,,,,,,,,,
Third Party ICT Risk Management Guideline_v2.0,DOR.ICT.TPR.TPA.005,,,,,,,,,,,,,,,
Third Party ICT Risk Management Guideline_v2.0,,"Asset-Types: Information, Business Process, Supplier",,,,,,,,,,,,,,
Third Party ICT Risk Management Guideline_v2.0,,Key References: ISO 27001:2022 Cor 202203 A.5.20,,,,,,,,,,,,,,
Third Party ICT Risk Management Guideline_v2.0,2.5,The Information Security requirements must be contractually agreed with the,,,,,,,,,,,,,,
Third Party ICT Risk Management Guideline_v2.0,,"ICT third-party and documented, particularly including:",,,,,,,,,,,,,,
Third Party ICT Risk Management Guideline_v2.0,DOR.ICT.TPR.TPA.006,,,,,,,,,,,,,,,
Third Party ICT Risk Management Guideline_v2.0,,"- Security mechanisms, service levels descriptions (including updates",,,,,,,,,,,,,,
Third Party ICT Risk Management Guideline_v2.0,,and revisions thereof) and management requirements for all outsourced,,,,,,,,,,,,,,
Third Party ICT Risk Management Guideline_v2.0,,services,,,,,,,,,,,,,,
Third Party ICT Risk Management Guideline_v2.0,,- Description of the information to be provided or accessed and methods,,,,,,,,,,,,,,
Third Party ICT Risk Management Guideline_v2.0,,of providing or accessing the information,,,,,,,,,,,,,,
Third Party ICT Risk Management Guideline_v2.0,,- Mapping between the legal entity’s information classification scheme,,,,,,,,,,,,,,
Third Party ICT Risk Management Guideline_v2.0,,and the information classification scheme of the ICT third-party,,,,,,,,,,,,,,
Third Party ICT Risk Management Guideline_v2.0,,"- Applicable legal, statutory, regulatory, and contractual requirements,",,,,,,,,,,,,,,
Third Party ICT Risk Management Guideline_v2.0,,including a description of how it will be ensured that they are met,,,,,,,,,,,,,,
Third Party ICT Risk Management Guideline_v2.0,ID: 3,,,,,,,,,,,,,,,
Third Party ICT Risk Management Guideline_v2.0,,ICT third-party supply chain,,,,,,,,,,,,,,
Third Party ICT Risk Management Guideline_v2.0,(version 2.0),,,,,,,,,,,,,,,
Third Party ICT Risk Management Guideline_v2.0,,,,,,,,,,,,,,,,
Third Party ICT Risk Management Guideline_v2.0,3,The ICT third-party supply chain must be protected.,,,,,,,,,,,,,,
Third Party ICT Risk Management Guideline_v2.0,DOR.ICT.TPR.SPC.001,,,,,,,,,,,,,,,
Third Party ICT Risk Management Guideline_v2.0,3.1,Information Security requirements and appropriate security practices must be,,,,,,,,,,,,,,
Third Party ICT Risk Management Guideline_v2.0,,defined for ICT product or service acquisition that are binding for the entire,,,,,,,,,,,,,,
Third Party ICT Risk Management Guideline_v2.0,,,,,,,,,,,,,,,,
Third Party ICT Risk Management Guideline_v2.0,,supply chain.,,,,,,,,,,,,,,
Third Party ICT Risk Management Guideline_v2.0,DOR.ICT.TPR.SPC.002,"Asset-Types: Business Process, Supplier",,,,,,,,,,,,,,
Third Party ICT Risk Management Guideline_v2.0,,Key References: ISO 27001:2022 Cor 202203 A.5.21,,,,,,,,,,,,,,
Third Party ICT Risk Management Guideline_v2.0,3.2,Assurance must be obtained that delivered ICT products achieve the required,,,,,,,,,,,,,,
Third Party ICT Risk Management Guideline_v2.0,,security levels and are functioning as expected.,,,,,,,,,,,,,,
Third Party ICT Risk Management Guideline_v2.0,DOR.ICT.TPR.SPC.003,,,,,,,,,,,,,,,
Third Party ICT Risk Management Guideline_v2.0,,"Asset-Types: Business Process, Supplier",,,,,,,,,,,,,,
Third Party ICT Risk Management Guideline_v2.0,,Key References: ISO 27001:2022 Cor 202203 A.5.21,,,,,,,,,,,,,,
Third Party ICT Risk Management Guideline_v2.0,ID: 4,,,,,,,,,,,,,,,
Third Party ICT Risk Management Guideline_v2.0,,"Monitoring, review and change management of ICT third-party services",,,,,,,,,,,,,,
Third Party ICT Risk Management Guideline_v2.0,(version 2.0),,,,,,,,,,,,,,,
Third Party ICT Risk Management Guideline_v2.0,,,,,,,,,,,,,,,,
Third Party ICT Risk Management Guideline_v2.0,4,"Monitoring, review and change management procedures for ICT third-",,,,,,,,,,,,,,
Third Party ICT Risk Management Guideline_v2.0,,party services must be documented and in place.,,,,,,,,,,,,,,
Third Party ICT Risk Management Guideline_v2.0,DOR.ICT.TPR.MRC.001,,,,,,,,,,,,,,,
Third Party ICT Risk Management Guideline_v2.0,4.1,ICT third-parties and their provided services must be monitored with agreed,,,,,,,,,,,,,,
Third Party ICT Risk Management Guideline_v2.0,,instruments implemented within the entire ICT third-party lifecycle,,,,,,,,,,,,,,
Third Party ICT Risk Management Guideline_v2.0,DOR.ICT.TPR.MRC.002,,,,,,,,,,,,,,,
Third Party ICT Risk Management Guideline_v2.0,,management process.,,,,,,,,,,,,,,
Third Party ICT Risk Management Guideline_v2.0,,,,,,,,,,,,,,,,
Third Party ICT Risk Management Guideline_v2.0,,"Asset-Types: Information, Business Process, Supplier",,,,,,,,,,,,,,
Third Party ICT Risk Management Guideline_v2.0,,Key References: DORA 2022/2554 A.28.6,,,,,,,,,,,,,,
Third Party ICT Risk Management Guideline_v2.0,4.2,It must be ensured that ICT third-parties and services are reviewed according,,,,,,,,,,,,,,
Third Party ICT Risk Management Guideline_v2.0,,to their criticality based on the information security classification of ICT third-,,,,,,,,,,,,,,
Third Party ICT Risk Management Guideline_v2.0,DOR.ICT.TPR.MRC.003,,,,,,,,,,,,,,,
Third Party ICT Risk Management Guideline_v2.0,,parties.,,,,,,,,,,,,,,
Third Party ICT Risk Management Guideline_v2.0,,,,,,,,,,,,,,,,
Third Party ICT Risk Management Guideline_v2.0,,"Asset-Types: Information, Business Process, Supplier",,,,,,,,,,,,,,
Third Party ICT Risk Management Guideline_v2.0,,Key References: DORA 2022/2554 A.28.6,,,,,,,,,,,,,,
Third Party ICT Risk Management Guideline_v2.0,4.3,ICT third-party service delivery regarding the contractually agreed information,,,,,,,,,,,,,,
Third Party ICT Risk Management Guideline_v2.0,,security requirements must be reviewed and documented at least every 12,,,,,,,,,,,,,,
Third Party ICT Risk Management Guideline_v2.0,DOR.ICT.TPR.MRC.004,,,,,,,,,,,,,,,
Third Party ICT Risk Management Guideline_v2.0,,months and in if the following events occur:,,,,,,,,,,,,,,
Third Party ICT Risk Management Guideline_v2.0,,,,,,,,,,,,,,,,
Third Party ICT Risk Management Guideline_v2.0,,- In case of significant change of the ICT third-party relationship and/or,,,,,,,,,,,,,,
Third Party ICT Risk Management Guideline_v2.0,,ICT third-party organization and/or ICT third-party service,,,,,,,,,,,,,,
Third Party ICT Risk Management Guideline_v2.0,,- In case of significant change of ICT Risk Framework if required,,,,,,,,,,,,,,
Third Party ICT Risk Management Guideline_v2.0,,"- In case of special request of relevant stakeholders (e.g. regulators,",,,,,,,,,,,,,,
Third Party ICT Risk Management Guideline_v2.0,,auditors),,,,,,,,,,,,,,
Third Party ICT Risk Management Guideline_v2.0,,- In case of major ICT-related Incident (for more details – refer to the ICT,,,,,,,,,,,,,,
Third Party ICT Risk Management Guideline_v2.0,,Incident & Operational Event Management Guideline),,,,,,,,,,,,,,
Third Party ICT Risk Management Guideline_v2.0,,"Asset-Types: Information, Business Process, Supplier",,,,,,,,,,,,,,
Third Party ICT Risk Management Guideline_v2.0,,Key References: DORA 2022/2554 A.28.6,,,,,,,,,,,,,,
Third Party ICT Risk Management Guideline_v2.0,4.4,Responsibility for managing ICT third-party relationships must be assigned to,,,,,,,,,,,,,,
Third Party ICT Risk Management Guideline_v2.0,,a dedicated individual or team with sufficient professional and technical skills,,,,,,,,,,,,,,
Third Party ICT Risk Management Guideline_v2.0,DOR.ICT.TPR.MRC.005,,,,,,,,,,,,,,,
Third Party ICT Risk Management Guideline_v2.0,,"and resources to monitor that the requirements, in particular the information",,,,,,,,,,,,,,
Third Party ICT Risk Management Guideline_v2.0,,,,,,,,,,,,,,,,
Third Party ICT Risk Management Guideline_v2.0,,"security requirements, are being met.",,,,,,,,,,,,,,
Third Party ICT Risk Management Guideline_v2.0,ID: 5,,,,,,,,,,,,,,,
Third Party ICT Risk Management Guideline_v2.0,,ICT third-party screening,,,,,,,,,,,,,,
Third Party ICT Risk Management Guideline_v2.0,(version 2.0),,,,,,,,,,,,,,,
Third Party ICT Risk Management Guideline_v2.0,,,,,,,,,,,,,,,,
Third Party ICT Risk Management Guideline_v2.0,5,Screening of ICT third-parties must be documented and in place.,,,,,,,,,,,,,,
Third Party ICT Risk Management Guideline_v2.0,DOR.ICT.TPR.SCR.001,,,,,,,,,,,,,,,
Third Party ICT Risk Management Guideline_v2.0,5.1,Contractual arrangements between the legal entity and the ICT third-party,,,,,,,,,,,,,,
Third Party ICT Risk Management Guideline_v2.0,,must specify the responsibilities of the ICT third-party for conducting,,,,,,,,,,,,,,
Third Party ICT Risk Management Guideline_v2.0,DOR.ICT.TPR.SCR.002,,,,,,,,,,,,,,,
Third Party ICT Risk Management Guideline_v2.0,,background checks for all employees who have access to the legal entity's,,,,,,,,,,,,,,
Third Party ICT Risk Management Guideline_v2.0,,,,,,,,,,,,,,,,
Third Party ICT Risk Management Guideline_v2.0,,data and ICT Systems.,,,,,,,,,,,,,,
Third Party ICT Risk Management Guideline_v2.0,,"Asset-Types: Information, Business Process, Supplier",,,,,,,,,,,,,,
Third Party ICT Risk Management Guideline_v2.0,,Key References: ISO 27001:2022 Cor 202203 A.6.1,,,,,,,,,,,,,,
Third Party ICT Risk Management Guideline_v2.0,5.2,It must be documented in writing that a background check has been,,,,,,,,,,,,,,
Third Party ICT Risk Management Guideline_v2.0,,performed for the employees assigned by the ICT third-party (incl. sub-ICT,,,,,,,,,,,,,,
Third Party ICT Risk Management Guideline_v2.0,DOR.ICT.TPR.SCR.003,,,,,,,,,,,,,,,
Third Party ICT Risk Management Guideline_v2.0,,third-parties) prior to the start of their work for the legal entity.,,,,,,,,,,,,,,
Third Party ICT Risk Management Guideline_v2.0,,,,,,,,,,,,,,,,
Third Party ICT Risk Management Guideline_v2.0,,"Asset-Types: Information, Business Process, Supplier",,,,,,,,,,,,,,
Third Party ICT Risk Management Guideline_v2.0,,Key References: ISO 27001:2022 Cor 202203 A.6.1,,,,,,,,,,,,,,
Third Party ICT Risk Management Guideline_v2.0,5.3,Information Security responsibilities of the legal entity must be communicated,,,,,,,,,,,,,,
Third Party ICT Risk Management Guideline_v2.0,,to all ICT third-parties prior to the commencement of their respective contract.,,,,,,,,,,,,,,
Third Party ICT Risk Management Guideline_v2.0,DOR.ICT.TPR.SCR.004,,,,,,,,,,,,,,,
Third Party ICT Risk Management Guideline_v2.0,,"Asset-Types: Information, Business Process, Supplier",,,,,,,,,,,,,,
Third Party ICT Risk Management Guideline_v2.0,,Key References: ISO 27001:2022 Cor 202203 A.6.2,,,,,,,,,,,,,,
Third Party ICT Risk Management Guideline_v2.0,ID: 6,,,,,,,,,,,,,,,
Third Party ICT Risk Management Guideline_v2.0,,"Information security awareness, education, and training of ICT third-parties",,,,,,,,,,,,,,
Third Party ICT Risk Management Guideline_v2.0,(version 2.0),,,,,,,,,,,,,,,
Third Party ICT Risk Management Guideline_v2.0,,,,,,,,,,,,,,,,
Third Party ICT Risk Management Guideline_v2.0,6,"Information security awareness, education and trainings for ICT third-",,,,,,,,,,,,,,
Third Party ICT Risk Management Guideline_v2.0,,parties must be documented and in place.,,,,,,,,,,,,,,
Third Party ICT Risk Management Guideline_v2.0,DOR.ICT.TPR.ISA.001,,,,,,,,,,,,,,,
Third Party ICT Risk Management Guideline_v2.0,6.1,It must be contractually agreed that the ICT third-party must only assign,,,,,,,,,,,,,,
Third Party ICT Risk Management Guideline_v2.0,,professionally qualified employee to the legal entity.,,,,,,,,,,,,,,
Third Party ICT Risk Management Guideline_v2.0,DOR.ICT.TPR.ISA.002,,,,,,,,,,,,,,,
Third Party ICT Risk Management Guideline_v2.0,,"Asset-Types: Information, Business Process, Supplier",,,,,,,,,,,,,,
Third Party ICT Risk Management Guideline_v2.0,,Key References: ISO 27001:2022 Cor 202203 A.6.3,,,,,,,,,,,,,,
Third Party ICT Risk Management Guideline_v2.0,6.2,It must be documented in writing that the employees assigned by the ICT third-,,,,,,,,,,,,,,
Third Party ICT Risk Management Guideline_v2.0,,party have appropriate qualifications before starting their work for the legal,,,,,,,,,,,,,,
Third Party ICT Risk Management Guideline_v2.0,DOR.ICT.TPR.ISA.003,,,,,,,,,,,,,,,
Third Party ICT Risk Management Guideline_v2.0,,entity.,,,,,,,,,,,,,,
Third Party ICT Risk Management Guideline_v2.0,,,,,,,,,,,,,,,,
Third Party ICT Risk Management Guideline_v2.0,,"Asset-Types: Information, Business Process, Supplier",,,,,,,,,,,,,,
Third Party ICT Risk Management Guideline_v2.0,,Key References: ISO 27001:2022 Cor 202203 A.6.3,,,,,,,,,,,,,,
Third Party ICT Risk Management Guideline_v2.0,6.3,It must be contractually agreed that the ICT third-party must train its assigned,,,,,,,,,,,,,,
Third Party ICT Risk Management Guideline_v2.0,,employees regularly in relation to the requirements of Information Security and,,,,,,,,,,,,,,
Third Party ICT Risk Management Guideline_v2.0,DOR.ICT.TPR.ISA.004,,,,,,,,,,,,,,,
Third Party ICT Risk Management Guideline_v2.0,,must inform them about special Information Security requirements of the legal,,,,,,,,,,,,,,
Third Party ICT Risk Management Guideline_v2.0,,,,,,,,,,,,,,,,
Third Party ICT Risk Management Guideline_v2.0,,entity prior to employment. The communicated information security controls to,,,,,,,,,,,,,,
Third Party ICT Risk Management Guideline_v2.0,,the respective employees must be at least those contractually agreed upon.,,,,,,,,,,,,,,
Third Party ICT Risk Management Guideline_v2.0,,"Asset-Types: Information, Business Process, Supplier",,,,,,,,,,,,,,
Third Party ICT Risk Management Guideline_v2.0,,Key References: ISO 27001:2022 Cor 202203 A.6.3,,,,,,,,,,,,,,
Third Party ICT Risk Management Guideline_v2.0,6.4,It must be contractually agreed that the ICT third-party participates in the legal,,,,,,,,,,,,,,
Third Party ICT Risk Management Guideline_v2.0,,entity’s ICT security awareness programs and digital operational resilience,,,,,,,,,,,,,,
Third Party ICT Risk Management Guideline_v2.0,DOR.ICT.TPR.ISA.005,training.,,,,,,,,,,,,,,
Third Party ICT Risk Management Guideline_v2.0,,,,,,,,,,,,,,,,
Third Party ICT Risk Management Guideline_v2.0,,"Asset-Types: Information, Business Process, Supplier",,,,,,,,,,,,,,
Third Party ICT Risk Management Guideline_v2.0,,Key References: DORA 2022/2554 A.30.2i),,,,,,,,,,,,,,
Third Party ICT Risk Management Guideline_v2.0,ID: 7,,,,,,,,,,,,,,,
Third Party ICT Risk Management Guideline_v2.0,,Offboarding or change of Third-Party,,,,,,,,,,,,,,
Third Party ICT Risk Management Guideline_v2.0,(version 2.0),,,,,,,,,,,,,,,
Third Party ICT Risk Management Guideline_v2.0,,,,,,,,,,,,,,,,
Third Party ICT Risk Management Guideline_v2.0,7,A secure procedure for offboarding of third-party or change of third-,,,,,,,,,,,,,,
Third Party ICT Risk Management Guideline_v2.0,,party must be documented and in place.,,,,,,,,,,,,,,
Third Party ICT Risk Management Guideline_v2.0,DOR.ICT.TPR.OFF.001,,,,,,,,,,,,,,,
Third Party ICT Risk Management Guideline_v2.0,7.1,It must be contractually agreed upon the possibility of terminating the,,,,,,,,,,,,,,
Third Party ICT Risk Management Guideline_v2.0,,arrangement in the following cases:,,,,,,,,,,,,,,
Third Party ICT Risk Management Guideline_v2.0,DOR.ICT.TPR.OFF.002,,,,,,,,,,,,,,,
Third Party ICT Risk Management Guideline_v2.0,,"Asset-Types: Information, Business Process, Supplier",,,,,,,,,,,,,,
Third Party ICT Risk Management Guideline_v2.0,,"Key References: DORA 2022/2554 A.28.7a), A.30.2d)",,,,,,,,,,,,,,
Third Party ICT Risk Management Guideline_v2.0,7.1.1,"Substantial violation of relevant laws, rules, or contractual provisions by the",,,,,,,,,,,,,,
Third Party ICT Risk Management Guideline_v2.0,,ICT third-party.,,,,,,,,,,,,,,
Third Party ICT Risk Management Guideline_v2.0,DOR.ICT.TPR.OFF.003,,,,,,,,,,,,,,,
Third Party ICT Risk Management Guideline_v2.0,,"Asset-Types: Information, Business Process, Supplier",,,,,,,,,,,,,,
Third Party ICT Risk Management Guideline_v2.0,,"Key References: DORA 2022/2554 A.28.7a), A.30.2d)",,,,,,,,,,,,,,
Third Party ICT Risk Management Guideline_v2.0,7.1.2,Events found during the monitoring of ICT third-party risk that have the,,,,,,,,,,,,,,
Third Party ICT Risk Management Guideline_v2.0,,potential to change how the functions provided by the contractual,,,,,,,,,,,,,,
Third Party ICT Risk Management Guideline_v2.0,,,,,,,,,,,,,,,,
Third Party ICT Risk Management Guideline_v2.0,ID: 8,,,,,,,,,,,,,,,
Third Party ICT Risk Management Guideline_v2.0,,Confidentiality or non-disclosure agreements,,,,,,,,,,,,,,
Third Party ICT Risk Management Guideline_v2.0,(version 2.0),,,,,,,,,,,,,,,
Third Party ICT Risk Management Guideline_v2.0,,,,,,,,,,,,,,,,
Third Party ICT Risk Management Guideline_v2.0,8,Confidentiality or non-disclosure agreements must be documented and,,,,,,,,,,,,,,
Third Party ICT Risk Management Guideline_v2.0,,in place.,,,,,,,,,,,,,,
Third Party ICT Risk Management Guideline_v2.0,DOR.ICT.TPR.NDA.001,,,,,,,,,,,,,,,
Third Party ICT Risk Management Guideline_v2.0,8.1,"All information, based on its confidentiality, which are exchanged with a ICT",,,,,,,,,,,,,,
Third Party ICT Risk Management Guideline_v2.0,,third-party within the legal entity’s internal network and leaving the legal,,,,,,,,,,,,,,
Third Party ICT Risk Management Guideline_v2.0,DOR.ICT.TPR.NDA.002,,,,,,,,,,,,,,,
Third Party ICT Risk Management Guideline_v2.0,,"entity’s internal network must be protected in transit, either physically or",,,,,,,,,,,,,,
Third Party ICT Risk Management Guideline_v2.0,,,,,,,,,,,,,,,,
Third Party ICT Risk Management Guideline_v2.0,,"logically, by both the ICT third-party and the legal entity using legal entity",,,,,,,,,,,,,,
Third Party ICT Risk Management Guideline_v2.0,,approved Cryptographic Measures; for more details – refer to the Encryption,,,,,,,,,,,,,,
Third Party ICT Risk Management Guideline_v2.0,,and Key Management Guideline.,,,,,,,,,,,,,,
Third Party ICT Risk Management Guideline_v2.0,,"Asset-Types: Information, Business Process, Certificate, Storage Media, Network",,,,,,,,,,,,,,
Third Party ICT Risk Management Guideline_v2.0,,"Connection, Supplier",,,,,,,,,,,,,,
Third Party ICT Risk Management Guideline_v2.0,,Key References: ISO 27001:2022 Cor 202203 A.6.6,,,,,,,,,,,,,,
Third Party ICT Risk Management Guideline_v2.0,8.2,It must be ensured that the ICT third-party complies with the requirements for,,,,,,,,,,,,,,
Third Party ICT Risk Management Guideline_v2.0,,the secure exchange of information between the ICT third-party and the legal,,,,,,,,,,,,,,
Third Party ICT Risk Management Guideline_v2.0,DOR.ICT.TPR.NDA.003,,,,,,,,,,,,,,,
Third Party ICT Risk Management Guideline_v2.0,,"entity, both within the legal entity’s internal network and leaving the legal",,,,,,,,,,,,,,
Third Party ICT Risk Management Guideline_v2.0,,,,,,,,,,,,,,,,
Third Party ICT Risk Management Guideline_v2.0,ID: 9,Additional control requirements applicable for CSSF regulated legal,,,,,,,,,,,,,,
Third Party ICT Risk Management Guideline_v2.0,(version 2.0),entities,,,,,,,,,,,,,,
Third Party ICT Risk Management Guideline_v2.0,9,Additional control requirements for CCSF regulated legal entities must,,,,,,,,,,,,,,
Third Party ICT Risk Management Guideline_v2.0,,be documented and in place.,,,,,,,,,,,,,,
Third Party ICT Risk Management Guideline_v2.0,DOR.ICT.TPR.ADD.001,,,,,,,,,,,,,,,
Third Party ICT Risk Management Guideline_v2.0,9.1,When a CSSF regulated legal entity intends to outsource a critical or,,,,,,,,,,,,,,
Third Party ICT Risk Management Guideline_v2.0,,"important function, the competent authority must be notified at least three (3)",,,,,,,,,,,,,,
Third Party ICT Risk Management Guideline_v2.0,DOR.ICT.TPR.ADD.002,,,,,,,,,,,,,,,
Third Party ICT Risk Management Guideline_v2.0,,months before the planned outsourcing comes into effect. If the CSP and the,,,,,,,,,,,,,,
Third Party ICT Risk Management Guideline_v2.0,,,,,,,,,,,,,,,,
Third Party ICT Risk Management Guideline_v2.0,,"resource operation are authorized according to CSSF, the competent",,,,,,,,,,,,,,
Third Party ICT Risk Management Guideline_v2.0,,authority must be notified at least one (1) month before.,,,,,,,,,,,,,,
Third Party ICT Risk Management Guideline_v2.0,,"Asset-Types: Information, Business Process, Supplier",,,,,,,,,,,,,,
Third Party ICT Risk Management Guideline_v2.0,,Key References: ISO 27001:2022 Cor 202203 A.5.5,,,,,,,,,,,,,,
Third Party ICT Risk Management Guideline_v2.0,9.2,The competent authority must be notified in case of changes to the,,,,,,,,,,,,,,
Third Party ICT Risk Management Guideline_v2.0,,outsourcing of critical or important functions as well as when terminating,,,,,,,,,,,,,,
Third Party ICT Risk Management Guideline_v2.0,DOR.ICT.TPR.ADD.003,,,,,,,,,,,,,,,
Third Party ICT Risk Management Guideline_v2.0,,outsourcing of critical or important functions.,,,,,,,,,,,,,,
Third Party ICT Risk Management Guideline_v2.0,,,,,,,,,,,,,,,,
Third Party ICT Risk Management Guideline_v2.0,,"Asset-Types: Information, Business Process, Supplier",,,,,,,,,,,,,,
Third Party ICT Risk Management Guideline_v2.0,,Key References: ISO 27001:2022 Cor 202203 A.5.5,,,,,,,,,,,,,,
Third Party ICT Risk Management Guideline_v2.0,9.3,Any notification to the competent authority must be submitted by using the,,,,,,,,,,,,,,
Third Party ICT Risk Management Guideline_v2.0,,forms available on the CSSF website.,,,,,,,,,,,,,,
Third Party ICT Risk Management Guideline_v2.0,DOR.ICT.TPR.ADD.004,,,,,,,,,,,,,,,
Third Party ICT Risk Management Guideline_v2.0,,"Asset-Types: Information, Business Process, Supplier",,,,,,,,,,,,,,
Third Party ICT Risk Management Guideline_v2.0,,Key References: ISO 27001:2022 Cor 202203 A.5.5,,,,,,,,,,,,,,
Third Party ICT Risk Management Guideline_v2.0,9.4,"Before entering into any outsourcing arrangement, legal entities must",,,,,,,,,,,,,,
Third Party ICT Risk Management Guideline_v2.0,,undertake appropriate due diligence on the prospective ICT third-party.,,,,,,,,,,,,,,
Third Party ICT Risk Management Guideline_v2.0,DOR.ICT.TPR.ADD.005,,,,,,,,,,,,,,,
Third Party ICT Risk Management Guideline_v2.0,,"Asset-Types: Information, Business Process, Supplier",,,,,,,,,,,,,,
Third Party ICT Risk Management Guideline_v2.0,,Key References: ISO 27001:2022 Cor 202203 A.5.5,,,,,,,,,,,,,,
Third Party ICT Risk Management Guideline_v2.0,ID: 10 (version 2.0),Third Party ICT Risk Management for Cloud Service Providers,,,,,,,,,,,,,,
Third Party ICT Risk Management Guideline_v2.0,10,Additional control requirements for Cloud Service Providers must be,,,,,,,,,,,,,,
Third Party ICT Risk Management Guideline_v2.0,,documented and in place.,,,,,,,,,,,,,,
Third Party ICT Risk Management Guideline_v2.0,DOR.ICT.TPR.CSP.001,,,,,,,,,,,,,,,
Third Party ICT Risk Management Guideline_v2.0,10.1,The legal entity must maintain an inventory for controlling and monitoring the,,,,,,,,,,,,,,
Third Party ICT Risk Management Guideline_v2.0,,service providers and ICT third-parties who contribute services to the delivery,,,,,,,,,,,,,,
Third Party ICT Risk Management Guideline_v2.0,DOR.ICT.TPR.CSP.002,,,,,,,,,,,,,,,
Third Party ICT Risk Management Guideline_v2.0,,of the cloud service. The following information must be maintained in the,,,,,,,,,,,,,,
Third Party ICT Risk Management Guideline_v2.0,,,,,,,,,,,,,,,,
Third Party ICT Risk Management Guideline_v2.0,,inventory:,,,,,,,,,,,,,,
Third Party ICT Risk Management Guideline_v2.0,,- Company name,,,,,,,,,,,,,,
Third Party ICT Risk Management Guideline_v2.0,,- Address,,,,,,,,,,,,,,
Third Party ICT Risk Management Guideline_v2.0,,- Locations of data processing and storage,,,,,,,,,,,,,,
Third Party ICT Risk Management Guideline_v2.0,,- Responsible contact person at the CSP and roles and contact details of,,,,,,,,,,,,,,
Third Party ICT Risk Management Guideline_v2.0,,individuals responsible for supporting the cloud service within the,,,,,,,,,,,,,,
Third Party ICT Risk Management Guideline_v2.0,,organisation (e.g. business owners and individuals responsible for,,,,,,,,,,,,,,
Third Party ICT Risk Management Guideline_v2.0,,administering and securing the cloud service) and the CSP (e.g.,,,,,,,,,,,,,,
Third Party ICT Risk Management Guideline_v2.0,,commercial and technical advisors),,,,,,,,,,,,,,
Third Party ICT Risk Management Guideline_v2.0,,- Classification based on the risk assessment,,,,,,,,,,,,,,
Third Party ICT Risk Management Guideline_v2.0,,Additional cloud-related control requirements applicable for CSSF,,,,,,,,,,,,,,
Third Party ICT Risk Management Guideline_v2.0,ID: 11 (version 2.0),,,,,,,,,,,,,,,
Third Party ICT Risk Management Guideline_v2.0,,regulated legal entities,,,,,,,,,,,,,,
Third Party ICT Risk Management Guideline_v2.0,11,Additional control requirements for CSSF regulated legal entities must,,,,,,,,,,,,,,
Third Party ICT Risk Management Guideline_v2.0,,be documented and in place.,,,,,,,,,,,,,,
Third Party ICT Risk Management Guideline_v2.0,DOR.ICT.TPR.RLE.001,,,,,,,,,,,,,,,
Third Party ICT Risk Management Guideline_v2.0,11.1,Legal entities using cloud services must designate a qualified Cloud Officer.,,,,,,,,,,,,,,
Third Party ICT Risk Management Guideline_v2.0,DOR.ICT.TPR.RLE.002,"Asset-Types: Information, Business Process",,,,,,,,,,,,,,
Third Party ICT Risk Management Guideline_v2.0,,Key References: ISO 27001:2022 Cor 202203 A.5.5,,,,,,,,,,,,,,
Third Party ICT Risk Management Guideline_v2.0,11.2,Outsourced activities must be specified as material or non-material within the,,,,,,,,,,,,,,
Third Party ICT Risk Management Guideline_v2.0,,cloud computing infrastructure outsourcing register / inventory.,,,,,,,,,,,,,,
Third Party ICT Risk Management Guideline_v2.0,DOR.ICT.TPR.RLE.003,,,,,,,,,,,,,,,
Third Party ICT Risk Management Guideline_v2.0,,"Asset-Types: Information, Business Process",,,,,,,,,,,,,,
Third Party ICT Risk Management Guideline_v2.0,,Key References: ISO 27001:2022 Cor 202203 A.5.5,,,,,,,,,,,,,,
Third Party ICT Risk Management Guideline_v2.0,11.3,The cloud computing infrastructure outsourcing register / inventory must be,,,,,,,,,,,,,,
Third Party ICT Risk Management Guideline_v2.0,,transmitted to the competent authority upon request.,,,,,,,,,,,,,,
Third Party ICT Risk Management Guideline_v2.0,DOR.ICT.TPR.RLE.004,,,,,,,,,,,,,,,
Third Party ICT Risk Management Guideline_v2.0,,"Asset-Types: Information, Business Process",,,,,,,,,,,,,,
Third Party ICT Risk Management Guideline_v2.0,,Key References: ISO 27001:2022 Cor 202203 A.5.5,,,,,,,,,,,,,,
Third Party ICT Risk Management Guideline_v2.0,,Additional control requirements on Outsourcing to Cloud Service,,,,,,,,,,,,,,
Third Party ICT Risk Management Guideline_v2.0,ID: 12 (version 2.0),,,,,,,,,,,,,,,
Third Party ICT Risk Management Guideline_v2.0,,Providers.,,,,,,,,,,,,,,
Third Party ICT Risk Management Guideline_v2.0,12,Additional control requirements must be documented and in place for,,,,,,,,,,,,,,
Third Party ICT Risk Management Guideline_v2.0,,outsourcing to Cloud Service Providers.,,,,,,,,,,,,,,
Third Party ICT Risk Management Guideline_v2.0,DOR.ICT.TPR.OUT.001,,,,,,,,,,,,,,,
Third Party ICT Risk Management Guideline_v2.0,12.1,"It should be decided individually, which information from those layers that are",,,,,,,,,,,,,,
Third Party ICT Risk Management Guideline_v2.0,,the responsibility of the cloud provider should also be included in the CMDB,,,,,,,,,,,,,,
Third Party ICT Risk Management Guideline_v2.0,DOR.ICT.TPR.OUT.002,,,,,,,,,,,,,,,
Third Party ICT Risk Management Guideline_v2.0,,of the supervised entity.,,,,,,,,,,,,,,
Third Party ICT Risk Management Guideline_v2.0,,,,,,,,,,,,,,,,
Third Party ICT Risk Management Guideline_v2.0,,"Asset-Types: Information, Business Process, SaaS, Cloud Appliance, Cloud PaaS",,,,,,,,,,,,,,
Third Party ICT Risk Management Guideline_v2.0,,Key References: BaFin Aufsichtsmitteilung zu Auslagerungen an Cloud Anbieter V.1,,,,,,,,,,,,,,
Third Party ICT Risk Management Guideline_v2.0,12.2,The legal entity must put in place policies on the use of cloud services that,,,,,,,,,,,,,,
Third Party ICT Risk Management Guideline_v2.0,,span both overarching requirements applicable to all service providers and,,,,,,,,,,,,,,
Third Party ICT Risk Management Guideline_v2.0,DOR.ICT.TPR.OUT.003,,,,,,,,,,,,,,,
Third Party ICT Risk Management Guideline_v2.0,,associated services as well as provisions applicable to specific providers and,,,,,,,,,,,,,,
Third Party ICT Risk Management Guideline_v2.0,,,,,,,,,,,,,,,,
Third Party ICT Risk Management Guideline_v2.0,,services.,,,,,,,,,,,,,,
Third Party ICT Risk Management Guideline_v2.0,ID: 13 (version 2.0),ICT Third-Party Software Development,,,,,,,,,,,,,,
Third Party ICT Risk Management Guideline_v2.0,13,It must be ensured that measures are documented and in place for ICT,,,,,,,,,,,,,,
Third Party ICT Risk Management Guideline_v2.0,,Third-Party Software Development.,,,,,,,,,,,,,,
Third Party ICT Risk Management Guideline_v2.0,DOR.ICT.TPR.SWD.001,,,,,,,,,,,,,,,
Third Party ICT Risk Management Guideline_v2.0,13.1,Equivalent security measures must be applied to outsourced software,,,,,,,,,,,,,,
Third Party ICT Risk Management Guideline_v2.0,,development as to legal entity software development (for more details – refer,,,,,,,,,,,,,,
Third Party ICT Risk Management Guideline_v2.0,DOR.ICT.TPR.SWD.002,,,,,,,,,,,,,,,
Third Party ICT Risk Management Guideline_v2.0,,to the Software Development and ICT Change Management Guideline).,,,,,,,,,,,,,,
Third Party ICT Risk Management Guideline_v2.0,,,,,,,,,,,,,,,,
Third Party ICT Risk Management Guideline_v2.0,,"Asset-Types: Business Process, Supplier",,,,,,,,,,,,,,
Third Party ICT Risk Management Guideline_v2.0,,Key References: ISO 27001:2022 Cor 202203 A.8.30,,,,,,,,,,,,,,
Third Party ICT Risk Management Guideline_v2.0,13.2,Ensure that outsourced development must be adequately evaluated and,,,,,,,,,,,,,,
Third Party ICT Risk Management Guideline_v2.0,,handled.,,,,,,,,,,,,,,
Third Party ICT Risk Management Guideline_v2.0,DOR.ICT.TPR.SWD.003,,,,,,,,,,,,,,,
Third Party ICT Risk Management Guideline_v2.0,,,,,,,,,,,,,,,,
