docx_name,guideline_key,id,control_description,control_requirement
Data Center and Physical Protection Guideline_v.2.0,data center and physical protection,1,Data center security - Environmental requirements,Environmental safeguards must be considered for data center locations.
Data Center and Physical Protection Guideline_v.2.0,data center and physical protection,1.1,Data center security - Environmental requirements,Areas susceptible to flooding and floodplains must be avoided. (ENV01.01)
Data Center and Physical Protection Guideline_v.2.0,data center and physical protection,1.2,Data center security - Environmental requirements,Production and storage facilities or pipelines which are at risk of explosion must be avoided. (ENV02.01)
Data Center and Physical Protection Guideline_v.2.0,data center and physical protection,1.3,Data center security - Environmental requirements,Operating and storage facilities with harmful emissions or the release of pollutants must be avoided. (ENV03.01)
Data Center and Physical Protection Guideline_v.2.0,data center and physical protection,1.4,Data center security - Environmental requirements,Sources of electromagnetic interference must be avoided. (ENV04.01)
Data Center and Physical Protection Guideline_v.2.0,data center and physical protection,1.5,Data center security - Environmental requirements,Sources of vibration must be avoided. (ENV05.01)
Data Center and Physical Protection Guideline_v.2.0,data center and physical protection,1.6,Data center security - Environmental requirements,"Transport routes with an increased volume of hazardous materials must be avoided. (ENV06.01, ENV06.01I)"
Data Center and Physical Protection Guideline_v.2.0,data center and physical protection,1.7,Data center security - Environmental requirements,Properties in the neighborhood which are at risk of being attacked must be avoided. (ENV07.01)
Data Center and Physical Protection Guideline_v.2.0,data center and physical protection,1.8,Data center security - Environmental requirements,Locations in the vicinity of major events and access routes leading to them must be avoided. (ENV08.01)
Data Center and Physical Protection Guideline_v.2.0,data center and physical protection,1.9,Data center security - Environmental requirements,Locations must be protected against impairment by structures at risk of collapse. (ENV09.01)
Data Center and Physical Protection Guideline_v.2.0,data center and physical protection,1.10,Data center security - Environmental requirements,Locations must be outside avalanche areas. (ENV10.01)
Data Center and Physical Protection Guideline_v.2.0,data center and physical protection,1.11,Data center security - Environmental requirements,Wildfire hazards must be avoided (ENV11.01)
Data Center and Physical Protection Guideline_v.2.0,data center and physical protection,2,Data center security - Construction requirements,Data center locations must meet the following constructional criteria:
Data Center and Physical Protection Guideline_v.2.0,data center and physical protection,2.1,Data center security - Construction requirements,"Security areas must be in inconspicuous, unexposed position. (CON01.01)"
Data Center and Physical Protection Guideline_v.2.0,data center and physical protection,2.2,Data center security - Construction requirements,Building areas with potential hazards must be avoided. (CON01.02)
Data Center and Physical Protection Guideline_v.2.0,data center and physical protection,2.3,Data center security - Construction requirements,Contiguous security areas must exist. (CON01.03)
Data Center and Physical Protection Guideline_v.2.0,data center and physical protection,2.4,Data center security - Construction requirements,There must be a functional room layout with fire separation. (CON01.04)
Data Center and Physical Protection Guideline_v.2.0,data center and physical protection,2.5,Data center security - Construction requirements,"Area, height, structural properties, and transportation routes must be sufficiently dimensioned. (CON01.05)"
Data Center and Physical Protection Guideline_v.2.0,data center and physical protection,2.6,Data center security - Construction requirements,Areas of responsibility for the technical and IT personnel must be physically separated. (CON01.06)
Data Center and Physical Protection Guideline_v.2.0,data center and physical protection,2.7,Data center security - Construction requirements,Perimeter and front area must be secured. (CON01.08)
Data Center and Physical Protection Guideline_v.2.0,data center and physical protection,2.8,Data center security - Construction requirements,Parking opportunities must not exist along the external walls of IT rooms. (CON01.09)
Data Center and Physical Protection Guideline_v.2.0,data center and physical protection,2.9,Data center security - Construction requirements,Alternative access routes must be available. (CON01.10A)
Data Center and Physical Protection Guideline_v.2.0,data center and physical protection,2.10,Data center security - Construction requirements,Reserved areas must be provided if the concept of operation provides for the temporary use of technical installations. (CON01.11)
Data Center and Physical Protection Guideline_v.2.0,data center and physical protection,2.11,Data center security - Construction requirements,Renting parts of the data center to a third party must be limited. (CON02.01)
Data Center and Physical Protection Guideline_v.2.0,data center and physical protection,2.12,Data center security - Construction requirements,Data center buildings must have a lightning protection system. (CON03.01)
Data Center and Physical Protection Guideline_v.2.0,data center and physical protection,2.13,Data center security - Construction requirements,Data center buildings must have a protective type of construction. (CON04.01)
Data Center and Physical Protection Guideline_v.2.0,data center and physical protection,2.14,Data center security - Construction requirements,IT zones must have intrusion resistant security boundaries. (CON04.02)
Data Center and Physical Protection Guideline_v.2.0,data center and physical protection,2.15,Data center security - Construction requirements,Technical zones must be secured in accordance with EN 1627. (CON04.03)
Data Center and Physical Protection Guideline_v.2.0,data center and physical protection,2.16,Data center security - Construction requirements,Windows in the security area must be avoided. (CON04.04)
Data Center and Physical Protection Guideline_v.2.0,data center and physical protection,2.17,Data center security - Construction requirements,All access possibilities for individuals to IT and technical rooms must be secured. (CON04.05)
Data Center and Physical Protection Guideline_v.2.0,data center and physical protection,2.18,Data center security - Construction requirements,Transfer points of supply networks and outdoor installations must be protected. (CON04.06)
Data Center and Physical Protection Guideline_v.2.0,data center and physical protection,2.19,Data center security - Construction requirements,A protective zone shell model must be implemented. (CON04.07A)
Data Center and Physical Protection Guideline_v.2.0,data center and physical protection,2.20,Data center security - Construction requirements,Outer protection zone boundaries must be implemented. (CON04.08A)
Data Center and Physical Protection Guideline_v.2.0,data center and physical protection,2.21,Data center security - Construction requirements,Combustible finishing materials and furnishings must be avoided. (CON05.01)
Data Center and Physical Protection Guideline_v.2.0,data center and physical protection,2.22,Data center security - Construction requirements,"Doors, windows, and shutters must be secured against fire and smoke. (CON05.02)"
Data Center and Physical Protection Guideline_v.2.0,data center and physical protection,2.23,Data center security - Construction requirements,Fire stops must be properly executed. (CON05.03)
Data Center and Physical Protection Guideline_v.2.0,data center and physical protection,2.24,Data center security - Construction requirements,Compliance with temperature and humidity limits must be ensured in the case of ambient fires. (CON05.04)
Data Center and Physical Protection Guideline_v.2.0,data center and physical protection,2.25,Data center security - Construction requirements,Lithium-Ion batteries must be protected from fire. (CON05.05)
Data Center and Physical Protection Guideline_v.2.0,data center and physical protection,2.26,Data center security - Construction requirements,Photovoltaic systems must have additional protection. (CON05.06)
Data Center and Physical Protection Guideline_v.2.0,data center and physical protection,2.27,Data center security - Construction requirements,Critical rooms must have structural water protection. (CON06.01)
Data Center and Physical Protection Guideline_v.2.0,data center and physical protection,2.28,Data center security - Construction requirements,Liquid-carrying pipes must be protected against leaking water. (CON06.02)
Data Center and Physical Protection Guideline_v.2.0,data center and physical protection,2.29,Data center security - Construction requirements,Escape routes must be marked and include emergency lighting. (CON08.01)
Data Center and Physical Protection Guideline_v.2.0,data center and physical protection,3,Data center security - Fire protection and extinguishing system requirements,The following criteria apply to fire protection and extinguishing system:
Data Center and Physical Protection Guideline_v.2.0,data center and physical protection,3.1,Data center security - Fire protection and extinguishing system requirements,Advanced and appropriate fire alarm systems must be used. (FIR01.01)
Data Center and Physical Protection Guideline_v.2.0,data center and physical protection,3.2,Data center security - Fire protection and extinguishing system requirements,IT and technical areas must be monitored for fire. (FIR01.02)
Data Center and Physical Protection Guideline_v.2.0,data center and physical protection,3.3,Data center security - Fire protection and extinguishing system requirements,Adjacent rooms must be monitored for fire. (FIR01.03)
Data Center and Physical Protection Guideline_v.2.0,data center and physical protection,3.4,Data center security - Fire protection and extinguishing system requirements,The security area (incl. IT rooms) must have sufficient smoke detector density. (FIR01.04)
Data Center and Physical Protection Guideline_v.2.0,data center and physical protection,3.5,Data center security - Fire protection and extinguishing system requirements,Smoke detector types must be relative to the form of room use. (FIR01.05)
Data Center and Physical Protection Guideline_v.2.0,data center and physical protection,3.6,Data center security - Fire protection and extinguishing system requirements,Very early fire detection systems must be used. (FIR01.06)
Data Center and Physical Protection Guideline_v.2.0,data center and physical protection,3.7,Data center security - Fire protection and extinguishing system requirements,CO2 portable fire extinguisher must be installed. (FIR01.07)
Data Center and Physical Protection Guideline_v.2.0,data center and physical protection,3.8,Data center security - Fire protection and extinguishing system requirements,Technical rooms must be protected from fire. (FIR01.08)
Data Center and Physical Protection Guideline_v.2.0,data center and physical protection,3.9,Data center security - Fire protection and extinguishing system requirements,IT rooms must have firefighting solutions in place. (FIR02.01)
Data Center and Physical Protection Guideline_v.2.0,data center and physical protection,3.10,Data center security - Fire protection and extinguishing system requirements,Extinguishing batteries and oxygen reduction system must be monitored. (FIR02.02)
Data Center and Physical Protection Guideline_v.2.0,data center and physical protection,3.11,Data center security - Fire protection and extinguishing system requirements,Extinguishing batteries and oxygen reduction system must be positioned away from hazards. (FIR02.03)
Data Center and Physical Protection Guideline_v.2.0,data center and physical protection,3.12,Data center security - Fire protection and extinguishing system requirements,Fire protection dampers must be controlled via a fire alarm system signal. (FIR02.04)
Data Center and Physical Protection Guideline_v.2.0,data center and physical protection,3.13,Data center security - Fire protection and extinguishing system requirements,Smoke and gas extraction systems must be controlled. (FIR02.05A)
Data Center and Physical Protection Guideline_v.2.0,data center and physical protection,3.14,Data center security - Fire protection and extinguishing system requirements,"Fire alarm systems, fire extinguishing systems and fire protection shutters must be maintained at least on an annual basis. (FIR03.01)"
Data Center and Physical Protection Guideline_v.2.0,data center and physical protection,4,Data center security - Security systems and organizational requirements,Security systems and organizational measures must meet the following criteria:
Data Center and Physical Protection Guideline_v.2.0,data center and physical protection,4.1,Data center security - Security systems and organizational requirements,An appropriate access control system using state-of-the-art technology must be used. (SEC01.01)
Data Center and Physical Protection Guideline_v.2.0,data center and physical protection,4.2,Data center security - Security systems and organizational requirements,Central data base of the access control system must be protected. (SEC01.02)
Data Center and Physical Protection Guideline_v.2.0,data center and physical protection,4.3,Data center security - Security systems and organizational requirements,Cables must be laid sabotage-protected and must be monitored. (SEC01.03)
Data Center and Physical Protection Guideline_v.2.0,data center and physical protection,4.4,Data center security - Security systems and organizational requirements,Technical components of the access security system must be provided with a back-up power supply. (SEC01.04)
Data Center and Physical Protection Guideline_v.2.0,data center and physical protection,4.5,Data center security - Security systems and organizational requirements,Suitable readers must be used for the access control system. (SEC01.05)
Data Center and Physical Protection Guideline_v.2.0,data center and physical protection,4.6,Data center security - Security systems and organizational requirements,Identification devices (IDD) of the access control system must be issued and used in a secure way. (SEC01.06)
Data Center and Physical Protection Guideline_v.2.0,data center and physical protection,4.7,Data center security - Security systems and organizational requirements,Access attempts through doors secured with the access control system must be logged and data must be stored for at least 30 days. (SEC01.07)
Data Center and Physical Protection Guideline_v.2.0,data center and physical protection,4.8,Data center security - Security systems and organizational requirements,"Besides the IDD, a second factor (knowledge or biometrics) must be used for access to IT rooms or the entire security area. (SEC01.08)"
Data Center and Physical Protection Guideline_v.2.0,data center and physical protection,4.9,Data center security - Security systems and organizational requirements,A security zone concept must exist. (SEC01.09)
Data Center and Physical Protection Guideline_v.2.0,data center and physical protection,4.10,Data center security - Security systems and organizational requirements,Doors to rooms which are important for IT or strategically important (e.g. technical security center) must have door open time monitoring including alarm forwarding to a permanently manned office after 2 minutes. (SEC01.10)
Data Center and Physical Protection Guideline_v.2.0,data center and physical protection,4.11,Data center security - Security systems and organizational requirements,An appropriate state-of-the-art intrusion detection system must be used. (SEC02.01)
Data Center and Physical Protection Guideline_v.2.0,data center and physical protection,4.12,Data center security - Security systems and organizational requirements,Intrusion detection system in the IT areas must be equipped with motion detectors. (SEC02.03)
Data Center and Physical Protection Guideline_v.2.0,data center and physical protection,4.13,Data center security - Security systems and organizational requirements,All plant rooms or the entire technical area must be monitored. (SEC02.04)
Data Center and Physical Protection Guideline_v.2.0,data center and physical protection,4.14,Data center security - Security systems and organizational requirements,Access to all IT and telecommunication rooms must be incorporated into the intrusion detection system monitoring. (SEC02.05)
Data Center and Physical Protection Guideline_v.2.0,data center and physical protection,4.15,Data center security - Security systems and organizational requirements,Reliable remote data transmission of the intrusion detection system must be ensured. (SEC02.06A)
Data Center and Physical Protection Guideline_v.2.0,data center and physical protection,4.16,Data center security - Security systems and organizational requirements,"Corridors and accesses to the IT rooms, as well as readily accessible external areas and external boundaries of the security area, must be monitored with video cameras. (SEC03.01)"
Data Center and Physical Protection Guideline_v.2.0,data center and physical protection,4.17,Data center security - Security systems and organizational requirements,Security zone borders must be monitored. (SEC04.01)
Data Center and Physical Protection Guideline_v.2.0,data center and physical protection,4.18,Data center security - Security systems and organizational requirements,An effectively implemented single person separation system must be used to provide access to the IT area or to the entire secure area. (SEC05.01)
Data Center and Physical Protection Guideline_v.2.0,data center and physical protection,4.19,Data center security - Security systems and organizational requirements,Components of the electronic security systems must be maintained at least annually. Components of the access control system must be inspected at least annually. (SEC06.01)
Data Center and Physical Protection Guideline_v.2.0,data center and physical protection,4.20,Data center security - Security systems and organizational requirements,The issuance of IDD must be carried out in a formalized and transparent manner and unused access cards must be stored in a secure place. (SEC06.02)
Data Center and Physical Protection Guideline_v.2.0,data center and physical protection,4.21,Data center security - Security systems and organizational requirements,Monitoring of alarms must be regulated and carried out 24/365 a year by a security service provider with a permanently manned control center. (SEC06.03)
Data Center and Physical Protection Guideline_v.2.0,data center and physical protection,4.22,Data center security - Security systems and organizational requirements,Trained security personnel must be available in close proximity to the data center. (SEC06.04)
Data Center and Physical Protection Guideline_v.2.0,data center and physical protection,4.23,Data center security - Security systems and organizational requirements,Optical monitoring or locking systems on the server racks that protect against unauthorized access must be installed.
Data Center and Physical Protection Guideline_v.2.0,data center and physical protection,5,Data center security - Cabling requirements,Data center cabling must meet the following criteria:
Data Center and Physical Protection Guideline_v.2.0,data center and physical protection,5.1,Data center security - Cabling requirements,WAN routes as far as to the facility transfer point (external network interface) must run on separate paths without any particular hazards due to fire and mechanical influences and external network interface must be redundant. (CAB01.01)
Data Center and Physical Protection Guideline_v.2.0,data center and physical protection,5.2,Data center security - Cabling requirements,The communication cabling must run in an adequate manner. (CAB01.02E)
Data Center and Physical Protection Guideline_v.2.0,data center and physical protection,5.3,Data center security - Cabling requirements,Telecommunication cable routing must be separated and redundant. (CAB01.03E)
Data Center and Physical Protection Guideline_v.2.0,data center and physical protection,5.4,Data center security - Cabling requirements,Cables must be laid in an organized manner. (CAB01.04)
Data Center and Physical Protection Guideline_v.2.0,data center and physical protection,5.5,Data center security - Cabling requirements,Rack infeed connection must be secured against accidental loosening. (CAB01.05)
Data Center and Physical Protection Guideline_v.2.0,data center and physical protection,5.6,Data center security - Cabling requirements,Crossing points must be adequately separated. (CAB01.06E)
Data Center and Physical Protection Guideline_v.2.0,data center and physical protection,5.7,Data center security - Cabling requirements,Data cables must be protected against sources of interference. (CAB01.07E)
Data Center and Physical Protection Guideline_v.2.0,data center and physical protection,5.8,Data center security - Cabling requirements,Cabinets and racks must offer appropriate cable routing. (CAB02.01E)
Data Center and Physical Protection Guideline_v.2.0,data center and physical protection,5.9,Data center security - Cabling requirements,WAN must be supplied by at least two different providers. (CAB03.01E)
Data Center and Physical Protection Guideline_v.2.0,data center and physical protection,5.10,Data center security - Cabling requirements,The WAN connection must be redundant. (CAB03.02)
Data Center and Physical Protection Guideline_v.2.0,data center and physical protection,6,Data center security - Power requirements,The power supply in the data centers must meet the following criteria:
Data Center and Physical Protection Guideline_v.2.0,data center and physical protection,6.1,Data center security - Power requirements,The energy supply in the building must be based on a 5-wire network and at least the IT area must be included in the TN-S structure. (POW01.01)
Data Center and Physical Protection Guideline_v.2.0,data center and physical protection,6.2,Data center security - Power requirements,A secondary or an additional power supply must be available in addition to the primary power supply. (POW01.02)
Data Center and Physical Protection Guideline_v.2.0,data center and physical protection,6.3,Data center security - Power requirements,The redundant connection to the mains must be either two supplies from separate and independent primary and secondary sources or two supplies from one primary source. (POW01.02A)
Data Center and Physical Protection Guideline_v.2.0,data center and physical protection,6.4,Data center security - Power requirements,Primary and secondary supply lines must be routed on separate paths. (POW01.03)
Data Center and Physical Protection Guideline_v.2.0,data center and physical protection,6.5,Data center security - Power requirements,Secondary of additional supply must automatically take over all critical load if the primary supply fails (and vice versa). (POW01.04)
Data Center and Physical Protection Guideline_v.2.0,data center and physical protection,6.6,Data center security - Power requirements,Additional supply must be available for all supply paths. (POW01.05)
Data Center and Physical Protection Guideline_v.2.0,data center and physical protection,6.7,Data center security - Power requirements,Power supply for the IT devices must be redundant. (POW01.06)
Data Center and Physical Protection Guideline_v.2.0,data center and physical protection,6.8,Data center security - Power requirements,Couplings between redundant low-voltage distributions must be protected against erroneous switching operations. (POW01.07A)
Data Center and Physical Protection Guideline_v.2.0,data center and physical protection,6.9,Data center security - Power requirements,Transformers must have sufficient power reserves. (POW01.08A)
Data Center and Physical Protection Guideline_v.2.0,data center and physical protection,6.10,Data center security - Power requirements,Supply lines must be protected against external influences. (POW02.02)
Data Center and Physical Protection Guideline_v.2.0,data center and physical protection,6.11,Data center security - Power requirements,IT power distribution units must have their own supply line without branches. (POW02.03)
Data Center and Physical Protection Guideline_v.2.0,data center and physical protection,6.12,Data center security - Power requirements,UPS distribution boards must be without external consumers. (POW02.04)
Data Center and Physical Protection Guideline_v.2.0,data center and physical protection,6.13,Data center security - Power requirements,Energy supply must have staggered overvoltage protection. (POW05.01)
Data Center and Physical Protection Guideline_v.2.0,data center and physical protection,6.14,Data center security - Power requirements,All electricity lines must be equipped with appropriate staggered overvoltage protection. (POW05.02)
Data Center and Physical Protection Guideline_v.2.0,data center and physical protection,6.15,Data center security - Power requirements,"All metallic objects must be grounded, and floor coverings reduce the risk of electrostatic charges. (POW07.01)"
Data Center and Physical Protection Guideline_v.2.0,data center and physical protection,6.16,Data center security - Power requirements,Leakage currents must be monitored. (POW08.01)
Data Center and Physical Protection Guideline_v.2.0,data center and physical protection,6.17,Data center security - Power requirements,Central fault current protection devices and emergency power off switches must be avoided. (POW08.02)
Data Center and Physical Protection Guideline_v.2.0,data center and physical protection,6.18,Data center security - Power requirements,"Important measured values of the IT supply network (e.g. voltages, currents, apparent and effective power) must be recorded and monitored. (POW08.03)"
Data Center and Physical Protection Guideline_v.2.0,data center and physical protection,6.19,Data center security - Power requirements,Voltage quality and design of measuring devices must be recorded and monitored. (POW08.04A)
Data Center and Physical Protection Guideline_v.2.0,data center and physical protection,6.20,Data center security - Power requirements,Energy supply to the IT consumers must be secured by a central UPS. (POW09.01)
Data Center and Physical Protection Guideline_v.2.0,data center and physical protection,6.21,Data center security - Power requirements,UPS systems must be able to be decoupled via a manual maintenance bypass. (POW09.02)
Data Center and Physical Protection Guideline_v.2.0,data center and physical protection,6.22,Data center security - Power requirements,UPS system must have a component redundancy of n+1 or a second active supply system available. (POW09.03)
Data Center and Physical Protection Guideline_v.2.0,data center and physical protection,6.23,Data center security - Power requirements,Batteries must ensure that risk of individual block failures is minimized. (POW09.07)
Data Center and Physical Protection Guideline_v.2.0,data center and physical protection,6.24,Data center security - Power requirements,Additional supplies must have sufficient power reserves. (POW10.04)
Data Center and Physical Protection Guideline_v.2.0,data center and physical protection,6.25,Data center security - Power requirements,Sufficient fuel reserve for additional supply must be maintained. (POW10.05)
Data Center and Physical Protection Guideline_v.2.0,data center and physical protection,6.26,Data center security - Power requirements,"Tank system and fuel pipes to the additional supply must be protected, controlled, and monitored. (POW10.06)"
Data Center and Physical Protection Guideline_v.2.0,data center and physical protection,6.27,Data center security - Power requirements,Operational readiness of the additional supply must be regularly tested by load test runs. (POW10.07)
Data Center and Physical Protection Guideline_v.2.0,data center and physical protection,6.28,Data center security - Power requirements,"When the data center load is insufficient and it is therefore not possible to run the system in parallel with the mains for a function check, a load bank must be available. (POW10.07A)"
Data Center and Physical Protection Guideline_v.2.0,data center and physical protection,6.29,Data center security - Power requirements,Mains switching control of the additional supply must be securely installed. (POW10.08)
Data Center and Physical Protection Guideline_v.2.0,data center and physical protection,6.30,Data center security - Power requirements,A complete calculation of the load flow and short circuit currents must be carried out. (POW11.01)
Data Center and Physical Protection Guideline_v.2.0,data center and physical protection,6.31,Data center security - Power requirements,Operating states of the electric power supply and the availability of the supply voltage must be monitored. (POW11.02)
Data Center and Physical Protection Guideline_v.2.0,data center and physical protection,6.32,Data center security - Power requirements,Technical fault messages must be reliably transmitted to a permanently manned location. (POW11.03)
Data Center and Physical Protection Guideline_v.2.0,data center and physical protection,6.33,Data center security - Power requirements,Electrical systems must be maintained at least once a year on the basis of a maintenance agreement and the performance must be logged. (POW11.04)
Data Center and Physical Protection Guideline_v.2.0,data center and physical protection,6.34,Data center security - Power requirements,"Upon initial commissioning, function and integration tests under full and partial load must be carried out. Upon the exchange of systems, at least limited function and integration tests must be carried out. (POW11.05)"
Data Center and Physical Protection Guideline_v.2.0,data center and physical protection,7,Data center security - Air conditioning and ventilation,Data centers must meet the following air conditioning and ventilation criteria:
Data Center and Physical Protection Guideline_v.2.0,data center and physical protection,7.1,Data center security - Air conditioning and ventilation,Data Center areas must comply with secure operational conditions. (ACV01.01)
Data Center and Physical Protection Guideline_v.2.0,data center and physical protection,7.2,Data center security - Air conditioning and ventilation,Data Center areas and technical components must have sufficient ventilation. (ACV01.02)
Data Center and Physical Protection Guideline_v.2.0,data center and physical protection,7.3,Data center security - Air conditioning and ventilation,Devices must be installed in an airflow-optimized and hazard-free way. (ACV02.01)
Data Center and Physical Protection Guideline_v.2.0,data center and physical protection,7.4,Data center security - Air conditioning and ventilation,Leakages must be reliably detected. (ACV03.01)
Data Center and Physical Protection Guideline_v.2.0,data center and physical protection,7.5,Data center security - Air conditioning and ventilation,"Active mechanical components (on the producer, distributor side) must be designed redundantly. (ACV04.01)"
Data Center and Physical Protection Guideline_v.2.0,data center and physical protection,7.6,Data center security - Air conditioning and ventilation,Singular cooling distribution systems or sections must be implemented in high quality and checked by extensive quality assurance measures. (ACV04.02)
Data Center and Physical Protection Guideline_v.2.0,data center and physical protection,7.7,Data center security - Air conditioning and ventilation,"Cooling distribution must be designed in a way that a failure of passive components does not result in a failure of the IT. (ACV04.02E, ACV04.02I)"
Data Center and Physical Protection Guideline_v.2.0,data center and physical protection,7.8,Data center security - Air conditioning and ventilation,The plant must be designed in a way that maintenance can be carried out to active components at any time without interruptions to operations. (ACV04.03)
Data Center and Physical Protection Guideline_v.2.0,data center and physical protection,7.9,Data center security - Air conditioning and ventilation,The routes must be protected against third-party influence and fire. (ACV04.04)
Data Center and Physical Protection Guideline_v.2.0,data center and physical protection,7.10,Data center security - Air conditioning and ventilation,"Circulating air cooling units or comparable technology must be redundant (n+1) for IT and telecommunication rooms as well as singular UPS rooms. (ACV04.05, ACV04.05E, ACV04.05I)"
Data Center and Physical Protection Guideline_v.2.0,data center and physical protection,7.11,Data center security - Air conditioning and ventilation,Filtering of the room air must be sufficiently dimensioned for the IT rooms. (ACV05.01)
Data Center and Physical Protection Guideline_v.2.0,data center and physical protection,7.12,Data center security - Air conditioning and ventilation,External air supply must be protected. (ACV05.03)
Data Center and Physical Protection Guideline_v.2.0,data center and physical protection,7.13,Data center security - Air conditioning and ventilation,Components in the central mechanical room must be separated. (ACV06.01)
Data Center and Physical Protection Guideline_v.2.0,data center and physical protection,7.14,Data center security - Air conditioning and ventilation,Cooling towers must be protected against tampering. (ACV07.01)
Data Center and Physical Protection Guideline_v.2.0,data center and physical protection,7.15,Data center security - Air conditioning and ventilation,Cooling towers must be sufficiently dimensioned and installed in an operationally reliable way. (ACV07.02)
Data Center and Physical Protection Guideline_v.2.0,data center and physical protection,7.16,Data center security - Air conditioning and ventilation,Cooling systems must be in a plan-compliant design and maintenance-friendly. (ACV08.01)
Data Center and Physical Protection Guideline_v.2.0,data center and physical protection,7.17,Data center security - Air conditioning and ventilation,"Components of the air-conditioning system must have secure electrical supply. (ACV09.01, ACV09.01I)"
Data Center and Physical Protection Guideline_v.2.0,data center and physical protection,7.18,Data center security - Air conditioning and ventilation,The water supply must be ensured at all times by a redundant connection or storage. (ACV09.02)
Data Center and Physical Protection Guideline_v.2.0,data center and physical protection,7.19,Data center security - Air conditioning and ventilation,Water supply systems must be implemented in the same availability as the air conditioning systems whose supply they must ensure. (ACV09.02A)
Data Center and Physical Protection Guideline_v.2.0,data center and physical protection,7.20,Data center security - Air conditioning and ventilation,"After power failures, critical controls must restart automatically after power recovery. (ACV09.03)"
Data Center and Physical Protection Guideline_v.2.0,data center and physical protection,7.21,Data center security - Air conditioning and ventilation,"When high-level controls are used, the critical subordinate units must be equipped with autonomous controls or redundant systems must operate with their own high-level controls. (ACV09.03A)"
Data Center and Physical Protection Guideline_v.2.0,data center and physical protection,7.22,Data center security - Air conditioning and ventilation,"Important operating states of the main components, as well as the pumped media, must be automatically recorded and monitored. (ACV10.01)"
Data Center and Physical Protection Guideline_v.2.0,data center and physical protection,7.23,Data center security - Air conditioning and ventilation,Room temperature and humidity in IT rooms must be monitored. (ACV10.02)
Data Center and Physical Protection Guideline_v.2.0,data center and physical protection,7.24,Data center security - Air conditioning and ventilation,"Temperature and humidity of air supplied from outside must be measured. (ACV10.03E, ACV10.03I)"
Data Center and Physical Protection Guideline_v.2.0,data center and physical protection,7.25,Data center security - Air conditioning and ventilation,"Tests for tightness, corrosion protection and insulation must be evidenced by acceptance documents. (ACV11.01)"
Data Center and Physical Protection Guideline_v.2.0,data center and physical protection,7.26,Data center security - Air conditioning and ventilation,All components of the air-conditioning system must be maintained at least once per year and regularly inspected. (ACV11.02)
Data Center and Physical Protection Guideline_v.2.0,data center and physical protection,7.27,Data center security - Air conditioning and ventilation,Technical fault messages must be transmitted securely to a permanently manned office and immediately assessed and rectified by specialized personnel. (ACV11.03)
Data Center and Physical Protection Guideline_v.2.0,data center and physical protection,7.28,Data center security - Air conditioning and ventilation,"Upon initial commissioning, full load, function, and integration tests must be performed and documented. Upon the exchange of systems, limited function tests must be carried out and test certificates from the manufacturer must be available. (ACV11.04)"
Data Center and Physical Protection Guideline_v.2.0,data center and physical protection,8,Data center security - Organizational requirements,Organizational measures must meet the following criteria:
Data Center and Physical Protection Guideline_v.2.0,data center and physical protection,8.1,Data center security - Organizational requirements,Backup data must be transferred to a different fire compartment and at least once per week to a different building. (ORG01.01)
Data Center and Physical Protection Guideline_v.2.0,data center and physical protection,8.2,Data center security - Organizational requirements,Secure area must be equipped with smoking ban signs. (ORG02.01)
Data Center and Physical Protection Guideline_v.2.0,data center and physical protection,8.3,Data center security - Organizational requirements,"IT rooms, all relevant technical rooms, routes, and external installations must undergo a visual inspection at least once a week and the performance of the inspection must be recorded. (ORG03.01)"
Data Center and Physical Protection Guideline_v.2.0,data center and physical protection,8.4,Data center security - Organizational requirements,"Operations must comply in terms of adherence to the rules, tidiness, cleanliness, accessibility, inscriptions, signs, and disposal. (ORG04.01)"
Data Center and Physical Protection Guideline_v.2.0,data center and physical protection,8.5,Data center security - Organizational requirements,Responsibilities for the implementation of physical security measures must be defined. People authorized to enter protection class 4 must require additional authorization to take people with them. (ORG05.01)
Data Center and Physical Protection Guideline_v.2.0,data center and physical protection,8.6,Data center security - Organizational requirements,Relevant parameters of technical component operations must be recorded and regularly evaluated according to defined responsibilities. (ORG05.02E)
Data Center and Physical Protection Guideline_v.2.0,data center and physical protection,8.7,Data center security - Organizational requirements,"With respect to the letting of data center areas there must be – with reference to the customer – rules concerning physical security, energy efficiency, capacity planning, business organization and the exchange of information to which the customer must comply. Compliance must be verified. (ORG05.03E)"
Data Center and Physical Protection Guideline_v.2.0,data center and physical protection,8.8,Data center security - Organizational requirements,"Important key indicators (KPI, Key Performance Indicators) must be recorded, evaluated, and used for process improvement. (ORG05.04E)"
Data Center and Physical Protection Guideline_v.2.0,data center and physical protection,8.9,Data center security - Organizational requirements,"Processes between IT operation, lifecycle management and facility management must be coordinated. (ORG06.01)"
Data Center and Physical Protection Guideline_v.2.0,data center and physical protection,8.10,Data center security - Organizational requirements,Maintenance contracts with start of repair work latest on next working day must be concluded for all trades which are relevant to operations. (ORG07.01)
Data Center and Physical Protection Guideline_v.2.0,data center and physical protection,8.11,Data center security - Organizational requirements,"Operating instructions must be available that describe the method of dealing with third-party personnel, the coordination process for maintenance windows, precautions for specific activities or switching operations, as well as special aspects of maintenance and repair work. (ORG08.01)"
Data Center and Physical Protection Guideline_v.2.0,data center and physical protection,8.12,Data center security - Organizational requirements,Personnel must be provided with safety instruction at least once per year and new employees at the beginning of their employment contract. (ORG09.01)
Data Center and Physical Protection Guideline_v.2.0,data center and physical protection,8.13,Data center security - Organizational requirements,Employees and service providers must be trustworthy and subject to a confidentiality obligation. (ORG09.02)
Data Center and Physical Protection Guideline_v.2.0,data center and physical protection,8.14,Data center security - Organizational requirements,"Technical infrastructure must be inspected by qualified and correspondingly equipped personnel, including deputization rules. (ORG10.01)"
Data Center and Physical Protection Guideline_v.2.0,data center and physical protection,8.15,Data center security - Organizational requirements,Publication of security-relevant data center information must be avoided. (ORG12.01)
Data Center and Physical Protection Guideline_v.2.0,data center and physical protection,9,Data center security - Documentation requirements,The following data center documentation must be available:
Data Center and Physical Protection Guideline_v.2.0,data center and physical protection,9.1,Data center security - Documentation requirements,Data center operating manual with security concept. (DOC01.01)
Data Center and Physical Protection Guideline_v.2.0,data center and physical protection,9.2,Data center security - Documentation requirements,Risk analysis for the environment of the data center location. (DOC01.02A)
Data Center and Physical Protection Guideline_v.2.0,data center and physical protection,9.3,Data center security - Documentation requirements,Alarm plan / emergency concept. (DOC01.03)
Data Center and Physical Protection Guideline_v.2.0,data center and physical protection,9.4,Data center security - Documentation requirements,Fire protection concept. (DOC01.04)
Data Center and Physical Protection Guideline_v.2.0,data center and physical protection,9.5,Data center security - Documentation requirements,Site survey in the case of new construction projects. (DOC01.05E)
Data Center and Physical Protection Guideline_v.2.0,data center and physical protection,9.6,Data center security - Documentation requirements,Site and building plans. (DOC02.01)
Data Center and Physical Protection Guideline_v.2.0,data center and physical protection,9.7,Data center security - Documentation requirements,Floor plans for the IT and technical areas. (DOC02.02)
Data Center and Physical Protection Guideline_v.2.0,data center and physical protection,9.8,Data center security - Documentation requirements,Route plans of the main supply paths. (DOC03.01)
Data Center and Physical Protection Guideline_v.2.0,data center and physical protection,9.9,Data center security - Documentation requirements,Documentation of the telecommunication cabling. (DOC03.02E)
Data Center and Physical Protection Guideline_v.2.0,data center and physical protection,9.10,Data center security - Documentation requirements,Single-line diagram of the electrical supply. (DOC04.01)
Data Center and Physical Protection Guideline_v.2.0,data center and physical protection,9.11,Data center security - Documentation requirements,Cooling and ventilation schematics. (DOC04.02)
Data Center and Physical Protection Guideline_v.2.0,data center and physical protection,9.12,Data center security - Documentation requirements,Overviews of fire alarm lines and detectors. (DOC04.03)
Data Center and Physical Protection Guideline_v.2.0,data center and physical protection,9.13,Data center security - Documentation requirements,Overview of extinguishing and fire prevention equipment. (DOC04.04)
Data Center and Physical Protection Guideline_v.2.0,data center and physical protection,9.14,Data center security - Documentation requirements,Installation plans and diagrams of the safety equipment. (DOC04.05)
Data Center and Physical Protection Guideline_v.2.0,data center and physical protection,9.15,Data center security - Documentation requirements,Power requirement calculation and design specifications. (DOC04.06A)
Data Center and Physical Protection Guideline_v.2.0,data center and physical protection,9.16,Data center security - Documentation requirements,Air-conditioning concept. (DOC04.07A)
Data Center and Physical Protection Guideline_v.2.0,data center and physical protection,9.17,Data center security - Documentation requirements,Supplementary risk assessment for the design of technical systems and constructions. (DOC04.08A)
Data Center and Physical Protection Guideline_v.2.0,data center and physical protection,9.18,Data center security - Documentation requirements,Maintenance schedule. (DOC05.01)
Data Center and Physical Protection Guideline_v.2.0,data center and physical protection,9.19,Data center security - Documentation requirements,Operating instructions. (DOC06.01)
Data Center and Physical Protection Guideline_v.2.0,data center and physical protection,9.20,Data center security - Documentation requirements,List of rooms. (DOC07.01)
Data Center and Physical Protection Guideline_v.2.0,data center and physical protection,9.21,Data center security - Documentation requirements,Data sheets of the important technical components. (DOC07.02)
Data Center and Physical Protection Guideline_v.2.0,data center and physical protection,9.22,Data center security - Documentation requirements,Verification of the execution of performance and function tests upon commissioning. (DOC08.01)
Data Center and Physical Protection Guideline_v.2.0,data center and physical protection,10,Data center security - Dual Site Data Center requirements,Dual site data centers must comply with the following criteria:
Data Center and Physical Protection Guideline_v.2.0,data center and physical protection,10.1,Data center security - Dual Site Data Center requirements,The size of the data center IT areas must not differ by more than 1/3. (DDC01.01)
Data Center and Physical Protection Guideline_v.2.0,data center and physical protection,10.2,Data center security - Dual Site Data Center requirements,"The data centers must be located in separate buildings and supplied separately with WAN connection, electricity, and cooling. (DDC02.01)"
Data Center and Physical Protection Guideline_v.2.0,data center and physical protection,10.3,Data center security - Dual Site Data Center requirements,DC1 and DC2 must be interconnected via redundant data connection. (DDC03.01)
Data Center and Physical Protection Guideline_v.2.0,data center and physical protection,10.4,Data center security - Dual Site Data Center requirements,"In the CON area, each data center must fulfil at least level 2. (DDC04.01)"
Data Center and Physical Protection Guideline_v.2.0,data center and physical protection,10.5,Data center security - Dual Site Data Center requirements,CON04.01: Both data centers must fulfil at least level 3. (DDC04.02)
Data Center and Physical Protection Guideline_v.2.0,data center and physical protection,10.6,Data center security - Dual Site Data Center requirements,CON04.02: Both data centers must fulfil at least level 3. (DDC04.03)
Data Center and Physical Protection Guideline_v.2.0,data center and physical protection,10.7,Data center security - Dual Site Data Center requirements,CON04.05: Each data center must fulfil level 3. (DDC04.05)
Data Center and Physical Protection Guideline_v.2.0,data center and physical protection,10.8,Data center security - Dual Site Data Center requirements,"In the FIR area, each data center must fulfil at least level 2. (DDC05.01)"
Data Center and Physical Protection Guideline_v.2.0,data center and physical protection,10.9,Data center security - Dual Site Data Center requirements,"In the SEC area, each data center must fulfil at least level 3. (DDC06.01)"
Data Center and Physical Protection Guideline_v.2.0,data center and physical protection,10.10,Data center security - Dual Site Data Center requirements,"In the CAB area, each data center must fulfil at least level 2. (DDC07.01)"
Data Center and Physical Protection Guideline_v.2.0,data center and physical protection,10.11,Data center security - Dual Site Data Center requirements,"In the POW area, each data center must fulfil at least level 2. (DDC08.01)"
Data Center and Physical Protection Guideline_v.2.0,data center and physical protection,10.12,Data center security - Dual Site Data Center requirements,POW01.04: At least one of the two data centers must meet level 3 and thus must have a stationary back-up generator. (DDC08.02)
Data Center and Physical Protection Guideline_v.2.0,data center and physical protection,10.13,Data center security - Dual Site Data Center requirements,POW10.xx. At least one of the two data centers must fulfil the generator requirements in level 3 with the stationary back-up generator. (DDC08.03)
Data Center and Physical Protection Guideline_v.2.0,data center and physical protection,10.14,Data center security - Dual Site Data Center requirements,"In the ACV area, each data center must fulfil at least level 2. (DDC09.01)"
Data Center and Physical Protection Guideline_v.2.0,data center and physical protection,10.15,Data center security - Dual Site Data Center requirements,"In the ORG area, each data center must fulfil at least level 2. (DDC10.01)"
Data Center and Physical Protection Guideline_v.2.0,data center and physical protection,10.16,Data center security - Dual Site Data Center requirements,"In the DOC area, each data center must fulfil at least level 3. (DDC11.01)"
Data Center and Physical Protection Guideline_v.2.0,data center and physical protection,11,Physical security perimeters and zone concepts,It must be ensured that physical security perimeters and zone concepts are in place.
Data Center and Physical Protection Guideline_v.2.0,data center and physical protection,11.1,Physical security perimeters and zone concepts,Physical security perimeters must be defined and used following a risk-based approach.
Data Center and Physical Protection Guideline_v.2.0,data center and physical protection,11.2,Physical security perimeters and zone concepts,"Physical security perimeters and zone concepts must be implemented, maintained, reviewed, and regularly tested following a risk-based approach to ensure separation and monitored transitions between the zones."
Data Center and Physical Protection Guideline_v.2.0,data center and physical protection,12,Physical security risk assessments,It must be ensured that physical security risk assessments are performed appropriately.
Data Center and Physical Protection Guideline_v.2.0,data center and physical protection,12.1,Physical security risk assessments,"Periodic physical security risk assessments must be carried out at least annually , follow relevant control requirements outlined in the ICT Risk Management Guideline, and additionally consider changes regarding local topography (natural hazards), urban threats (crime, civil unrest, terrorism) and general risks."
Data Center and Physical Protection Guideline_v.2.0,data center and physical protection,12.2,Physical security risk assessments,"Prior to selecting a site, possible consequences resulting from the local topography and urban threats must be assessed."
Data Center and Physical Protection Guideline_v.2.0,data center and physical protection,13,Site and Infrastructure Security,It must be ensured that physical security measures for buildings and rooms are defined and in place.
Data Center and Physical Protection Guideline_v.2.0,data center and physical protection,13.1,Site and Infrastructure Security,Physical protection against physical threats and malicious attacks must be designed and applied based on the overall ICT risk profile (including threat landscape) and the classification of the buildings and rooms.
Data Center and Physical Protection Guideline_v.2.0,data center and physical protection,13.2,Site and Infrastructure Security,"Where applicable, buildings should be unobtrusive and give minimum indication of their purpose, with no obvious signs, outside or inside the building, identifying the presence of information processing activities."
Data Center and Physical Protection Guideline_v.2.0,data center and physical protection,13.3,Site and Infrastructure Security,Electromagnetic shielding should also be considered as appropriate.
Data Center and Physical Protection Guideline_v.2.0,data center and physical protection,13.4,Site and Infrastructure Security,"All power and communication lines must be protected against unauthorized access, physical tampering, interception, flash burst, fire and/or damage."
Data Center and Physical Protection Guideline_v.2.0,data center and physical protection,13.5,Site and Infrastructure Security,"Adequate health monitoring, tamper detection and physical surveillance of access panels/cabling, critical bridge rooms, etc. must be performed regularly."
Data Center and Physical Protection Guideline_v.2.0,data center and physical protection,13.6,Site and Infrastructure Security,"Power and telecommunications lines into information processing facilities must be placed underground, where applicable."
Data Center and Physical Protection Guideline_v.2.0,data center and physical protection,13.7,Site and Infrastructure Security,Power and telecommunication lines must be separated to prevent interference.
Data Center and Physical Protection Guideline_v.2.0,data center and physical protection,13.8,Site and Infrastructure Security,Network cabling must be protected from unauthorized interception or damage (by using a conduit or by avoiding routes through public areas).
Data Center and Physical Protection Guideline_v.2.0,data center and physical protection,13.9,Site and Infrastructure Security,Clearly identifiable cable and equipment markings must be used to minimize handling errors.
Data Center and Physical Protection Guideline_v.2.0,data center and physical protection,13.10,Site and Infrastructure Security,"Access to patch panels, network wiring closets/cable rooms must be protected against unauthorized entry."
Data Center and Physical Protection Guideline_v.2.0,data center and physical protection,13.11,Site and Infrastructure Security,Initiation of technical sweeps and physical inspections for unauthorized devices being attached to the cables should be performed considering a risk-based approach.
Data Center and Physical Protection Guideline_v.2.0,data center and physical protection,13.12,Site and Infrastructure Security,An up-to-date documented patch list must be used to reduce the possibility of errors.
Data Center and Physical Protection Guideline_v.2.0,data center and physical protection,13.13,Site and Infrastructure Security,Clear desk rules for papers and clear screen rules for information processing facilities must be in place.
Data Center and Physical Protection Guideline_v.2.0,data center and physical protection,13.14,Site and Infrastructure Security,Buildings and rooms where KRITIS related services are performed must have a security level that meets the KRITIS requirements for high availability.
Data Center and Physical Protection Guideline_v.2.0,data center and physical protection,13.15,Site and Infrastructure Security,Information processing facilities managed by the organization should be physically separated from those managed by external parties.
Data Center and Physical Protection Guideline_v.2.0,data center and physical protection,13.16,Site and Infrastructure Security,"In multi-tenant buildings, enhanced physical access security must be provided to protect primary and relevant secondary assets from other tenants."
Data Center and Physical Protection Guideline_v.2.0,data center and physical protection,13.17,Site and Infrastructure Security,"The exterior roof, walls and flooring of the building should be of solid construction."
Data Center and Physical Protection Guideline_v.2.0,data center and physical protection,14,Environmental Threats,It must be ensured that measures are defined and in place to protect against environmental threats.
Data Center and Physical Protection Guideline_v.2.0,data center and physical protection,14.1,Environmental Threats,Physical protection against natural disasters must be designed and applied following a risk-based approach.
Data Center and Physical Protection Guideline_v.2.0,data center and physical protection,14.2,Environmental Threats,Advice regarding environmental issues and how to deal with them should be obtained.
Data Center and Physical Protection Guideline_v.2.0,data center and physical protection,14.3,Environmental Threats,"Environmental conditions, such as temperature and humidity, must be monitored for conditions which could adversely affect the operation of information processing facilities."
Data Center and Physical Protection Guideline_v.2.0,data center and physical protection,14.4,Environmental Threats,Lightning protection must be applied to all buildings and lightning protection filters must be fitted to all incoming power and communications lines.
Data Center and Physical Protection Guideline_v.2.0,data center and physical protection,15,Physical security monitoring and logging,"It must be ensured that buildings, rooms and sensitive designated areas are monitored for unauthorized physical access and relevant events are logged."
Data Center and Physical Protection Guideline_v.2.0,data center and physical protection,15.1,Physical security monitoring and logging,"Buildings, rooms and sensitive designated areas must be continuously monitored for unauthorized physical access by surveillance systems, either managed internally or by a monitoring service provider."
Data Center and Physical Protection Guideline_v.2.0,data center and physical protection,15.2,Physical security monitoring and logging,"In accordance with the applicable regulations, business needs and information security objectives, physical access logs must follow a retention period of 2 years."
Data Center and Physical Protection Guideline_v.2.0,data center and physical protection,15.3,Physical security monitoring and logging,"In accordance with the applicable regulations, business needs and information security objectives, CCTV logs must follow a minimum retention period of 3 days. If a longer retention period than 3 days is required due to the ""legitimate interest"" provision under Article 6 (1) (f) of the GDPR, it must be approved by the Data Protection Unit."
Data Center and Physical Protection Guideline_v.2.0,data center and physical protection,16,Physical Access Controls,It must be ensured that physical access control measures are defined and in place.
Data Center and Physical Protection Guideline_v.2.0,data center and physical protection,16.1,Physical Access Controls,"People with access to buildings, rooms and sensitive designated areas must be identified and logged. The identification and logging process must follow a risk-based approach."
Data Center and Physical Protection Guideline_v.2.0,data center and physical protection,16.2,Physical Access Controls,Physical access rights to critical non-IT Assets must be granted based on the need-to-know and least privilege principles and on an ad-hoc basis.
Data Center and Physical Protection Guideline_v.2.0,data center and physical protection,16.3,Physical Access Controls,"Physical access to buildings, rooms and sensitive designated areas must be monitored."
Data Center and Physical Protection Guideline_v.2.0,data center and physical protection,16.4,Physical Access Controls,Physical access rights must be reviewed to ensure prompt revoking of unnecessary access rights.
Data Center and Physical Protection Guideline_v.2.0,data center and physical protection,17,Visitor Management,"Visitors must be treated specially with regard to physical access to buildings, rooms and sensitive designated areas, if relevant."
Data Center and Physical Protection Guideline_v.2.0,data center and physical protection,17.1,Visitor Management,Visitors must be authenticated by appropriate means.
Data Center and Physical Protection Guideline_v.2.0,data center and physical protection,17.2,Visitor Management,The data and time of entry and departure of the visitors should be recorded.
Data Center and Physical Protection Guideline_v.2.0,data center and physical protection,17.3,Visitor Management,"All visitors must be supervised within the buildings, rooms and, if relevant, sensitive designated areas, of DBG."
Data Center and Physical Protection Guideline_v.2.0,data center and physical protection,17.4,Visitor Management,"Access for visitors must only be granted for specific, authorized purposes and with instructions on the area and on emergency procedures."
Data Center and Physical Protection Guideline_v.2.0,data center and physical protection,18,Sensitive designated areas,It must be ensured that measures are in place to protect sensitive designated areas
Data Center and Physical Protection Guideline_v.2.0,data center and physical protection,18.1,Sensitive designated areas,Sensitive designated areas must be identified.
Data Center and Physical Protection Guideline_v.2.0,data center and physical protection,18.2,Sensitive designated areas,"Specific protection measures to protect sensitive designated areas from attacks, accidents, and environmental threats and hazards must be defined and applied."
Data Center and Physical Protection Guideline_v.2.0,data center and physical protection,18.3,Sensitive designated areas,Arrangements for working in secure areas must cover employees and the external party users.
Data Center and Physical Protection Guideline_v.2.0,data center and physical protection,19,Equipment,It must be ensured that measures are defined and in place for protecting equipment accordingly against threats.
Data Center and Physical Protection Guideline_v.2.0,data center and physical protection,19.1,Equipment,"Equipment must be sited and protected to reduce the risks from environmental threats and hazards, opportunities for unauthorized access and with consideration of reduction of viewing information by unauthorized personnel."
Data Center and Physical Protection Guideline_v.2.0,data center and physical protection,19.2,Equipment,The equipment must be adequately managed. Risks arising from outdated ICT Systems must be regularly identified and evaluated (lifecycle management).
Data Center and Physical Protection Guideline_v.2.0,data center and physical protection,19.3,Equipment,"Equipment must be correctly maintained (according to the maintenance documentation to ensure its continued availability and integrity) to ensure its availability, authenticity, integrity, and confidentiality."
Data Center and Physical Protection Guideline_v.2.0,data center and physical protection,19.4,Equipment,Only authorized maintenance personnel should carry out repairs.
Data Center and Physical Protection Guideline_v.2.0,data center and physical protection,19.5,Equipment,"Records should be kept of all suspected or actual faults, and of all preventive and corrective maintenance."
Data Center and Physical Protection Guideline_v.2.0,data center and physical protection,19.6,Equipment,"A process should be established to ensure appropriate controls are implemented when equipment is scheduled for maintenance, considering whether this maintenance is performed by personnel on-site or external; where necessary, confidential and strictly confidential information must be cleared from the equipment, or the maintenance personnel must be sufficiently cleared."
Data Center and Physical Protection Guideline_v.2.0,data center and physical protection,19.7,Equipment,"Before putting equipment back into operation, it should be inspected based on a risk-based approach."
Data Center and Physical Protection Guideline_v.2.0,data center and physical protection,19.8,Equipment,All remote access for maintenance purposes is subject to the same security requirements as all access to infrastructure of the respective legal entity.
Data Center and Physical Protection Guideline_v.2.0,data center and physical protection,19.9,Equipment,IT Assets and physical access control devices must be appropriately maintained.
Data Center and Physical Protection Guideline_v.2.0,data center and physical protection,19.10,Equipment,"IT Assets and non-IT Assets must be secured, both within and outside the buildings and rooms, and results of risk assessments must be taken into account. The measures must also include appropriate protection to unattended IT Assets and non-IT Assets."
Data Security Governance Guideline_v3.0,data security governance,1,Labelling of information,Information must be labelled considering its confidentiality and business impact.
Data Security Governance Guideline_v3.0,data security governance,1.1,Labelling of information,"Information must be labelled, considering its confidentiality, business impact and in accordance with the below listed labels: “Strictly Confidential” - information with a business impact classified as “Critical” and limited for the use within a very limited group of people, typically protected by regulation or law. “Confidential” - information with a business impact classified as “Major” and limited for use only by a restricted group of people. “Internal” - information with a business impact classified as “Minor” and limited for use only within the legal entities."
Data Security Governance Guideline_v3.0,data security governance,1.2,Labelling of information,Information classified as “Public” (information with a business impact9 classified as “Negligible” and limited to and authorized for general use inside and outside the legal entity) and “External” (Information with a business impact9 classified as “Minor” and authorized for the use inside and outside of DBG) should be labelled.
Data Security Governance Guideline_v3.0,data security governance,1.3,Labelling of information,"All physical and printable electronic documents classified as “Internal” ""Confidential"", ""Strictly Confidential"" should be labelled based on the confidentiality of included information at the time when they are created and before printing."
Data Security Governance Guideline_v3.0,data security governance,1.4,Labelling of information,"Process(es), control(s) should be established to monitor, track and enforce applicable controls over the declassification of emails, documents ensuring proper labelling and protection. Measures must be implemented to prevent label circumvention when file formats are changed ●."
Data Security Governance Guideline_v3.0,data security governance,2,Data Crown Jewel Inventory & Data Flow Management,"Data flows for all Data Crown Jewels must be documented, and the Data Crown Jewel inventory as well as the associated Data Flow Registry must be maintained and regularly updated."
Data Security Governance Guideline_v3.0,data security governance,2.1,Data Crown Jewel Inventory & Data Flow Management,"Data flows for each Data Crown Jewel must be documented, maintained in centralized Data Flow Registry●. Data Crown Jewels are mission-critical data whose unauthorized disclosure would cause intolerable and existential business impact. This includes but is not limited to: Regulatory Impact: Severe regulatory consequences such as the revocation of essential licenses or authorizations, making continued business operations impossible. Financial Impact: Severe financial losses that threaten the organization’s solvency or ability to continue operations. Customer and Market Trust Impact: Severe and sustained harmful customer or market reaction, e.g. significant market movements that threaten business viability. Operational Impact: Permanent or sustained disruption of critical core services and operations that prevents the organization from functioning"
Data Security Governance Guideline_v3.0,data security governance,2.2,Data Crown Jewel Inventory & Data Flow Management,The inventory of Data Crown Jewels and associated Data Flow Registry must be reviewed at least annually to ensure completeness and ongoing relevance●.
Data Security Governance Guideline_v3.0,data security governance,3,DLP tool and measure implementation,It must be ensured that unauthorized data disclosure is mitigated and transferred data is protected.
Data Security Governance Guideline_v3.0,data security governance,3.1,DLP tool and measure implementation,"Data Leakage Prevention tool and measures must be implemented to identify, monitor, and detect data leakage and protect data in transit. This must protect data against unauthorized disclosure, copying, or transmission, through risk-based approach."
Data Security Governance Guideline_v3.0,data security governance,4,Email monitoring and protection,Data Leakage Prevention measures for communications over email must be implemented.
Data Security Governance Guideline_v3.0,data security governance,4.1,Email monitoring and protection,"Monitoring of emails must be enabled, at least based on the classification labels. Emails – especially non-labelled outbound ones – and attachments must be subject to appropriate technical controls."
Data Security Governance Guideline_v3.0,data security governance,4.2,Email monitoring and protection,DBAG and/or adopting legal entity email addresses created for externals sending strictly confidential messages must be secured by specific DLP measures mentioned above.
Data Security Governance Guideline_v3.0,data security governance,4.3,Email monitoring and protection,"The maximum principle must be applied, ensuring that the overall classification for email reflects the highest sensitivity of any contained component wherever possible●."
Data Security Governance Guideline_v3.0,data security governance,5,DLP Endpoint protection,"DLP Endpoint protection must be implemented to protect workstation devices and user equipment from data leakage, restricting the use of removable storage media by default, subject only to temporary, monitored exceptions based on legitimate need."
Data Security Governance Guideline_v3.0,data security governance,5.1,DLP Endpoint protection,"All hardware and activation of ports that can be used for connection of storage media must be blocked. The necessary ports to use storage media must be enabled temporarily only if there is a business, technical or operational need, unless there is no other data access solution and exception process must be established, implemented●."
Data Security Governance Guideline_v3.0,data security governance,5.2,DLP Endpoint protection,"Standard software images must be designed and implemented for all workstation devices of legal entities, ensuring that ports for storage media connections are deactivated, anti-malware protection is in place, and administrator rights for users are disabled."
Data Security Governance Guideline_v3.0,data security governance,5.3,DLP Endpoint protection,"If there is a need to use removable storage media, transfer of information to such storage media must be monitored."
Data Security Governance Guideline_v3.0,data security governance,6,Data Leakage Prevention for online and instant messaging services,"Use of Online and Instant messaging services must be restricted to authorized services, with appropriate measures applied when processing information based on its classification"
Data Security Governance Guideline_v3.0,data security governance,6.1,Data Leakage Prevention for online and instant messaging services,Use of online services must be limited as below:
Data Security Governance Guideline_v3.0,data security governance,6.2,Data Leakage Prevention for online and instant messaging services,Electronic communication must be limited by using legal entity’s authorized instant messaging services and by using legal entity’s email accounts. Listings of authorized instant messaging services must be defined by legal entity.
Data Security Governance Guideline_v3.0,data security governance,7,Secure Printing of Sensitive Information,It must be ensured that printing activities are controlled in accordance with the classification of information to prevent data leakage.
Data Security Governance Guideline_v3.0,data security governance,7.1,Secure Printing of Sensitive Information,"For “Strictly Confidential” information or Data Crown Jewels, appropriate confirmation mechanisms must be implemented prior to printing:"
Data Security Governance Guideline_v3.0,data security governance,8,Storage media management,Management procedures and measures must be in place to securely manage storage media and the data it contains throughout its lifecycle.
Data Security Governance Guideline_v3.0,data security governance,8.1,Storage media management,All copies of storage media should be clearly marked as such. Multiple copies of sensitive data should be stored on separate media in separate locations.
Data Security Governance Guideline_v3.0,data security governance,8.2,Storage media management,"All types of storage media should have its lifetime defined, type and frequency of tests for guaranteeing the availability of stored data without degradation."
Data Security Governance Guideline_v3.0,data security governance,8.3,Storage media management,Legal entity data which needs to be retained longer than the life of the storage media must be stored on new media before the end of its lifetime.
Data Security Governance Guideline_v3.0,data security governance,8.4,Storage media management,"To mitigate the risk of media degrading while stored data is still needed, the data should be transferred to fresh storage media before becoming unreadable."
Data Security Governance Guideline_v3.0,data security governance,8.5,Storage media management,"Where electronic storage media are chosen, procedures to ensure the ability to access records throughout the retention period should be established."
Data Security Governance Guideline_v3.0,data security governance,8.6,Storage media management,Storage should be chosen such that required records can be retrieved in an acceptable time frame and format.
Data Security Governance Guideline_v3.0,data security governance,8.7,Storage media management,For all storage media it must be defined if it is authorized to be taken off-premises.
Data Security Governance Guideline_v3.0,data security governance,9,Protection of media,"It must be ensured that all media is securely handled, stored, and transported to prevent unauthorized access or data leakage considering the classification."
Data Security Governance Guideline_v3.0,data security governance,9.1,Protection of media,"All media containing information categorized as “External”, “Internal”, ""Confidential"", ""Strictly Confidential"" or ""Data Crown Jewel"" must be protected against unauthorized access, misuse, or corruption during transportation."
Data Security Governance Guideline_v3.0,data security governance,9.2,Protection of media,Media packaging must ensure that the content is protected from any physical damage and loss.
Data Security Governance Guideline_v3.0,data security governance,9.3,Protection of media,"Depending on the classification label (described in requirement ID 1) of the information in the storage media to be transported, tamper evident or tamper-resistant controls should be used."
Data Security Governance Guideline_v3.0,data security governance,9.4,Protection of media,"Logical and physical access restrictions to storage media must be applied to prevent access of unauthorized personnel, exceptions may be provided on a temporary basis. This includes at least the following actions:"
Data Security Governance Guideline_v3.0,data security governance,9.4.1,Protection of media,Storage media must be kept only in locked or secure places if it is not currently used.
Data Security Governance Guideline_v3.0,data security governance,9.4.2,Protection of media,All storage media should be securely stored in both logical and physical manner and in accordance with the manufacturer’s recommendation.
Data Security Governance Guideline_v3.0,data security governance,10,Transfer of media,The transfer of media must be securely managed to ensure the protection and integrity of the information throughout the entire transfer process.
Data Security Governance Guideline_v3.0,data security governance,10.1,Transfer of media,"Courier identification standards and procedures to verify the identification of couriers should be defined to ensure that only authorized, reliable transport or couriers are used for the transfer of media."
Data Security Governance Guideline_v3.0,data security governance,10.2,Transfer of media,Media transport logs should be kept over the whole lifecycle if this is possible.
Data Security Governance Guideline_v3.0,data security governance,11,Secure data and media disposal,Procedures and measures for secure disposal of data and media containing information must be defined and implemented.
Data Security Governance Guideline_v3.0,data security governance,11.1,Secure data and media disposal,"The procedures and measures for secure disposal of data, present on premises or stored externally, must be implemented proportionally to the classification label of information and make sure that the data is deleted securely and completely."
Data Security Governance Guideline_v3.0,data security governance,11.2,Secure data and media disposal,"The procedures and measures for secure disposal of media containing information must be implemented proportionally to the classification label of information, ensuring data is irrevocably deleted from storage media, storages, databases, and endpoint devices."
Data Security Governance Guideline_v3.0,data security governance,11.2.1,Secure data and media disposal,Media must be securely disposed by using disposal mechanism approved by the legal entity.
Data Security Governance Guideline_v3.0,data security governance,11.2.2,Secure data and media disposal,Media must be disposed of in a way that renders the stored data unrecoverable by any forensic means.
Data Security Governance Guideline_v3.0,data security governance,11.2.3,Secure data and media disposal,"Media must be securely and safely stored before disposal, by storing in locked storage rooms or containers."
Data Security Governance Guideline_v3.0,data security governance,11.2.4,Secure data and media disposal,Disposal of media must only be performed in areas intended for this purpose.
Data Security Governance Guideline_v3.0,data security governance,11.2.5,Secure data and media disposal,All steps of the media disposal process must be suitably documented.
Data Security Governance Guideline_v3.0,data security governance,11.2.6,Secure data and media disposal,"All media items should be collected and disposed of securely, rather than attempting to separate out the sensitive items."
Data Security Governance Guideline_v3.0,data security governance,11.2.7,Secure data and media disposal,"Media containing information should be stored and disposed of securely by incineration or shredding, or secure erasure of data for use by another application within the organization."
Data Security Governance Guideline_v3.0,data security governance,11.2.8,Secure data and media disposal,"When accumulating media for disposal, consideration should be given to the aggregation effect, which can cause a large quantity of non-confidential information to become confidential."
Data Security Governance Guideline_v3.0,data security governance,11.2.9,Secure data and media disposal,"Equipment containing internal, confidential, or strictly confidential information must be rendered unrecoverable via a secure wipe program prior to equipment disposal."
Data Security Governance Guideline_v3.0,data security governance,11.3,Secure data and media disposal,Only suppliers in accordance with Third-Party ICT Risk Management Guideline must be used for secure collection and disposal of media.
Encryption and Key Management Guideline_v2.0,encryption and key management,1,"Procedure, Development and Governance","An Encryption and Key Management procedure must be defined, documented, and implemented to ensure company data is protected. The procedure must include controls, rules, and guidance for the implementation."
Encryption and Key Management Guideline_v2.0,encryption and key management,1.1,"Procedure, Development and Governance","Encryption and Key management controls and guidance must entail rules around preservation of confidentiality, integrity, availability, and authenticity of data."
Encryption and Key Management Guideline_v2.0,encryption and key management,1.2,"Procedure, Development and Governance","In instances where adherence to leading practices, standards, or the utilization of the most reliable techniques, including the updating or changing of cryptographic technology, is not feasible, Encryption and Key management controls, rules and guidance must entail mitigation and monitoring measures, accompanied by a reasoned explanation for the deviation."
Encryption and Key Management Guideline_v2.0,encryption and key management,1.3,"Procedure, Development and Governance","Encryption and Key management procedure must entail activities on review, approval, implementation, and communication of cryptographic and key management technology changes."
Encryption and Key Management Guideline_v2.0,encryption and key management,2,Selection and implementation of cryptographic measures,"Cryptographic measures selection, implementation must be aligned with recognized standards, applicable legislation, and legal entities’ approval. They must provide sufficient strength and commensurate to applicable data classification."
Encryption and Key Management Guideline_v2.0,encryption and key management,2.1,Selection and implementation of cryptographic measures,Requirements of cryptographic measures regarding strength and quality to be legal entity approved:
Encryption and Key Management Guideline_v2.0,encryption and key management,2.1.1,Selection and implementation of cryptographic measures,"Key lengths, encryption schemes and allowed hash functions must comply with the requirements specified in BSI TR 02102-1, 23.01.2026, preferably AES-256 GCM, with the following exemption: the key length for the cryptographic algorithms DLIES, DSA and RSA must be at least 2000 bits and ≥ 3000 bits if possible."
Encryption and Key Management Guideline_v2.0,encryption and key management,2.1.2,Selection and implementation of cryptographic measures,"The cryptographic measures must be selected in compliance with all relevant agreements, legislations, and regulations as reflected in this guideline, based on recognized international, European, harmonized, or national standards, and the classification of IT Assets."
Encryption and Key Management Guideline_v2.0,encryption and key management,2.1.3,Selection and implementation of cryptographic measures,"Requirements regarding certificates for payment services: If certificates are used for the purpose of identification within a payment service, they must rely on qualified certificates for electronic seals or on qualified certificates for website authentication."
Encryption and Key Management Guideline_v2.0,encryption and key management,2.1.4,Selection and implementation of cryptographic measures,Requirements regarding key storage: The key storage must be commensurate to the strength and quality of the cryptographic measure used and the use case for which the key is applied.
Encryption and Key Management Guideline_v2.0,encryption and key management,2.1.5,Selection and implementation of cryptographic measures,"Risk Analysis: Based on the risk analysis, requirements for the strength and quality of the cryptographic measures must be defined, implemented, ensuring that appropriate BSI approved cryptographic measures are applied."
Encryption and Key Management Guideline_v2.0,encryption and key management,2.2,Selection and implementation of cryptographic measures,"It must be ensured that only cryptographic measures approved by legal entity are used (see Control ID 2.1, Selection of cryptographic measures). If these standards cannot be met, mitigation and monitoring measures must be adopted to ensure cyber resiliency."
Encryption and Key Management Guideline_v2.0,encryption and key management,2.3,Selection and implementation of cryptographic measures,Requirements regarding key management: All cryptographic certificates which are used to secure the communication should be issued by a Public Key Infrastructure (PKI) with the exception of SSH keys.
Encryption and Key Management Guideline_v2.0,encryption and key management,2.4,Selection and implementation of cryptographic measures,Additional for IT Assets subject to MAS TRMG: Transaction signing must be implemented for authorizing high-risk activities.
Encryption and Key Management Guideline_v2.0,encryption and key management,3,"Review, assessment and monitoring of cryptographic measures and products","Cryptographic measures and products must undergo regular assessment, monitoring regarding compliance with applicable standards, legislation, and adherence with developments in cryptanalysis to ensure they remain resilient against cyber threats."
Encryption and Key Management Guideline_v2.0,encryption and key management,3.1,"Review, assessment and monitoring of cryptographic measures and products",The cryptographic measures implemented must be reviewed/ reassessed at least every 12 months.
Encryption and Key Management Guideline_v2.0,encryption and key management,3.2,"Review, assessment and monitoring of cryptographic measures and products","For cryptographic measures and products which do not meet applicable technical or legal requirements or cannot mitigate applicable threats from cryptanalysis development, the potential risks must be assessed and treated."
Encryption and Key Management Guideline_v2.0,encryption and key management,4,"Documentation, inventory of key and cryptographic measures","Documentation of cryptographic measures, cryptographic inventory and Cryptographic Bill of Materials (CBOM), PKI architecture, connection paths with corresponding key and certificate register must be established and regularly maintained to ensure proper operation and compliance."
Encryption and Key Management Guideline_v2.0,encryption and key management,4.1,"Documentation, inventory of key and cryptographic measures","The cryptographic measures must be documented to ensure that they are safely operated, and an overview of the implemented measures is provided: Details of all algorithms and protocols used for the protection of classified data and the keys used should be documented. More precisely, for algorithms and protocols at least the aspects bit security, protection level, standard as well as usage and for keys the strength, expiry date and usage must be recorded."
Encryption and Key Management Guideline_v2.0,encryption and key management,4.2,"Documentation, inventory of key and cryptographic measures",The PKIs must be documented to ensure their safe operation.
Encryption and Key Management Guideline_v2.0,encryption and key management,4.2.1,"Documentation, inventory of key and cryptographic measures","For each PKI a governance model for generation, distribution and management of cryptographic keys must be in place and documented, providing requirements for the complete life cycle of certificates and keys."
Encryption and Key Management Guideline_v2.0,encryption and key management,4.2.2,"Documentation, inventory of key and cryptographic measures","For each certificate authority, methods and processes to be implemented must be described to meet the requirements demanded by the governance model."
Encryption and Key Management Guideline_v2.0,encryption and key management,4.2.3,"Documentation, inventory of key and cryptographic measures","The documentation of PKIs should ensure that the keys are securely managed, conflicts of interest are strictly avoided and a clear role concept with separation of duties is in place to avoid misuse during the creation and administration of cryptographic keys in accordance with Identity and Access Management Guideline."
Encryption and Key Management Guideline_v2.0,encryption and key management,4.3,"Documentation, inventory of key and cryptographic measures",Connection paths and corresponding keys without central validation must be documented in an auditable format to ensure proper compliance of authorizations in addition to providing the ability to remediate any access violations.
Encryption and Key Management Guideline_v2.0,encryption and key management,4.4,"Documentation, inventory of key and cryptographic measures",A register for all certificates and certificate-storing devices for at least IT Assets supporting critical or important functions must be in place and up to date.
Encryption and Key Management Guideline_v2.0,encryption and key management,4.5,"Documentation, inventory of key and cryptographic measures","A cryptographic inventory should be established, implemented, and maintained for all applications and applicable infrastructure components within ICT systems. The cryptographic inventory should represent the authoritative control for documenting, governing, and managing the use of cryptographic measures across the ICT estate. It should be complete, continuously updated, and aligned with the lifecycle of systems and cryptographic assets. At a minimum, the cryptographic inventory should include: ● (31.01.2027) Asset (application or infrastructure component) Owner and responsible organizational unit Description of cryptographic usage and purpose Protocols and cryptographic functions used Location (system, environment, or service) Relevant lifecycle attributes (e.g. creation, validity, rotation or expiry where applicable) A Cryptographic Bill of Materials (CBOM) should be created and maintained for applications and applicable infrastructure components as a supporting artefact to the cryptographic inventory. The CBOM should provide a structured and machine-readable representation of cryptographic components embedded in software and systems and should be used to support the completeness and accuracy of the cryptographic inventory. CBOM should be used as an input source to populate and maintain the cryptographic inventory and appropriate processes should ensure regular synchronization and consistency between CBOM artefacts and the central inventory. At a minimum, the CBOM should include: ● (31.01.2027) Algorithms (including parameters and mode of operation) Cryptographic libraries and modules Key metadata (e.g. key length, usage, and storage location where detectable) Certificates (issuer, subject, signature algorithm, validity period, chain of trust, key usage, and status) Protocol implementations Dependencies between cryptographic components"
Encryption and Key Management Guideline_v2.0,encryption and key management,5,Protection of data in transit,Data in transit must be protected in accordance with its classification and risk analysis and exchanged through secure network only.
Encryption and Key Management Guideline_v2.0,encryption and key management,5.1,Protection of data in transit,Data in transit must be protected depending on its classification based on the results of the approved data classification and risk analysis.
Encryption and Key Management Guideline_v2.0,encryption and key management,5.1.1,Protection of data in transit,"If data communicated within internal network is classified as “critical” or “major” with respect to confidentiality and/or integrity and/or authenticity or ""Data Crown Jewel"" or when the visible label of the data is “strictly confidential”, or “confidential”, it should be protected by cryptographic measures."
Encryption and Key Management Guideline_v2.0,encryption and key management,5.1.2,Protection of data in transit,"The approach to the data in transit cryptographic protection should consider technical risk analysis for at least the following scenarios: connection from a compromised or malicious software client, connection to a compromised or malicious server, “man-in-the middle” attack, data theft by traffic sniffing."
Encryption and Key Management Guideline_v2.0,encryption and key management,5.1.3,Protection of data in transit,"WLAN: Only access solutions for WLAN must be applied using legal entity approved cryptographic measures to ensure authenticity. Furthermore, the communication must be encrypted (see below, communication within internal network) to provide confidentiality."
Encryption and Key Management Guideline_v2.0,encryption and key management,5.1.4,Protection of data in transit,"Port Security: Secure cryptographic measures should be used to ensured that only legal entity owned assets are connected to internal network (excl. legal entity guests) ensuring that confidentiality, integrity, and authenticity are preserved."
Encryption and Key Management Guideline_v2.0,encryption and key management,5.1.5,Protection of data in transit,"Internet of Things and Operational Technology: Data communication should be protected regarding their confidentiality, integrity, and authenticity either by using the cryptographic measures applied for the communication within internal network, by establishing a Virtual Private Network (VPN) based connection or other equivalent technologies."
Encryption and Key Management Guideline_v2.0,encryption and key management,5.1.6,Protection of data in transit,"Emails: Emails should be protected regarding confidentiality, integrity and authenticity using legal entity approved cryptographic measures and keys generated and managed by a PKI."
Encryption and Key Management Guideline_v2.0,encryption and key management,6,Protection of data at rest,Protection of data at rest and rules for encryption of data must be in place and aligned with data classification and risk analysis.
Encryption and Key Management Guideline_v2.0,encryption and key management,6.1,Protection of data at rest,"Data stored inside of internal infrastructure or legal entity approved data centers must be protected with respect to confidentiality, integrity and authenticity depending on its classification and risk analysis."
Encryption and Key Management Guideline_v2.0,encryption and key management,6.1.1,Protection of data at rest,Independent of the classification the following data must be protected by cryptographic measures to preserve confidentiality: personalized security credentials.
Encryption and Key Management Guideline_v2.0,encryption and key management,6.1.2,Protection of data at rest,"Data stored within internal infrastructure classified as “critical” or “major”3 with respect to confidentiality and/or integrity and/or authenticity or ""Data Crown Jewel""4 or where the visible label of the data is “strictly confidential” or “confidential”, should be protected by cryptographic measures."
Encryption and Key Management Guideline_v2.0,encryption and key management,6.1.3,Protection of data at rest,"The approach to the data at rest cryptographic protection should consider technical risk assessment for at least the following scenarios: equipment theft, malicious actions of underlying platform administrator."
Encryption and Key Management Guideline_v2.0,encryption and key management,6.1.4,Protection of data at rest,The storage of mobile devices and storage media must be fully encrypted using legal entity approved cryptographic measures to preserve their confidentiality.
Encryption and Key Management Guideline_v2.0,encryption and key management,6.1.5,Protection of data at rest,"Backups: Backups must be protected from loss of confidentiality, integrity, and authenticity. Depending on the information classification, cryptographic measures must be used."
Encryption and Key Management Guideline_v2.0,encryption and key management,6.1.6,Protection of data at rest,"Archives: Archives must be protected from loss of confidentiality, integrity, and authenticity. Depending on the information classification, cryptographic measures must be used. Furthermore, long-term security must be ensured, data is protected and can be accessed during its entire legally obligated archival period."
Encryption and Key Management Guideline_v2.0,encryption and key management,6.1.7,Protection of data at rest,Stationary Devices: The storage of all Stationary Devices containing critical data should be protected regarding confidentiality using legal entity approved cryptographic measures.
Encryption and Key Management Guideline_v2.0,encryption and key management,6.1.8,Protection of data at rest,"Internal Servers: File-, database-, mail-, application- and web servers, internal data centers, on-premises clouds as well as collaboration platforms should be protected regarding confidentiality using legal entity approved cryptographic measures providing full disk or partitions encryption."
Encryption and Key Management Guideline_v2.0,encryption and key management,6.2,Protection of data at rest,Data at rest stored outside of internal infrastructure or legal entity approved data centers must be protected depending on its classification and risk analysis.
Encryption and Key Management Guideline_v2.0,encryption and key management,6.2.1,Protection of data at rest,"If data is classified as “minor”, “major” or “critical”3 with respect to confidentiality or ""Data Crown Jewel""4 or when the visible label of the data is “internal”, “external”, “confidential” or “strictly confidential”, it must be encrypted by the legal entity using its approved cryptographic measures, such that only the legal entity can decrypt the data to preserve its confidentiality (the data is stored in encrypted form in external servers)."
Encryption and Key Management Guideline_v2.0,encryption and key management,6.2.2,Protection of data at rest,"The approach to the data at rest cryptographic protection should consider technical risk analysis for at least the following scenarios: equipment theft, malicious actions of underlying platform administrator, cyberattack on the external infrastructure provider."
Encryption and Key Management Guideline_v2.0,encryption and key management,6.2.3,Protection of data at rest,Legal entity approved cryptographic measures must be used to ensure that only authorized persons access the ICT Systems to preserve integrity and authenticity.
Encryption and Key Management Guideline_v2.0,encryption and key management,7,Protection of data in use,Protection of data in use must be in place and aligned with data classification and risk analysis.
Encryption and Key Management Guideline_v2.0,encryption and key management,7.1,Protection of data in use,"Rules for the encryption of data in use must be defined, documented based on the results of the approved data classification and risk analysis, for example, rules for confidential computing."
Encryption and Key Management Guideline_v2.0,encryption and key management,7.2,Protection of data in use,"In case encryption of data in use is not possible, the data must be processed in a separated and protected environment or take other equivalent measures that ensure confidentiality, integrity, authenticity, and availability of data if possible."
Encryption and Key Management Guideline_v2.0,encryption and key management,8,Key Management and Governance,It must be ensured that requirements and guidance for cryptographic key management are in place.
Encryption and Key Management Guideline_v2.0,encryption and key management,8.1,Key Management and Governance,"Requirements for cryptographic key management must cover the entire lifecycle of cryptographic keys, including generating, renewing, storing, backing up, archiving, retrieving, transmitting, retiring, revoking, and destroying those cryptographic keys."
Encryption and Key Management Guideline_v2.0,encryption and key management,8.2,Key Management and Governance,Requirements must specify how cryptographic keys are correctly used and protected.
Encryption and Key Management Guideline_v2.0,encryption and key management,8.3,Key Management and Governance,The cryptographic keys should be dedicated to a single purpose.
Encryption and Key Management Guideline_v2.0,encryption and key management,8.3.1,Key Management and Governance,The key should be either used for encryption or for digital signatures.
Encryption and Key Management Guideline_v2.0,encryption and key management,8.3.2,Key Management and Governance,Additional PKI-specific and certificate-related requirements: Certificates used for authentication of users or entities should not be used for digital signatures or non-repudiation.
Encryption and Key Management Guideline_v2.0,encryption and key management,8.3.3,Key Management and Governance,"Where an IT Application uses certificates for user authentication and digital signatures, two separate keys and certificates should be issued to each user."
Encryption and Key Management Guideline_v2.0,encryption and key management,8.3.4,Key Management and Governance,If a digital certificate to a key pair is generated it should clearly indicate the intended usage using X509 key usage and extended key usage attributes.
Encryption and Key Management Guideline_v2.0,encryption and key management,8.4,Key Management and Governance,Customer keys or other master keys must be generated and stored under legal entity control whether on-premises or in the cloud.
Encryption and Key Management Guideline_v2.0,encryption and key management,9,Key generation,It must be ensured that key generation is performed appropriately with sufficient security measures and that generated keys meet applicable strength and quality requirements.
Encryption and Key Management Guideline_v2.0,encryption and key management,9.1,Key generation,"The key generation and utilized random number generators must comply with the requirements specified in BSI standards or by using hardware coming with a NIST FIPS 140-2 validation and NIST FIPS 140-3 validation should be used if possible. For detailed requirements on key generation and random number generator, please refer to BSI TR 02102-1, 23.01.2026 and NIST SP 800-90A, 06.2015."
Encryption and Key Management Guideline_v2.0,encryption and key management,9.2,Key generation,The security parameters of the keys must be chosen such that they provide the strength and quality demanded by the legal entity.
Encryption and Key Management Guideline_v2.0,encryption and key management,9.3,Key generation,"When keys used in the Red Segregation Area are generated, at least two persons should be present and provide a formal documentation of the steps performed."
Encryption and Key Management Guideline_v2.0,encryption and key management,9.4,Key generation,"If users generate their own keys, they should be guided in generating key material, especially when they decide for parameters or add randomness."
Encryption and Key Management Guideline_v2.0,encryption and key management,9.5,Key generation,Keys should only be created with the intent of establishing an approved trust relationship and must be deleted if approval of the request has been denied or revoked.
Encryption and Key Management Guideline_v2.0,encryption and key management,9.6,Key generation,Additional PKI-specific and certificate-related requirements:
Encryption and Key Management Guideline_v2.0,encryption and key management,9.6.1,Key generation,The key generation must be carried out using a secure cryptographic key generator.
Encryption and Key Management Guideline_v2.0,encryption and key management,9.6.2,Key generation,"The hardware used to generate the keys must be protected against unauthorized access, theft, or damage by appropriate physical and organizational measures."
Encryption and Key Management Guideline_v2.0,encryption and key management,9.6.3,Key generation,Key-encrypting keys (keys used to protect multiple keys) must be at least as strong as the data-encrypting keys they protect.
Encryption and Key Management Guideline_v2.0,encryption and key management,9.6.4,Key generation,"After key generation, all data used during this process should be destroyed."
Encryption and Key Management Guideline_v2.0,encryption and key management,9.6.5,Key generation,"For long-living keys or sensitive keys, it should be ensured that no single individual knows the key in its entirety or has access to all the components generating the keys."
Encryption and Key Management Guideline_v2.0,encryption and key management,9.7,Key generation,Additional SSH-key-related requirements:
Encryption and Key Management Guideline_v2.0,encryption and key management,9.7.1,Key generation,"SSH-keys generation must be carried out using a secure cryptographic key generator, which ensures enough randomness and prevents manipulation."
Encryption and Key Management Guideline_v2.0,encryption and key management,9.7.2,Key generation,SSH-key pairs should be created on the source system where the private key remains.
Encryption and Key Management Guideline_v2.0,encryption and key management,9.7.3,Key generation,Least privilege principle and measures to reduce risks related to misuse should be technically enforced for generated SSH-keys.
Encryption and Key Management Guideline_v2.0,encryption and key management,10,Key distribution,Keys must be protected when distributed.
Encryption and Key Management Guideline_v2.0,encryption and key management,10.1,Key distribution,It must be ensured that only authorized key holders receive secret keys.
Encryption and Key Management Guideline_v2.0,encryption and key management,10.2,Key distribution,The key holder should formally acknowledge that they understand and accept their key-custodian responsibilities.
Encryption and Key Management Guideline_v2.0,encryption and key management,10.3,Key distribution,Additional PKI-specific and certificate-related requirements:
Encryption and Key Management Guideline_v2.0,encryption and key management,10.3.1,Key distribution,"During key distribution, the same protection level as required for key storage must be met."
Encryption and Key Management Guideline_v2.0,encryption and key management,10.4,Key distribution,Additional SSH-key-related requirements:
Encryption and Key Management Guideline_v2.0,encryption and key management,10.4.1,Key distribution,"Private key distribution process must be done in encrypted form, and it must be ensured that the private key is kept confidential during the process."
Encryption and Key Management Guideline_v2.0,encryption and key management,10.4.2,Key distribution,"Private key distribution must be prevented to avoid exposure, if applicable."
Encryption and Key Management Guideline_v2.0,encryption and key management,10.4.3,Key distribution,Public keys must only be distributed by authorized users for the establishment of approved trust-relationships.
Encryption and Key Management Guideline_v2.0,encryption and key management,10.4.4,Key distribution,Established trust-relationships must be documented to ensure audit and remediation activities.
Encryption and Key Management Guideline_v2.0,encryption and key management,11,Key installation,Keys must be checked prior to installation and deployment.
Encryption and Key Management Guideline_v2.0,encryption and key management,11.1,Key installation,"Before key installation, the key holder receiving the key must verify its integrity and authenticity, following a risk-based approach."
Encryption and Key Management Guideline_v2.0,encryption and key management,11.2,Key installation,Additional SSH-key-related requirements: When the SSH target Account Owner receives a key deployment request the following attributes must be checked: It must be verified whether the SSH-key pair expiration date has not been met yet and no deletion date is documented for the SSH-key pair.
Encryption and Key Management Guideline_v2.0,encryption and key management,12,Key storage,"Cryptographic keys must be physically and/or logically protected against modification, theft, loss, and deletion, in accordance with the classification level of the data they protect and aligned with risk-based approach."
Encryption and Key Management Guideline_v2.0,encryption and key management,12.1,Key storage,The keys must be stored such that the strength and quality demanded by the legal entity is provided.
Encryption and Key Management Guideline_v2.0,encryption and key management,12.2,Key storage,Key-encrypting keys must be stored separately from data-encrypting keys.
Encryption and Key Management Guideline_v2.0,encryption and key management,12.3,Key storage,Private keys should remain non-exportable or vaulted.
Encryption and Key Management Guideline_v2.0,encryption and key management,12.4,Key storage,"In case cryptographic keys are managed by the Asset Owners themselves, all operations must be recorded in a log and forwarded to central storage."
Encryption and Key Management Guideline_v2.0,encryption and key management,12.5,Key storage,Additional PKI-specific and certificate-related requirements:
Encryption and Key Management Guideline_v2.0,encryption and key management,12.5.1,Key storage,"Hardware storing key material must be protected from loss, theft, or damage by appropriate organizational and physical measures."
Encryption and Key Management Guideline_v2.0,encryption and key management,12.5.2,Key storage,Hardware storing keys must be certified to be sufficiently tamper-proof.
Encryption and Key Management Guideline_v2.0,encryption and key management,12.5.3,Key storage,Access to key-encrypting keys must be protected using the multiple-eyes principle.
Encryption and Key Management Guideline_v2.0,encryption and key management,12.5.4,Key storage,Access to systems storing key material must be limited to the need-to-know principle for authorized people.
Encryption and Key Management Guideline_v2.0,encryption and key management,12.5.5,Key storage,Private keys must only be stored in encrypted form.
Encryption and Key Management Guideline_v2.0,encryption and key management,12.5.6,Key storage,"Cryptographic keys that are used for long periods of time or pose a high risk in case of key leakage, must be stored outside of the used ICT Systems."
Encryption and Key Management Guideline_v2.0,encryption and key management,12.5.7,Key storage,"If long-living keys are stored, they should be protected by the multiple-eyes principle."
Encryption and Key Management Guideline_v2.0,encryption and key management,12.5.8,Key storage,"If the key is used to protect data classified as “critical”3 with respect to confidentiality or ""Data Crown Jewel""4 or the visible label of the data is “strictly confidential”, it should be stored on a hardware security module."
Encryption and Key Management Guideline_v2.0,encryption and key management,12.6,Key storage,"Additional SSH-key-related requirements: Access to private SSH-keys must be restricted to authorized users and should be limited to read access, if applicable."
Encryption and Key Management Guideline_v2.0,encryption and key management,13,Key renewal/rotation,Key renewal and session key change should be performed regularly to avoid compromise over time.
Encryption and Key Management Guideline_v2.0,encryption and key management,13.1,Key renewal/rotation,"To address potential compromise of key material over time, a periodic key renewal should be performed."
Encryption and Key Management Guideline_v2.0,encryption and key management,13.1.1,Key renewal/rotation,"For each use of cryptographic measures, the validity period of keys should be determined by consideration of the cryptographic algorithms and parameters, the threat vectors and landscape, the sensitivity and protection requirements of the data, the frequency, volume and use case of key usage, the level of security of the key storage and the operational criticality."
Encryption and Key Management Guideline_v2.0,encryption and key management,13.1.2,Key renewal/rotation,The process to renew keys should be initiated early enough to ensure that a new key is in place before the old key expires.
Encryption and Key Management Guideline_v2.0,encryption and key management,13.1.3,Key renewal/rotation,The new keys should be generated independently from the previous key.
Encryption and Key Management Guideline_v2.0,encryption and key management,13.1.4,Key renewal/rotation,Additional SSH-key-related requirements: SSH-key pairs held by a group of individuals should be changed whenever an individual is removed from the group.
Encryption and Key Management Guideline_v2.0,encryption and key management,13.2,Key renewal/rotation,"Session keys should be changed after a specific time or number of encrypted packets, considering risk analysis."
Encryption and Key Management Guideline_v2.0,encryption and key management,13.3,Key renewal/rotation,PKI-specific and certificate-related requirements: Certificates must be renewed in an appropriate time before they expire.
Encryption and Key Management Guideline_v2.0,encryption and key management,14,Key backup and archiving,"Cryptographic keys must be securely protected in backup, archive and their availability must be ensured when needed."
Encryption and Key Management Guideline_v2.0,encryption and key management,14.1,Key backup and archiving,Cryptographic keys must be protected when backed up and/or archived.
Encryption and Key Management Guideline_v2.0,encryption and key management,14.1.1,Key backup and archiving,The same level of protection as for key storage must be provided for the backed up and archived data as well.
Encryption and Key Management Guideline_v2.0,encryption and key management,14.1.2,Key backup and archiving,"Keys must be deposited (respectively backed up and/or archived) when they are used for encryption or, in case of a key loss, access to the encrypted data is still required."
Encryption and Key Management Guideline_v2.0,encryption and key management,14.2,Key backup and archiving,It must be ensured that keys can be restored and clarified from whom the data can be accessed.
Encryption and Key Management Guideline_v2.0,encryption and key management,14.2.1,Key backup and archiving,"Based on the backup, in case of a disaster or media failure the keys must be recoverable to quickly re-establish products and to access encrypted information."
Encryption and Key Management Guideline_v2.0,encryption and key management,14.2.2,Key backup and archiving,"Processes should be provided on how to react in case of a key loss or failure, malfunction, or breakdown of cryptographic products."
Encryption and Key Management Guideline_v2.0,encryption and key management,15,ICT-related Incidents involving cryptographic keys,"It must be ensured that ICT-related Incidents involving cryptographic keys are understood, identified and that countermeasures are available for overall ICT-related Incident response."
Encryption and Key Management Guideline_v2.0,encryption and key management,15.1,ICT-related Incidents involving cryptographic keys,Possible ICT-related Incidents involving cases such as loss or failure of cryptographic keys must be identified in advance.
Encryption and Key Management Guideline_v2.0,encryption and key management,15.2,ICT-related Incidents involving cryptographic keys,"Processes and countermeasures must be defined on how to react in case of a key loss, key compromise or failure, malfunction, or breakdown of cryptographic products. Additional PKI-specific and certificate-related requirements: Possible countermeasures for these ICT-related Incidents include the following: revocation of the key and adding it to the Certificate Revocation List (CRL), deletion of data encrypted with forged keys, prolonging the security by re-encryption and building of signature chains."
Encryption and Key Management Guideline_v2.0,encryption and key management,15.3,ICT-related Incidents involving cryptographic keys,"Parties that are affected by key compromise, such as Information Owners, must be informed."
Encryption and Key Management Guideline_v2.0,encryption and key management,16,Key deletion,Key deletion must be performed securely to ensure non-recoverability.
Encryption and Key Management Guideline_v2.0,encryption and key management,16.1,Key deletion,"If keys are no longer required, they must be deleted in a secure way."
Encryption and Key Management Guideline_v2.0,encryption and key management,16.2,Key deletion,PKI-specific and certificate-related requirements: It should be prevented that deleted keys can be recovered by any party in case keys are stored in a Hardware Secure Module (HSM).
Encryption and Key Management Guideline_v2.0,encryption and key management,17,Cloud-specific encryption requirements,It must be ensured that appropriate cryptographic measures and cryptographic key management are in place for cloud.
Encryption and Key Management Guideline_v2.0,encryption and key management,17.1,Cloud-specific encryption requirements,"Rules for secure cloud cryptographic key management including key generation, storage and sharing of keys, must be defined and implemented."
Encryption and Key Management Guideline_v2.0,encryption and key management,17.1.1,Cloud-specific encryption requirements,"For IT Assets classified as major and critical regarding confidentiality or systems that process, store Data crown jewels [4], the key generation should be done inside hardware security modules (HSM) that complies with FIPS 140-2 Level 3 or with FIPS 140-3 Level 3 if possible."
Encryption and Key Management Guideline_v2.0,encryption and key management,17.1.2,Cloud-specific encryption requirements,The default key storage of the CSP may be used for negligible and minor3 regarding confidentiality of classified IT Assets for the key generation.
Encryption and Key Management Guideline_v2.0,encryption and key management,17.1.3,Cloud-specific encryption requirements,"Keys must be shared as cryptograms, e.g., encrypted with the addressee's public key via secure e-mail or secure file transfer or via HSM native envelope encryption. Other mechanisms for key distribution are not acceptable."
Encryption and Key Management Guideline_v2.0,encryption and key management,17.1.4,Cloud-specific encryption requirements,It must be contractually ensured that cloud service providers provide the ability for the covered legal entity to manage own data encryption keys.
Encryption and Key Management Guideline_v2.0,encryption and key management,17.1.5,Cloud-specific encryption requirements,The legal entity must ensure that API keys are secure.
Encryption and Key Management Guideline_v2.0,encryption and key management,17.2,Cloud-specific encryption requirements,"It must be ensured that connections are established using industry standard protocols including but not limited to HTTPS, IPSec, SSH. Connection in public networks must always be encrypted."
Encryption and Key Management Guideline_v2.0,encryption and key management,17.3,Cloud-specific encryption requirements,It must be ensured that backups performed using cloud native services are encrypted.
Encryption and Key Management Guideline_v2.0,encryption and key management,18,Certificate validation requirements,"When encrypting or verifying messages, it must be ensured that the certificate meets security requirements by checking the key holder’s data, the validity of the certificate chain, expiration dates, and the Certificate Revocation List (CRL); report any non-compliant certificates as ICT-related Incidents."
Encryption and Key Management Guideline_v2.0,encryption and key management,18.1,Certificate validation requirements,"PKI-specific and certificate-related requirements: When a user encrypts the message sent to a receiver or verifies a received signed message, it must be checked whether the certificate fulfills the necessary security requirements. Certificates which do not meet the requirements listed below must be reported as an ICT-related Incident."
Encryption and Key Management Guideline_v2.0,encryption and key management,18.1.1,Certificate validation requirements,It must be verified whether the data of the key holder matches the subject or subject alternative name contained in the certificate.
Encryption and Key Management Guideline_v2.0,encryption and key management,18.1.2,Certificate validation requirements,It must be verified whether the whole certificate chain (up until the root-CA) is valid.
Encryption and Key Management Guideline_v2.0,encryption and key management,18.1.3,Certificate validation requirements,It must be verified whether the validity of the certificates has not yet expired.
Encryption and Key Management Guideline_v2.0,encryption and key management,18.1.4,Certificate validation requirements,It must be verified whether the certificates are not listed on the Certificate Revocation List (CRL) containing a list of all revoked certificates.
Encryption and Key Management Guideline_v2.0,encryption and key management,19,Electronic messaging controls,"It must be ensured that all business information transfers use cryptographic measures to meet confidentiality, integrity, authenticity, and non-repudiation requirements, with encryption for ""strictly confidential"" data or Data Crown Jewel [4] being implemented where possible."
Encryption and Key Management Guideline_v2.0,encryption and key management,19.1,Electronic messaging controls,"Solutions for electronic business information transfer must provide adequate protection capabilities by using cryptographic measures to comply with the confidentiality, authenticity, integrity, and non-repudiation requirements of the transferred business information."
Encryption and Key Management Guideline_v2.0,encryption and key management,19.2,Electronic messaging controls,A concept to identify and consider the integrity requirements of the data must be defined and implemented.
Encryption and Key Management Guideline_v2.0,encryption and key management,19.3,Electronic messaging controls,"For information which is classified as “strictly confidential” or ""Data Crown Jewel""4, all communication should be encrypted."
Human-related ICT Management Guideline_v2.0,human related ict management,1,Screening and verification procedures,"Procedures for screening and verifying candidates before employment must be defined, implemented, managed, and controlled."
Human-related ICT Management Guideline_v2.0,human related ict management,1.1,Screening and verification procedures,Procedures for screening and verification must be documented and reviewed at least every 12 months. The procedures must at least consider: The candidate’s curriculum vitae and criminal records Claimed academic and professional qualifications Independent identity verification External references for employees with executive employment contracts (for Level 5 and above)
Human-related ICT Management Guideline_v2.0,human related ict management,2,Contractual obligations regarding information security,Contractual obligations must consider the organization’s demand on information security to ensure adherence and to prevent information leakage.
Human-related ICT Management Guideline_v2.0,human related ict management,2.1,Contractual obligations regarding information security,The contractual obligations for personnel must take into consideration the organization’s information security Policies and Guidelines and their adherence to these.
Human-related ICT Management Guideline_v2.0,human related ict management,2.2,Contractual obligations regarding information security,Confidentiality or non-disclosure agreements must be signed prior to being given access to information and other associated assets.
Human-related ICT Management Guideline_v2.0,human related ict management,3,General requirements for ICT security awareness program and Digital operational resilience (DOR) training,"It must be ensured that the ICT security awareness program and DOR training fulfil the general requirements in terms of target group, content and necessary adjustments."
Human-related ICT Management Guideline_v2.0,human related ict management,3.1,General requirements for ICT security awareness program and Digital operational resilience (DOR) training,The following must apply to all employees of legal entities and ICT third-party service providers who either use or have access to the IT and non-IT Assets of the legal entity:
Human-related ICT Management Guideline_v2.0,human related ict management,3.1.1,General requirements for ICT security awareness program and Digital operational resilience (DOR) training,"They must be aware of information security requirements derived from relevant security Policies, Guidelines and Procedures and comply with them in their daily work."
Human-related ICT Management Guideline_v2.0,human related ict management,3.1.2,General requirements for ICT security awareness program and Digital operational resilience (DOR) training,"They must be aware of reporting channels for the detection of anomalous behavior, including reporting channels for whistleblowing."
Human-related ICT Management Guideline_v2.0,human related ict management,3.2,General requirements for ICT security awareness program and Digital operational resilience (DOR) training,ICT security awareness program and DOR training that cover ICT security obligations and raise awareness of ICT risks among all employees must be defined.
Human-related ICT Management Guideline_v2.0,human related ict management,3.3,General requirements for ICT security awareness program and Digital operational resilience (DOR) training,"The ICT security awareness program and DOR training must include at least the following information: Personal responsibility for own actions and omissions and general responsibilities to protect IT and non-IT Assets. Fundamental information security obligations (such as reporting ICT-related incidents), generally applicable security measures and information on behavior when security-relevant events occur. Prevalent and emerging cyber threats and risks."
Human-related ICT Management Guideline_v2.0,human related ict management,3.4,General requirements for ICT security awareness program and Digital operational resilience (DOR) training,The ICT security awareness program and DOR training must be developed and provided for at least the following target groups:
Human-related ICT Management Guideline_v2.0,human related ict management,3.4.1,General requirements for ICT security awareness program and Digital operational resilience (DOR) training,All employees of the legal entity.
Human-related ICT Management Guideline_v2.0,human related ict management,3.4.2,General requirements for ICT security awareness program and Digital operational resilience (DOR) training,The management body of the legal entity.
Human-related ICT Management Guideline_v2.0,human related ict management,3.4.3,General requirements for ICT security awareness program and Digital operational resilience (DOR) training,"Third-party service providers must be included in the ICT security awareness program and DOR training where appropriate and applicable, when: an ICT-related incident for which an Incident Management Meeting (IMM) or Incident Classification Meeting (ICM) has been conducted, and an Incident Statement has been created, where: the incident was caused by a third party due to a lack of awareness or negligent/unintentional behavior; or the prescribed remediation measures include awareness or training activities; or contractual obligations regarding ICT security awareness training have not been fulfilled, and the third party is unable to provide a plan with appropriate mitigating actions."
Human-related ICT Management Guideline_v2.0,human related ict management,3.5,General requirements for ICT security awareness program and Digital operational resilience (DOR) training,"The ICT security awareness program, AI awareness and literacy program where applicable and possible, and DOR training must be provided, reviewed and updated at least once every 12 months and must be kept consistent with the Policies and Guidelines."
Human-related ICT Management Guideline_v2.0,human related ict management,4,Digital operational resilience (DOR) training,"It must be ensured that structured training is provided, ranging from medium to the highest level of complexity, which builds DOR capabilities by equipping both specialists and all employees, including the management body, with technical and other relevant skills to adequately deal with ICT disruptions and other relevant ICT-related challenges."
Human-related ICT Management Guideline_v2.0,human related ict management,4.1,Digital operational resilience (DOR) training,"The level of complexity of the DOR training must be tailored to the functions of the internal employees, management body or employees of third-party service providers."
Human-related ICT Management Guideline_v2.0,human related ict management,4.2,Digital operational resilience (DOR) training,The following must apply to employees for whom it is relevant by virtue of their role or responsibilities:
Human-related ICT Management Guideline_v2.0,human related ict management,4.2.1,Digital operational resilience (DOR) training,"Regarding KRITIS services, regular and documented instruction must be provided regarding the secure configuration and operation of the IT applications and infrastructure required for the critical service, including mobile devices."
Human-related ICT Management Guideline_v2.0,human related ict management,4.2.2,Digital operational resilience (DOR) training,"Where applicable, regular awareness and training requirements must be established for specific roles, such as users of information systems and services, legal entity IT operations and Information Security 1st LoD, which require adequate and technical knowledge of ICT risks and security measures."
Human-related ICT Management Guideline_v2.0,human related ict management,4.2.3,Digital operational resilience (DOR) training,"Additional needs for training or awareness measures, e.g., for employees with privileged access, for secure coding, or against phishing attacks, should be considered."
Human-related ICT Management Guideline_v2.0,human related ict management,5,AI Awareness and Literacy Program,"A comprehensive and role-specific AI literacy program must be established, maintained, and continuously improved to ensure that all personnel involved in the AI system lifecycle possess the necessary competence, awareness, and understanding of AI-related risks, ethics, and operational responsibilities."
Human-related ICT Management Guideline_v2.0,human related ict management,5.1,AI Awareness and Literacy Program,An AI literacy/educational program must be established and documented.
Human-related ICT Management Guideline_v2.0,human related ict management,5.2,AI Awareness and Literacy Program,"Roles and responsibilities related to AI literacy/education must be assigned, documented, and communicated across the organization."
Human-related ICT Management Guideline_v2.0,human related ict management,5.3,AI Awareness and Literacy Program,"The AI literacy/educational program should reference other relevant organizational policies and be available to interested parties, as appropriate."
Human-related ICT Management Guideline_v2.0,human related ict management,5.4,AI Awareness and Literacy Program,"Security education AI Risk & Threat awareness for technical roles for data scientists and development teams on AI threat awareness, including attacks on models, must should be established."
Human-related ICT Management Guideline_v2.0,human related ict management,5.5,AI Awareness and Literacy Program,"All engineers, including data scientists, should attend appropriate training before developing AI systems."
Human-related ICT Management Guideline_v2.0,human related ict management,5.6,AI Awareness and Literacy Program,"Training programs should be tailored to roles and include topics such as AI fundamentals, ethical considerations, data privacy and security, model development, human-centered design, and AI system applications."
Human-related ICT Management Guideline_v2.0,human related ict management,6,Compliance with ICT risk awareness and training,"It must be ensured that the ICT security awareness program, relevant AI awareness and literacy training where applicable, and DOR training are performed, monitored and reported."
Human-related ICT Management Guideline_v2.0,human related ict management,6.1,Compliance with ICT risk awareness and training,"ICT risk awareness, AI awareness and literacy training where required by role and where possible, and DOR training must be completed at least on an annual basis, by the end of each calendar year and compliance must be monitored. For certain programs, such as DOR training, adherence to year-end completion schedule will apply to training cycle commencing in the upcoming calendar year."
Human-related ICT Management Guideline_v2.0,human related ict management,6.2,Compliance with ICT risk awareness and training,"Standard reporting, for AI awareness and literacy training where applicable and possible, regarding training participation must be available."
Human-related ICT Management Guideline_v2.0,human related ict management,7,Disciplinary process,Compliance of employees with legal entity’s information security requirements must be enforced and the disciplinary consequences must be made transparent.
Human-related ICT Management Guideline_v2.0,human related ict management,8,Termination of employment,"A process must be designed, implemented, managed, and controlled to ensure that all assets are returned to the organization and access rights are deactivated and revoked upon termination of employment."
Human-related ICT Management Guideline_v2.0,human related ict management,9,Change of employment,It must be ensured that access rights are adjusted accordingly in the event of changes to employment.
Human-related ICT Management Guideline_v2.0,human related ict management,9.1,Change of employment,The following Information Security requirements relevant for changes of employment must be fulfilled:
Human-related ICT Management Guideline_v2.0,human related ict management,9.1.1,Change of employment,Access rights for employees must be aligned with their positions and must be reviewed and adjusted according to the control requirements in the Identity and Access Management Guideline.
Human-related ICT Management Guideline_v2.0,human related ict management,9.1.2,Change of employment,"For employees that: Change the company Change the position (for example due to work content or employment status changes like from student to employee) Change their contract (from fixed term to permanent) in combination with a company/position change Perform a Career Track Change (in combination with a company/position change) Are promoted in combination with a company/position change access rights to primary and secondary assets, excluding the birth right roles, must be reviewed and adjusted (if necessary)."
ICT Asset Management Guideline_v2.0,ict asset management,1,ICT Asset Management Procedure,It must be ensured that ICT Asset Management procedures are in place that manage IT Assets and non-IT Assets throughout their entire lifecycle.
ICT Asset Management Guideline_v2.0,ict asset management,1.1,ICT Asset Management Procedure,"ICT Asset Management procedures must be in place to manage all IT Assets and, where applicable, non-IT Assets."
ICT Asset Management Guideline_v2.0,ict asset management,1.2,ICT Asset Management Procedure,"The procedures must ensure complete and accurate management of IT Assets and, where applicable, non-IT Assets."
ICT Asset Management Guideline_v2.0,ict asset management,1.3,ICT Asset Management Procedure,"It must be ensured that the IT Assets fulfil all required technical prerequisites (e.g. safety requirements and procedures, CE marking etc.)."
ICT Asset Management Guideline_v2.0,ict asset management,1.4,ICT Asset Management Procedure,"Each Legal Entity using an IT Asset and, where applicable, non-IT Asset must define protection needs of this asset from the Legal Entities perspective."
ICT Asset Management Guideline_v2.0,ict asset management,2,Roles and Responsibilities,It must be ensured that roles and responsibilities during the ICT Asset Management process are clearly defined.
ICT Asset Management Guideline_v2.0,ict asset management,2.1,Roles and Responsibilities,"It must be ensured that responsibilities during the ICT Asset Lifecycle are clearly defined, and the required resources are made available."
ICT Asset Management Guideline_v2.0,ict asset management,2.2,Roles and Responsibilities,Segregation of Duties must be applied to reduce opportunities for unauthorized or unintentional modification or misuse of IT Assets.
ICT Asset Management Guideline_v2.0,ict asset management,3,Asset Ownership,It must be ensured that Asset Owner and Information Owner are in place for all Primary and Secondary Assets.
ICT Asset Management Guideline_v2.0,ict asset management,3.1,Asset Ownership,All Primary and Secondary Assets must have a dedicated Asset Owner.
ICT Asset Management Guideline_v2.0,ict asset management,3.2,Asset Ownership,Ownership for Primary and Secondary Assets must be assigned when an asset is created or when assets are acquired or transferred to a legal entity.
ICT Asset Management Guideline_v2.0,ict asset management,3.3,Asset Ownership,Asset ownership must be reassigned as necessary when current Asset Owners or Information Owners leave or change job roles.
ICT Asset Management Guideline_v2.0,ict asset management,3.4,Asset Ownership,An Information Owner must be nominated to perform the tasks outlined in this Guideline for the respective legal entity.
ICT Asset Management Guideline_v2.0,ict asset management,3.5,Asset Ownership,"The Information Owner for information assets and the Asset Owner for all assets must be accountable for the proper management of an asset over the whole asset lifecycle, including: Ensuring that assets within their scope are appropriately identified, classified, maintained, and updated annually or in case of changes Ensuring that assets within their scope are appropriately handled and protected across the asset lifecycle in accordance with the defined requirements in all valid ICT Risk Guidelines Ensuring that their missing, stolen, or compromised assets (including non-IT assets where applicable) are reported immediately, in accordance with the relevant procedures."
ICT Asset Management Guideline_v2.0,ict asset management,4,Asset Inventory,"It must be ensured that an accurate and up-to-date asset Inventory is in place, covering all relevant information."
ICT Asset Management Guideline_v2.0,ict asset management,4.1,Asset Inventory,All Primary Assets and Secondary Assets must be inventoried in a dedicated inventory.
ICT Asset Management Guideline_v2.0,ict asset management,4.2,Asset Inventory,"The asset inventory must be kept complete, accurate, up to date, consistent and aligned with other relevant inventories."
ICT Asset Management Guideline_v2.0,ict asset management,4.3,Asset Inventory,The asset inventory must be reviewed for updates at defined intervals or in case of significant changes.
ICT Asset Management Guideline_v2.0,ict asset management,4.4,Asset Inventory,"Where applicable, appropriate scanning methods for IT Assets must be in place to ensure the completeness of the asset inventory."
ICT Asset Management Guideline_v2.0,ict asset management,4.5,Asset Inventory,"For Primary Assets and Secondary Assets, the asset inventory must include, at a minimum, the following information for each asset: Unique Asset ID Asset Type Asset Owner and, where applicable, Information Owner Supported business functions or services Links and interdependencies between assets and the business functions utilizing them Legal Entity owning and using the asset Asset Classification Comprehensive asset lifecycle history, including change logs (user, timestamp) and review cycles Tagging of KRITIS-relevant assets Tag if asset is CIF / DORA-relevant Where applicable, Information on physical location Where applicable, documented warranty and support contract details, including end dates"
ICT Asset Management Guideline_v2.0,ict asset management,4.6,Asset Inventory,"Additionally for IT Assets the asset inventory must further include, at a minimum, the following information for each asset: Network exposure details (if IT asset can be or is exposed to external networks, including the internet) ICT business continuity requirements (RTO and RPO) Asset configuration Software technology and version (e.g. Windows Server, OracleDB) Information on physical or logical location (including information on network addresses (IP, VIP) where applicable) Tagging of legacy ICT Systems End dates of the ICT third-party regular, extended, and custom support services after which those ICT assets are no longer supported Tagging of AI usage"
ICT Asset Management Guideline_v2.0,ict asset management,4.7,Asset Inventory,The inclusion of additional relevant tags for assets in the Asset Inventory should be considered in the procedures (e.g. tagging of cloud components).
ICT Asset Management Guideline_v2.0,ict asset management,4.8,Asset Inventory,The asset inventory must be available for review and audit by the organization according to business needs.
ICT Asset Management Guideline_v2.0,ict asset management,4.9,Asset Inventory,"For AI Models, AI Agents and AI Systems: additional attributes must be maintained as defined in ICT Risk AI Guideline."
ICT Asset Management Guideline_v2.0,ict asset management,5,Asset Criticality Assessment,"It must be ensured that the criticality of all IT Assets and, where applicable, non-IT Assets is assessed."
ICT Asset Management Guideline_v2.0,ict asset management,5.1,Asset Criticality Assessment,"A process must be established to assess the criticality of IT Assets and, where applicable, non-IT Assets that support business functions by the LEs owning the Information Assets that are processed by the Secondary Assets."
ICT Asset Management Guideline_v2.0,ict asset management,5.2,Asset Criticality Assessment,"Dependencies between the IT Assets or, where applicable, non-IT Assets and other IT Assets, non-IT Assets or Information Assets must be considered when assessing the criticality."
ICT Asset Management Guideline_v2.0,ict asset management,5.3,Asset Criticality Assessment,The criticality assessment must consider the ICT risk of the IT Asset or non-IT Asset and supported business functions.
ICT Asset Management Guideline_v2.0,ict asset management,5.4,Asset Criticality Assessment,"During the criticality assessment, it must be considered how the loss of confidentiality, integrity, authenticity, and availability of these IT Assets would impact business processes and activities of legal entities."
ICT Asset Management Guideline_v2.0,ict asset management,5.5,Asset Criticality Assessment,"The criticality assessments of IT Assets must be reviewed at least annually or in case of Significant Changes, Major ICT-related Incidents, Major Control Requirement Deviation, or Major changes in supported business functions."
ICT Asset Management Guideline_v2.0,ict asset management,6,ICT System Management,"It must be ensured that ICT Systems are procured, developed, and maintained in a secure, compliant, and resilient manner."
ICT Asset Management Guideline_v2.0,ict asset management,6.1,ICT System Management,"Procedures including security practices and methods for the development, maintenance and, where feasible, procurement of ICT Systems must be established."
ICT Asset Management Guideline_v2.0,ict asset management,6.2,ICT System Management,"These procedures must include requirements for the procurement, development and maintenance of ICT Systems, with a focus on ICT security and the approval process by the relevant business function or Asset Owner for which internal governance regulations must be complied with."
ICT Asset Management Guideline_v2.0,ict asset management,6.3,ICT System Management,"The procedures must specify technical specifications for the procurement, development and maintenance of ICT Systems."
ICT Asset Management Guideline_v2.0,ict asset management,8,Asset Documentation,It must be ensured that IT Assets are documented throughout their lifecycle.
ICT Asset Management Guideline_v2.0,ict asset management,8.1,Asset Documentation,"It must be ensured that all IT Assets are appropriately documented, and asset records include the minimum information as defined in this Guideline."
ICT Asset Management Guideline_v2.0,ict asset management,9,Asset Reporting,It must be ensured that relevant information about Secondary Assets is reported to the stakeholders.
ICT Asset Management Guideline_v2.0,ict asset management,9.1,Asset Reporting,It must be ensured that reports regarding the performance and compliance of IT Assets are generated and cover predefined KPIs and metrics.
ICT Asset Management Guideline_v2.0,ict asset management,10,Configuration Management,"It must be ensured that configuration items (CI), a subset of IT Assets under configuration control, are managed."
ICT Asset Management Guideline_v2.0,ict asset management,10.1,Configuration Management,Additions and removals of configurations items (CI) of IT Assets must be recorded.
ICT Asset Management Guideline_v2.0,ict asset management,10.2,Configuration Management,Changes to existing CIs and CI information must be recorded.
ICT Asset Management Guideline_v2.0,ict asset management,11,Software License Management,It must be ensured that software licenses are managed.
ICT Asset Management Guideline_v2.0,ict asset management,11.1,Software License Management,All software licenses (‘free and open’ and non-free) must be managed in line with business requirements. Software license requirements and limitations have to be actively managed by the business owner.
ICT Incident & Operational Event Management Guideline_v2.0,ict incident operational event management,1,ICT-related Incident Rules & Procedures,It must be ensured that ICT-related Incident Rules & Procedures are established and in place.
ICT Incident & Operational Event Management Guideline_v2.0,ict incident operational event management,1.1,ICT-related Incident Rules & Procedures,"ICT-related Incident Management rules and procedures must be in place to record all incidents and significant cyber threats, consistently monitor, handle, and follow-up to identify root causes, to document and address them and prevent occurrence of such incidents. Such documents must be reviewed / updated on a regular basis, at least once every 12 months."
ICT Incident & Operational Event Management Guideline_v2.0,ict incident operational event management,1.2,ICT-related Incident Rules & Procedures,"The ICT-related Incident Management processes must be reviewed on a regular basis, at least every 12 months."
ICT Incident & Operational Event Management Guideline_v2.0,ict incident operational event management,1.3,ICT-related Incident Rules & Procedures,The ICT-related Incident Management process must contain the following:
ICT Incident & Operational Event Management Guideline_v2.0,ict incident operational event management,1.3.1,ICT-related Incident Rules & Procedures,Early warning indicators
ICT Incident & Operational Event Management Guideline_v2.0,ict incident operational event management,1.3.2,ICT-related Incident Rules & Procedures,"Established procedures for identifying, tracking, and categorizing incidents based on priority, severity, and criticality of services and including forensic investigations."
ICT Incident & Operational Event Management Guideline_v2.0,ict incident operational event management,1.3.3,ICT-related Incident Rules & Procedures,Assigned roles and responsibilities that need to be activated in different incident types and scenarios to effectively detect and respond to ICT-related Incidents and anomalous activities.
ICT Incident & Operational Event Management Guideline_v2.0,ict incident operational event management,1.3.4,ICT-related Incident Rules & Procedures,"Communication plan to staff, stakeholders, media, clients, internal escalation procedures."
ICT Incident & Operational Event Management Guideline_v2.0,ict incident operational event management,1.3.5,ICT-related Incident Rules & Procedures,Established response procedures to mitigate impacts and ensure services become operational and secure in a timely manner.
ICT Incident & Operational Event Management Guideline_v2.0,ict incident operational event management,1.4,ICT-related Incident Rules & Procedures,"ICT-related Incident metrics must be established, monitored and analyzed to detect weaknesses in operational processes or technical controls to support effective ICT-related Incident Management."
ICT Incident & Operational Event Management Guideline_v2.0,ict incident operational event management,1.5,ICT-related Incident Rules & Procedures,"Incidents that occur through or in connection with AI systems, that compromise the security of network and information systems and violate IT data protection objectives or have a negative impact on services provided must be recorded as ICT-related incident."
ICT Incident & Operational Event Management Guideline_v2.0,ict incident operational event management,1.6,ICT-related Incident Rules & Procedures,Incidents related to AI systems should also be labeled as AI related.
ICT Incident & Operational Event Management Guideline_v2.0,ict incident operational event management,2,Additional organizational Capabilities,It must be ensured that ICT-related Incident Prevention & Preparation is established and in place.
ICT Incident & Operational Event Management Guideline_v2.0,ict incident operational event management,2.1,Additional organizational Capabilities,A Security Operations Center must be established that performs real-time monitoring and analysis of security-related events.
ICT Incident & Operational Event Management Guideline_v2.0,ict incident operational event management,2.2,Additional organizational Capabilities,Incident response capabilities must be present at the organizational level.
ICT Incident & Operational Event Management Guideline_v2.0,ict incident operational event management,2.3,Additional organizational Capabilities,"The needed skills and training for the staff, that is handling ICT-related Incidents and related data and evidence, must be defined and the relevant staff needs to be aware of their responsibilities and trained accordingly."
ICT Incident & Operational Event Management Guideline_v2.0,ict incident operational event management,3,Event Logging,It must be ensured that event logging is established and in place.
ICT Incident & Operational Event Management Guideline_v2.0,ict incident operational event management,3.1,Event Logging,"Logging procedures, protocols and tools must be established and documented."
ICT Incident & Operational Event Management Guideline_v2.0,ict incident operational event management,3.2,Event Logging,It must be ensured that measures to detect failure of logging systems are in place.
ICT Incident & Operational Event Management Guideline_v2.0,ict incident operational event management,3.3,Event Logging,"Event logging, retention period and measures for securing and handling log data must be elements of the logging procedures."
ICT Incident & Operational Event Management Guideline_v2.0,ict incident operational event management,3.4,Event Logging,"Event logs must contain further details, aligned on the level of purpose and usage."
ICT Incident & Operational Event Management Guideline_v2.0,ict incident operational event management,3.5,Event Logging,"Event Logging must include internal and external factors, including logs gathered in logging procedures, information from business and ICT operations, and any issues reported by the users of the legal entity."
ICT Incident & Operational Event Management Guideline_v2.0,ict incident operational event management,3.6,Event Logging,"If log information is automatically changed/enriched/filtered, it must be ensured that this is done only within the framework of regulated processes and controls."
ICT Incident & Operational Event Management Guideline_v2.0,ict incident operational event management,3.7,Event Logging,It must be ensured that the log information of the IT Assets reaches the monitoring solution without delay.
ICT Incident & Operational Event Management Guideline_v2.0,ict incident operational event management,3.8,Event Logging,"The analyzability of the log data and the availability of the required ICT Systems must be ensured. Log information must be protected against tampering, deletion, and unauthorized access at rest, in transit and in use."
ICT Incident & Operational Event Management Guideline_v2.0,ict incident operational event management,3.9,Event Logging,"Security-related event logging and monitoring must be implemented and must contain information about user and administrator activities, type of activity, time, and location."
ICT Incident & Operational Event Management Guideline_v2.0,ict incident operational event management,3.10,Event Logging,"Security-related log, raw and analysis data must be retained in an audit-proof manner through defined log retention periods times in accordance with the applicable regulations. Documentation must be available, including defined retention periods."
ICT Incident & Operational Event Management Guideline_v2.0,ict incident operational event management,3.11,Event Logging,An incident logging activity must be described.
ICT Incident & Operational Event Management Guideline_v2.0,ict incident operational event management,3.12,Event Logging,"After detecting anomalous activities relevant information must be logged to enable the identification of the date and time when the activity occurred, the date and time when it was detected, and the type of anomalous activity."
ICT Incident & Operational Event Management Guideline_v2.0,ict incident operational event management,3.13,Event Logging,All relevant information about the incident must be documented/logged so that a full historical record is maintained in a manner that enables other Service Group(s) to support resolution.
ICT Incident & Operational Event Management Guideline_v2.0,ict incident operational event management,3.14,Event Logging,Every activity related to the handling of ICT-related Incidents and forensic investigations must be logged and documented.
ICT Incident & Operational Event Management Guideline_v2.0,ict incident operational event management,4,ICT-related Incident and Event Monitoring,It must be ensured that ICT-related Incident and Event Monitoring is established and in place.
ICT Incident & Operational Event Management Guideline_v2.0,ict incident operational event management,4.1,ICT-related Incident and Event Monitoring,A security information and event management (SIEM or equivalent at the legal entity) must be implemented and maintained.
ICT Incident & Operational Event Management Guideline_v2.0,ict incident operational event management,4.2,ICT-related Incident and Event Monitoring,"Mechanisms must be in place to promptly detect anomalous activities, including ICT network performance issues, ICT-related Incidents, and potential material single points of failure."
ICT Incident & Operational Event Management Guideline_v2.0,ict incident operational event management,4.3,ICT-related Incident and Event Monitoring,ICT Systems must be monitored for anomalous behavior.
ICT Incident & Operational Event Management Guideline_v2.0,ict incident operational event management,4.4,ICT-related Incident and Event Monitoring,A database activity monitoring system (DAM or equivalent at the legal entity) must be implemented and maintained for databases where applicable.
ICT Incident & Operational Event Management Guideline_v2.0,ict incident operational event management,4.5,ICT-related Incident and Event Monitoring,"A set of correlation rules (DAM Policies and Pipelines) must be developed, tested, documented, and maintained through a structured lifecycle process to identify anomalous activities and behaviors for databases."
ICT Incident & Operational Event Management Guideline_v2.0,ict incident operational event management,4.6,ICT-related Incident and Event Monitoring,Cyber threat intelligence and behavioral analytics should be used for database events monitoring.
ICT Incident & Operational Event Management Guideline_v2.0,ict incident operational event management,4.7,ICT-related Incident and Event Monitoring,"Detection mechanisms must incorporate multiple layers of control, including the definition of alert thresholds and criteria that trigger ICT-related Incident response processes."
ICT Incident & Operational Event Management Guideline_v2.0,ict incident operational event management,4.8,ICT-related Incident and Event Monitoring,"When defining the criteria that trigger ICT-related Incident response processes, in addition to considering the criticality of the affected services, the following criteria must be considered: Indications that malicious activity may have occurred in an ICT System or that it may have been compromised. Detection of data losses affecting the availability, authenticity, integrity, or confidentiality of data. Detection of adverse impacts on transactions and operations. Unavailability of ICT Systems."
ICT Incident & Operational Event Management Guideline_v2.0,ict incident operational event management,4.9,ICT-related Incident and Event Monitoring,"Automatic alert mechanisms and tools, based on pre-defined rules to identify anomalies, must be established for IT Assets and Non-IT Assets supporting critical or important function to notify relevant staff in charge of ICT-related Incident response when thresholds are met, or anomalies are detected."
ICT Incident & Operational Event Management Guideline_v2.0,ict incident operational event management,4.10,ICT-related Incident and Event Monitoring,"Anomalous activities and behaviors must be documented, analyzed and evaluated automatically or manually."
ICT Incident & Operational Event Management Guideline_v2.0,ict incident operational event management,4.11,ICT-related Incident and Event Monitoring,"It must be ensured that any recording of anomalous activities is protected against tampering and unauthorized access at rest, in transit and, where relevant, in use."
ICT Incident & Operational Event Management Guideline_v2.0,ict incident operational event management,4.12,ICT-related Incident and Event Monitoring,"A set of correlation rules (SIEM use cases) must be developed, tested, documented, and maintained through a structured lifecycle process to identify anomalous activities and behaviors."
ICT Incident & Operational Event Management Guideline_v2.0,ict incident operational event management,4.13,ICT-related Incident and Event Monitoring,All detection mechanisms must be regularly tested.
ICT Incident & Operational Event Management Guideline_v2.0,ict incident operational event management,4.14,ICT-related Incident and Event Monitoring,ICT-related Incidents must be monitored along their lifecycle (from creation of the ticket until closure).
ICT Incident & Operational Event Management Guideline_v2.0,ict incident operational event management,4.15,ICT-related Incident and Event Monitoring,"It must be ensured that open ICT-related Incidents are resolved, and the tickets closed within defined time frames."
ICT Incident & Operational Event Management Guideline_v2.0,ict incident operational event management,5,ICT-related Incident Identification,It must be ensured that ICT-related Incident Identification is established and in place.
ICT Incident & Operational Event Management Guideline_v2.0,ict incident operational event management,5.1,ICT-related Incident Identification,There must be a process for determining the priority of an incident based on the impact and urgency assessment.
ICT Incident & Operational Event Management Guideline_v2.0,ict incident operational event management,5.2,ICT-related Incident Identification,Criteria for functional (to the next level of support) and hierarchical escalation (to the next level of management) must be defined in the process.
ICT Incident & Operational Event Management Guideline_v2.0,ict incident operational event management,5.3,ICT-related Incident Identification,The process must escalate unresolved ICT-related Incidents in such a way as to ensure that target resolution and reaction times are not exceeded.
ICT Incident & Operational Event Management Guideline_v2.0,ict incident operational event management,5.4,ICT-related Incident Identification,"If the initial investigation and diagnosis activities reveal an incident whose priority requires immediate escalation, it must be appropriately escalated (hierarchical and functional)."
ICT Incident & Operational Event Management Guideline_v2.0,ict incident operational event management,5.5,ICT-related Incident Identification,The process must ensure that methods for detecting and reporting ICT-related Incidents are at defined intervals tested.
ICT Incident & Operational Event Management Guideline_v2.0,ict incident operational event management,6,ICT-related Incident and Threat Classification,It must be ensured that ICT-related Incident Classification is defined and established.
ICT Incident & Operational Event Management Guideline_v2.0,ict incident operational event management,6.1,ICT-related Incident and Threat Classification,"A process must be established to classify ICT-related Incidents based on their impacts on clients, financial counterparts, transactions, reputational impact, service downtime, geographical spread, data losses, critical services, and economic impact."
ICT Incident & Operational Event Management Guideline_v2.0,ict incident operational event management,6.2,ICT-related Incident and Threat Classification,It must be ensured that a specific materiality threshold is defined for each classification criteria to determine when an ICT-related Incident qualifies as a major ICT-related Incident.
ICT Incident & Operational Event Management Guideline_v2.0,ict incident operational event management,6.3,ICT-related Incident and Threat Classification,"The number of the affected clients and financial counterparts must be determined by evaluating those unable to use the service or adversely impacted during the ICT-related Incident, including third parties covered by contractual agreements."
ICT Incident & Operational Event Management Guideline_v2.0,ict incident operational event management,6.4,ICT-related Incident and Threat Classification,"All transactions affected by the ICT-related Incident must be assessed, focusing on those involving monetary amounts and having a part of the transaction within the European Union."
ICT Incident & Operational Event Management Guideline_v2.0,ict incident operational event management,6.5,ICT-related Incident and Threat Classification,"If the exact number of affected clients, counterparts or amount or number of transactions cannot be determined, an estimation must be applied based on available data from comparable reference periods."
ICT Incident & Operational Event Management Guideline_v2.0,ict incident operational event management,6.6,ICT-related Incident and Threat Classification,"The impact of the ICT-related Incident on the legal entity's reputation must be determined, taking into account the level of visibility that the incident has gained or is likely to gain, as soon as one of the following conditions is met:"
ICT Incident & Operational Event Management Guideline_v2.0,ict incident operational event management,6.6.1,ICT-related Incident and Threat Classification,The ICT-related Incident has been reflected in the media.
ICT Incident & Operational Event Management Guideline_v2.0,ict incident operational event management,6.6.2,ICT-related Incident and Threat Classification,The legal entity has received repetitive complaints from different clients or counterparts on client-facing services or critical business relationships.
ICT Incident & Operational Event Management Guideline_v2.0,ict incident operational event management,6.6.3,ICT-related Incident and Threat Classification,The legal entity will not be able to or is likely not to be able to meet regulatory requirements.
ICT Incident & Operational Event Management Guideline_v2.0,ict incident operational event management,6.6.4,ICT-related Incident and Threat Classification,The legal entity is likely to lose clients or financial counterparts with a material impact on its business as a result of the ICT-related Incident.
ICT Incident & Operational Event Management Guideline_v2.0,ict incident operational event management,6.7,ICT-related Incident and Threat Classification,"To determine the geographical spread of an ICT-related Incident, it must be ensured to assess the impact on other EU Member States, specifically considering the significance for:"
ICT Incident & Operational Event Management Guideline_v2.0,ict incident operational event management,6.7.1,ICT-related Incident and Threat Classification,Affected clients and financial counterparts.
ICT Incident & Operational Event Management Guideline_v2.0,ict incident operational event management,6.7.2,ICT-related Incident and Threat Classification,Branches of the legal entity or related entities within the group.
ICT Incident & Operational Event Management Guideline_v2.0,ict incident operational event management,6.7.3,ICT-related Incident and Threat Classification,Financial market infrastructures or third-party providers that may affect their services.
ICT Incident & Operational Event Management Guideline_v2.0,ict incident operational event management,6.8,ICT-related Incident and Threat Classification,"Data losses must be assessed based on their impact on data availability, authenticity, integrity and confidentiality."
ICT Incident & Operational Event Management Guideline_v2.0,ict incident operational event management,6.9,ICT-related Incident and Threat Classification,"The impact on critical services must be assessed by determining whether the ICT-related Incident affected ICT services or ICT Systems that support critical or important functions, involved unauthorized access, or disrupted financial services requiring authorization, registration or supervision."
ICT Incident & Operational Event Management Guideline_v2.0,ict incident operational event management,6.10,ICT-related Incident and Threat Classification,"The economic part of the ICT-related Incident must be assessed by calculating direct and indirect costs, including expropriated funds, replacement costs, staff costs, customer compensation, lost revenue, fees due to non-compliance with contractual obligations, communication costs, and advisory costs (e.g., legal and forensic services)."
ICT Incident & Operational Event Management Guideline_v2.0,ict incident operational event management,6.11,ICT-related Incident and Threat Classification,The costs and losses based on data available at the time of classification must be calculated and if those cannot be determined then the amounts must be estimated.
ICT Incident & Operational Event Management Guideline_v2.0,ict incident operational event management,6.12,ICT-related Incident and Threat Classification,"Costs that are necessary for the day-to-day operation of the business (e.g., general maintenance, standard staff costs not dedicated to the incident response) must be excluded from the calculation of costs and losses"
ICT Incident & Operational Event Management Guideline_v2.0,ict incident operational event management,6.13,ICT-related Incident and Threat Classification,"The ICT-related Incident duration must be measured from its occurrence (if the occurrence is unknown, the time starts with the detection) until resolution. Service downtime must be measured from when the service becomes fully or partially unavailable until normal operations are fully restored."
ICT Incident & Operational Event Management Guideline_v2.0,ict incident operational event management,6.14,ICT-related Incident and Threat Classification,The ICT-related Incident must be considered as a major ICT-related Incident2 if it has had any impact on critical services and either of the following conditions is fulfilled:
ICT Incident & Operational Event Management Guideline_v2.0,ict incident operational event management,6.14.1,ICT-related Incident and Threat Classification,"The ICT-related Incident has involved any successful malicious unauthorized access to ICT Systems, potentially resulting in data losses."
ICT Incident & Operational Event Management Guideline_v2.0,ict incident operational event management,6.14.2,ICT-related Incident and Threat Classification,"Or thresholds of at least two of the following conditions are met: If any of the reputational impact conditions that are stated in ID 6.6 occurred. If more than 10% of clients (or more than 100,000 clients) or 30% financial counterparts are affected. If more than 10% of daily transactions (by number or value) are affected. If the ICT-related Incident lasts longer than 24 hours. If service downtime exceeds 2 hours for critical services. If the ICT-related Incident impacts at least two EU Member States. Data loss affecting business objectives or regulatory compliance. Costs and losses incurred exceed or are likely to exceed €100,000."
ICT Incident & Operational Event Management Guideline_v2.0,ict incident operational event management,6.15,ICT-related Incident and Threat Classification,"A process must be established to track recurring ICT-related Incidents, and the existence of recurring ICT-related Incidents must be assessed monthly."
ICT Incident & Operational Event Management Guideline_v2.0,ict incident operational event management,6.16,ICT-related Incident and Threat Classification,"Recurring ICT-related Incidents, that occur at least twice within six months, share the same root cause and also affecting critical business processes must be classified as a major ICT-related Incident2. The ICT-related Incidents must be also evaluated against the materiality threshold for major ICT-related Incidents."
ICT Incident & Operational Event Management Guideline_v2.0,ict incident operational event management,7,ICT-related Incident Analysis,It must be ensured that ICT-related Incident Analysis procedures are established and in place.
ICT Incident & Operational Event Management Guideline_v2.0,ict incident operational event management,7.1,ICT-related Incident Analysis,Alerts or IS events must be analyzed and prioritized to confirm whether they are to be categorized as an ICT-related Incident.
ICT Incident & Operational Event Management Guideline_v2.0,ict incident operational event management,7.2,ICT-related Incident Analysis,"A reaction (time from an IS alert to the beginning of the assessment of the IS alert/IS Event) and response (time to classify and assign an ICT-related Incident) to ICT-related Incidents must be ensured without undue delay (during and outside working hours) to ensure that the ICT-related Incident handling process is initiated promptly. Additionally, the resolution of IS alerts not leading to an ICT-related Incident must also be ensured."
ICT Incident & Operational Event Management Guideline_v2.0,ict incident operational event management,7.3,ICT-related Incident Analysis,"During the assessment phase of an ICT-related Incident, the following information must be assessed: The cause and who is responsible for the ICT-related Incident. The scope of the ICT-related Incident. The impact caused by the ICT-related Incident. Relevance regarding notification to external authorities (e.g., due to regulatory requirements or on ad-hoc request of external authority). The possible effects on assets. If necessary, involvement or forwarding of the ICT-related Incident to the crisis management and business continuity management units."
ICT Incident & Operational Event Management Guideline_v2.0,ict incident operational event management,7.4,ICT-related Incident Analysis,"Based on the assessment phase, measures for the immediate remediation of the ICT-related Incident (short-term measures) must be defined."
ICT Incident & Operational Event Management Guideline_v2.0,ict incident operational event management,7.5,ICT-related Incident Analysis,Responsibilities and timelines must be determined and communicated to the relevant stakeholders.
ICT Incident & Operational Event Management Guideline_v2.0,ict incident operational event management,7.6,ICT-related Incident Analysis,All relevant stakeholders must be involved or informed during the ICT-related Incident handling to ensure that appropriate actions will be taken.
ICT Incident & Operational Event Management Guideline_v2.0,ict incident operational event management,7.7,ICT-related Incident Analysis,The ICT-related Incident investigation and diagnosis activity must be described in the ICT-related Incident Management process.
ICT Incident & Operational Event Management Guideline_v2.0,ict incident operational event management,8,ICT-related Incident Regular Reporting,It must be ensured that ICT-related Incident Regular Reporting is established and in place.
ICT Incident & Operational Event Management Guideline_v2.0,ict incident operational event management,8.1,ICT-related Incident Regular Reporting,Overview and the process of ICT-related Incidents must be reported to the relevant stakeholders based on the need-to-know principle at defined intervals and via standardized interfaces.
ICT Incident & Operational Event Management Guideline_v2.0,ict incident operational event management,9,ICT-related Incident Communication,There must be a procedure for the communication of ICT-related Incidents.
ICT Incident & Operational Event Management Guideline_v2.0,ict incident operational event management,9.1,ICT-related Incident Communication,The existence of an ICT-related Incident or any relevant details thereof must be communicated to other internal and external people or organizations according to the ICT-related Incident communication plan on a need-to-know basis.
ICT Incident & Operational Event Management Guideline_v2.0,ict incident operational event management,9.2,ICT-related Incident Communication,"For each ICT-related Incident, an analysis must be performed to determine which relevant authorities require notification."
ICT Incident & Operational Event Management Guideline_v2.0,ict incident operational event management,9.3,ICT-related Incident Communication,"Where notification is required, relevant authorities must be notified in due time according to the communication plan and the incident's classification. Depending on the nature and impact of the incident, these authorities include, but are not limited to: The Federal Financial Supervisory Authority (BaFin) The Federal Office for Information Security (BSI) The Federal Office for Civil Protection and Disaster Assistance (BBK) The Management Body, including LE CISO/Chief ICT Risk Office(s) of the impacted Legal Entities and Group CISO/Chief ICT Risk Officer must be informed without undue delay:"
ICT Incident & Operational Event Management Guideline_v2.0,ict incident operational event management,9.4,ICT-related Incident Communication,"The Management Body, including LE CISO/Chief ICT Risk Office(s) of the impacted Legal Entities and Group CISO/Chief ICT Risk Officer must be informed without undue delay:"
ICT Incident & Operational Event Management Guideline_v2.0,ict incident operational event management,9.4.1,ICT-related Incident Communication,"Occurrence of major ICT-related Incidents2, including ad hoc evolving situations."
ICT Incident & Operational Event Management Guideline_v2.0,ict incident operational event management,9.4.2,ICT-related Incident Communication,ICT-related Incidents with a potentially high impact on ICT Systems supporting critical or important functions and services.
ICT Incident & Operational Event Management Guideline_v2.0,ict incident operational event management,9.5,ICT-related Incident Communication,It must be ensured that ICT-related Incidents affecting publicly available telecommunication network and/or offered telecommunication services are reported to Bundesnetzagentur and BSI in a timely manner.
ICT Incident & Operational Event Management Guideline_v2.0,ict incident operational event management,9.6,ICT-related Incident Communication,It must be ensured that in case of ICT-related Incidents of publicly available telecommunication network and/or offered telecommunication services affecting personal data Bundesnetzagentur and der Bundesbeauftragte für den Datenschutz und die Informationsfreiheit are immediately notified.
ICT Incident & Operational Event Management Guideline_v2.0,ict incident operational event management,10,"Major ICT-related Incident, Significant Cyber Threat and Recurring Incident Reporting",It must be ensured that a major ICT-related Incident and recurring ICT-related Incident reporting procedure is established and in place.
ICT Incident & Operational Event Management Guideline_v2.0,ict incident operational event management,10.1,"Major ICT-related Incident, Significant Cyber Threat and Recurring Incident Reporting","Major ICT-related Incidents2 that meet the threshold must be reported to the competent authorities and immediately to Management Body, including LE CISO(s) of the impacted Legal Entities and the Group CISO:"
ICT Incident & Operational Event Management Guideline_v2.0,ict incident operational event management,10.1.1,"Major ICT-related Incident, Significant Cyber Threat and Recurring Incident Reporting","The competent authorities must be provided with an initial notification report as soon as possible, but no later than 4 hours after classifying an ICT-related Incident as major, and within 24 hours of becoming aware of the ICT-related Incident."
ICT Incident & Operational Event Management Guideline_v2.0,ict incident operational event management,10.1.2,"Major ICT-related Incident, Significant Cyber Threat and Recurring Incident Reporting","An intermediate report must be submitted within 72 hours of the initial notification, detailing the updates on ICT-related Incident status, impact, and actions taken."
ICT Incident & Operational Event Management Guideline_v2.0,ict incident operational event management,10.1.3,"Major ICT-related Incident, Significant Cyber Threat and Recurring Incident Reporting","A final report must be submitted within 1 month after the last intermediate report, providing a full root cause analysis, impact, and actions taken."
ICT Incident & Operational Event Management Guideline_v2.0,ict incident operational event management,10.1.4,"Major ICT-related Incident, Significant Cyber Threat and Recurring Incident Reporting","If the time limits for submitting the initial notification, intermediate report, or final report cannot be met, the competent authority must be informed without undue delay, but no later than the respective time limits for the submission, and an explanation for the reasons of the delay must be provided."
ICT Incident & Operational Event Management Guideline_v2.0,ict incident operational event management,10.2,"Major ICT-related Incident, Significant Cyber Threat and Recurring Incident Reporting","For ICT-related Incidents to be reported under DORA, the requirements of ITS 2025/302, which describes standard forms, templates and procedures for reporting major ICT-related Incidents, must be followed."
ICT Incident & Operational Event Management Guideline_v2.0,ict incident operational event management,10.3,"Major ICT-related Incident, Significant Cyber Threat and Recurring Incident Reporting",Significant updates or changes in the ICT-related Incident’s status must be reported immediately to the relevant stakeholders.
ICT Incident & Operational Event Management Guideline_v2.0,ict incident operational event management,10.4,"Major ICT-related Incident, Significant Cyber Threat and Recurring Incident Reporting","It must be ensured that the information contained in the ICT-related Incident notification, interim, final report and update is complete and accurate. If there is no accurate data available, estimated values based on other available dates and information must be provided."
ICT Incident & Operational Event Management Guideline_v2.0,ict incident operational event management,10.5,"Major ICT-related Incident, Significant Cyber Threat and Recurring Incident Reporting","Upon the request of the competent authority, it must be ensured that the competent authority receives a report of an estimation of the total annual costs and losses resulting from major ICT-related Incidents2."
ICT Incident & Operational Event Management Guideline_v2.0,ict incident operational event management,10.6,"Major ICT-related Incident, Significant Cyber Threat and Recurring Incident Reporting","It should be ensured that the competent authority is informed about significant cyber threats when these threats are relevant to the financial system, service users or clients."
ICT Incident & Operational Event Management Guideline_v2.0,ict incident operational event management,10.7,"Major ICT-related Incident, Significant Cyber Threat and Recurring Incident Reporting","Where the major ICT-related Incidents2 have an impact on the financial interests of clients, the clients must be informed without undue delay regarding the major ICT-related Incident and measures taken to mitigate adverse effects."
ICT Incident & Operational Event Management Guideline_v2.0,ict incident operational event management,10.8,"Major ICT-related Incident, Significant Cyber Threat and Recurring Incident Reporting",Recurring ICT-related Incidents that do not individually meet the criteria for a major ICT-related Incident2 but have a cumulative impact which must be tracked and reported in aggregate to the competent authorities.
ICT Incident & Operational Event Management Guideline_v2.0,ict incident operational event management,10.9,"Major ICT-related Incident, Significant Cyber Threat and Recurring Incident Reporting","All communication and reporting of ICT-related Incidents, significant cyber threats, and recurring ICT-related Incidents to competent authorities and relevant stakeholders must be conducted through secure electronic channels."
ICT Incident & Operational Event Management Guideline_v2.0,ict incident operational event management,10.10,"Major ICT-related Incident, Significant Cyber Threat and Recurring Incident Reporting","If the established secure electronic channels cannot be used, the competent authorities must be notified without delay through previously agreed alternative channels."
ICT Incident & Operational Event Management Guideline_v2.0,ict incident operational event management,10.11,"Major ICT-related Incident, Significant Cyber Threat and Recurring Incident Reporting","If a third-party provider is outsourced for reporting, the competent authority must be informed before any first notification or reporting and the latest as soon as the outsourcing arrangement has been concluded."
ICT Incident & Operational Event Management Guideline_v2.0,ict incident operational event management,10.12,"Major ICT-related Incident, Significant Cyber Threat and Recurring Incident Reporting","The name, contact details, and an identification code of the third-party, any third-party arrangement updates or cancelling of it must be provided to the competent authority."
ICT Incident & Operational Event Management Guideline_v2.0,ict incident operational event management,11,ICT-related Incident Response and Closure,It must be ensured that ICT-related Incident Response and Closure is established and in place.
ICT Incident & Operational Event Management Guideline_v2.0,ict incident operational event management,11.1,ICT-related Incident Response and Closure,"Upon detection of an ICT-related Incident, a response must be initiated considering the following criteria:"
ICT Incident & Operational Event Management Guideline_v2.0,ict incident operational event management,11.1.1,ICT-related Incident Response and Closure,Implementation of the selected short-term measures within SLAs defined with the relevant legal entities.
ICT Incident & Operational Event Management Guideline_v2.0,ict incident operational event management,11.1.2,ICT-related Incident Response and Closure,Containment and / or recovery from an ongoing ICT-related Incident.
ICT Incident & Operational Event Management Guideline_v2.0,ict incident operational event management,11.1.3,ICT-related Incident Response and Closure,Handling the information security vulnerabilities and weakness(es) found to cause or contribute to the ICT-related Incident.
ICT Incident & Operational Event Management Guideline_v2.0,ict incident operational event management,11.1.4,ICT-related Incident Response and Closure,Escalation of the ICT-related Incidents if required.
ICT Incident & Operational Event Management Guideline_v2.0,ict incident operational event management,11.1.5,ICT-related Incident Response and Closure,"Once the ICT-related Incident has been successfully dealt with, formally closing, and archiving it."
ICT Incident & Operational Event Management Guideline_v2.0,ict incident operational event management,11.2,ICT-related Incident Response and Closure,"Procedures must be applied for the identification, collection, acquisition, and preservation of information, which can serve as evidence (for example in case of a jurisdiction case) as soon as possible after the occurrence."
ICT Incident & Operational Event Management Guideline_v2.0,ict incident operational event management,11.3,ICT-related Incident Response and Closure,Requirements regarding the usage of an external vendor for the outsourcing of a forensic investigation must be defined.
ICT Incident & Operational Event Management Guideline_v2.0,ict incident operational event management,11.4,ICT-related Incident Response and Closure,"Evidence must be made available promptly to enable a forensic investigation and the collection of evidence, e.g., user mailbox, laptop."
ICT Incident & Operational Event Management Guideline_v2.0,ict incident operational event management,11.5,ICT-related Incident Response and Closure,"Preservation of evidence must be documented, and a formal chain of custody must be completed for following up any transports or activities."
ICT Incident & Operational Event Management Guideline_v2.0,ict incident operational event management,11.6,ICT-related Incident Response and Closure,"All incident-linked documentation must be securely archived for future reference, audits, and compliance purposes."
ICT Incident & Operational Event Management Guideline_v2.0,ict incident operational event management,11.7,ICT-related Incident Response and Closure,"The closure process must ensure that prior to undertaking disruptive or intrusive resolution activities appropriate measures are taken to ensure information security is maintained, configuration data is saved, and user access data is preserved."
ICT Incident & Operational Event Management Guideline_v2.0,ict incident operational event management,11.8,ICT-related Incident Response and Closure,"After recovering from an ICT-related Incident, through checks, including multiple verifications and reconciliations must be performed to ensure data integrity. These checks must be conducted when reconstructing data from external sources to ensure consistency across ICT Systems."
ICT Incident & Operational Event Management Guideline_v2.0,ict incident operational event management,12,ICT-related Incident Lessons Learned,It must be ensured that ICT-related Incident Lessons Learned procedures are established and in place.
ICT Incident & Operational Event Management Guideline_v2.0,ict incident operational event management,12.1,ICT-related Incident Lessons Learned,"Lessons learned exercises must be performed and documented after an ICT-related Incident took place to achieve the following criteria: Improve the processes and procedures based on experiences from the ICT-related Incident to improve the handling of further ICT-related Incidents. Detect vulnerabilities and security problems to be mitigated and define measures to mitigate the risk of this ICT-related Incident to re-occur (long-term measures). Ensure the defined long-term measures are implemented. Improve tool capabilities to prepare for future ICT-related Incidents. Derive actionable insights into common ICT-related Incident scenarios. Improve response, resumption, and recovery plans."
ICT Incident & Operational Event Management Guideline_v2.0,ict incident operational event management,12.2,ICT-related Incident Lessons Learned,"The types, volumes, and costs of ICT-related Incidents should be monitored."
ICT Incident & Operational Event Management Guideline_v2.0,ict incident operational event management,12.3,ICT-related Incident Lessons Learned,"The information gained from the evaluation of ICT-related Incidents should be used to identify recurring or serious ICT-related Incident, determine additional controls and/or enhance user awareness and training."
ICT Incident & Operational Event Management Guideline_v2.0,ict incident operational event management,12.4,ICT-related Incident Lessons Learned,The legal entity should maintain a record of past incidents to facilitate the diagnosis and resolution of future incidents with similar characteristics.
ICT Incident & Operational Event Management Guideline_v2.0,ict incident operational event management,12.5,ICT-related Incident Lessons Learned,"Communication with special interest groups to discuss information connected to ICT-related Incidents must take place according to existing obligations (e.g., regulatory, or contractual)."
ICT Incident & Operational Event Management Guideline_v2.0,ict incident operational event management,12.6,ICT-related Incident Lessons Learned,"Status of actions must be reported monthly to Group CISO / LE CISO, the executive board and any other relevant stakeholders."
ICT Incident & Operational Event Management Guideline_v2.0,ict incident operational event management,12.7,ICT-related Incident Lessons Learned,Evidence on the progress made during the last 4 weeks must be provided or issues that prevented to make any progress must be reported.
ICT Incident & Operational Event Management Guideline_v2.0,ict incident operational event management,12.8,ICT-related Incident Lessons Learned,"After a major ICT-related Incident2, a post-ICT-related Incident review must be conducted to analyze the causes of the disruption and identify necessary improvements."
ICT Incident & Operational Event Management Guideline_v2.0,ict incident operational event management,12.9,ICT-related Incident Lessons Learned,"The review must evaluate whether established procedures were followed and assess the effectiveness of actions taken, including:"
ICT Incident & Operational Event Management Guideline_v2.0,ict incident operational event management,12.9.1,ICT-related Incident Lessons Learned,Promptness: The speed of response to security alerts and the determination of the ICT-related Incident’s impact and severity.
ICT Incident & Operational Event Management Guideline_v2.0,ict incident operational event management,12.9.2,ICT-related Incident Lessons Learned,"Forensic Analysis: The quality and speed of forensic analysis, if conducted."
ICT Incident & Operational Event Management Guideline_v2.0,ict incident operational event management,12.9.3,ICT-related Incident Lessons Learned,ICT-related Incident Escalation and Communication: The effectiveness of the escalation process within the organization and the external/internal communication.
ICT Incident & Operational Event Management Guideline_v2.0,ict incident operational event management,12.10,ICT-related Incident Lessons Learned,"It must be ensured that ICT-related Incidents, patterns and trends are analyzed in terms of number and frequency to identify problems at an early stage."
ICT Incident & Operational Event Management Guideline_v2.0,ict incident operational event management,13,ICT Problem Management,It must be ensured that ICT Problem Management is established and implemented.
ICT Incident & Operational Event Management Guideline_v2.0,ict incident operational event management,13.1,ICT Problem Management,"A process must be in place to identify, classify and resolve problems proactively and reactively."
ICT Incident & Operational Event Management Guideline_v2.0,ict incident operational event management,13.2,ICT Problem Management,Problems should be addressed and/or handed over to the responsible stakeholder in order of priority.
ICT Incident & Operational Event Management Guideline_v2.0,ict incident operational event management,13.3,ICT Problem Management,"A ticket system must be used to record, classify, and prioritize problems, ensuring that criticality levels are assigned and tracked."
ICT Incident & Operational Event Management Guideline_v2.0,ict incident operational event management,13.4,ICT Problem Management,"ICT problems must be followed up on and resolved in a timely manner. If a problem is not resolved in a timely manner, an escalation process must be in place."
ICT Incident & Operational Event Management Guideline_v2.0,ict incident operational event management,13.5,ICT Problem Management,ICT-related Incident patterns and trends must be analyzed to identify the problems at an earlier stage.
ICT Incident & Operational Event Management Guideline_v2.0,ict incident operational event management,13.6,ICT Problem Management,"ICT problems must be reported to the Management Body, including Group CISO, LE CISO(s) and ICT CROs of the impacted Legal Entities, and/or national authorities as needed."
ICT Incident & Operational Event Management Guideline_v2.0,ict incident operational event management,14,ICT-related Incidents Platform and Tools,It must be ensured that ICT-related Incidents Platform and Tools are established and in place.
ICT Incident & Operational Event Management Guideline_v2.0,ict incident operational event management,14.1,ICT-related Incidents Platform and Tools,"Tools enabling the handling of ICT-related Incidents must be implemented, configured, maintained, and documented."
ICT Incident & Operational Event Management Guideline_v2.0,ict incident operational event management,14.2,ICT-related Incidents Platform and Tools,"The tools must at least offer tracking, handling, and secure storage of related information to the ICT-related Incident."
ICT Operations Guideline_v2.0,ict operations,1,ICT Operations,It must be ensured that ICT operations and its activities are managed.
ICT Operations Guideline_v2.0,ict operations,1.1,ICT Operations,Procedures and processes must be developed and documented to manage ICT operations.
ICT Operations Guideline_v2.0,ict operations,1.2,ICT Operations,"Those procedures and processes must specify how IT Assets are operated, monitored, controlled, restored, and documented."
ICT Operations Guideline_v2.0,ict operations,2,Roles and responsibilities,It must be ensured that roles and responsibilities for ICT operations are defined.
ICT Operations Guideline_v2.0,ict operations,2.1,Roles and responsibilities,Roles and responsibilities must be defined for ICT Operations.
ICT Operations Guideline_v2.0,ict operations,2.2,Roles and responsibilities,Segregation of duties must be defined and implemented where applicable.
ICT Operations Guideline_v2.0,ict operations,3,Asset description,It must be ensured that specifications for IT Assets and non-IT Assets are described.
ICT Operations Guideline_v2.0,ict operations,3.1,Asset description,"A description for IT Assets and, where applicable, non-IT Assets must be in place including: Specifications for the secure installation, maintenance, configuration, and de-installation of an ICT System Specifications for the management of Information Assets used by IT Assets and non-IT Assets, including their processing and handling, both automated and manual; Specifications for the identification and control of legacy ICT Systems;"
ICT Operations Guideline_v2.0,ict operations,4,ICT System Reliability and Resilience,It must be ensured that ICT Systems are reliable and technologically resilient under stressed market conditions or other adverse circumstances.
ICT Operations Guideline_v2.0,ict operations,4.1,ICT System Reliability and Resilience,"ICT Systems, protocols, and tools must be reliable and technologically resilient, ensuring their capability to handle increased information processing demands under stressed market conditions or other adverse circumstances."
ICT Operations Guideline_v2.0,ict operations,5,Availability Management,It must be ensured that the availability of IT Assets is managed.
ICT Operations Guideline_v2.0,ict operations,5.1,Availability Management,Availability procedures must be developed and in place.
ICT Operations Guideline_v2.0,ict operations,5.2,Availability Management,Availability requirements for IT Assets must be defined based on their criticality and business requirements.
ICT Operations Guideline_v2.0,ict operations,5.3,Availability Management,"If the existing system architecture cannot ensure the requirements on the availability of the IT Assets, it must be achieved by implementing redundant components or architectures."
ICT Operations Guideline_v2.0,ict operations,5.4,Availability Management,"To ensure integrity and handle the complexity of infrastructure, legal entities must control redundancy: Ensure information processing is implemented with redundancy sufficiency to meet availability requirements Ensure protection of redundant components at the same level or higher as their primary counterparts Redundant information systems must be tested to ensure the failover from one component to another component works as intended. Tests must be performed regularly, following a risk-based approach, and after significant changes."
ICT Operations Guideline_v2.0,ict operations,6,Capacity Management,It must be ensured that the capacity of IT Assets is managed.
ICT Operations Guideline_v2.0,ict operations,6.1,Capacity Management,Capacity requirements for IT Assets must be defined depending on the criticality of their availability.
ICT Operations Guideline_v2.0,ict operations,6.2,Capacity Management,"ICT Systems must be designed and maintained with sufficient capacity to ensure accurate data processing and timely service delivery under both normal and peak workloads, including during the deployment of new technologies."
ICT Operations Guideline_v2.0,ict operations,6.3,Capacity Management,"To ensure continuity of critical business operations in the event of system failures or disruptions, redundant IT Assets and non-IT Assets equipped with the necessary resources and capabilities must be in place and operational."
ICT Operations Guideline_v2.0,ict operations,6.4,Capacity Management,"Capacity thresholds must be defined, based on system design, projections, availability criticality of concerned systems, regulations, expected requirements of business development (including current and projected trends) and procurement lead times for additional capacity."
ICT Operations Guideline_v2.0,ict operations,6.5,Capacity Management,"ICT Systems should be running within capacity thresholds. Measures should be taken to ensure these thresholds are not exceeded to avoid service interruptions. Furthermore, resource optimisation should be applied to ensure that these thresholds apply to the right resource mix."
ICT Operations Guideline_v2.0,ict operations,6.6,Capacity Management,"For systems supporting critical or important functions, a dedicated capacity management plan tailored to each specific IT Application or ICT System must be established. Appropriate measurement units must be defined, monitored, and reported."
ICT Operations Guideline_v2.0,ict operations,6.7,Capacity Management,"ICT Systems with long or complex procurement procedures, approval processes or those that are resource-intensive must be appropriately managed and prioritized, reflecting their specific operational and risk-related characteristics."
ICT Operations Guideline_v2.0,ict operations,7,Availability and Capacity Monitoring,It must be ensured that availability and capacity management is monitored.
ICT Operations Guideline_v2.0,ict operations,7.1,Availability and Capacity Monitoring,"The use of IT infrastructure resources must be monitored, and those results used to make projections regarding future capacity need."
ICT Operations Guideline_v2.0,ict operations,7.2,Availability and Capacity Monitoring,Root causes for availability and capacity issues must be identified in a timely manner and resolved in accordance with a pre-defined timeline.
ICT Operations Guideline_v2.0,ict operations,7.3,Availability and Capacity Monitoring,"Automated controls must be implemented and defined by Asset Owners to indicate potential problems in a timely manner. Where appropriate, an incident process should be triggered automatically in case systems have reached defined capacity thresholds."
ICT Operations Guideline_v2.0,ict operations,7.4,Availability and Capacity Monitoring,Job scheduling must be carried out with consideration for the operational requirements and dependencies of IT Assets.
ICT Operations Guideline_v2.0,ict operations,7.5,Availability and Capacity Monitoring,Audit and review activities must be planned to minimize disruptions to ICT Systems and business processes.
ICT Operations Guideline_v2.0,ict operations,8,Error handling,It must be ensured that errors during job execution are identified and handled.
ICT Operations Guideline_v2.0,ict operations,8.1,Error handling,Mechanisms to identify and handle errors during job execution must be developed and documented.
ICT Operations Guideline_v2.0,ict operations,8.2,Error handling,"In case of unexpected operational, technical issues or errors support and escalation contacts must be in place."
ICT Operations Guideline_v2.0,ict operations,8.3,Error handling,Errors during job execution that could not be fixed automatically must be addressed and followed up manually in accordance with the ICT Incident and Operational Event Management Guideline.
ICT Operations Guideline_v2.0,ict operations,9,Logging,It must be ensured that all ICT System transactions and all monitoring and operating events are logged in a way which cannot be changed by the operators.
ICT Operations Guideline_v2.0,ict operations,9.1,Logging,"Records must be kept of all suspected or actual faults, and of all preventive and corrective maintenance, for a period determined by applicable requirements and local laws."
ICT Operations Guideline_v2.0,ict operations,9.2,Logging,"Events related to capacity management, ICT operations and ICT System activities must be logged according to the ICT Incident & Operational Event Management Guideline."
ICT Operations Guideline_v2.0,ict operations,9.3,Logging,Audit-trail and system log information of ICT Systems must be recorded.
ICT Operations Guideline_v2.0,ict operations,10,Documentation,It must be ensured that formal documentation and operating handbooks are in place.
ICT Operations Guideline_v2.0,ict operations,10.1,Documentation,"Operating handbooks must be developed, documented, and maintained."
ICT Operations Guideline_v2.0,ict operations,10.2,Documentation,"The operating handbooks should include descriptions of at least the following procedures: Start, restart, recovery, and deactivation of the system Configuration of the system, including default and actual used values Processing and handling of information Data and system backup process and restoration Description of standard changes Error handling Exceptional situations instructions Support and escalation procedures Special output and media handling, such as management of strictly confidential output including procedures for secure disposal of output from failed jobs Management of audit-trail and system log information Description of the access management model Monitoring procedures"
ICT Operations Guideline_v2.0,ict operations,10.3,Documentation,Documentation of dependencies and interfaces between ICT Systems must be in place.
ICT Operations Guideline_v2.0,ict operations,10.4,Documentation,Operating procedures must be reviewed at defined intervals or whenever significant changes to the system are implemented.
ICT Operations Guideline_v2.0,ict operations,11,Software management,It must be ensured that software usage and installation is managed.
ICT Operations Guideline_v2.0,ict operations,11.1,Software management,Software installation must be a defined and documented process.
ICT Operations Guideline_v2.0,ict operations,11.2,Software management,It must be ensured that only approved and licensed software is installed.
ICT Operations Guideline_v2.0,ict operations,11.3,Software management,The list of approved software must be documented.
ICT Operations Guideline_v2.0,ict operations,11.4,Software management,The principles of least privilege must be applied for restricting the installation of software on information systems.
ICT Operations Guideline_v2.0,ict operations,11.5,Software management,Processes and process-supporting tools must be implemented which sufficiently monitor the system capacities (resources) and foster availability.
ICT Operations Guideline_v2.0,ict operations,12,Backup and Recovery Management,"It must be ensured that comprehensive and secure backup, restoration, and recovery procedures are established."
ICT Operations Guideline_v2.0,ict operations,12.1,Backup and Recovery Management,"Backup procedures must be developed and documented, clearly defining the scope of the data to be backed up and the minimum backup frequency, considering the data’s confidentiality and criticality."
ICT Operations Guideline_v2.0,ict operations,12.2,Backup and Recovery Management,Restoration and recovery procedures and methods must be developed and documented.
ICT Operations Guideline_v2.0,ict operations,12.3,Backup and Recovery Management,Both procedures and methods must be based on a risk assessment and ensure coverage of all critical data and systems.
ICT Operations Guideline_v2.0,ict operations,12.4,Backup and Recovery Management,Both procedures and methods must be tested at defined regularly but at least every 12 months or after significant changes.
ICT Operations Guideline_v2.0,ict operations,12.5,Backup and Recovery Management,All restoration activities must meet predefined Recovery Time Objectives (RTO) and Recovery Point Objectives (RPO).
ICT Operations Guideline_v2.0,ict operations,12.6,Backup and Recovery Management,"Backups must include all relevant asset data, information, software, configuration, and system images and must be stored and be restorable in accordance with the restoration and recovery procedures."
ICT Operations Guideline_v2.0,ict operations,12.7,Backup and Recovery Management,Backup data must be classified according to its protection level and stored in alignment with that classification.
ICT Operations Guideline_v2.0,ict operations,12.8,Backup and Recovery Management,Backup data must be protected depending on their classification using cryptographic measures. Encryption keys must be securely managed in accordance with the Encryption and Key Management Guideline.
ICT Operations Guideline_v2.0,ict operations,12.9,Backup and Recovery Management,"In the event of disruption, recovery procedures must ensure that all necessary transactions can be restored and enable the completion of settlement on the scheduled date."
ICT Operations Guideline_v2.0,ict operations,13,Backup systems,"It must be ensured that backup systems are established, secured, and capable of being activated in accordance with defined procedures."
ICT Operations Guideline_v2.0,ict operations,13.1,Backup systems,"Backup systems must be implemented in a way that allows activation in accordance with backup procedures, restoration and recovery procedures and methods."
ICT Operations Guideline_v2.0,ict operations,13.2,Backup systems,"The activation of backup systems must not compromise the security of network and information systems, nor affect confidentiality, integrity, availability or authenticity the data."
ICT Operations Guideline_v2.0,ict operations,13.3,Backup systems,ICT Systems used for backup restoration must be physically and logically segregated from the source ICT Systems to prevent compromise in the event of a cyber incident or system failure.
ICT Operations Guideline_v2.0,ict operations,14,Backup facilities,It must be ensured that backup facilities are in place.
ICT Operations Guideline_v2.0,ict operations,14.1,Backup facilities,"Backup facilities equipped with sufficient resources, capabilities and functions to fulfil business needs and ensure continuous service availability must be maintained."
ICT Operations Guideline_v2.0,ict operations,15,Asset backup handling,It must be ensured that the backup after removal and disposal of an IT Asset is managed.
ICT Operations Guideline_v2.0,ict operations,15.1,Asset backup handling,In case of removal or disposal of IT assets it must be ensured that the backup for the removed or disposed IT Assets is handled according to requirements of the Information Owner (for more information check the ICT Asset Management Guideline).
ICT Operations Guideline_v2.0,ict operations,16,Recovery Time Objectives (RTO) and Recovery Point Objectives (RPO),It must be ensured that RTOs and RPOs are defined and adhered to for all relevant functions and IT Assets.
ICT Operations Guideline_v2.0,ict operations,16.1,Recovery Time Objectives (RTO) and Recovery Point Objectives (RPO),"The determination of RTOs and RPOs must consider whether the function is critical or important, as well as the potential overall impact on market efficiency, agreed by the Asset Owner and documented in the Asset Inventory (according to the ICT Asset Management Guideline)."
ICT Operations Guideline_v2.0,ict operations,16.2,Recovery Time Objectives (RTO) and Recovery Point Objectives (RPO),"All information systems, IT Applications, and data of the legal entity must be backed up in a way to ensure that the RPO objective is met. Depending on the RPO levels following must be fulfilled: RPO = 0 (Impact on Availability Criticality Level: “Critical”): Remote synchronous replication for RPO = 0 minutes and backup restore point and redo logs 0h < RPO < 1h (Impact on Availability Criticality Level: “Critical”): Remote asynchronous replication for RPO < 1 hour but not 0 minutes (e.g. RPO = 15, 20 or 30 minutes) and backup restore point and redo logs + daily backup or alternative measures which guarantee no / minimum data loss 1h ≤ RPO < 4h (Impact on Availability Criticality Level: “Major”): daily backup (full or incremental) + every x hours during business hours redo logs / snapshots / backups or alternative solution guaranteeing RPO 4 h ≤ RPO < 1 day (Impact on Availability Criticality Level: “Minor”): daily backup (full or incremental) + every x hours during business hours redo logs / snapshots / backups or alternative solution guaranteeing RPO RPO of 1 day or more (Impact on Availability Criticality Level: “Negligible”): weekly backup + daily (incremental) backups"
ICT Operations Guideline_v2.0,ict operations,16.3,Recovery Time Objectives (RTO) and Recovery Point Objectives (RPO),The RTO for mission-critical functions must not be longer than two hours.
ICT Operations Guideline_v2.0,ict operations,16.4,Recovery Time Objectives (RTO) and Recovery Point Objectives (RPO),"Trading venues must resume trading within or close to two hours of a disruptive incident, irrespective of the function's criticality or importance, with data loss from IT services minimized to near zero."
ICT Operations Guideline_v2.0,ict operations,17,Continuous Improvement,It must be ensured that the backup procedures are reviewed and improved.
ICT Operations Guideline_v2.0,ict operations,17.1,Continuous Improvement,"At least once a year, the efficiency and completeness of backup procedures should be validated."
ICT Operations Guideline_v2.0,ict operations,17.1.1,Continuous Improvement,"This involves demonstrating the successful restoration of an IT service following a failure, using a risk-based approach."
ICT Operations Guideline_v2.0,ict operations,17.1.2,Continuous Improvement,The outcomes of validating the backup procedures must be recorded in a report.
ICT Operations Guideline_v2.0,ict operations,18,ICT Service Continuity Plans,"ICT service continuity plans, procedures and mechanisms must be designed and implemented."
ICT Operations Guideline_v2.0,ict operations,18.1,ICT Service Continuity Plans,"ICT service continuity plans, procedures and processes must be developed, tested, reviewed, and implemented."
ICT Operations Guideline_v2.0,ict operations,18.2,ICT Service Continuity Plans,"Based on BIA results specific activation, deactivation and exception criteria for the ICT service continuity plans must be established."
ICT Operations Guideline_v2.0,ict operations,18.3,ICT Service Continuity Plans,ICT service continuity plans must include:
ICT Operations Guideline_v2.0,ict operations,18.3.1,ICT Service Continuity Plans,"Actions that need to be taken to ensure availability, integrity, continuity, and recovery of at least ICT Systems and services supporting critical or important functions."
ICT Operations Guideline_v2.0,ict operations,18.3.2,ICT Service Continuity Plans,Structure to limit the damage and meet the defined RTOs and RPOs.
ICT Operations Guideline_v2.0,ict operations,18.3.3,ICT Service Continuity Plans,Specific containment measures and technologies suitable for each type of incident to minimize the impact.
ICT Operations Guideline_v2.0,ict operations,18.3.4,ICT Service Continuity Plans,"Quick estimation of preliminary impacts, damages, and losses upon activation of plans."
ICT Operations Guideline_v2.0,ict operations,18.3.5,ICT Service Continuity Plans,Prioritization of ICT Service Continuity actions on a risk-based approach.
ICT Operations Guideline_v2.0,ict operations,18.3.6,ICT Service Continuity Plans,Definition of clear roles and responsibilities.
ICT Operations Guideline_v2.0,ict operations,18.3.7,ICT Service Continuity Plans,Short-term and long-term recovery options including partial system recovery.
ICT Operations Guideline_v2.0,ict operations,18.3.8,ICT Service Continuity Plans,Objectives and the conditions for successful execution.
ICT Operations Guideline_v2.0,ict operations,18.3.9,ICT Service Continuity Plans,Available documentation for relevant users also in case of emergency.
ICT Operations Guideline_v2.0,ict operations,18.3.10,ICT Service Continuity Plans,"Acceptable loss to availability of information and services, in the event of a disaster."
ICT Operations Guideline_v2.0,ict operations,18.3.11,ICT Service Continuity Plans,"Implementation and maintenance of ICT risk framework or compensating controls, in the event of a disaster."
ICT Operations Guideline_v2.0,ict operations,18.3.12,ICT Service Continuity Plans,"Emergency procedures, manual fallback plans, and resumption plans to restore the infrastructure services."
ICT Operations Guideline_v2.0,ict operations,18.4,ICT Service Continuity Plans,"The plans must consider alternative options if the primary recovery measures may not be feasible in the short-term due to costs, risks, logistics, or unforeseen circumstances."
ICT Operations Guideline_v2.0,ict operations,18.5,ICT Service Continuity Plans,The plans must consider and implement continuity measures to mitigate failures of ICT third-party service providers of ICT services supporting critical or important functions.
ICT Operations Guideline_v2.0,ict operations,18.6,ICT Service Continuity Plans,"Relevant documentation that supports the ICT service continuity plans must be developed, identified, acquired, made available to authorized stakeholders and reviewed periodically."
ICT Operations Guideline_v2.0,ict operations,18.7,ICT Service Continuity Plans,The ICT service continuity plans must be updated at defined intervals.
ICT Operations Guideline_v2.0,ict operations,19,ICT Service Continuity Plans Testing,It must be ensured that ICT service continuity plans as well as procedures are appropriately tested.
ICT Operations Guideline_v2.0,ict operations,19.1,ICT Service Continuity Plans Testing,It must be ensured that ICT service continuity plans are tested at least annually or after a significant change to ICT Systems supporting critical or important functions.
ICT Operations Guideline_v2.0,ict operations,19.2,ICT Service Continuity Plans Testing,"The tests must include procedures to verify that personnel, third party ICT service providers, ICT Systems and services respond to failure scenarios by achieving the defined RTOs and RPOs."
ICT Operations Guideline_v2.0,ict operations,19.3,ICT Service Continuity Plans Testing,Those tests must consider results of the Business Impact Analysis (BIA) and ICT Risk Assessment (for details refer to ICT Risk Management Guideline).
ICT Operations Guideline_v2.0,ict operations,19.4,ICT Service Continuity Plans Testing,"It must be ensured that all IT assets supporting critical functions or having the highest availability requirements, as identified by the BIA, are included in the scope of annual testing."
ICT Operations Guideline_v2.0,ict operations,19.5,ICT Service Continuity Plans Testing,Testing must be based on possible failure scenarios which must be developed using current information of threats and on lessons learned from previous business interruptions including severe business disruptions and increased likelihood of occurrence of disruption.
ICT Operations Guideline_v2.0,ict operations,19.6,ICT Service Continuity Plans Testing,"Following scenarios must be considered: Cyber-attacks and switchovers between the primary ICT infrastructure and the redundant capacity, backups, and redundant facilities. Scenarios in which the quality of the provision of a critical or important function deteriorates to an unacceptable level or fails Scenarios linked to insolvency or failures of ICT third-party service providers. Partial or total failure of premises including office and business premises and data centers. Substantial failure of IT assets or of the communication infrastructure. The non-availability of a critical number of staff or staff members in charge of guaranteeing the continuity of operations. Impact of climate change and environment degradation related events, natural disasters, pandemic, and physical attacks, including intrusions and terrorist attacks. Insider attacks. Political and social instability, including, where relevant, in the jurisdiction from where the ICT third-party service provider provides its services and the location where the data is stored and processed. Widespread power outages."
ICT Operations Guideline_v2.0,ict operations,19.7,ICT Service Continuity Plans Testing,The scenarios must be regularly updated and reviewed.
ICT Operations Guideline_v2.0,ict operations,19.8,ICT Service Continuity Plans Testing,"Tests of ICT service continuity plans must be designed to challenge the assumptions and scenarios on which the plans are based on, including governance arrangements and crisis communication plans."
ICT Operations Guideline_v2.0,ict operations,19.9,ICT Service Continuity Plans Testing,"The tests must include procedures to verify that personnel, third party ICT service providers, ICT Systems and services respond appropriately to the possible failure scenarios."
ICT Operations Guideline_v2.0,ict operations,19.10,ICT Service Continuity Plans Testing,"Testing the ICT service continuity plan must include the involvement of appropriate participation of stakeholders, external providers, and relevant institutions."
ICT Operations Guideline_v2.0,ict operations,19.11,ICT Service Continuity Plans Testing,"Test results must be documented, and any deficiencies must be analyzed, managed, followed-up, timely resolved, and reported to management."
ICT Operations Guideline_v2.0,ict operations,20,Data and ICT System Security Procedures,It must be ensured that data and ICT System security procedures are in place.
ICT Operations Guideline_v2.0,ict operations,20.1,Data and ICT System Security Procedures,"Procedures to secure data and ICT Systems must be developed, documented, and implemented."
ICT Operations Guideline_v2.0,ict operations,20.2,Data and ICT System Security Procedures,Those data and ICT System security procedures must ensure the identification of:
ICT Operations Guideline_v2.0,ict operations,20.2.1,Data and ICT System Security Procedures,"Secure configuration baselines for IT Assets, aimed at minimizing exposure to cyber threats, along with measures to regularly verify the effective deployment of these baselines."
ICT Operations Guideline_v2.0,ict operations,20.2.2,Data and ICT System Security Procedures,"Security measures to ensure that only authorized software is installed on ICT Systems, End User Devices and Mobile Devices."
ICT Operations Guideline_v2.0,ict operations,20.2.3,Data and ICT System Security Procedures,Security measures to ensure that only authorized ICT Systems and Devices are used to transfer and store data.
ICT Operations Guideline_v2.0,ict operations,20.3,Data and ICT System Security Procedures,"Hardening baselines must be defined, documented, implemented and regularly reviewed for all infrastructure types in Red or Yellow Segregation Area."
ICT Operations Guideline_v2.0,ict operations,20.4,Data and ICT System Security Procedures,"As part of those procedures’ requirements for a management solution for remote management and remote wipe of data of legal entity owned Mobile Devices must be established ensuring the following: Remote wipe of business data stored on the Mobile Devices LE owned Mobile Devices can be remotely disabled, erased, or locked"
ICT Operations Guideline_v2.0,ict operations,20.5,Data and ICT System Security Procedures,"The procedures must include requirements for the use of security mechanisms that cannot be altered, removed, or circumvented by People or third-party ICT providers in an unauthorized manner."
ICT Operations Guideline_v2.0,ict operations,20.6,Data and ICT System Security Procedures,The procedures must include requirements for the exclusive authorization of the use of removable media if the residual ICT risk is within the defined risk tolerance levels (in accordance with the ICT Risk Management Guideline).
ICT Operations Guideline_v2.0,ict operations,20.7,Data and ICT System Security Procedures,The implementation of security measures in the data and ICT System security procedure must ensure that remote-working and the use of private endpoint devices does not adversely impact ICT security.
ICT Operations Guideline_v2.0,ict operations,20.8,Data and ICT System Security Procedures,"Configurations of IT assets must be defined, documented, implemented, monitored, and reviewed."
ICT Operations Guideline_v2.0,ict operations,20.9,Data and ICT System Security Procedures,"The application of the defined configurations of IT Assets must be monitored during their entire lifetime, and deviations must be prevented or reported if they occur."
ICT Operations Guideline_v2.0,ict operations,20.10,Data and ICT System Security Procedures,"ICT Systems must incorporate industry’s best practices and vendors recommended security settings, where applicable."
ICT Operations Guideline_v2.0,ict operations,21,Mobile Device Management,It must be ensured that mobile devices are managed.
ICT Operations Guideline_v2.0,ict operations,21.1,Mobile Device Management,"All legal entity owned mobile devices, which have access to internal networks, network services and business information must be approved, registered, controlled, and managed for the use (for details on the Asset Inventory, please refer to the ICT Asset Management Guideline)."
ICT Operations Guideline_v2.0,ict operations,21.2,Mobile Device Management,Security baselines must be defined for DBG-owned mobile devices and enforced through mobile device management (MDM).
ICT Operations Guideline_v2.0,ict operations,21.3,Mobile Device Management,Legal entity owned mobile devices must be kept up to date with all relevant security patches.
ICT Operations Guideline_v2.0,ict operations,21.4,Mobile Device Management,"It must be ensured that all legal entity owned mobile devices only run on supported operating systems, i.e., devices are still maintained / receive regular updates by the manufacturer and must not bypass any manufacturer usage restrictions (i.e. jailbreak or rooting)."
ICT Operations Guideline_v2.0,ict operations,21.5,Mobile Device Management,Vulnerabilities of legal entity owned mobile devices must be identified and managed accordingly to the ICT Patch and Vulnerability Management Guideline.
ICT Operations Guideline_v2.0,ict operations,21.6,Mobile Device Management,Legal entity owned mobile devices must be encrypted accordingly to the Encryption and Key Management Guideline.
ICT Operations Guideline_v2.0,ict operations,21.7,Mobile Device Management,Rules governing software installation on legal entity owned mobile devices must be defined and enforced to ensure only authorized applications are installed.
ICT Operations Guideline_v2.0,ict operations,21.8,Mobile Device Management,All legal entity owned mobile devices must be configured to ensure that the device cannot be compromised in the event of unauthorized physical access. At least the following actions must be ensured: Pre-boot authentication must be enabled (only relevant for laptops) USB ports must be disabled for mass storage media Host-based firewall must be installed on all mobile devices and block all inbound traffic/connections except needed connections (relevant for laptops).
ICT Operations Guideline_v2.0,ict operations,21.9,Mobile Device Management,Legal entity owned mobile devices must be configured to ensure that the device cannot be compromised in the event of unauthorized physical access by at least enabling an automatic lock screen and a defined auto-lock timeout to automatically lock after a period of inactivity. Exemptions to this requirement are allowed but must be documented and substantiated by a justification.
ICT Operations Guideline_v2.0,ict operations,21.10,Mobile Device Management,It should be ensured that the mobile devices configuration settings can be recovered.
ICT Operations Guideline_v2.0,ict operations,21.11,Mobile Device Management,"Where privately owned mobile devices (Bring-Your-Own-Devices) are approved to process and store data, appropriate controls must be implemented that ensure a separation of private and business usage supported by a software to protect business data on the private device (relevant for smartphones and tablets)."
ICT Operations Guideline_v2.0,ict operations,21.12,Mobile Device Management,"The secure mobile device management (MDM) of privately-owned mobile devices must be in line with legal entity owned mobile devices. This implies at least the following: Lock screen must be enabled, and auto-lock timeout must be defined to ensure that the mobile device is automatically locked after a period of inactivity Access to stored business data must automatically be locked in case of repeated entry of a wrong passcode (relevant for smartphones and tablets, in accordance with the Identity and Access Management Guideline)"
ICT Operations Guideline_v2.0,ict operations,21.13,Mobile Device Management,"Only authorized mobile devices must be connected to the internal network, excluding guest wi-fi."
ICT Operations Guideline_v2.0,ict operations,21.14,Mobile Device Management,Client operating systems must ensure that no unauthorized software can be run on a client system
ICT Operations Guideline_v2.0,ict operations,21.15,Mobile Device Management,Access to data in the Red and Yellow Segregation Area must be restricted to legal entity owned devices. Access to data in the Blue and Green Segregation Area should be restricted to legal entity owned devices.
ICT Operations Guideline_v2.0,ict operations,22,Secure use,It must be ensured that end users work and communicate securely.
ICT Operations Guideline_v2.0,ict operations,22.1,Secure use,End users working outside of legal entity’s premises including travelling must be aware of the specific risks of remote work and related security requirements.
ICT Operations Guideline_v2.0,ict operations,22.2,Secure use,End users must comply with the following requirements: Lost and returned mobile devices must be returned for inspection of manipulation and malicious code.
ICT Operations Guideline_v2.0,ict operations,22.3,Secure use,"The following actions must not be performed unless they are required for business purposes, for which an approval process must be defined: Make any changes to the software installed on their legal entity owned devices. Download, store, install or run any executable files of external sources. Make any physical changes to the IT assets. The security configuration / security measures of IT assets provided by the legal entity must not be changed, disabled, or bypassed. Download, store, install, or run any programs or executable files from sources other than legal entity internal trusted sources."
ICT Operations Guideline_v2.0,ict operations,23,Anti-malware solution,It must be ensured that endpoints are protected against malware.
ICT Operations Guideline_v2.0,ict operations,23.1,Anti-malware solution,Approved anti-malware protection must be installed on all endpoints if technically feasible.
ICT Operations Guideline_v2.0,ict operations,23.2,Anti-malware solution,"The anti-malware solution must include: Anti-malware protection to ensure that all running software, data and/or connections are protected from malicious code NIDS and NIPS to ensure that all network traffic between network security zones is analyzed to ensure attacks or misuse are actively prevented HIPS and HIDS to ensure infrastructure components are protected against malicious system integrity changes, where technically applicable, or at least to monitor malicious behavior and report it as a security event Sufficient options to connect the solution to the monitoring solution (SIEM or equivalent at the legal entity)"
ICT Operations Guideline_v2.0,ict operations,23.3,Anti-malware solution,The anti-malware solution must always be active when the system is running.
ICT Operations Guideline_v2.0,ict operations,23.4,Anti-malware solution,Anti-malware solutions must always be up to date.
ICT Operations Guideline_v2.0,ict operations,23.5,Anti-malware solution,Anti-malware protection must check all files on endpoints.
ICT Operations Guideline_v2.0,ict operations,23.6,Anti-malware solution,Anti-malware protection on servers must at least scan all transferred files.
ICT Operations Guideline_v2.0,ict operations,23.7,Anti-malware solution,"Signatures or equivalent for next-gen protection (IOC,IOA9 must be updated regularly."
ICT Operations Guideline_v2.0,ict operations,23.8,Anti-malware solution,Security solutions must be approved by the 1st LoD.
ICT Operations Guideline_v2.0,ict operations,24,Clock Synchronization,It must be ensured that the time settings of all IT assets are synchronized and managed.
ICT Operations Guideline_v2.0,ict operations,24.1,Clock Synchronization,A standard reference time for use by all information systems must be defined.
ICT Operations Guideline_v2.0,ict operations,24.2,Clock Synchronization,The clocks of all relevant information processing systems within an organization or security domain must be synchronized to a single reference time source.
ICT Operations Guideline_v2.0,ict operations,24.3,Clock Synchronization,Clock synchronization process must be logged by the information system. Failure to reach the time server or to synchronize time must be automatically reported as a security event.
ICT Operations Guideline_v2.0,ict operations,24.4,Clock Synchronization,"UTC+00:00 must be assigned as the time zone for all log data, if possible."
ICT Operations Guideline_v2.0,ict operations,25,Use of email accounts,It must be ensured that email accounts are used in a secure way.
ICT Operations Guideline_v2.0,ict operations,25.1,Use of email accounts,Email accounts must be used for business purposes only and following requirements must be fulfilled:
ICT Operations Guideline_v2.0,ict operations,25.1.1,Use of email accounts,Emails must not be automatically forwarded to external email addresses.
ICT Operations Guideline_v2.0,ict operations,25.1.2,Use of email accounts,Links (hyperlinks) or attachments in emails whose sender or content does not appear to be trustworthy must not be clicked and must be reported to Cyber Emergency Response Team (CERT).
ICT Operations Guideline_v2.0,ict operations,25.1.3,Use of email accounts,Unsolicited emails should be forwarded to CERT (CERT@deutsche-boerse.com) for further investigation.
ICT Operations Guideline_v2.0,ict operations,25.1.4,Use of email accounts,"Email pop-ups should be turned off during presentations, screen sharing or in a public area."
ICT Operations Guideline_v2.0,ict operations,26,Internet usage,It must be ensured that internet is used in a secure way.
ICT Operations Guideline_v2.0,ict operations,26.1,Internet usage,End users must not use company provided internet access (incl. private browser) for:
ICT Operations Guideline_v2.0,ict operations,26.1.1,Internet usage,"Any activity that is against the legal entity’s code of conduct, which includes any illegal activities."
ICT Operations Guideline_v2.0,ict operations,26.1.2,Internet usage,Downloading data that is not approved and licensed for business within legal entity.
ICT Operations Guideline_v2.0,ict operations,26.1.3,Internet usage,Attempting to gain unauthorized access to external networks or servers.
ICT Patch and Vulnerability Management Guideline_v2.0,ict patch and vulnerability management,1,General requirements for vulnerability management,It must be ensured that the legal entity is capable of adequately handling vulnerabilities and that a dedicated test program is in place for this purpose.
ICT Patch and Vulnerability Management Guideline_v2.0,ict patch and vulnerability management,1.1,General requirements for vulnerability management,"Vulnerability management procedures must be developed, documented and implemented to ensure that vulnerabilities are identified on a timely basis, assessed accordingly, prioritized, reported, tracked, and resolved."
ICT Patch and Vulnerability Management Guideline_v2.0,ict patch and vulnerability management,1.2,General requirements for vulnerability management,"A sound and comprehensive testing program, encompassing both fundamental and advanced tests, must be established, maintained, and reviewed to identify weaknesses in the digital operational resilience is defined in ID 21 of the ICT Risk Management Guideline. This Guideline provides the operational specifications for the testing types assigned to it under that programme"
ICT Patch and Vulnerability Management Guideline_v2.0,ict patch and vulnerability management,1.3,General requirements for vulnerability management,"The testing program must follow a risk-based approach, considering the proportionality principle, the evolving ICT risk landscape, any specific risks to which the legal entity or asset is or may be exposed, the criticality of information assets with regard to any of the protection goals and services provided, and other relevant factors such as the overall risk profile or the involvement of ICT third-party service providers."
ICT Patch and Vulnerability Management Guideline_v2.0,ict patch and vulnerability management,1.4,General requirements for vulnerability management,"The testing program must include assessments, tests, methodologies, practices, and tools that are to be applied to both fundamental and advanced tests, which must be performed for all ICT Systems, including applications, supporting critical or important functions, at least annually."
ICT Patch and Vulnerability Management Guideline_v2.0,ict patch and vulnerability management,1.5,General requirements for vulnerability management,"For both fundamental and advanced tests, the testers must be independent and, if internal testers are used, they must have sufficient resources at their disposal and conflicts of interest must be avoided."
ICT Patch and Vulnerability Management Guideline_v2.0,ict patch and vulnerability management,1.6,General requirements for vulnerability management,"Comprehensive procedures for the identification, prioritization and remediation of issues discovered during testing must be in place, including validation procedures to ensure that all identified vulnerabilities, deficiencies or other issues like non-compliances are resolved."
ICT Patch and Vulnerability Management Guideline_v2.0,ict patch and vulnerability management,1.7,General requirements for vulnerability management,"A list of relevant contacts involved in the detection and monitoring of cyber threats and anomalous activities, as well as in vulnerability management, must be established."
ICT Patch and Vulnerability Management Guideline_v2.0,ict patch and vulnerability management,1.8,General requirements for vulnerability management,Results of all testing activities conducted under this Guideline must be reported to the DORT Programme owner for consolidation into the programme-level register and management body reporting in accordance with ID 21 of the ICT Risk Management Guideline.
ICT Patch and Vulnerability Management Guideline_v2.0,ict patch and vulnerability management,2,Vulnerability management of ICT third-party service providers,It must be ensured that risks resulting from vulnerabilities of ICT third-party service providers are also included in the legal entity's vulnerability management.
ICT Patch and Vulnerability Management Guideline_v2.0,ict patch and vulnerability management,2.1,Vulnerability management of ICT third-party service providers,The legal entity must verify that ICT-third party service providers manage vulnerabilities related to the ICT services provided.
ICT Patch and Vulnerability Management Guideline_v2.0,ict patch and vulnerability management,2.2,Vulnerability management of ICT third-party service providers,"The legal entity must verify that those service providers report at least critical vulnerabilities, statistics, and trends to it in a timely manner and request the ICT third-party service provider to investigate vulnerabilities, determine their root causes, and implement appropriate mitigation actions when such vulnerabilities are identified and reported."
ICT Patch and Vulnerability Management Guideline_v2.0,ict patch and vulnerability management,2.3,Vulnerability management of ICT third-party service providers,"When using cloud services, the cloud service provider’s responsibilities for technical vulnerability management must be part of the cloud service contractual agreement (incl. processes for reporting the cloud service provider's actions relating to technical vulnerabilities)."
ICT Patch and Vulnerability Management Guideline_v2.0,ict patch and vulnerability management,3,Threat Intelligence,It must be ensured that the legal entity is always kept up to date with regard to vulnerabilities and emerging threats.
ICT Patch and Vulnerability Management Guideline_v2.0,ict patch and vulnerability management,3.1,Threat Intelligence,"To raise and maintain awareness of vulnerabilities and existing or emerging threats, relevant and trusted sources of information must be regularly identified, collected, analyzed and kept up to date."
ICT Patch and Vulnerability Management Guideline_v2.0,ict patch and vulnerability management,3.2,Threat Intelligence,"Threat intelligence should include up-to-date information about threats and attacks on strategic, tactical, and operational levels: Exchange of high-level information about the changing threat landscape (strategic level) Information about attacker methodologies, tools and technologies involved (tactical level) Details about specific attacks, including technical indicators (operational level)"
ICT Patch and Vulnerability Management Guideline_v2.0,ict patch and vulnerability management,3.3,Threat Intelligence,"Internal and external potential threats must be collected, monitored and analyzed, taking into account attack scenarios commonly used by threat actors and scenarios based on threat intelligence."
ICT Patch and Vulnerability Management Guideline_v2.0,ict patch and vulnerability management,3.4,Threat Intelligence,"Capabilities and staff must be in place to perform threat intelligence and analyze the impact of vulnerabilities, cyber threats and attacks on the digital operational resilience (DOR)."
ICT Patch and Vulnerability Management Guideline_v2.0,ict patch and vulnerability management,4,Identification of vulnerabilities through fundamental and advanced tests,It must be ensured that both fundamental and advanced tests are properly performed to identify and evaluate vulnerabilities.
ICT Patch and Vulnerability Management Guideline_v2.0,ict patch and vulnerability management,4.1,Identification of vulnerabilities through fundamental and advanced tests,"Vulnerability identification measures must be defined and implemented for IT Assets of the legal entity in a risk-based approach that utilizes adequate assessment and test frequencies and an adequate depth and completeness of assessment and test results per Segregation Area, system criticality with regard to any of the protection goals or system purpose."
ICT Patch and Vulnerability Management Guideline_v2.0,ict patch and vulnerability management,4.2,Identification of vulnerabilities through fundamental and advanced tests,"To identify and evaluate vulnerabilities, security assessments and tests must be conducted regularly as part of the fundamental tests and, if necessary, additionally on an ad-hoc basis. The security assessment and test type (vulnerability assessments and scans, external attack surface scans, source code review and open-source analysis, network security assessments, gap analyses, physical security reviews, questionnaires and scanning software solutions, scenario-based tests, compatibility testing, performance testing, end-to-end testing and penetration testing) must be chosen based on the information asset classification with regard to any of the protection goals, asset type, exposure and the Segregation Area. For internet exposed assets, external attack surface scans should be considered."
ICT Patch and Vulnerability Management Guideline_v2.0,ict patch and vulnerability management,4.3,Identification of vulnerabilities through fundamental and advanced tests,The vulnerability categories and assessment method as well as scope must be defined for all fundamental tests that are defined in this Guideline.
ICT Patch and Vulnerability Management Guideline_v2.0,ict patch and vulnerability management,4.4,Identification of vulnerabilities through fundamental and advanced tests,"If adverse effects are envisioned in the Red Segregation Area, fundamental tests must generally be conducted in the Yellow Segregation Area and only be conducted in other Segregation Areas if it is not possible in the Yellow Segregation Area."
ICT Patch and Vulnerability Management Guideline_v2.0,ict patch and vulnerability management,4.5,Identification of vulnerabilities through fundamental and advanced tests,A security assessment plan must be defined to ensure that the fundamental tests of all IT Assets of the legal entity are scheduled and performed as required.
ICT Patch and Vulnerability Management Guideline_v2.0,ict patch and vulnerability management,4.6,Identification of vulnerabilities through fundamental and advanced tests,Fundamental tests must be conducted by qualified testers that are independent from the security control implementation.
ICT Patch and Vulnerability Management Guideline_v2.0,ict patch and vulnerability management,4.7,Identification of vulnerabilities through fundamental and advanced tests,Appropriate guiding procedures for all fundamental and advanced tests must be defined and documented.
ICT Patch and Vulnerability Management Guideline_v2.0,ict patch and vulnerability management,4.8,Identification of vulnerabilities through fundamental and advanced tests,"Processes for all fundamental and advanced tests must be defined, regularly monitored, and evaluated, for planning and conducting the fundamental and advanced tests to ensure asset coverage, appropriate scoping, timely completion, and reporting."
ICT Patch and Vulnerability Management Guideline_v2.0,ict patch and vulnerability management,4.9,Identification of vulnerabilities through fundamental and advanced tests,"Network security assessments must be conducted to evaluate the effectiveness of network security controls, identify misconfigurations, and detect potential vulnerabilities in the network architecture, including network segmentation, firewall rules, access controls, and network service configurations."
ICT Patch and Vulnerability Management Guideline_v2.0,ict patch and vulnerability management,4.10,Identification of vulnerabilities through fundamental and advanced tests,"Gap analyses must be conducted to systematically identify and document deviations between the current implementation of ICT security controls and the requirements defined in the ICT Risk Management Framework, applicable regulatory requirements, and the digital operational resilience strategy."
ICT Patch and Vulnerability Management Guideline_v2.0,ict patch and vulnerability management,4.11,Identification of vulnerabilities through fundamental and advanced tests,"Questionnaires must be used as a structured assessment method to evaluate the ICT security posture of the legal entity and of ICT third-party service providers where direct technical testing is not feasible, in accordance with ID 2 (Vulnerability management of ICT third-party service providers)."
ICT Patch and Vulnerability Management Guideline_v2.0,ict patch and vulnerability management,5,Penetration tests,"It must be ensured that as part of the security assessments and tests, penetration tests are performed."
ICT Patch and Vulnerability Management Guideline_v2.0,ict patch and vulnerability management,5.1,Penetration tests,Penetration tests must be performed regularly at the defined intervals:
ICT Patch and Vulnerability Management Guideline_v2.0,ict patch and vulnerability management,5.1.1,Penetration tests,"Penetration tests of all IT applications and their underlying infrastructure assets supporting critical (regarding confidentiality, integrity, availability, or authenticity) or important functions (CIF) and of all KRITIS-relevant assets must be conducted at least every 12 months."
ICT Patch and Vulnerability Management Guideline_v2.0,ict patch and vulnerability management,5.1.2,Penetration tests,Penetration tests of all internet-facing IT applications and their underlying infrastructure assets must be conducted at least every 12 months.
ICT Patch and Vulnerability Management Guideline_v2.0,ict patch and vulnerability management,5.1.3,Penetration tests,"Penetration tests of all IT Applications and their underlying infrastructure assets that are critical regarding confidentiality, integrity, availability, or authenticity must be conducted at least every 12 months."
ICT Patch and Vulnerability Management Guideline_v2.0,ict patch and vulnerability management,5.1.4,Penetration tests,Penetration tests of all other IT Applications and their underlying infrastructure assets infrastructure (that are not covered by 5.1.1.-5.1.3) must be conducted at least every 36 months.
ICT Patch and Vulnerability Management Guideline_v2.0,ict patch and vulnerability management,5.1.5,Penetration tests,"Penetration tests of all IT applications and their underlying infrastructure assets must be conducted upfront before initial deployment into the Red Segregation Area, and whenever security relevant changes are released into the Red Segregation Area."
ICT Patch and Vulnerability Management Guideline_v2.0,ict patch and vulnerability management,5.1.6,Penetration tests,"If network segments (within a network security zone) are segregated, the frequency of penetration tests must be based on the maximum criticality value (regarding confidentiality, integrity, availability, or authenticity) of the assets in the respective segregated network segment within that network security zone."
ICT Patch and Vulnerability Management Guideline_v2.0,ict patch and vulnerability management,5.1.7,Penetration tests,"If network segments (within a network security zone) are not segregated, the frequency of penetration tests for all applications within these unsegregated network segments must be determined based on the maximum criticality value (regarding confidentiality, integrity, availability, or authenticity) of the assets in the respective network segments within that network security zone."
ICT Patch and Vulnerability Management Guideline_v2.0,ict patch and vulnerability management,5.2,Penetration tests,"Penetration tests must be carried out by independent testers with sufficient knowledge, skills, and expertise in testing information security measures and who are not involved in the development of the information security measures."
ICT Patch and Vulnerability Management Guideline_v2.0,ict patch and vulnerability management,5.3,Penetration tests,Vendor rotation must be applied at least every 24 months.
ICT Patch and Vulnerability Management Guideline_v2.0,ict patch and vulnerability management,5.4,Penetration tests,Penetration tests for software as a service (SaaS) provided by third parties must be conducted by the vendor according to contractual agreements based on the requirements for internet-facing IT applications (see above).
ICT Patch and Vulnerability Management Guideline_v2.0,ict patch and vulnerability management,5.5,Penetration tests,"Type, scope, period, and results of a penetration test must be documented in a traceable manner which is comprehensible for a competent third party."
ICT Patch and Vulnerability Management Guideline_v2.0,ict patch and vulnerability management,5.6,Penetration tests,All detected vulnerabilities must be transferred and addressed to a predefined structured remediation process.
ICT Patch and Vulnerability Management Guideline_v2.0,ict patch and vulnerability management,5.7,Penetration tests,A combination of blackbox and greybox testing should be conducted.
ICT Patch and Vulnerability Management Guideline_v2.0,ict patch and vulnerability management,6,Vulnerability assessments and scans,"It must be ensured that as part of the security assessments and tests, vulnerability assessments and scans are performed."
ICT Patch and Vulnerability Management Guideline_v2.0,ict patch and vulnerability management,6.1,Vulnerability assessments and scans,"Prior to their deployment, all IT Assets with the exception of Mobile Devices must be onboarded to the vulnerability scanning tool(s)."
ICT Patch and Vulnerability Management Guideline_v2.0,ict patch and vulnerability management,6.2,Vulnerability assessments and scans,"Prior to their deployment or redeployment in the Red Segregation Area, vulnerability assessments must be performed on all IT Assets and ICT services that support critical or important functions."
ICT Patch and Vulnerability Management Guideline_v2.0,ict patch and vulnerability management,6.3,Vulnerability assessments and scans,"Regular automated vulnerability scans and assessments on all relevant IT Assets must be performed, with the frequency and scope corresponding to their information classification with regards to any of the protection goals and overall risk profile of the IT Asset, however at least weekly."
ICT Patch and Vulnerability Management Guideline_v2.0,ict patch and vulnerability management,7,Source code review and open-source analysis,"It must be ensured that as part of the security assessments and tests, source code reviews and open-source analysis are performed."
ICT Patch and Vulnerability Management Guideline_v2.0,ict patch and vulnerability management,7.1,Source code review and open-source analysis,Source code review must be conducted for all source codes of IT applications before deployment in the Red Segregation Area.
ICT Patch and Vulnerability Management Guideline_v2.0,ict patch and vulnerability management,7.2,Source code review and open-source analysis,Source code reviews must be conducted for all owned source codes of IT applications at least every 12 months.
ICT Patch and Vulnerability Management Guideline_v2.0,ict patch and vulnerability management,7.3,Source code review and open-source analysis,Source code reviews for not owned source code of IT applications must be performed by the external vendor. Reports or confirmations must be conducted.
ICT Patch and Vulnerability Management Guideline_v2.0,ict patch and vulnerability management,7.4,Source code review and open-source analysis,"The use of third-party libraries, including open-source libraries used by ICT services supporting critical or important functions, as well as ICT services developed by the legal entity or customized or specifically developed for the legal entity by ICT third-party service providers, must be monitored, also with respect to new updates, tracked and controlled."
ICT Patch and Vulnerability Management Guideline_v2.0,ict patch and vulnerability management,7.5,Source code review and open-source analysis,"For IT Assets used in the operation of ICT services that do not support critical or important functions, the use of third-party libraries, including open-source libraries, must be tracked to the extent possible."
ICT Patch and Vulnerability Management Guideline_v2.0,ict patch and vulnerability management,8,Compliance scans,"As part of the security assessments and tests, compliance scans must be conducted for IT Asset at least weekly and should be conducted on an on-going basis for End User Devices."
ICT Patch and Vulnerability Management Guideline_v2.0,ict patch and vulnerability management,9,Bug bounty program,"The legal entity should consider bug bounty programs with clearly defined rules and scope, where rewards are offered as an incentive to assist legal entities in identifying vulnerabilities in order to appropriately remediate them."
ICT Patch and Vulnerability Management Guideline_v2.0,ict patch and vulnerability management,10,General requirements for advanced testing based on TLPT,"It must be ensured that advanced tests, which mimic the tactics, techniques and procedures of real-life threat actors are carried out."
ICT Patch and Vulnerability Management Guideline_v2.0,ict patch and vulnerability management,10.1,General requirements for advanced testing based on TLPT,"TLPTs must be carried out at least every three years, with the interval adjusted as requested by the competent authority."
ICT Patch and Vulnerability Management Guideline_v2.0,ict patch and vulnerability management,10.2,General requirements for advanced testing based on TLPT,Each TLPT must cover several critical or important functions of the legal entity and must be performed in the Red Segregation Area.
ICT Patch and Vulnerability Management Guideline_v2.0,ict patch and vulnerability management,10.2.1,General requirements for advanced testing based on TLPT,"For this purpose, all relevant underlying ICT Systems, processes, and technologies that support these critical or important functions and ICT services, including those outsourced to third-party providers, must be identified."
ICT Patch and Vulnerability Management Guideline_v2.0,ict patch and vulnerability management,10.2.2,General requirements for advanced testing based on TLPT,"The legal entity must assess which critical or important functions need to be covered by the TLPT, thereby determining the precise scope of the TLPT, which must then be validated by the competent authority."
ICT Patch and Vulnerability Management Guideline_v2.0,ict patch and vulnerability management,11,Organizational provisions for TLPTs,"It must be ensured that organizational and procedural measures are taken, and a control team lead is assigned to safeguard the proper execution of TLPTs."
ICT Patch and Vulnerability Management Guideline_v2.0,ict patch and vulnerability management,11.1,Organizational provisions for TLPTs,"The legal entity must appoint a control team lead responsible for the day-to-day management of the TLPT, as well as the decisions and actions of the control team."
ICT Patch and Vulnerability Management Guideline_v2.0,ict patch and vulnerability management,11.2,Organizational provisions for TLPTs,The legal entity must establish both organizational and procedural measures to ensure the following:
ICT Patch and Vulnerability Management Guideline_v2.0,ict patch and vulnerability management,11.2.1,Organizational provisions for TLPTs,"Access to information regarding a planned or ongoing TLPT is limited based on the need-to-know principle to the control team, management body, testers, threat intelligence provider, and the TLPT authority."
ICT Patch and Vulnerability Management Guideline_v2.0,ict patch and vulnerability management,11.2.2,Organizational provisions for TLPTs,The control team must consult the test managers before involving a member of the blue team in a TLPT.
ICT Patch and Vulnerability Management Guideline_v2.0,ict patch and vulnerability management,11.2.3,Organizational provisions for TLPTs,"The control team must be informed of any relevant detection of the TLPT by staff members of the legal entity or third-party service providers, with the control team being responsible for the escalation of the resulting incident response, where required."
ICT Patch and Vulnerability Management Guideline_v2.0,ict patch and vulnerability management,11.2.4,Organizational provisions for TLPTs,"Confidentiality agreements must be in place for the legal entity's staff involved in the TLPTs and the relevant third-party ICT service providers, testers, and threat intelligence providers."
ICT Patch and Vulnerability Management Guideline_v2.0,ict patch and vulnerability management,11.2.5,Organizational provisions for TLPTs,The control team must provide any information relating to the TLPT to the test managers on request.
ICT Patch and Vulnerability Management Guideline_v2.0,ict patch and vulnerability management,11.2.6,Organizational provisions for TLPTs,"Wherever possible, parties involved in the TLPT must refer to it only by its code name."
ICT Patch and Vulnerability Management Guideline_v2.0,ict patch and vulnerability management,12,Pooled and joint TLPTs,"It must be ensured that in the case of pooled and joint TLPTs, each legal or financial entity is itself responsible for risk management in relation to TLPTs."
ICT Patch and Vulnerability Management Guideline_v2.0,ict patch and vulnerability management,12.1,Pooled and joint TLPTs,"When performing a joint or pooled TLPT, the control team of each legal or financial entity must:"
ICT Patch and Vulnerability Management Guideline_v2.0,ict patch and vulnerability management,12.1.1,Pooled and joint TLPTs,Conduct its own risk assessment and establish its own risk management measures.
ICT Patch and Vulnerability Management Guideline_v2.0,ict patch and vulnerability management,12.1.2,Pooled and joint TLPTs,Consider aspects related to the involvement of multiple financial entities in the TLPT for the risk assessment.
ICT Patch and Vulnerability Management Guideline_v2.0,ict patch and vulnerability management,12.1.3,Pooled and joint TLPTs,"Follow each of the requirements related to TLPT, including providing the remediation plan to the TLPT authority, as referred to in the control requirement for Remediation of Vulnerabilities."
ICT Patch and Vulnerability Management Guideline_v2.0,ict patch and vulnerability management,12.2,Pooled and joint TLPTs,"If multiple TLPT authorities are involved in a joint or pooled TLPT, the term ""TLPT authority"" must be understood as referring to the leading TLPT authority."
ICT Patch and Vulnerability Management Guideline_v2.0,ict patch and vulnerability management,12.3,Pooled and joint TLPTs,"If the participation of an ICT third-party service provider in the TLPT is expected to negatively impact the quality, security, or confidentiality of services provided to other customers, the legal entity and the provider must agree in writing for the provider to contract directly with an external tester allowing pooled testing. The pooled TLPT must cover the relevant ICT services supporting critical or important functions provided by the ICT third-party service provider to those financial entities. The number of financial entities participating in pooled TLPT shall be calibrated based on the complexity and type of ICT services involved."
ICT Patch and Vulnerability Management Guideline_v2.0,ict patch and vulnerability management,13,TLPT preparation phase,"During the preparation phase, it must be ensured that timelines are adhered to, specific documentation is created and made available to relevant stakeholders, and that stakeholders are involved accordingly."
ICT Patch and Vulnerability Management Guideline_v2.0,ict patch and vulnerability management,13.1,TLPT preparation phase,"Within three months of receiving notification from the TLPT authority that a TLPT is to be conducted, the legal entity must submit the following TLPT initiation documents to the test managers: A project charter, including a high-level project plan, containing the information set out in Annex I of the DORA RTS on TLPT The contact details of the control team lead Information on the intended use of internal or external testers, or both Information on the communication channels to be used during the TLPT The code name for the TLPT"
ICT Patch and Vulnerability Management Guideline_v2.0,ict patch and vulnerability management,13.2,TLPT preparation phase,"After the validation of the TLPT initiation documents by the TLPT authority, a control team must be established to support the control team lead in the following tasks: Defining communication channels and processes within the control team, as well as with the testers and threat intelligence providers, on all matters related to the TLPT Informing the management body of the legal entity about the progress of the TLPT and the associated risks Making decisions based on subject matter expertise throughout the TLPT Selecting the threat intelligence provider and the external testers, internal testers, or both for the TLPT Preparing the scope specification document"
ICT Patch and Vulnerability Management Guideline_v2.0,ict patch and vulnerability management,13.3,TLPT preparation phase,The legal entity must submit a scope specification document containing all the information set out in Annex II of the RTS on TLPT to the test managers within six months of receiving notification from the TLPT authority requesting that a TLPT be carried out. The management body of the financial entity shall approve the scope specification document.
ICT Patch and Vulnerability Management Guideline_v2.0,ict patch and vulnerability management,13.4,TLPT preparation phase,"Once contracted, the control team must share the initiation documents and scope specification document with the testers and threat intelligence providers and inform them about the testing process to be followed."
ICT Patch and Vulnerability Management Guideline_v2.0,ict patch and vulnerability management,13.5,TLPT preparation phase,The procurement or assignment of testers and threat intelligence providers must be finalized before the testing phase begins.
ICT Patch and Vulnerability Management Guideline_v2.0,ict patch and vulnerability management,14,Risk assessment and management associated with TLPTs,It must be ensured that during the preparation phase the control team adequately assesses risks associated with TLPTs.
ICT Patch and Vulnerability Management Guideline_v2.0,ict patch and vulnerability management,14.1,Risk assessment and management associated with TLPTs,"All of the following must be considered for the inclusion of critical or important functions in the scope of the TLPT: Criticality or importance of the function and its possible impact to the financial sector and on financial stability at national and Union level Importance of the function for the day-to-day business operations of the legal entity Exchangeability of the function Interdependence with other functions Geographical location of the function Sectoral dependence of other entities on the function Threat intelligence concerning the function, where available"
ICT Patch and Vulnerability Management Guideline_v2.0,ict patch and vulnerability management,14.2,Risk assessment and management associated with TLPTs,"The control team must consult the test managers on the TLPT risk assessment and risk management measures prior to initiating the testing phase. Additionally, they must review the risk assessment and risk management measures if the TLPT authority determines that they do not adequately address the risks of the TLPT."
ICT Patch and Vulnerability Management Guideline_v2.0,ict patch and vulnerability management,14.3,Risk assessment and management associated with TLPTs,"The control team must at least consider the following types of risks in their risk assessment and management: Granting the threat intelligence provider and external testers access to sensitive and confidential information Non-compliance of the TLPT with the requirements laid out in this Guideline, including breaches of confidentiality or lack of ethical conduct Crisis and incident escalation Activities of the red or blue team, including risks associated with the disruption of critical activities and corruption of data due to the activities of the testers or the blue team and potential impacts on third parties Incomplete restoration of systems affected by the TLPT"
ICT Patch and Vulnerability Management Guideline_v2.0,ict patch and vulnerability management,14.4,Risk assessment and management associated with TLPTs,"Effective risk management controls must be applied, with the cooperation of ICT third-party service providers and involved parties (excluding competent authorities), to mitigate the risks of potential impact on data, damage to assets, and disruption of critical or important functions, services, or operations within the legal entity, its counterparts, or the financial sector."
ICT Patch and Vulnerability Management Guideline_v2.0,ict patch and vulnerability management,15,Requirements for TLPT testers and threat intelligence providers,"During the preparation phase, the control team must ensure that the testers contracted and involved in the TLPTs, including internal testers and threat intelligence providers, are suitably qualified."
ICT Patch and Vulnerability Management Guideline_v2.0,ict patch and vulnerability management,15.1,Requirements for TLPT testers and threat intelligence providers,"Only testers, whether internal or external, that meet all the following must be used to perform the TLPTs: Demonstration of highest suitability and reputability Possess technical and organizational capabilities and show specific expertise in threat intelligence, penetration testing, and red team testing Be certified by an accreditation body in a Member State or adhere to formal codes of conduct or ethical frameworks Provide independent assurance or an audit report regarding the sound management of risks associated with conducting the TLPT, including appropriate protection of the legal entity's confidential information and redress for business risks Be fully and duly covered by relevant professional indemnity insurances that cover risks of misconduct and negligence. Threat intelligence providers must also have such insurance"
ICT Patch and Vulnerability Management Guideline_v2.0,ict patch and vulnerability management,15.2,Requirements for TLPT testers and threat intelligence providers,"If internal testers are used, all the following must additionally be fulfilled: Internal testers must be approved by the relevant competent authority or the single public authority The legal entity must have sufficient dedicated resources and capabilities when using internal testers, as verified by the competent TLPT authority, and must ensure that conflicts of interest are avoided throughout all phases of the TLPT, especially during the design and execution phases Measures must be taken to ensure that using internal testers does not adversely affect the legal entity's overall defensive or resilience capabilities with respect to ICT-related incidents, or significantly impact the availability of resources devoted to ICT-related tasks during a TLPT The threat intelligence provider must always be external The internal testing team includes a test lead, and at least two additional members All members of the test team have been employed by the financial entity or by an ICT intra-group service provider for the preceding 12 months;"
ICT Patch and Vulnerability Management Guideline_v2.0,ict patch and vulnerability management,15.3,Requirements for TLPT testers and threat intelligence providers,The use of internal testers must be mentioned in all the following documents: The test initiation documents The red team test report The report summarizing the relevant findings of the TLPT
ICT Patch and Vulnerability Management Guideline_v2.0,ict patch and vulnerability management,15.4,Requirements for TLPT testers and threat intelligence providers,Testers employed by an ICT intra-group service provider must be regarded as internal testers of the legal entity.
ICT Patch and Vulnerability Management Guideline_v2.0,ict patch and vulnerability management,15.5,Requirements for TLPT testers and threat intelligence providers,"When using internal testers for TLPT, external testers must be contracted every three tests."
ICT Patch and Vulnerability Management Guideline_v2.0,ict patch and vulnerability management,15.6,Requirements for TLPT testers and threat intelligence providers,"Contracts with external testers must ensure that the TLPT results are properly managed and that any data processing, including generation, storage, aggregation, drafting, reporting, communication, or destruction, does not introduce risks to the legal entity."
ICT Patch and Vulnerability Management Guideline_v2.0,ict patch and vulnerability management,15.7,Requirements for TLPT testers and threat intelligence providers,"For external testers, the staff of the red team assigned to the TLPT must: Consist of at least one manager with at least five years' experience and at least two additional testers with at least two years' experience of penetration and red team testing each Possess a broad and suitable level of professional knowledge and skills, including understanding the legal entity's business, reconnaissance, risk management, exploit development, physical penetration, social engineering, vulnerability analysis, and adequate communication skills to clearly present the results Have participated in a minimum of five previous penetration and red team testing engagements Not be employed by, or provide services to, a provider that simultaneously performs blue team functions for any financial institution, ICT third-party service provider, or intragroup ICT service provider participating in the TLPT Be separated from any employee of the same vendor who is also providing threat intelligence services to the same TLPT"
ICT Patch and Vulnerability Management Guideline_v2.0,ict patch and vulnerability management,15.8,Requirements for TLPT testers and threat intelligence providers,"The staff of the threat intelligence provider assigned to the TLPT must: Consist of at least one manager with a minimum of five years' experience and at least one other member with at least two years' experience in threat intelligence Possess a broad and suitable level of professional knowledge and skills, including intelligence gathering tactics, techniques and procedures, geopolitical, technical, and sectoral knowledge, and adequate communication skills to clearly present and report on the outcome of the assignment Have participated in a minimum of three previous threat intelligence engagements involving penetration and red team testing Not simultaneously perform blue team duties or other services that may present a conflict of interest with the legal entity, ICT third-party service provider or intragroup ICT service provider involved in the TLPT Be separated from, and not report to, personnel from the same vendor providing external testers for the same TLPT"
ICT Patch and Vulnerability Management Guideline_v2.0,ict patch and vulnerability management,15.9,Requirements for TLPT testers and threat intelligence providers,Both threat intelligence providers and external testers must supply copies of certifications that meet recognized market standards and demonstrate their suitability for performing their respective activities.
ICT Patch and Vulnerability Management Guideline_v2.0,ict patch and vulnerability management,15.10,Requirements for TLPT testers and threat intelligence providers,External testers must provide at least five references from previous assignments related to penetration and red team testing.
ICT Patch and Vulnerability Management Guideline_v2.0,ict patch and vulnerability management,15.11,Requirements for TLPT testers and threat intelligence providers,Threat intelligence providers must provide at least three references from previous assignments related to penetration and red team testing.
ICT Patch and Vulnerability Management Guideline_v2.0,ict patch and vulnerability management,15.12,Requirements for TLPT testers and threat intelligence providers,Measures and safeguards must be taken to ensure the participation of ICT third-party service providers if involved in the TLPT. The legal entity remains fully responsible for compliance with this Guideline.
ICT Patch and Vulnerability Management Guideline_v2.0,ict patch and vulnerability management,15.13,Requirements for TLPT testers and threat intelligence providers,"The control team must keep records of the documentation provided by the testers and threat intelligence providers, including their curriculum vitae, as evidence of compliance with the requirements set out in this Guideline."
ICT Patch and Vulnerability Management Guideline_v2.0,ict patch and vulnerability management,15.14,Requirements for TLPT testers and threat intelligence providers,"External testers and threat intelligence providers that do not fulfil one or more of the relevant requirements specified in this Guideline must only be contracted in exceptional cases. In such instances, the legal entity must take and document appropriate measures to mitigate the risks associated with non-compliance with those requirements."
ICT Patch and Vulnerability Management Guideline_v2.0,ict patch and vulnerability management,15.15,Requirements for TLPT testers and threat intelligence providers,"The control team must assess whether the threat intelligence providers and testers intended for the TLPT meet the relevant requirements, document the outcome of this assessment, and select providers based on this assessment and their risk management practices."
ICT Patch and Vulnerability Management Guideline_v2.0,ict patch and vulnerability management,15.16,Requirements for TLPT testers and threat intelligence providers,"Before contracting threat intelligence providers and external testers, the control team must provide evidence of compliance with the relevant requirements specified in this Guideline to the test managers."
ICT Patch and Vulnerability Management Guideline_v2.0,ict patch and vulnerability management,15.17,Requirements for TLPT testers and threat intelligence providers,Threat intelligence providers or external testers must not be contracted if the TLPT authority determines that they do not comply with national security legislation or lack the necessary qualifications.
ICT Patch and Vulnerability Management Guideline_v2.0,ict patch and vulnerability management,16,Threat intelligence provider,"Following the approval of the scope specification document by the TLPT authority, it must be ensured during the testing phase that the threat intelligence provider provides relevant information and that appropriate scenarios are selected for the TLPT."
ICT Patch and Vulnerability Management Guideline_v2.0,ict patch and vulnerability management,16.1,Threat intelligence provider,"The threat intelligence provider must analyze generic and sector-specific threat intelligence, identify cyber threats and existing or potential vulnerabilities relevant to the legal entity, and collect and analyze specific, actionable, and contextualized target and threat intelligence relating to the legal entity. This must include consultation with the control team and test managers."
ICT Patch and Vulnerability Management Guideline_v2.0,ict patch and vulnerability management,16.2,Threat intelligence provider,"The threat intelligence provider must present the relevant threats and targeted threat intelligence and propose appropriate scenarios to the control team, testers, and managers. The proposed scenarios must vary in terms of the identified threat actors and associated tactics, techniques, and procedures, and must target each of the critical or important functions within the scope of the TLPT."
ICT Patch and Vulnerability Management Guideline_v2.0,ict patch and vulnerability management,16.3,Threat intelligence provider,"The control team lead must select a minimum of three scenarios to conduct the TLPT based on the following elements: The recommendation of the threat intelligence provider and the threat-led nature of each scenario The input provided by the test managers The feasibility of the proposed scenarios, based on the expert judgement of the testers The size, complexity, and overall risk profile of the legal entity, as well as the nature, scale, and complexity of its services, activities, and operations"
ICT Patch and Vulnerability Management Guideline_v2.0,ict patch and vulnerability management,16.4,Threat intelligence provider,The selected scenarios must fulfil all of the following:
ICT Patch and Vulnerability Management Guideline_v2.0,ict patch and vulnerability management,16.4.1,Threat intelligence provider,"At most, only one of the selected scenarios must be non-threat-led and instead be based on a forward-looking and potentially fictitious threat, considering the expected developments in the threat landscape."
ICT Patch and Vulnerability Management Guideline_v2.0,ict patch and vulnerability management,16.4.2,Threat intelligence provider,"When performing a pooled TLPT, at least one scenario must cover relevant underlying ICT Systems, processes, and technologies of the ICT third-party service provider that support the critical or important functions within the scope of the TLPT. For a joint TLPT with an ICT intra-group service provider, the scenario must cover the ICT Systems, processes, and technologies of the intra-group service provider."
ICT Patch and Vulnerability Management Guideline_v2.0,ict patch and vulnerability management,16.5,Threat intelligence provider,"The threat intelligence provider must provide the control team with the targeted threat intelligence report, which includes the information outlined in Annex III of the RTS on TLPT and the selected scenarios."
ICT Patch and Vulnerability Management Guideline_v2.0,ict patch and vulnerability management,16.6,Threat intelligence provider,"The control team must submit the targeted threat intelligence report to the test manager for approval, and the control team lead shall be informed once the report is validated."
ICT Patch and Vulnerability Management Guideline_v2.0,ict patch and vulnerability management,17,Red teaming,"During the testing phase, it must be ensured that a red team test plan is agreed upon and that the subsequent testing activities are conducted in accordance with this plan and other relevant requirements."
ICT Patch and Vulnerability Management Guideline_v2.0,ict patch and vulnerability management,17.1,Red teaming,"Once the TLPT authority approves the targeted threat intelligence report, the testers must prepare the red team test plan, including the information outlined in Annex IV of the RTS on TLPT. They must use the approved threat intelligence report and the scope specification document as the basis for developing the attack scenarios."
ICT Patch and Vulnerability Management Guideline_v2.0,ict patch and vulnerability management,17.2,Red teaming,"The testers must consult with the control team, threat intelligence provider, and test managers on the red team test plan. This includes communication, operational and project management arrangements, preparation and use cases for activating leg-ups, as well as reporting arrangements to the control team and test managers."
ICT Patch and Vulnerability Management Guideline_v2.0,ict patch and vulnerability management,17.3,Red teaming,The red team test plan must be approved by the control team and the TLPT authority.
ICT Patch and Vulnerability Management Guideline_v2.0,ict patch and vulnerability management,17.4,Red teaming,"Any subsequent changes to the red team test plan, including schedule, scope, target systems, or flags, must be approved by both the control team lead and the test managers."
ICT Patch and Vulnerability Management Guideline_v2.0,ict patch and vulnerability management,17.5,Red teaming,"Once the red team test plan is approved by both the control team and the TLPT authority, the testers must carry out the TLPT during the active red team testing phase."
ICT Patch and Vulnerability Management Guideline_v2.0,ict patch and vulnerability management,17.6,Red teaming,"While the active red team testing phase must be conducted for a minimum of 12 weeks, any additional duration must be proportionate to the scope of the TLPT and reflect the size, activity, complexity, and number of financial institutions and ICT third parties or intra-group ICT service providers involved."
ICT Patch and Vulnerability Management Guideline_v2.0,ict patch and vulnerability management,17.7,Red teaming,"The control team, threat intelligence provider, testers, and test managers must all agree on the conclusion of the active red team testing phase."
ICT Patch and Vulnerability Management Guideline_v2.0,ict patch and vulnerability management,17.8,Red teaming,"Throughout the active red team testing phase, the testers must update the control team and test managers on the status of the TLPT at least weekly."
ICT Patch and Vulnerability Management Guideline_v2.0,ict patch and vulnerability management,17.9,Red teaming,"During the entire active red team testing phase, the threat intelligence provider must be available for consultation and to provide additional threat intelligence as requested by the control team."
ICT Patch and Vulnerability Management Guideline_v2.0,ict patch and vulnerability management,17.10,Red teaming,"The control team must provide in a timely manner leg-ups, designed based on the red team test plan, to help overcome obstacles and ensure that the exercise remains within the time constraints. These leg-ups may be added or modified with the approval of the control team and the test managers."
ICT Patch and Vulnerability Management Guideline_v2.0,ict patch and vulnerability management,17.11,Red teaming,"If an employee of the legal entity or one of its ICT third-party service providers or intra-group ICT service providers discovers the testing activities, the control team, in coordination with the testers, must propose and submit measures to the test managers for validation. These measures must enable the continuation of the TLPT while maintaining its confidentiality."
ICT Patch and Vulnerability Management Guideline_v2.0,ict patch and vulnerability management,17.12,Red teaming,"Only in exceptional circumstances that pose a risk of harm to data, damage to assets, or disruption of critical or important functions, services, or operations - whether belonging to the legal entity, its ICT third-party service providers, its intra-group ICT service providers or impacting its counterparties or the financial sector - the control team lead must temporarily suspend the TLPT. As a final resort, if continuing the TLPT is impossible and with prior validation from the TLPT authority, the control team lead must proceed with a limited purple teaming exercise, whose duration counts towards the minimum 12-week active red team testing phase."
ICT Patch and Vulnerability Management Guideline_v2.0,ict patch and vulnerability management,18,Prohibited activities,It must be ensured that the parties involved in the TLPT do not carry out any prohibited activities during the testing phase.
ICT Patch and Vulnerability Management Guideline_v2.0,ict patch and vulnerability management,18.1,Prohibited activities,The testers and threat intelligence providers must be prohibited from the following activities:
ICT Patch and Vulnerability Management Guideline_v2.0,ict patch and vulnerability management,18.1.1,Prohibited activities,Unauthorized destruction of equipment and modification of information and IT Assets of the legal entity or its ICT third-party service providers.
ICT Patch and Vulnerability Management Guideline_v2.0,ict patch and vulnerability management,18.1.2,Prohibited activities,Intentional disruption of the continuity of critical or important functions of the legal entity.
ICT Patch and Vulnerability Management Guideline_v2.0,ict patch and vulnerability management,18.1.3,Prohibited activities,Unauthorized inclusion of ICT Systems outside the scope of the TLPT.
ICT Patch and Vulnerability Management Guideline_v2.0,ict patch and vulnerability management,18.1.4,Prohibited activities,Unauthorized disclosure of test results.
ICT Patch and Vulnerability Management Guideline_v2.0,ict patch and vulnerability management,19,TLPT closure phase,"Once the active red team testing phase has been completed, it must be ensured that the closure phase is initiated, relevant reports are submitted and required exercises are being performed."
ICT Patch and Vulnerability Management Guideline_v2.0,ict patch and vulnerability management,19.1,TLPT closure phase,"At the end of the active red team testing phase, the control team lead must inform the blue team that a TLPT has taken place. The control team must then promptly provide the red team test report to the blue team and test managers."
ICT Patch and Vulnerability Management Guideline_v2.0,ict patch and vulnerability management,19.2,TLPT closure phase,"Within four weeks of completing the active red team testing phase, the testers must provide the control team with a red team test report, as detailed in Annex V of the RTS on TLPT."
ICT Patch and Vulnerability Management Guideline_v2.0,ict patch and vulnerability management,19.3,TLPT closure phase,"After getting the red team test report, and within ten weeks of finishing the active red team test phase, the blue team must give the control team a blue test report with the details specified in Annex VI of the RTS on TLPT."
ICT Patch and Vulnerability Management Guideline_v2.0,ict patch and vulnerability management,19.4,TLPT closure phase,The control team must promptly provide the blue team's test report to the testers and test managers.
ICT Patch and Vulnerability Management Guideline_v2.0,ict patch and vulnerability management,19.5,TLPT closure phase,"If requested by the test managers, the red and blue team test reports must not include any sensitive information."
ICT Patch and Vulnerability Management Guideline_v2.0,ict patch and vulnerability management,19.6,TLPT closure phase,"Within ten weeks of finishing the active red team testing phase, the blue team and testers must replay the offensive and defensive actions from the TLPT. Additionally, the control team must carry out purple teaming exercises on topics chosen by the blue team and testers, focusing on identified vulnerabilities and any issues not tested during the active red team phase."
ICT Patch and Vulnerability Management Guideline_v2.0,ict patch and vulnerability management,19.7,TLPT closure phase,"After completing the replay and purple teaming exercises, the control team, blue team, testers, and threat intelligence providers must give feedback to each other on the TLPT process."
ICT Patch and Vulnerability Management Guideline_v2.0,ict patch and vulnerability management,19.8,TLPT closure phase,"After the TLPT authority informs the control team lead that the blue and red team test reports are satisfactory, the legal entity and any external testers must submit a summary report to the TLPT authority and the competent authority, if different, within eight weeks. This report must include the TLPT findings, as stated in Annex VII of the RTS on TLPT, remediation plans, as outlined in the control requirement Remediation of vulnerabilities, and documentation showing the TLPT was conducted properly."
ICT Patch and Vulnerability Management Guideline_v2.0,ict patch and vulnerability management,20,Restoration procedures,"Once the active red team testing phase has been completed, it must be ensured that the recovery procedures are carried out."
ICT Patch and Vulnerability Management Guideline_v2.0,ict patch and vulnerability management,20.1,Restoration procedures,"At the end of the testing activities, the testers and threat intelligence providers must carry out restoration procedures. These procedures must include securely deleting compromised passwords, credentials, and other secret keys, securely communicating compromised accounts to the legal entity, and securely handling the collection, storage, management, and disposal of collected data."
ICT Patch and Vulnerability Management Guideline_v2.0,ict patch and vulnerability management,20.2,Restoration procedures,"Additionally, testers must perform the following restoration procedures: Deactivating command and control Scope and date kill switch(es) Removing backdoors and other malware Notifying relevant parties of potential breaches Procedures for future restoration of backups that may contain malware or tools installed during the test Monitoring blue team activities and informing the control team of any detections"
ICT Patch and Vulnerability Management Guideline_v2.0,ict patch and vulnerability management,21,Evaluation of vulnerabilities,It must be ensured that identified vulnerabilities and associated risks are carefully and appropriately evaluated.
ICT Patch and Vulnerability Management Guideline_v2.0,ict patch and vulnerability management,21.1,Evaluation of vulnerabilities,The severity and risks associated with detected vulnerabilities must be determined without undue delay after detection.
ICT Patch and Vulnerability Management Guideline_v2.0,ict patch and vulnerability management,21.2,Evaluation of vulnerabilities,"Priority of the remediation activities for each validated vulnerability must be determined by considering associated risks. To make a consistent and informed decision on priority, the vulnerability item priority must be assessed as follows:"
ICT Patch and Vulnerability Management Guideline_v2.0,ict patch and vulnerability management,21.2.1,Evaluation of vulnerabilities,The output provided by scanners must be normalized and a DBG priority must be determined by additionally taking into account the exposure and criticality with regard to any of the protection goals of the asset.
ICT Patch and Vulnerability Management Guideline_v2.0,ict patch and vulnerability management,21.2.2,Evaluation of vulnerabilities,"The output of a quantitative scoring model must be mapped to the Vulnerability Item Priority, and the mapping must be approved by the 2nd LoD of the legal entity."
ICT Patch and Vulnerability Management Guideline_v2.0,ict patch and vulnerability management,21.3,Evaluation of vulnerabilities,"Zero-day vulnerabilities must be evaluated without undue delay, prioritized based on their exploitability, and timely treated through appropriate risk-based counter measures."
ICT Patch and Vulnerability Management Guideline_v2.0,ict patch and vulnerability management,22,Reporting of vulnerabilities,It must be ensured that identified vulnerabilities are reported in a timely and appropriate manner to all relevant stakeholders.
ICT Patch and Vulnerability Management Guideline_v2.0,ict patch and vulnerability management,22.1,Reporting of vulnerabilities,Regular reporting frequency must be defined; vulnerabilities classified as “high” or above (comparable with high or above in CVSS) must immediately be reported to the respective IT Asset Owners and Information Owner.
ICT Patch and Vulnerability Management Guideline_v2.0,ict patch and vulnerability management,22.2,Reporting of vulnerabilities,The vulnerabilities’ risks and risk values must be included in the report.
ICT Patch and Vulnerability Management Guideline_v2.0,ict patch and vulnerability management,22.3,Reporting of vulnerabilities,"For an efficient reporting scheme, regular reporting and ad-hoc reporting must be in place."
ICT Patch and Vulnerability Management Guideline_v2.0,ict patch and vulnerability management,22.4,Reporting of vulnerabilities,"Status of vulnerabilities must be regularly reported to the IT Asset Owners, at least once a month."
ICT Patch and Vulnerability Management Guideline_v2.0,ict patch and vulnerability management,22.5,Reporting of vulnerabilities,"Total vulnerability landscape must be regularly reported to 1st LoD, DBAG CISO and LE CISOs, at least once a month."
ICT Patch and Vulnerability Management Guideline_v2.0,ict patch and vulnerability management,22.6,Reporting of vulnerabilities,"Ad-hoc reporting must be used to inform DBAG CISO, LE CISOs of the affected LEs and IT Asset Owners about emergency and critical vulnerabilities without undue delay. Affected Information Owners and CERT (optional) must be informed about critical and emergency vulnerabilities without undue delay."
ICT Patch and Vulnerability Management Guideline_v2.0,ict patch and vulnerability management,22.7,Reporting of vulnerabilities,"All vulnerabilities identified in fundamental and advanced tests must be reported to the IT Asset owners, to DBAG CISO and affected LE CISOs latest two weeks after assessment completion. In case the affected IT Asset Owners cannot be identified within this timeline, the reporting timeline to these IT Asset Owners can be prolonged. In addition, affected Information Owners and CERT (optional) must be informed about critical and emergency vulnerabilities."
ICT Patch and Vulnerability Management Guideline_v2.0,ict patch and vulnerability management,22.8,Reporting of vulnerabilities,"The red team test report must be shared with DBAG CISO and LE CISOs of the affected LEs in due course and in the event no CISO is appointed, it must be shared with the 2nd LoD."
ICT Patch and Vulnerability Management Guideline_v2.0,ict patch and vulnerability management,22.9,Reporting of vulnerabilities,"Procedures for the responsible disclosure of vulnerabilities to clients, counterparties and to the public must be established."
ICT Patch and Vulnerability Management Guideline_v2.0,ict patch and vulnerability management,23,Remediation of vulnerabilities,It must be ensured that identified vulnerabilities are treated in an appropriate and prioritized manner.
ICT Patch and Vulnerability Management Guideline_v2.0,ict patch and vulnerability management,23.1,Remediation of vulnerabilities,The vulnerabilities must be remediated according to the vulnerability item priority. The timelines for remediation (upon detection) and vulnerability item priority must be: Emergency: All critical vulnerabilities that are reported to and stated as “emergency action required” by CERT are defined as emergency vulnerabilities. Classification criteria for vulnerability item priority emergency are defined in control requirement ID 30: Without undue delay Critical: DBG score 9.0 - 10.0; max. 32 calendar days High: DBG score 7.0 - 8.9; max. 77 calendar days Medium: DBG score 4.0 - 6.9; max. 180 calendar days Low: DBG score 0.0 - 3.9; max. 360 calendar days
ICT Patch and Vulnerability Management Guideline_v2.0,ict patch and vulnerability management,23.2,Remediation of vulnerabilities,"In case the remediation activities require changes on IT Assets of the legal entity, patch management as part of the change management process must be followed, irrespective whether the patch is being delivered from a vendor or development team."
ICT Patch and Vulnerability Management Guideline_v2.0,ict patch and vulnerability management,23.3,Remediation of vulnerabilities,A process must be defined and documented for handling requests to extend prescribed remediation timelines.
ICT Patch and Vulnerability Management Guideline_v2.0,ict patch and vulnerability management,23.4,Remediation of vulnerabilities,Use cases for an exception process must be documented and defined. The Information Owners of the legal entities must approve the criteria.
ICT Patch and Vulnerability Management Guideline_v2.0,ict patch and vulnerability management,23.5,Remediation of vulnerabilities,Vulnerabilities that cannot be remediated must be subject to compensating controls which must follow a risk-based approach and must be documented. The residual risk must be calculated.
ICT Patch and Vulnerability Management Guideline_v2.0,ict patch and vulnerability management,23.6,Remediation of vulnerabilities,"Remediation plans, as specified in the closure phase control requirement for TLPTs, must include all of the following for each finding identified within the TLPT: A description of the identified deficiencies A description of the proposed remediation measures, their prioritization and estimated completion, including, where appropriate, actions to improve identification, protection, detection, and response capabilities A root cause analysis The personnel or functions of the legal entity responsible for implementing the proposed remediation or improvement The risks involved in not implementing the remediation measures and, where relevant, the risks involved in implementing such measures"
ICT Patch and Vulnerability Management Guideline_v2.0,ict patch and vulnerability management,24,Information sharing,The legal entity should participate in information sharing arrangements with other trustworthy financial entities.
ICT Patch and Vulnerability Management Guideline_v2.0,ict patch and vulnerability management,24.1,Information sharing,"The legal entity should share cyber threat information and intelligence, including indicators of compromise, tactics, techniques and procedures, cyber security alerts and configuration tools, with other financial entities, provided that such sharing: Enhances the digital operational resilience of the financial entities by raising awareness of cyber threats, limiting, or impeding the ability of cyber threats to propagate, and supporting defensive capabilities, threat detection techniques, mitigation strategies, or response and recovery phases Is conducted within trusted communities of financial entities Is implemented through information sharing arrangements that protect the sensitivity of the information exchanged and are governed by codes of conduct that fully respect business confidentiality and the protection of personal data"
ICT Patch and Vulnerability Management Guideline_v2.0,ict patch and vulnerability management,24.2,Information sharing,"When participating in information sharing arrangements, the information sharing arrangements must specify conditions for participation and, where appropriate, details of the inclusion of public authorities and the capacity in which they may be involved. The arrangements must also outline the involvement of ICT third-party service providers and the operational aspects, including the use of dedicated IT platforms."
ICT Patch and Vulnerability Management Guideline_v2.0,ict patch and vulnerability management,24.3,Information sharing,"When participating in information sharing arrangements, upon validation or cessation of membership, the legal entity must notify the competent authority."
ICT Patch and Vulnerability Management Guideline_v2.0,ict patch and vulnerability management,25,Patch management,It must be ensured that proper patch management is in place to handle patches effectively.
ICT Patch and Vulnerability Management Guideline_v2.0,ict patch and vulnerability management,25.1,Patch management,"Patch management procedures must be developed, documented, and implemented."
ICT Patch and Vulnerability Management Guideline_v2.0,ict patch and vulnerability management,25.2,Patch management,"The implementation of patches must follow the formalized change process for the timely identification, prioritization, procurement, installation, and validation."
ICT Patch and Vulnerability Management Guideline_v2.0,ict patch and vulnerability management,25.3,Patch management,The current patch levels of all systems must be compared against patch information from the vendor to support the assessment of the current level of risk.
ICT Patch and Vulnerability Management Guideline_v2.0,ict patch and vulnerability management,25.4,Patch management,"Any new system and third-party software must be scanned for vulnerabilities and available patches and ensure it has up-to-date patches installed before connecting to DBAGs or the legal entity's environment according to protection need. In special cases, e.g. provisioning of notebooks, patches must be applied in a timely manner after connecting to DBAG or the legal entity's network."
ICT Patch and Vulnerability Management Guideline_v2.0,ict patch and vulnerability management,26,Identification of patches,"It must be ensured that as part of the patch management procedures, available patches are identified in a timely manner."
ICT Patch and Vulnerability Management Guideline_v2.0,ict patch and vulnerability management,26.1,Identification of patches,"Available software and hardware patches and updates, which must be installed proactively, must be identified and evaluated using automated tools wherever possible, while end-of-life and unsupported software are treated as elevated risks and reported accordingly."
ICT Patch and Vulnerability Management Guideline_v2.0,ict patch and vulnerability management,26.2,Identification of patches,"Infrastructure scanners should be able to scan and identify missing patches on all network devices (wired and wireless), servers, end user devices, mobile devices."
ICT Patch and Vulnerability Management Guideline_v2.0,ict patch and vulnerability management,27,Testing and deployment of patches,"It must be ensured that as part of the patch management procedures, patches are deployed properly."
ICT Patch and Vulnerability Management Guideline_v2.0,ict patch and vulnerability management,27.1,Testing and deployment of patches,"To address identified vulnerabilities, within defined timelines, the deployment of patches and other mitigation measures must be prioritized following a risk-based approach based on the criticality of the vulnerability."
ICT Patch and Vulnerability Management Guideline_v2.0,ict patch and vulnerability management,27.2,Testing and deployment of patches,"Prior to their deployment, patches and updates for software and hardware must be tested in accordance with the requirements laid out in the Software Development and ICT Change Management Guideline."
ICT Patch and Vulnerability Management Guideline_v2.0,ict patch and vulnerability management,27.3,Testing and deployment of patches,"Adequate measures must be in place for system integrity testing after patch deployment, including rollback plans in the event that system integrity testing fails."
ICT Patch and Vulnerability Management Guideline_v2.0,ict patch and vulnerability management,27.4,Testing and deployment of patches,"The Asset Owners must, if possible, use tools that support centralized patch management capabilities and automated deployment of applicable patches."
ICT Patch and Vulnerability Management Guideline_v2.0,ict patch and vulnerability management,27.5,Testing and deployment of patches,"During the patch processing within Change Management, the downloaded/delivered patch must be scanned for malware and the patch source is authenticated. The integrity of the patch must be confirmed before deployment (e.g. by verifying digital signature of the patch, hash signature comparison against the vendor publicly reported patch file hash and integrity-check)."
ICT Patch and Vulnerability Management Guideline_v2.0,ict patch and vulnerability management,28,Exceptions for the deployment of patches,"It must be ensured that exceptions for the deployment of patches are handled carefully, using a risk-based approach that considers the exposure and criticality of the vulnerability."
ICT Patch and Vulnerability Management Guideline_v2.0,ict patch and vulnerability management,28.1,Exceptions for the deployment of patches,"Where a patch implementation exception is required, a valid workaround to mitigate the associated vulnerabilities must be applied, if technically feasible. In cases where no such workaround or other mitigation measures can be applied, and no patch is expected to be released, a risk assessment should be conducted, and the replacement and disposal of the affected asset should be considered."
ICT Patch and Vulnerability Management Guideline_v2.0,ict patch and vulnerability management,28.2,Exceptions for the deployment of patches,Any exception must be documented and maintained for audit purposes.
ICT Patch and Vulnerability Management Guideline_v2.0,ict patch and vulnerability management,28.3,Exceptions for the deployment of patches,Any failure to implement a patch must be formally justified and approved by the responsible Asset Owner and the applicable Risk Owner.
ICT Patch and Vulnerability Management Guideline_v2.0,ict patch and vulnerability management,29,Remediation monitoring,It must be ensured that the remediation of identified vulnerabilities is monitored.
ICT Patch and Vulnerability Management Guideline_v2.0,ict patch and vulnerability management,29.1,Remediation monitoring,Every detected vulnerability affecting ICT Systems must be recorded and the remediation of vulnerabilities must be monitored and verified.
ICT Patch and Vulnerability Management Guideline_v2.0,ict patch and vulnerability management,30,Emergency management,It must be ensured that any vulnerability identified as an emergency is given special attention and that emergency procedures are in place to address it.
ICT Patch and Vulnerability Management Guideline_v2.0,ict patch and vulnerability management,30.1,Emergency management,"Vulnerabilities classified as “emergency” must follow defined vulnerability emergency management procedures, covering identified processes for the patching and updating of IT Assets."
ICT Patch and Vulnerability Management Guideline_v2.0,ict patch and vulnerability management,30.2,Emergency management,"The definition for emergency classification of vulnerabilities must at a minimum consider these criteria: Whether a vulnerability that has been classified as “emergency” in the past is found again The exploitability of the vulnerability The technical impact of the vulnerability on relevant services and IT Assets, including supporting components The exposure and criticality with regard to any of the protection goals of the affected or potentially affected IT Assets, including supporting components, and in particular affected critical or important functions (CIFs)"
ICT Patch and Vulnerability Management Guideline_v2.0,ict patch and vulnerability management,31,Escalation management,It must be ensured that escalation procedures are in place and applied when vulnerabilities are not adequately addressed.
ICT Patch and Vulnerability Management Guideline_v2.0,ict patch and vulnerability management,31.1,Escalation management,"Escalation processes must be established as part of the defined vulnerability emergency management procedures which are applied in the following cases: The vulnerability is not remediated within the given timeline, including failure to deploy patches and updates for software and hardware within the designated timeline For exceptional cases where regular remediation according to the defined requirements is considered not possible"
ICT Patch and Vulnerability Management Guideline_v2.0,ict patch and vulnerability management,31.2,Escalation management,Overdue vulnerabilities must be followed up on a weekly basis.
ICT Patch and Vulnerability Management Guideline_v2.0,ict patch and vulnerability management,32,Audit log,An audit log must be kept for all steps undertaken in technical vulnerability management.
ICT Patch and Vulnerability Management Guideline_v2.0,ict patch and vulnerability management,33,Alignment with incident management activities,The vulnerability management process must be aligned with the incident management process to enable information and data communication for relevant vulnerabilities to the incident response function in case an incident occurs.
ICT Risk Management Guideline_v3.0,ict risk management,1,ICT Risk Framework and ICT Risk Management Framework,It must be ensured that an ICT Risk Framework is established as an integral part of the ICT Risk Management Framework.
ICT Risk Management Guideline_v3.0,ict risk management,1.1,ICT Risk Framework and ICT Risk Management Framework,"A comprehensive ICT Risk Framework (which is part of the ICT Risk Management Framework) must be planned, established, implemented, maintained, and continually improved to align with legislative, regulatory, and contractual requirements, as well as best practices, international standards, business objectives, digital operational resilience strategy, legal entities' requirements, risk appetite, and the ICT Threat Landscape."
ICT Risk Management Guideline_v3.0,ict risk management,1.2,ICT Risk Framework and ICT Risk Management Framework,"The ICT Risk Management Framework must include at least strategies, policies, procedures, ICT protocols and tools that are necessary to duly and adequately protect Primary and Secondary Assets from ICT risks. This also encompasses domains outside the mandate of ICT risk, such as Third-Party Risk Management or Business Continuity Management. The ICT Risk Framework specifically includes documentation of policies, guidelines and procedures (incl. supporting documents)."
ICT Risk Management Guideline_v3.0,ict risk management,1.3,ICT Risk Framework and ICT Risk Management Framework,The stakeholders (such as DBAG Group Risk Management and legal entity risk management function) defined in the ICT Risk Management Framework (including the ICT Risk Management Policy and ICT Risk Guidelines) must be identified and adequately involved and informed about the ICT Risk Management Framework.
ICT Risk Management Guideline_v3.0,ict risk management,1.4,ICT Risk Framework and ICT Risk Management Framework,The ICT Risk Management Framework must be reviewed and approved at least once a year and must additionally be reviewed and approved at least after the occurrence of a major ICT-related incident and following supervisory instructions or findings resulting from relevant digital operational resilience tests or audit procedures.
ICT Risk Management Guideline_v3.0,ict risk management,1.5,ICT Risk Framework and ICT Risk Management Framework,"The approach for monitoring, measuring, evaluating, and reporting of the ICT Risk Management Framework must be defined."
ICT Risk Management Guideline_v3.0,ict risk management,1.6,ICT Risk Framework and ICT Risk Management Framework,A report on the review of the ICT Risk Management Framework must follow defined minimum requirements as outlined in Dora RTS Art. 27.2 and must be submitted to the competent authority at its request in a searchable electronical format.
ICT Risk Management Guideline_v3.0,ict risk management,1.7,ICT Risk Framework and ICT Risk Management Framework,"The ICT Risk Management Framework must be continuously improved based on the knowledge gained during implementation, monitoring, as well as from material changes, including changes to the cyber threat landscape, applicable legal obligations, ICT-related incidents and TLPTs, if relevant."
ICT Risk Management Guideline_v3.0,ict risk management,1.8,ICT Risk Framework and ICT Risk Management Framework,The ICT Risk Management Framework must be subjected to regular internal ICT Risk Assurance assessments.
ICT Risk Management Guideline_v3.0,ict risk management,2,Digital Operational Resilience Strategy,"It must be ensured that a digital operational resilience (DOR) strategy is established, monitored and maintained supporting the business strategy and objectives."
ICT Risk Management Guideline_v3.0,ict risk management,2.1,Digital Operational Resilience Strategy,"The DOR strategy must include current and target capabilities to address digital operational resilience and attain respective objectives (measured through appropriate metrics), by establishing the risk tolerance level for ICT risk, in accordance with the risk appetite of legal entities."
ICT Risk Management Guideline_v3.0,ict risk management,2.2,Digital Operational Resilience Strategy,The DOR strategy must explain the ICT reference architecture including required changes to reach the objectives.
ICT Risk Management Guideline_v3.0,ict risk management,2.3,Digital Operational Resilience Strategy,"The DOR strategy must outline implemented mechanisms to detect ICT-related incidents (incl. major ICT-related incidents) to prevent their impact and explain, by measuring their effectiveness, how they provide appropriate protection."
ICT Risk Management Guideline_v3.0,ict risk management,2.4,Digital Operational Resilience Strategy,The DOR strategy must explain required changes to digital operational resilience testing and how it is implemented.
ICT Risk Management Guideline_v3.0,ict risk management,2.5,Digital Operational Resilience Strategy,The DOR strategy must outline a communication strategy in the event of ICT-related incidents which are to be disclosed.
ICT Risk Management Guideline_v3.0,ict risk management,2.6,Digital Operational Resilience Strategy,The DOR strategy must include a procedure to monitor the execution and effectiveness of the strategy.
ICT Risk Management Guideline_v3.0,ict risk management,2.7,Digital Operational Resilience Strategy,"It must be ensured that changes to the business strategy, IT strategy and the DOR strategy are considered when developing, documenting, and implementing ICT Risk Management processes, policies, guidelines and procedures."
ICT Risk Management Guideline_v3.0,ict risk management,2.8,Digital Operational Resilience Strategy,The DOR strategy must explain how the ICT Risk Management Framework supports the business strategy and objectives of DBAG or the respective legal entity.
ICT Risk Management Guideline_v3.0,ict risk management,2.9,Digital Operational Resilience Strategy,"The evolution of ICT risks and ICT-related incidents (incl. cyber-attacks) must be analyzed over time, considering relevant metrics (e.g. frequency, types, magnitude) or patterns to deepen the understanding of the risk exposure, especially with regards to critical or important functions, and to improve the DOR."
ICT Risk Management Guideline_v3.0,ict risk management,2.10,Digital Operational Resilience Strategy,The current DOR situation must be evident based on the number of reported major ICT-related incidents and the effectiveness of preventive measures.
ICT Risk Management Guideline_v3.0,ict risk management,2.11,Digital Operational Resilience Strategy,The management body must be responsible for approving the DOR strategy.
ICT Risk Management Guideline_v3.0,ict risk management,3,Target Protection Requirements,It must be ensured that control requirements in the ICT Risk Guidelines are properly defined and correspond to the protection need.
ICT Risk Management Guideline_v3.0,ict risk management,3.1,Target Protection Requirements,"Control requirements must be formulated to reflect the asset criticality with regard to any of the protection goals, legislative statutory, regulatory and contractual requirements, as well as their role in supporting critical or important functions (CIF)."
ICT Risk Management Guideline_v3.0,ict risk management,4,Information classification,It must be ensured that information classification is performed and documented properly according to pre-defined criteria.
ICT Risk Management Guideline_v3.0,ict risk management,4.1,Information classification,"Information classification must reflect the highest classification value separately for each security objective of confidentiality, integrity, availability, and authenticity."
ICT Risk Management Guideline_v3.0,ict risk management,4.2,Information classification,"The classification process, criteria and classification results should be aligned with the business impact analysis methodology and process as well as the CIF process. It must consider the impact classification according to the table below."
ICT Risk Management Guideline_v3.0,ict risk management,4.3,Information classification,Information classification must be proportionately reflected in protection level and respective control requirements must be defined for the respective Information and related Secondary Assets.
ICT Risk Management Guideline_v3.0,ict risk management,4.4,Information classification,The cost of appropriately protecting the information based on its classification must not be a consideration in the process of classifying the asset.
ICT Risk Management Guideline_v3.0,ict risk management,4.5,Information classification,"Primary and Secondary Asset (IT and non-IT Assets) classification must be documented before the start of the asset usage and accessible to relevant stakeholders, e.g., Information Owners, Asset Owner, Project Leads."
ICT Risk Management Guideline_v3.0,ict risk management,4.6,Information classification,The adequacy of the information classification and any relevant documentation must be reviewed at least yearly and should be reviewed at the latest when risk assessment is performed.
ICT Risk Management Guideline_v3.0,ict risk management,5,Critical or important functions,It must be ensured that all critical or important functions and their supporting assets are identified.
ICT Risk Management Guideline_v3.0,ict risk management,5.1,Critical or important functions,Procedures to identify critical or important functions must be in place.
ICT Risk Management Guideline_v3.0,ict risk management,5.2,Critical or important functions,Critical or important functions must be identified and documented according to the specific criteria of the legal entities.
ICT Risk Management Guideline_v3.0,ict risk management,5.3,Critical or important functions,Primary and Secondary Assets supporting critical or important functions must be identified and documented together with their roles and dependencies in relation to ICT risk to provide context for the classification of information.
ICT Risk Management Guideline_v3.0,ict risk management,5.4,Critical or important functions,The identification of critical or important functions must be carried out at least annually.
ICT Risk Management Guideline_v3.0,ict risk management,6,ICT Risk Management Methodology,It must be ensured that an ICT Risk Management Methodology is in place considering an ICT Risk Profile as input for the ICT Risk Management lifecycle.
ICT Risk Management Guideline_v3.0,ict risk management,6.1,ICT Risk Management Methodology,"An ICT Risk Management Methodology must be defined, operationalized, and implemented to specify the ICT Risk Management Processes, including ICT risk assessment and the flow of ICT risk information."
ICT Risk Management Guideline_v3.0,ict risk management,6.2,ICT Risk Management Methodology,"ICT Risk Management Methodology must consider the pre-defined ICT Risk Profile and include a measurement mechanism for the ICT risk level (considering the ICT Threat Landscape, Threat Events and Risk Categories)."
ICT Risk Management Guideline_v3.0,ict risk management,6.3,ICT Risk Management Methodology,ICT Risk Management Methodology must define guidance for the ICT Risk Management procedures on mechanisms to integrate information regarding the ICT Risk Profile (specifically threat insights) in the ICT risk management processes.
ICT Risk Management Guideline_v3.0,ict risk management,7,ICT Risk Management Processes,"It must be ensured that ICT Risk Management processes are in place to identify, assess, treat, monitor, and report ICT risks."
ICT Risk Management Guideline_v3.0,ict risk management,7.1,ICT Risk Management Processes,ICT Risk Management processes (incl. tools) must be designed and implemented to ensure that the risks are adequately managed and within the defined risk appetite and tolerance level.
ICT Risk Management Guideline_v3.0,ict risk management,7.2,ICT Risk Management Processes,"ICT Risk Management processes must reflect the ICT Risk Management Methodology (incl. consideration of an ICT Risk Profile which includes Risk Taxonomy, ICT Threat Landscape, ICT Risk Categories, etc.) and address managing of information security and information technology and other ICT-related risks (incl. facilities, people, and suppliers)."
ICT Risk Management Guideline_v3.0,ict risk management,7.3,ICT Risk Management Processes,Risk acceptance criteria based on risk appetite as well as evaluation criteria and impact criteria must be defined.
ICT Risk Management Guideline_v3.0,ict risk management,7.4,ICT Risk Management Processes,"All Primary (Information Assets, Process Assets) and Secondary Assets (IT and non-IT Assets) and control requirements must be part of the ICT Risk Management processes."
ICT Risk Management Guideline_v3.0,ict risk management,7.5,ICT Risk Management Processes,"Appropriate ICT systems, protocols and tools must be used for managing ICT risks and related procedures and processes."
ICT Risk Management Guideline_v3.0,ict risk management,7.6,ICT Risk Management Processes,"As part of the ICT Risk Management processes, relevant technological developments must be continuously monitored and their impact on the ICT risks, control requirements and digital operational resilience must be considered."
ICT Risk Management Guideline_v3.0,ict risk management,8,ICT Risk Management Roles and Responsibilities,"It must be ensured that roles and responsibilities regarding ICT Risk Management and the resulting duties are defined, documented, and operated."
ICT Risk Management Guideline_v3.0,ict risk management,8.1,ICT Risk Management Roles and Responsibilities,"Staff responsible for designing, managing, and operating the ICT Risk Management Framework must have the necessary skills and competence, gained through proper education, training, or experience, or be under the proper supervision of experienced staff to ensure effective ICT Risk management, IT and business operations, and IT compliance."
ICT Risk Management Guideline_v3.0,ict risk management,8.2,ICT Risk Management Roles and Responsibilities,"Clearly separated roles and responsibilities considering the three lines of defense model or similar must be assigned for ICT-related functions such as for ICT Risk Oversight and ICT Operational Management, ensuring an appropriate level of independence between the roles to avoid conflict of interest."
ICT Risk Management Guideline_v3.0,ict risk management,8.3,ICT Risk Management Roles and Responsibilities,"When outsourcing tasks to verify compliance with ICT Risk management requirements, whether internally or externally, DBAG or the respective legal entity remains fully accountable."
ICT Risk Management Guideline_v3.0,ict risk management,8.4,ICT Risk Management Roles and Responsibilities,"An Information Owner and Asset Owner must be responsible to manage, monitor, protect and oversee information assets or IT and non-IT Assets throughout their entire lifecycle, ensuring the roles are identified, classified, maintained, and updated annually or in case of any changes."
ICT Risk Management Guideline_v3.0,ict risk management,8.5,ICT Risk Management Roles and Responsibilities,An Information Owner must ensure assessment and treatment of ICT risks for Primary and Secondary Assets throughout their entire lifecycle.
ICT Risk Management Guideline_v3.0,ict risk management,9,Control Governance,"It must be ensured that all control requirements from ICT Risk Guidelines are fully addressed by controls, control ownership is assigned, controls are documented, and evidence from performed controls is in place."
ICT Risk Management Guideline_v3.0,ict risk management,9.1,Control Governance,"Each control must be documented in relevant documents (e.g. Policies, Guidelines, Processes, Procedures, ICS or other supporting documentation aimed at addressing all aspects of control requirements)."
ICT Risk Management Guideline_v3.0,ict risk management,9.2,Control Governance,Evidence of performed controls must be in place and available upon request.
ICT Risk Management Guideline_v3.0,ict risk management,9.3,Control Governance,"Each control must have clearly defined ownership and be assigned to one Control Owner. Where this is not practicable, ownership may be assigned to multiple Control Owners. ●"
ICT Risk Management Guideline_v3.0,ict risk management,10,"ICT Risk Profile, ICT Threat Landscape and Risk Categories","It must be ensured that an ICT Risk Profile, including ICT Threat Landscape, and ICT Risk Categories are in place."
ICT Risk Management Guideline_v3.0,ict risk management,10.1,"ICT Risk Profile, ICT Threat Landscape and Risk Categories","An ICT Risk Profile must be in place, including a collection of at least the following documentation, along with the links between these documents: The Risk Taxonomy, particularly the identification of the ICT-related Risk Clusters and relevant Risk Items (Level 4), the Risk Appetite for ICT risks (including Tolerance Levels), the ICT Threat Landscape, and ICT-related Operational Risk Scenarios (incl. results)."
ICT Risk Management Guideline_v3.0,ict risk management,10.2,"ICT Risk Profile, ICT Threat Landscape and Risk Categories","ICT-related entries in the Risk Taxonomy must be defined and operationalized based on external factors (e.g. industry best practices, external threat intelligence, regulatory requirements, etc.) and internal factors (e.g. business needs, risk appetite, internal threat intelligence)."
ICT Risk Management Guideline_v3.0,ict risk management,10.3,"ICT Risk Profile, ICT Threat Landscape and Risk Categories","The ICT-related risk appetite and tolerance levels must be defined and approved as part of the overall risk appetite and tolerance levels of DBAG, respectively the legal entities and in relation to the Risk Taxonomy."
ICT Risk Management Guideline_v3.0,ict risk management,10.4,"ICT Risk Profile, ICT Threat Landscape and Risk Categories","The ICT-related entries to the Risk Taxonomy, ICT Threat Landscape, ICT Risk Categories, risk appetite and tolerance levels must be reviewed in defined intervals, at least annually."
ICT Risk Management Guideline_v3.0,ict risk management,10.5,"ICT Risk Profile, ICT Threat Landscape and Risk Categories","An ICT Threat Landscape must be defined, refined, and implemented based on the pre-defined Risk Taxonomy and specifically identifying ICT threats to the Group Level."
ICT Risk Management Guideline_v3.0,ict risk management,10.6,"ICT Risk Profile, ICT Threat Landscape and Risk Categories","The ICT Threat Landscape must be maintained and regularly updated, include industry standard and knowledge bases, and shared with relevant stakeholders. The ICT Threat Landscape also must provide a risk-based view, which then motivates content and prioritization of ICT Control Framework and ICT Key Controls, respectively."
ICT Risk Management Guideline_v3.0,ict risk management,10.7,"ICT Risk Profile, ICT Threat Landscape and Risk Categories","ICT threats must be monitored and classified with a rating of high significance where all of the following conditions are met: The threat, if occurred, could affect or could have affected critical or important functions of DBAG or related legal entities (including third-party providers, clients, or financial counterparts) based on available information. The threat has a high probability of occurrence at DBAG or related legal entities and must take into account at least the following elements: The capabilities and intent of threat actors to the extent known by DBAG or related legal entities. The persistence of the threat and any accrued knowledge about ICT-related incidents that have impacted DBAG or related legal entities or its third-party provider, clients, or financial counterparts. The geographical spread of the areas at risk ●"
ICT Risk Management Guideline_v3.0,ict risk management,10.8,"ICT Risk Profile, ICT Threat Landscape and Risk Categories","Insights from digital resilience testing, real-life ICT-related incidents (particularly cyber-attacks), challenges in executing ICT continuity and recovery plans, and information shared with counterparts during reviews must be consistently integrated in the ICT Threat Landscape and ICT Risk Categories."
ICT Risk Management Guideline_v3.0,ict risk management,10.9,"ICT Risk Profile, ICT Threat Landscape and Risk Categories","ICT Risk Categories with a scenario description must be defined, refined, and operationalized based on the ICT Threat Landscape."
ICT Risk Management Guideline_v3.0,ict risk management,10.10,"ICT Risk Profile, ICT Threat Landscape and Risk Categories",ICT Risk Categories must be mapped to an ICT Threat Landscape and include information of related control requirements as well as Primary and Secondary Assets with a focus on those supporting critical or important functions (CIF).
ICT Risk Management Guideline_v3.0,ict risk management,10.11,"ICT Risk Profile, ICT Threat Landscape and Risk Categories","Relevant changes to the ICT Risk Profile must be monitored and reported to the ICT Risk Management Methodology owner while significant changes must be reported to the Management Body of DBAG and the legal entity, including the LE CISOs."
ICT Risk Management Guideline_v3.0,ict risk management,11,ICT Risk Assessment,"It must be ensured that the ICT Risk Assessment with ICT Risk Identification, Analysis and Evaluation is performed with sufficient resources, clearly defined responsibilities, and relevant risk data."
ICT Risk Management Guideline_v3.0,ict risk management,11.1,ICT Risk Assessment,Associated roles and responsibilities for the ICT Risk Assessment must be defined.
ICT Risk Management Guideline_v3.0,ict risk management,11.2,ICT Risk Assessment,ICT risk assessment must be performed on all legacy ICT Systems at least annually and additionally before and after connecting them to new IT Assets to ensure no new risks are introduced.
ICT Risk Management Guideline_v3.0,ict risk management,11.3,ICT Risk Assessment,"The ICT risk assessments of the affected Primary and Secondary Assets including the ICT risk treatment measures, if implemented, must be re-performed at least annually and in any of the following cases: Increase of the asset’s criticality New or stricter control requirement associated with the asset in the ICT Risk Guidelines Significant change with a security impact In case of special requests by third party or regulator Before the go-live Major change in the network and information system infrastructure, in the processes or procedures affecting their ICT supported business functions, information assets or ICT system assets ●"
ICT Risk Management Guideline_v3.0,ict risk management,12,ICT Risk Identification,It must be ensured that ICT risks relevant to the organization are properly identified.
ICT Risk Management Guideline_v3.0,ict risk management,12.1,ICT Risk Identification,An ICT risk identification process must be established to identify potential ICT risks.
ICT Risk Management Guideline_v3.0,ict risk management,12.2,ICT Risk Identification,"The identification of internal and external vulnerabilities and threats, particularly exposure to and from other financial entities, related to all relevant ICT supported business functions, Primary, and Secondary Assets must be conducted continuously. Risks (including linkage to ICT Threats) related to all relevant ICT supported business functions, Primary, and Secondary Assets must be at least annually. Monitoring of changes that could affect the ICT risk profile must enable their prompt detection. ●"
ICT Risk Management Guideline_v3.0,ict risk management,13,ICT Risk Analysis,It must be ensured that all identified ICT risks are analyzed.
ICT Risk Management Guideline_v3.0,ict risk management,13.1,ICT Risk Analysis,An ICT risk analysis process must be in place to determine and analyze identified ICT risks based on their likelihood of occurrence and their potential impact.
ICT Risk Management Guideline_v3.0,ict risk management,13.2,ICT Risk Analysis,"The impact on DBAG or legal entities that might result from identified control requirement deviations considering the impact on loss of confidentiality, integrity, availability or authenticity of the assets and business impact such as financial, reputational, compliance impact or privacy violation must be assessed."
ICT Risk Management Guideline_v3.0,ict risk management,13.3,ICT Risk Analysis,The likelihood of exploitation of identified control requirement deviations considering threats and vulnerabilities must be assessed.
ICT Risk Management Guideline_v3.0,ict risk management,13.4,ICT Risk Analysis,"As a result of the ICT risk analysis process, the ICT risk level based on impact and likelihood must be determined."
ICT Risk Management Guideline_v3.0,ict risk management,13.5,ICT Risk Analysis,"Qualitative and quantitative indicators to measure impact and likelihood of OpRisk scenarios based on ICT Threat Events, Risks, and vulnerabilities must be developed."
ICT Risk Management Guideline_v3.0,ict risk management,14,ICT Risk Evaluation,"It must be ensured that identified ICT risks are evaluated, analyzed and prioritized."
ICT Risk Management Guideline_v3.0,ict risk management,14.1,ICT Risk Evaluation,An ICT Risk Evaluation process must be in place to evaluate the analyzed ICT risks resulting in a respective ICT risk level.
ICT Risk Management Guideline_v3.0,ict risk management,14.2,ICT Risk Evaluation,"The risk must be determined and evaluated for all control requirement deviations considering impact and likelihood. The ICT risk level may take values: Very low (R1), Low (R2), Medium (R3), High (R4)"
ICT Risk Management Guideline_v3.0,ict risk management,14.3,ICT Risk Evaluation,"The ICT risks must be (re)evaluated in annual cycles, including a review of the effectiveness of implemented ICT risk treatment measures."
ICT Risk Management Guideline_v3.0,ict risk management,14.4,ICT Risk Evaluation,The ICT Risk Evaluation process must consider the ICT Risk Categories to categorize the resulting ICT Risk.
ICT Risk Management Guideline_v3.0,ict risk management,14.5,ICT Risk Evaluation,"If the implemented ICT risk treatment measures prove to be ineffective, further ICT risk treatment must be performed."
ICT Risk Management Guideline_v3.0,ict risk management,15,ICT Risk Treatment,It must be ensured that ICT risks are adequately treated.
ICT Risk Management Guideline_v3.0,ict risk management,15.1,ICT Risk Treatment,An ICT risk treatment process must be in place to manage and respond to identified ICT risks.
ICT Risk Management Guideline_v3.0,ict risk management,15.2,ICT Risk Treatment,"ICT risk treatment plans must be created, documented, and maintained."
ICT Risk Management Guideline_v3.0,ict risk management,15.3,ICT Risk Treatment,The ICT risk treatment plans must be signed off for all identified ICT risks by the respective Information Owner.
ICT Risk Management Guideline_v3.0,ict risk management,15.4,ICT Risk Treatment,"The ICT risk treatment plan must include, at a minimum, the following information: Selected treatment option including actions for implementation Rationale for the selection of the treatment options, including the expected benefits to be attained Responsible and accountable stakeholder for approving the treatment plan and implementing the plan"
ICT Risk Management Guideline_v3.0,ict risk management,15.5,ICT Risk Treatment,Information Owners should be prepared to demonstrate and provide updates on the status of implementation of the ICT risk treatment plan when required.
ICT Risk Management Guideline_v3.0,ict risk management,15.6,ICT Risk Treatment,All identified ICT risks must be assigned to one of the following treatment options as part of the ICT risk treatment plan: “Accept” – acceptance of risk without mitigation (risks in scope for KRITIS assets must not be accepted if state-of-the-art mitigating measures are available and their use is appropriate). Risk acceptance is only possible for the remaining residual risk. “Mitigate” – implementation of mitigating measures to reduce the ICT risk level. “Avoid” – elimination of activities and exposures that can negatively affect Primary and Secondary Assets of the legal entities.
ICT Risk Management Guideline_v3.0,ict risk management,15.7,ICT Risk Treatment,"Selecting ICT risk treatment options must be based on clearly defined criteria which align with the organization’s risk appetite (specified in underlying Procedure documentation). To set criteria, the following should be considered: The nature and type of uncertainties that can affect outcomes and objectives (both tangible and intangible) How consequences and likelihood will be defined, predicted, and measured Time-related factors Consistency in the use of measurements How the level of risk will be determined How combinations and sequences of multiple risks will be taken into account The organization’s capacity"
ICT Risk Management Guideline_v3.0,ict risk management,15.8,ICT Risk Treatment,The decision for ICT risk acceptance must be based on the defined risk acceptance criteria.
ICT Risk Management Guideline_v3.0,ict risk management,15.9,ICT Risk Treatment,Mitigating measures to reduce the ICT risks must be implemented in accordance with a defined ICT risk treatment plan. The risk mitigation timeline starts as soon as the risk has been assessed by the asset owner and timelines are defined as follows: High (R4): 3 months Medium (R3): 6 months Low (R2): 12 months Very low (R1): 18 months
ICT Risk Management Guideline_v3.0,ict risk management,15.10,ICT Risk Treatment,"Information Owner may decide on different timelines (shortened / extended) in case a proper justification is available and documented. In any case, the ICT risks must be (re)evaluated in annual cycles (please refer to 14.3)."
ICT Risk Management Guideline_v3.0,ict risk management,15.11,ICT Risk Treatment,"The identified risks, related decisions, and information as well as the mitigating measures of the treatment plan, measure owners, agreed due dates and other related information such as the status from monitoring the ICT risk treatment plan must be documented in the risk registries."
ICT Risk Management Guideline_v3.0,ict risk management,15.12,ICT Risk Treatment,"After performing the ICT risk treatment, it must be assessed whether the risk tolerance levels of DBAG or the respective legal entity have been attained."
ICT Risk Management Guideline_v3.0,ict risk management,15.13,ICT Risk Treatment,"In case the defined risk tolerance levels cannot be attained through the implemented measures, the risk treatment plan must be revised and corrective actions to improve the ICT risk treatment measures must be documented."
ICT Risk Management Guideline_v3.0,ict risk management,16,Residual Risk Handling,It must be ensured that residual ICT risks that remain after the ICT risk treatment has been performed are handled appropriately.
ICT Risk Management Guideline_v3.0,ict risk management,16.1,Residual Risk Handling,A process to identify and determine residual ICT risks must be in place.
ICT Risk Management Guideline_v3.0,ict risk management,16.2,Residual Risk Handling,"It must be ensured that residual ICT risks (e.g., in cases of risk acceptance) are identified and registered in an inventory, along with an acknowledgment of the residual ICT risk and an explanation for their acknowledgement."
ICT Risk Management Guideline_v3.0,ict risk management,16.3,Residual Risk Handling,Acknowledged residual ICT risks must be reviewed at least annually including: Identification of changes to residual risks Assessment of existing mitigation measures Assess if the reasons for accepting the residual risks are still valid
ICT Risk Management Guideline_v3.0,ict risk management,16.4,Residual Risk Handling,"If the residual risks have changed, the implemented mitigation measures are no longer sufficient, or the reasons for accepting the residual risks are no longer valid, causing the residual risks to exceed the defined risk tolerance levels, a new ICT risk treatment must be performed."
ICT Risk Management Guideline_v3.0,ict risk management,16.5,Residual Risk Handling,Decisions on the acceptance and the review of residual ICT risks must be performed by Information Owners. ●
ICT Risk Management Guideline_v3.0,ict risk management,17,ICT Risk Monitoring and Reporting,It must be ensured that ICT risks and related information are adequately communicated to the relevant stakeholders such as the Management Body.
ICT Risk Management Guideline_v3.0,ict risk management,17.1,ICT Risk Monitoring and Reporting,The reporting to relevant stakeholders and decision makers (incl. Management Body) must take place with an aggregation appropriate to their roles and responsibilities related to ICT Risk management.
ICT Risk Management Guideline_v3.0,ict risk management,17.2,ICT Risk Monitoring and Reporting,"ICT risks identified as part of, and the results of ICT risk assessments, including the status of the ICT risk treatment plans must be communicated to the relevant stakeholders and decision makers up to the Management Body for review."
ICT Risk Management Guideline_v3.0,ict risk management,17.3,ICT Risk Monitoring and Reporting,"Identified ICT risks and relevant key indicators (e.g. risk appetite and tolerance levels, digital operational resilience metrics, etc.) must be reported regularly to: Appropriate stakeholders, including the ICT Risk Oversight and ICT Operational Management at least quarterly, at least monthly in case of R3 risks and immediately in case of identification of R4 risks The affected Management Body and LE CISOs at least quarterly and within a month in case of identification of R4 risks"
ICT Risk Management Guideline_v3.0,ict risk management,17.4,ICT Risk Monitoring and Reporting,All ICT risks must be registered in inventories which must be updated continuously and establish a monitoring and review process for continuous assessment and treatment of risks.
ICT Risk Management Guideline_v3.0,ict risk management,17.5,ICT Risk Monitoring and Reporting,ICT risks with the highest ICT risk level must be assigned top priority and monitored closely with regular reporting on the actions that have been taken to mitigate them.
ICT Risk Management Guideline_v3.0,ict risk management,17.6,ICT Risk Monitoring and Reporting,"The fulfillment of ICT Risk control requirements must be documented for all Primary and Secondary Assets via ICT Risk documentation (e.g., ICT Risk, Security Documentation (SD) or similar)."
ICT Risk Management Guideline_v3.0,ict risk management,17.7,ICT Risk Monitoring and Reporting,"Senior ICT staff must report at least yearly to the management body and LE CISOs on the following observations: ● - digital operational resilience testing, - real life ICT-related incidents, - cyber-attacks, - challenges faced upon the activation of ICT business continuity plans, and - challenges faced upon the ICT response and recovery plans."
ICT Risk Management Guideline_v3.0,ict risk management,18,Independent ICT Internal Controls Monitoring and Risk Assurance,"It must be ensured that internal controls are monitored, ICT risk assurance is provided, and control effectiveness validated and reported to appropriate stakeholders such as Information and Asset Owners, executive boards of the legal entities."
ICT Risk Management Guideline_v3.0,ict risk management,18.1,Independent ICT Internal Controls Monitoring and Risk Assurance,Established and implemented ICT internal controls must be continuously monitored and validated to ensure that these controls are valid and effective.
ICT Risk Management Guideline_v3.0,ict risk management,18.2,Independent ICT Internal Controls Monitoring and Risk Assurance,Observations on the effectiveness of controls must be reported to control owners.
ICT Risk Management Guideline_v3.0,ict risk management,19,ICT Risk Management Continuous Improvement,It must be ensured that lessons learned on the activities performed as part of an ICT Risk Management processes are captured and continuously used for improvement.
ICT Risk Management Guideline_v3.0,ict risk management,19.1,ICT Risk Management Continuous Improvement,"It must be ensured that the ICT Risk Management processes (incl. tool definitions, etc.) are reviewed and improved to be up to date with latest best practices and tailored to the needs of DBAG or the respective legal entity."
ICT Risk Management Guideline_v3.0,ict risk management,19.2,ICT Risk Management Continuous Improvement,"Independent reviews of ICT Risk Management processes and the implementation thereof must be performed and if necessary, corrective actions should be initiated."
ICT Risk Management Guideline_v3.0,ict risk management,19.3,ICT Risk Management Continuous Improvement,"Where appropriate, the results of monitoring technological developments must be used to update ICT Risk Management processes (incl. tools) and effectively combat ICT risk (e.g. cyberattacks)."
ICT Risk Management Guideline_v3.0,ict risk management,19.4,ICT Risk Management Continuous Improvement,A follow-up process and rules for the timely verification and remediation of critical ICT-related audit findings must be established.
ICT Risk Management Guideline_v3.0,ict risk management,19.5,ICT Risk Management Continuous Improvement,The results of monitoring ICT Internal controls and the effectiveness of implemented ICT risk treatment measures must be used to correct and improve those measures.
ICT Risk Management Guideline_v3.0,ict risk management,19.6,ICT Risk Management Continuous Improvement,ICT Risk management tools must be regularly reviewed and updated accordingly with the improvements to ICT Risk Management and related procedures and processes.
ICT Risk Management Guideline_v3.0,ict risk management,19.7,ICT Risk Management Continuous Improvement,"The ICT-related Operational Risk Scenarios must be reviewed on a regular basis, at least annually."
ICT Risk Management Guideline_v3.0,ict risk management,20,Provisions on Telecommunication Network and Services,"It must be ensured that provisions for the telecommunication network and services, including relevant registration and responsibilities, are properly managed."
ICT Risk Management Guideline_v3.0,ict risk management,20.1,Provisions on Telecommunication Network and Services,A security officer must officially be nominated and contact details provided to the Bundesnetzagentur.
ICT Risk Management Guideline_v3.0,ict risk management,20.2,Provisions on Telecommunication Network and Services,The telecommunication network and telecommunication services must be registered at the Bundesnetzagentur.
ICT Risk Management Guideline_v3.0,ict risk management,21,Digital Operational Resilience Testing Programme,"It must be ensured that a sound and comprehensive Digital Operational Resilience Testing (DORT) Programme is established, maintained, and reviewed as an integral part of the ICT Risk Management Framework."
ICT Risk Management Guideline_v3.0,ict risk management,21.1,Digital Operational Resilience Testing Programme,"A DORT Programme must be established, documented, and maintained within the ICT Risk Management Framework."
ICT Risk Management Guideline_v3.0,ict risk management,21.2,Digital Operational Resilience Testing Programme,"The DORT Programme determine a suitable set of tests in a risk-based approach, such as vulnerability assessments and scans, open source analyses, network security assessments, gap analyses, physical security reviews, questionnaires and scanning software solutions, source code reviews where feasible, scenario-based tests, compatibility testing, performance testing, end-to-end testing, penetration testing, and threat-led penetration testing (TLPT)."
ICT Risk Management Guideline_v3.0,ict risk management,21.3,Digital Operational Resilience Testing Programme,"The DORT Programme must follow a risk-based approach, taking into account: the evolving ICT risk landscape and ICT Threat Landscape as defined in ID 10, the proportionality principle with regard to the size and overall risk profile of the legal entity, the criticality of information assets and services provided, and the involvement of ICT third-party service providers."
ICT Risk Management Guideline_v3.0,ict risk management,21.4,Digital Operational Resilience Testing Programme,"The DORT Programme must define, for each testing type covered under 21.2: the applicable scope and asset coverage, the minimum frequency of execution, the methodology and approach to be applied, the independence requirements for testers, and the owning guideline or procedure containing the detailed technical specifications, if not already determined by the test owners."
ICT Risk Management Guideline_v3.0,ict risk management,21.5,Digital Operational Resilience Testing Programme,The DORT Programme must define a programme lifecycle comprising:
ICT Risk Management Guideline_v3.0,ict risk management,21.5.1,Digital Operational Resilience Testing Programme,"Establish: Formal creation of the programme with defined scope, governance structure, resource allocation, and management body approval."
ICT Risk Management Guideline_v3.0,ict risk management,21.5.2,Digital Operational Resilience Testing Programme,"Maintain: Ongoing monitoring of programme execution, coverage tracking against the full test type inventory, and integration of new or changed testing requirements arising from changes to the ICT Threat Landscape, regulatory requirements, or the DOR strategy."
ICT Risk Management Guideline_v3.0,ict risk management,21.5.3,Digital Operational Resilience Testing Programme,"Review: Formal annual review of the programme's completeness, effectiveness, and alignment with DORA Art. 24(1), triggered additionally by: occurrence of a major ICT-related incident, supervisory instructions or findings, material changes to the legal entity's ICT environment or critical or important functions, and major risks from TLPT exercises."
ICT Risk Management Guideline_v3.0,ict risk management,21.6,Digital Operational Resilience Testing Programme,"Roles and responsibilities for the DORT Programme must be clearly defined and documented, including: The LE must designate a DORT Programme owner at appropriate seniority level responsible for programme governance, coordination across owning guidelines, and reporting to the management body. A clear allocation of responsibility for each testing type to the relevant guideline, procedure and operational responsibility for the execution of tests."
ICT Risk Management Guideline_v3.0,ict risk management,21.7,Digital Operational Resilience Testing Programme,"The DORT Programme must establish a centralized programme register that: Inventories all testing types with their defined scope, frequency, methodology reference, and owning guideline. Tracks the execution status of all planned tests against the programme schedule, including completion dates, responsible parties, and any deviations from planned frequencies. Records all findings identified across all testing types, their severity classification, remediation status, and linkage to the ICT risk register maintained under ID 17.4."
ICT Risk Management Guideline_v3.0,ict risk management,21.8,Digital Operational Resilience Testing Programme,"The results of all testing activities conducted under the DORT Programme must be integrated into the ICT Risk Management processes as follows: Testing findings must be forwarded continuously into the ICT risk identification and assessment processes defined in ID 12 and ID 13, and must inform updates to the ICT Threat Landscape maintained under ID 10.8. Testing findings that identify control deficiencies must trigger ICT risk treatment actions in accordance with ID 15, with remediation timelines aligned to the risk level determined under ID 14. Lessons learned from testing activities, including TLPT exercises, real-life ICT-related incidents, and challenges in executing ICT continuity and recovery plans, must be incorporated into the DORT Programme review process defined in 21.5.3 and into the DOR strategy maintained under ID 2."
ICT Risk Management Guideline_v3.0,ict risk management,21.9,Digital Operational Resilience Testing Programme,"DORT programme must report annually to the management body and LE CISOs covering as a minimum: The overall execution status of the programme against the planned schedule, including any deviations and their justification. A summary of findings identified across all testing types, their severity distribution, and the status of remediation actions. An assessment of the effectiveness of the programme in identifying weaknesses in the legal entity's digital operational resilience. Planned changes to the programme for the upcoming period, including any new testing types, scope expansions, or methodology updates."
ICT Risk Management Guideline_v3.0,ict risk management,21.10,Digital Operational Resilience Testing Programme,"The DORT Programme must ensure non-duplication and consistency across the framework by: Maintaining a clear mapping between each testing type and the single owning guideline or procedure containing its detailed technical specifications and execution requirements, avoiding conflicting requirements across guidelines Establishing a coordination mechanism between the DORT Programme owner and the operational owners of all referenced guidelines to ensure alignment upon any changes to testing requirements, frequencies, or methodologies."
IDP & NCLC Application Governance Guideline_v2.0,individual data processing no low code application governance,1,IDP Monitoring & Oversight,It must be ensured that IDP control activities are monitored and governed.
IDP & NCLC Application Governance Guideline_v2.0,individual data processing no low code application governance,1.1,IDP Monitoring & Oversight,A centralized monitoring and oversight mechanism must be established and maintained to govern and monitor the execution of IDP control activities in DBG ●
IDP & NCLC Application Governance Guideline_v2.0,individual data processing no low code application governance,2,Individual Data Processing Inventory and Ownership,"All Individual Data Processing applications must be centrally inventoried, regular reviewed, disabled if in-active for over 14 months, and documented."
IDP & NCLC Application Governance Guideline_v2.0,individual data processing no low code application governance,2.1,Individual Data Processing Inventory and Ownership,"All Individual Data Processing applications (IDP applications) currently used in practice must be consistently identified and inventoried in a central IDP application Inventory. If the IDP application is not detected through technical measures, it must be registered manually."
IDP & NCLC Application Governance Guideline_v2.0,individual data processing no low code application governance,2.2,Individual Data Processing Inventory and Ownership,"For all identified IDP applications the IDP application Inventory must contain at least the following information: name and purpose of the IDP application version history, date externally or internally developed staff member(s) responsible for specialist aspects staff member(s) responsible for technical aspects technology (runtime environment or scripting language as chapter 3.3) tagging of KRITIS-relevant assets ● tagging of CIF supporting assets ● result of the classification/protection requirements classification and, where appropriate, the protective measures derived from these"
IDP & NCLC Application Governance Guideline_v2.0,individual data processing no low code application governance,2.3,Individual Data Processing Inventory and Ownership,For all identified critical and major IDP applications the IDP application Inventory must additionally contain the following information: Information Owner Owning LE Using LE
IDP & NCLC Application Governance Guideline_v2.0,individual data processing no low code application governance,2.4,Individual Data Processing Inventory and Ownership,"All IDP applications used in practice must be reviewed at least once a year and the review results must be documented. The review must evaluate: if the IDP application Inventory is complete and up to date, if the IDP application information classification is still valid, if the documentation is sufficient to meet the requirements in this Guideline if any additional checks are required, depending on special requirements of legal entities."
IDP & NCLC Application Governance Guideline_v2.0,individual data processing no low code application governance,2.5,Individual Data Processing Inventory and Ownership,The IDP application review results must be yearly provided to the Legal Entity IDP Coordinator as well as reported to the respective legal entity boards.
IDP & NCLC Application Governance Guideline_v2.0,individual data processing no low code application governance,2.6,Individual Data Processing Inventory and Ownership,Appropriate control activities must be defined to ensure operationalization of activities. These controls must be reasonably comprehensive and documented to ensure consistency and quality across all legal entities.
IDP & NCLC Application Governance Guideline_v2.0,individual data processing no low code application governance,2.7,Individual Data Processing Inventory and Ownership,All IDP applications at legal entities must have an IDP Developer and IDP Process Owner.
IDP & NCLC Application Governance Guideline_v2.0,individual data processing no low code application governance,2.8,Individual Data Processing Inventory and Ownership,IDP applications and Standard & Extended No-/Low-code applications (NCLC) which have not been used for more than 14 months must be disabled (180 days) ●
IDP & NCLC Application Governance Guideline_v2.0,individual data processing no low code application governance,3,Classification of information,"Individual Data Processing and Standard & Extended NCLC applications must be classified based on their impact on security, technical complexity, and operational requirement, and regularly assessed."
IDP & NCLC Application Governance Guideline_v2.0,individual data processing no low code application governance,3.1,Classification of information,"IDP applications and Standard & Extended NCLC must be classified upon usage in practice according to an established information classification scheme in conformance with the information, which is processed, otherwise handled, or protected by the application, i.e., considering the impact regarding confidentiality, integrity, availability, and authenticity (180 days) ●"
IDP & NCLC Application Governance Guideline_v2.0,individual data processing no low code application governance,3.2,Classification of information,A reassessment of the IDP applications and Standard & Extended NCLC classification must be performed on an ad hoc basis in case of changes (180 days) ●
IDP & NCLC Application Governance Guideline_v2.0,individual data processing no low code application governance,3.3,Classification of information,Each Legal Entity must define their relevant processes regarding management of IDP applications.
IDP & NCLC Application Governance Guideline_v2.0,individual data processing no low code application governance,3.4,Classification of information,Each IDP and Standard & Extended NCLC application must be classified regarding the technical complexity before it is used in practice (180 days) ●
IDP & NCLC Application Governance Guideline_v2.0,individual data processing no low code application governance,4,Development and Documentation of IDPs and Extended No‑/Low‑Code Apps,"IDP and Extended No‑/Low‑Code application development must include a prior review to ensure necessity, adherence to coding standards and required documentation for major and critical applications."
IDP & NCLC Application Governance Guideline_v2.0,individual data processing no low code application governance,4.1,Development and Documentation of IDPs and Extended No‑/Low‑Code Apps,"Before an IDP application of the level ""critical"" or ""major"" and Extended NCLC application are newly developed or an application of the level ""minor"" or ""negligible"" level will fall into this category due to further development, the respective business unit and IT should jointly verify whether the planned processing purpose and the task addressed by the IDP and Extended NCLC application can already be covered by one of the existing applications or by its further development (180 days) ●"
IDP & NCLC Application Governance Guideline_v2.0,individual data processing no low code application governance,4.2,Development and Documentation of IDPs and Extended No‑/Low‑Code Apps,IDP and Extended NCLC applications must follow established coding principles (180 days) ●
IDP & NCLC Application Governance Guideline_v2.0,individual data processing no low code application governance,4.3,Development and Documentation of IDPs and Extended No‑/Low‑Code Apps,"For all major and critical IDP and extended NCLC applications regarding authenticity, integrity or availability the development, including a functional documentation, must be documented in a clearly structured way and in a manner that is readily comprehensible for competent third parties. For all major and critical IDPs and Extended NCLC regarding confidentiality a limited functional documentation should be provided. The documentation must be stored according to applicable retention times (180 days) ●"
IDP & NCLC Application Governance Guideline_v2.0,individual data processing no low code application governance,4.4,Development and Documentation of IDPs and Extended No‑/Low‑Code Apps,"For all IDP and Standard & Extended NCLC applications, a technical documentation must be in place (180 days) ●"
IDP & NCLC Application Governance Guideline_v2.0,individual data processing no low code application governance,5,General risk management,"Monitoring control and processes to manage IT and security risk for major and critical IDP and Extended NCLC applications must be established, including regular and ad-hoc risk assessment, following establishing risk management practice."
IDP & NCLC Application Governance Guideline_v2.0,individual data processing no low code application governance,5.1,General risk management,"For major and critical IDP and Extended NCLC applications appropriate monitoring and control processes must be set up for IT and information security risks and other relevant risks caused by the application. This includes in particular the definition of risk criteria, the identification of risks, the determination of the need for protection, the derived protective measures for IT operations and the definition of appropriate measures for risk handling and mitigation (180 days) ●"
IDP & NCLC Application Governance Guideline_v2.0,individual data processing no low code application governance,5.2,General risk management,"Risk assessments for major and critical IDP and Extended NCLC applications classified as major, critical regarding confidentiality, authenticity, integrity or availability must be performed regularly and on an ad hoc basis in case of changes of the applications criticality and identified risks must be reported following established information security risk management processes (180 days) ●"
IDP & NCLC Application Governance Guideline_v2.0,individual data processing no low code application governance,6,IDP Application training,It must be ensured that employees are aware of IDP application-related topics.
IDP & NCLC Application Governance Guideline_v2.0,individual data processing no low code application governance,6.1,IDP Application training,"IDP application trainings must be performed to increase the employees’ awareness regarding IDP application-related topics. Additionally, these trainings should cover external employees to further enhance their understanding."
IDP & NCLC Application Governance Guideline_v2.0,individual data processing no low code application governance,7,Technical security measures for IDP and Extended No-/Low-Code Applications,"Security measures for IDP and Extended NCLC applications must be in place and commensurate with their classification, including documentation, access control, test management, business continuity management, periodic review, and transfer to regular applications."
IDP & NCLC Application Governance Guideline_v2.0,individual data processing no low code application governance,7.1,Technical security measures for IDP and Extended No-/Low-Code Applications,The classification of information must determine the protection requirements for IDP and Extended NCLC applications (180 days) ●
IDP & NCLC Application Governance Guideline_v2.0,individual data processing no low code application governance,7.2,Technical security measures for IDP and Extended No-/Low-Code Applications,"If the protection requirements derived from the criticality exceed the technical protection possibilities of the IDP application (e.g., VBA password, file open password), appropriate protective measures must be taken."
IDP & NCLC Application Governance Guideline_v2.0,individual data processing no low code application governance,7.3,Technical security measures for IDP and Extended No-/Low-Code Applications,"To reduce risks regarding authenticity, integrity, or availability, IDP applications classified as critical and Extended NCLC applications classified as critical regarding confidentiality, authenticity, integrity or availability must be transferred into a regular application within three years after classification. A decommission plan for the specific replacement must be provided after one year (180 days) ●"
IDP & NCLC Application Governance Guideline_v2.0,individual data processing no low code application governance,7.4,Technical security measures for IDP and Extended No-/Low-Code Applications,"Protection controls for IDP and Extended NCLC applications must follow a risk-based approach, thus demanding more strict control requirements for major and critical IDP and Extended NCLC applications classified as major/critical regarding confidentiality, authenticity, integrity or availability (180 days) ●"
IDP & NCLC Application Governance Guideline_v2.0,individual data processing no low code application governance,7.5,Technical security measures for IDP and Extended No-/Low-Code Applications,"For minor and negligible IDP with high technical complexity and Extended NCLC applications classified as minor/negligible regarding confidentiality, authenticity, integrity or availability but high technical complexity, test management and access management must be in place (180 days) ●"
IDP & NCLC Application Governance Guideline_v2.0,individual data processing no low code application governance,7.6,Technical security measures for IDP and Extended No-/Low-Code Applications,"For all major and critical IDPs and Extended NCLC applications classified as major/critical regarding confidentiality, authenticity, integrity or availability, processes must be established for appropriately allocating access rights to ensure that staff have only those rights that they need to perform their tasks. This includes the recertification process for authorizations (180 days) ●"
IDP & NCLC Application Governance Guideline_v2.0,individual data processing no low code application governance,7.7,Technical security measures for IDP and Extended No-/Low-Code Applications,"All major and critical IDPs and Extended NCLC applications classified as major/critical regarding confidentiality, authenticity, integrity or availability must be secured against changes to the program logic in production (180 days) ●"
IDP & NCLC Application Governance Guideline_v2.0,individual data processing no low code application governance,7.8,Technical security measures for IDP and Extended No-/Low-Code Applications,"For major and critical IDP with low technical complexity and Extended NCLC applications classified as major/critical regarding confidentiality, authenticity, integrity or availability but a low technical complexity a, test management and access management must be in place (180 days) ●"
IDP & NCLC Application Governance Guideline_v2.0,individual data processing no low code application governance,7.9,Technical security measures for IDP and Extended No-/Low-Code Applications,"For major and critical IDP with low technical complexity and Extended NCLC applications classified as major/critical regarding confidentiality, authenticity, integrity or availability but a low technical complexity a, test management and access management must be in place (180 days) ●"
IDP & NCLC Application Governance Guideline_v2.0,individual data processing no low code application governance,7.10,Technical security measures for IDP and Extended No-/Low-Code Applications,The availability of all IDP and Extended NCLC applications must at least be ensured by appropriate recovery mechanisms of the underlying file storage (180 days) ●
IDP & NCLC Application Governance Guideline_v2.0,individual data processing no low code application governance,7.11,Technical security measures for IDP and Extended No-/Low-Code Applications,Authorized access to all IDP and Extended NCLC applications must at least be ensured by basic access control mechanisms (180 days) ●
IDP & NCLC Application Governance Guideline_v2.0,individual data processing no low code application governance,7.12,Technical security measures for IDP and Extended No-/Low-Code Applications,"For IDP with high technical complexity, measures and controls must be established to ensure the segregation of environments, the protection of data processed in non-production environments, the use of anonymized, pseudonymized or randomized data for testing, and the controlled, documented and approved use of production data where exceptionally required (180 days) ●"
IDP & NCLC Application Governance Guideline_v2.0,individual data processing no low code application governance,8,No‑/Low-code applications governance,"No‑/Low-code Applications must be governed using a proportional, risk‑based approach whereby all components (apps, flows, and environments) comply with ICT Risk Framework and are subject to control requirements commensurate with their business impact and technical complexity."
IDP & NCLC Application Governance Guideline_v2.0,individual data processing no low code application governance,8.1,No‑/Low-code applications governance,"Foundational and environmental risk‑based protections must be implemented at platform level wherever possible such as DLP (e.g., information/data labelling, connectors restriction), IAM (e.g., identity control, role-based & need-to-know enforcement, SOD (180 days) ●"
IDP & NCLC Application Governance Guideline_v2.0,individual data processing no low code application governance,8.2,No‑/Low-code applications governance,"Standard and Extended NCLC applications must ensure asset governance (including register centralized inventory, defined ownership, purpose, version history, classification, inventory maintenance, and risk‑based periodic review), implement version control and Citizen Developer training must be provided to the users (180 days) ●"
IDP & NCLC Application Governance Guideline_v2.0,individual data processing no low code application governance,8.3,No‑/Low-code applications governance,"Extended NCLC applications must apply enhanced governance by additionally ensuring that the inventory contains required information as defined in requirement ID 2.2, 2.3, adhering to lifecycle requirements defined in Requirement ID 2.8), implement segregated environment controls (Development / Test / Production) and protect the integrity and confidentiality of data in non-production environments, including the use of anonymized or pseudonymized data, and complying with applicable requirements mentioned in requirement ID 3, 4, 5, 7 where required based on criticality and technical complexity (180 days) ●"
IDP & NCLC Application Governance Guideline_v2.0,individual data processing no low code application governance,8.4,No‑/Low-code applications governance,"Advanced NCLC applications must be governed as regular IT Applications, complying with the applicable set of requirements applicable to regular IT applications, including formal governance, security, and SDLC controls (180 days) ●"
Identity and Access Management Guideline_v2.0,identity and access management,1,IAM Rules & Procedures,"For Identity and Access Management, procedures and controls must be defined, implemented, and performed."
Identity and Access Management Guideline_v2.0,identity and access management,1.1,IAM Rules & Procedures,"A formal access management process, which includes the review and authorization of access requests by responsible authorities prior to provisioning, must be established, documented, and applied for all accounts and access rights."
Identity and Access Management Guideline_v2.0,identity and access management,1.2,IAM Rules & Procedures,"Access requests and access provisioning for primary and secondary access must be documented accordingly. A central record must be available, preferably via a designated IAM tool, and allow the tracking of individual requests by MyUserID."
Identity and Access Management Guideline_v2.0,identity and access management,1.3,IAM Rules & Procedures,Access requests must be reviewed and authorized by responsible authorities or persons. An additional approval by the Role Owner is required for business-critical access.
Identity and Access Management Guideline_v2.0,identity and access management,1.4,IAM Rules & Procedures,"Automated access provisioning must be established. If not possible, complementary controls must be designed, implemented, and described in the Authorization Concept."
Identity and Access Management Guideline_v2.0,identity and access management,1.5,IAM Rules & Procedures,"An identity lifecycle process is established and must manage the creation, change, review and update, temporary deactivation, and termination of all accounts."
Identity and Access Management Guideline_v2.0,identity and access management,1.6,IAM Rules & Procedures,"Entitlements in affected target ICT Systems and validation of entitlement creation by reconciliation between target ICT System and requested access must be enforced daily (including automated synchronization and clean-up of identified deviations). If not possible, complementary controls must be designed, implemented, and described in the Authorization Concept."
Identity and Access Management Guideline_v2.0,identity and access management,1.7,IAM Rules & Procedures,"Applications should automatically be reconciled. If automatic reconciliation is not possible, complementary controls must be designed and implemented."
Identity and Access Management Guideline_v2.0,identity and access management,2,IAM Definition of Access Rights,Access Rights for Identity Access Management must be defined and documented.
Identity and Access Management Guideline_v2.0,identity and access management,2.1,IAM Definition of Access Rights,"Access rights including remote and emergency access must be assigned and provisioned for IT Assets based on need-to-know, need-to-use and least privilege principles."
Identity and Access Management Guideline_v2.0,identity and access management,2.2,IAM Definition of Access Rights,Access rights must be designed in alignment with the information classification of the information asset.
Identity and Access Management Guideline_v2.0,identity and access management,2.3,IAM Definition of Access Rights,"It must be ensured that roles and responsibilities are assigned to grant, review, and revoke access rights. Retention periods for logs must be defined in accordance with business and information security objectives, reason for event recording and results of the ICT risk assessment."
Identity and Access Management Guideline_v2.0,identity and access management,2.4,IAM Definition of Access Rights,Role composition must be documented at the level of entitlements in a central tool.
Identity and Access Management Guideline_v2.0,identity and access management,2.5,IAM Definition of Access Rights,"Changes to the role composition must be processed (i.e. documented, approved, and tested) based on the change management process required in the Software and Change Management Guideline."
Identity and Access Management Guideline_v2.0,identity and access management,3,Segregation of Duties,"Segregation of Duties (SoD) must be defined, applied, and controlled to prevent any unauthorized access to sensitive data, circumventing access controls or conflicting business interests."
Identity and Access Management Guideline_v2.0,identity and access management,3.1,Segregation of Duties,The Business Owner is responsible to assign all roles and entitlements to SoD areas for which Segregation of Duty is required and must be implemented at technical level. Roles assigned to SoD areas must be documented (e.g. in the Authorization Concept of the IT Asset).
Identity and Access Management Guideline_v2.0,identity and access management,3.2,Segregation of Duties,SoD lifecycle change process must be documented.
Identity and Access Management Guideline_v2.0,identity and access management,3.3,Segregation of Duties,Entitlements compositions must not contain any SoD conflict in itself.
Identity and Access Management Guideline_v2.0,identity and access management,3.4,Segregation of Duties,Confirmed toxic SoD combinations must not be (re-) approved (ID 15 for further details).
Identity and Access Management Guideline_v2.0,identity and access management,3.5,Segregation of Duties,Entitlements compositions must be assessed with respect to SoD requirements to enable SoD checks based on defined rules.
Identity and Access Management Guideline_v2.0,identity and access management,3.6,Segregation of Duties,SoD must be reflected in the role composition.
Identity and Access Management Guideline_v2.0,identity and access management,3.7,Segregation of Duties,The IT access rights allocated to staff must not conflict with any SoD defined rules.
Identity and Access Management Guideline_v2.0,identity and access management,3.8,Segregation of Duties,"While requesting and before assigning access to an account, SoD check and handling must be performed."
Identity and Access Management Guideline_v2.0,identity and access management,3.9,Segregation of Duties,SoD conflicts must be classified and handled according to the defined and implemented SoD processes.
Identity and Access Management Guideline_v2.0,identity and access management,4,IAM Authorization concept,"For each IT Asset an authorization concept must be developed, implemented, and kept up to date to prevent any unauthorized access or breach of access controls."
Identity and Access Management Guideline_v2.0,identity and access management,4.1,IAM Authorization concept,An Authorization Concept must cover at least the following scope items:
Identity and Access Management Guideline_v2.0,identity and access management,4.1.1,IAM Authorization concept,"The Authorization Concept must be established based on the security requirements, business needs and the corresponding processes."
Identity and Access Management Guideline_v2.0,identity and access management,4.1.2,IAM Authorization concept,The Authorization Concept must define the complete design and content of roles and entitlements.
Identity and Access Management Guideline_v2.0,identity and access management,4.1.3,IAM Authorization concept,The Authorization Concept must define the design and management of user authorization and access (de-) provisioning.
Identity and Access Management Guideline_v2.0,identity and access management,4.1.4,IAM Authorization concept,The Authorization Concept must describe how emergency access is managed and controlled.
Identity and Access Management Guideline_v2.0,identity and access management,4.1.5,IAM Authorization concept,The Authorization Concept for the network infrastructure must define and describe the network access controls.
Identity and Access Management Guideline_v2.0,identity and access management,4.2,IAM Authorization concept,Authorization Concepts must be reviewed at least every 12 months and updated in case of changes.
Identity and Access Management Guideline_v2.0,identity and access management,4.3,IAM Authorization concept,Authorization Concepts must be approved prior to activating access rights.
Identity and Access Management Guideline_v2.0,identity and access management,4.4,IAM Authorization concept,The Information Owner of the adopting LE using the application must review the Authorization Concept.
Identity and Access Management Guideline_v2.0,identity and access management,5,Access Control,"Access controls must be defined, implemented, monitored and controlled to prevent any unauthorized access, avoid breach of access controls and restrict access to support the protection requirements considering each level of classification."
Identity and Access Management Guideline_v2.0,identity and access management,5.1,Access Control,"Unauthorized access must be defined, identified, prevented and denied by controls and measures for IT Assets and Non-IT Assets."
Identity and Access Management Guideline_v2.0,identity and access management,5.3,Access Control,"Entitlements for access to different Segregation Areas must only be assigned to users reflecting SoDs to access different Segregation Areas. Where separation of environment or duties is difficult (activities in the Green and Red Segregation Areas development and production activities performed by same teams), other controls such as monitoring of activities, audit trails and management supervision must be implemented."
Identity and Access Management Guideline_v2.0,identity and access management,5.4,Access Control,User accounts should be clearly distinguishable in context of the user interface.
Identity and Access Management Guideline_v2.0,identity and access management,5.6,Access Control,At least all accesses to Red and Yellow Segregation Area must be logged and all ICT Systems and users must only have access to networks and network services that they have been specifically authorized to use based on the need-to-know principle.
Identity and Access Management Guideline_v2.0,identity and access management,5.7,Access Control,"Controls must be designed and implemented to limit physical or logical access to Information Assets, IT Assets and Non-IT Assets fulfilling this Guideline which refers to access rights and access rights administration."
Identity and Access Management Guideline_v2.0,identity and access management,6,IAM Identification,"Controls and measures must be designed, implemented and managed to ensure that access to information and IT Assets are conducted using a unique identity. The established IAM lifecycle process must manage and control these unique identities."
Identity and Access Management Guideline_v2.0,identity and access management,6.1,IAM Identification,"All internal and external individuals, who have access to Information Assets and IT Assets, must have a unique, global user ID (""MyUserID"") linked to a unique account. These accounts (other than shared accounts) must be linked to a MyUserID to remain traceable."
Identity and Access Management Guideline_v2.0,identity and access management,6.2,IAM Identification,"Information on the creation, modification or deletion of unique identifiers assigned to unique user accounts must be logged, monitored, maintained and kept for at least 18 month – even following a reorganization or end of a contractual relationship with the user."
Identity and Access Management Guideline_v2.0,identity and access management,7,Contractual obligations regarding information security,Contractual obligations must consider the organisations demand on information security to ensure adherence and to prevent information leakage.
Identity and Access Management Guideline_v2.0,identity and access management,7.1,Contractual obligations regarding information security,"Personal secret authentication information such as passwords, PINs, keys, and tokens must never be shared or be made accessible to any other individual. The correct handling of cryptographic products and key material must be ensured and documented, and employees must be properly trained."
Identity and Access Management Guideline_v2.0,identity and access management,7.2,Contractual obligations regarding information security,Only approved authentication mechanisms must be utilized by the contracting party.
Identity and Access Management Guideline_v2.0,identity and access management,7.3,Contractual obligations regarding information security,"When users are provided with new or updated secret authentication information, they must get temporary credentials, which must be changed upon first use. The secret authentication information must be valid for no longer than 24 hours."
Identity and Access Management Guideline_v2.0,identity and access management,7.4,Contractual obligations regarding information security,Legal entity’s authentication information must not be used for non-business purposes. This includes but is not limited to not using the same password for the legal entity used and privately used user accounts.
Identity and Access Management Guideline_v2.0,identity and access management,7.5,Contractual obligations regarding information security,Secret authentication information must be changed when suspected of compromise.
Identity and Access Management Guideline_v2.0,identity and access management,8,Password management,"Passwords and PINs must be defined, kept safe and managed securely."
Identity and Access Management Guideline_v2.0,identity and access management,8.1,Password management,Login-credentials must consider the following:
Identity and Access Management Guideline_v2.0,identity and access management,8.1.1,Password management,"Secret authentication information such as passwords, PINs, keys and tokens must be classified as strictly confidential and protected by cryptographic measures."
Identity and Access Management Guideline_v2.0,identity and access management,8.1.2,Password management,Passwords must not be displayed by default as clear characters on the screen when being entered but must be hidden.
Identity and Access Management Guideline_v2.0,identity and access management,8.1.3,Password management,"Where possible, legal entity owned ICT Systems should leverage central identity provider services, which manage the user passwords."
Identity and Access Management Guideline_v2.0,identity and access management,8.1.4,Password management,"User passwords (including technical accounts) must not be stored in ICT Systems in plaintext format, should be suitably protected and stored separately from ICT System data."
Identity and Access Management Guideline_v2.0,identity and access management,8.1.5,Password management,User passwords must be protected by encryption during their transmission.
Identity and Access Management Guideline_v2.0,identity and access management,8.1.6,Password management,Password transmission must be justified and authorized.
Identity and Access Management Guideline_v2.0,identity and access management,8.1.7,Password management,Only authorized individuals and components must be allowed to trigger the change of passwords.
Identity and Access Management Guideline_v2.0,identity and access management,8.2,Password management,A password management policy must be enforced with at least the following criteria:
Identity and Access Management Guideline_v2.0,identity and access management,8.2.1,Password management,Passwords for primary access must be at least 14 characters long with a lifelong validity.
Identity and Access Management Guideline_v2.0,identity and access management,8.2.2,Password management,Passwords for non-privileged secondary access must be at least 14 characters long with a lifelong validity.
Identity and Access Management Guideline_v2.0,identity and access management,8.2.3,Password management,Passwords for privileged access must be changed at least every 90 days.
Identity and Access Management Guideline_v2.0,identity and access management,8.2.4,Password management,"If 14 characters are technically not feasible, passwords must be at least 8 characters long and must be changed at least every 90 days."
Identity and Access Management Guideline_v2.0,identity and access management,8.2.5,Password management,New passwords must be different from at least the last 6 passwords.
Identity and Access Management Guideline_v2.0,identity and access management,8.2.6,Password management,"Initial account passwords must be set up by Account Owners, latest during the first login to the ICT System. Alternatively, users might be given a temporary password by the ICT System administrator that must be changed during first login. This temporary password must be valid for no longer than 24 hours."
Identity and Access Management Guideline_v2.0,identity and access management,8.2.7,Password management,"Password reset or recovery processes must follow the same rules as the initial password setup. Additionally, the identity of the requestor must be verified by the Asset Owner."
Identity and Access Management Guideline_v2.0,identity and access management,8.2.8,Password management,"All default ICT System accounts must be removed, disabled, or have their default passwords changed."
Identity and Access Management Guideline_v2.0,identity and access management,8.2.9,Password management,"A password must at least contain characters of each of the following categories: upper case characters, lower case characters, numbers, special characters."
Identity and Access Management Guideline_v2.0,identity and access management,8.3,Password management,Every password change / reset must be logged and forwarded to SIEM.
Identity and Access Management Guideline_v2.0,identity and access management,8.4,Password management,"PINs must be at least 4 digits long and have a lifelong validity. Following a risk-based approach, the minimum number of digits must be increased."
Identity and Access Management Guideline_v2.0,identity and access management,8.5,Password management,"Policies and protocols for strong authentication mechanisms must be designed, implemented and controlled based on results of the data classification and the outcome of the ICT risk assessment processes (e.g., cryptographic measures must be commensurate to the classification of the data)."
Identity and Access Management Guideline_v2.0,identity and access management,8.6,Password management,"Any credentialing concept that utilizes other means then passwords, such as passphrases, must provide bit entropy at least on the same level as the current password policy."
Identity and Access Management Guideline_v2.0,identity and access management,9,Secure authentication mechanisms,"Secure authentication mechanisms must be defined, developed, and applied."
Identity and Access Management Guideline_v2.0,identity and access management,9.1,Secure authentication mechanisms,All legal entity owned ICT Systems must allow access to their resources only after users have been successfully authenticated and authorized.
Identity and Access Management Guideline_v2.0,identity and access management,9.2,Secure authentication mechanisms,Confidential data must be accessible only if the user is authenticated with a strong two- or multi-factor authentication.
Identity and Access Management Guideline_v2.0,identity and access management,9.3,Secure authentication mechanisms,"Where possible, ICT Systems should leverage Single-Sign-On (SSO) features provided centrally."
Identity and Access Management Guideline_v2.0,identity and access management,9.4,Secure authentication mechanisms,"If user credentials input is required, the log-on process must follow the following criteria:"
Identity and Access Management Guideline_v2.0,identity and access management,9.4.1,Secure authentication mechanisms,Log-on information must be validated only upon completion of all input data.
Identity and Access Management Guideline_v2.0,identity and access management,9.4.2,Secure authentication mechanisms,"Authentication information, such as credentials, is only evaluated on the target ICT System, not on the client device."
Identity and Access Management Guideline_v2.0,identity and access management,9.4.3,Secure authentication mechanisms,Brute-force protection must be implemented. The account must be locked after a maximum of 10 unsuccessful log-on attempts.
Identity and Access Management Guideline_v2.0,identity and access management,9.4.4,Secure authentication mechanisms,"When log-on fails, the error message must not provide any information to the user on the root cause of log-on failure."
Identity and Access Management Guideline_v2.0,identity and access management,9.5,Secure authentication mechanisms,"Depending on the criticality of confidentiality and authenticity protection goal and exposure of the IT Application, the IT Application must use dedicated robust authentication schemes."
Identity and Access Management Guideline_v2.0,identity and access management,9.6,Secure authentication mechanisms,"For multi-factor authentication, only standard legal entity approved solutions must be used as the second and additional factors."
Identity and Access Management Guideline_v2.0,identity and access management,9.7,Secure authentication mechanisms,"Two- or multi-factor authentication must be enforced, independent from legal entity’s endpoints."
Identity and Access Management Guideline_v2.0,identity and access management,9.8,Secure authentication mechanisms,Locked accounts can only be released after secure user identity validation.
Identity and Access Management Guideline_v2.0,identity and access management,9.9,Secure authentication mechanisms,"Unlock of locked accounts must be justified, authorized, and documented."
Identity and Access Management Guideline_v2.0,identity and access management,9.10,Secure authentication mechanisms,Any successful / unsuccessful log-on attempts must be logged.
Identity and Access Management Guideline_v2.0,identity and access management,9.11,Secure authentication mechanisms,Authentication methods must be applied according to the established classification for Identity and Access Management and the overall risk profile of IT Assets.
Identity and Access Management Guideline_v2.0,identity and access management,9.12,Secure authentication mechanisms,"Strong authentication methods must be established for remote access, for privileged access, for access to IT Assets supporting critical or important functions or for IT Assets that are publicly accessible."
Identity and Access Management Guideline_v2.0,identity and access management,9.13,Secure authentication mechanisms,A risk-based authentication concept for web-based IT Applications and those capable of handling federation protocol-based tokens must be implemented. The authentication strength must be in line with the Segregation Area and the application protection needs.
Identity and Access Management Guideline_v2.0,identity and access management,10,Non-privileged Access Administration,"Primary and secondary accesses must be defined, assigned, documented, managed, and controlled."
Identity and Access Management Guideline_v2.0,identity and access management,10.1,Non-privileged Access Administration,The primary and secondary access to legal entities’ ICT Systems must be activated or de-activated based on the information provided by HR and/or Third-Party Management.
Identity and Access Management Guideline_v2.0,identity and access management,10.2,Non-privileged Access Administration,"Removal or adjustment of access must be processed timely in the target ICT System. If this cannot be done automatically, complementary controls must be in place to ensure near-time processing: ‘Near-time’ should be determined as 1 working day for publicly-accessible-applications that have at least one protection goal classified critical, and 3 working days for all other applications."
Identity and Access Management Guideline_v2.0,identity and access management,10.3,Non-privileged Access Administration,Inactive primary access accounts must be identified and deactivated after an inactivity period of 30 days.
Identity and Access Management Guideline_v2.0,identity and access management,10.4,Non-privileged Access Administration,"Based on HR’s information about individuals leaving the company, primary access must be revoked on the first day after the leaver date, secondary access, and all access rights within three working days, all accounts must be removed as soon as possible – latest within 42 days."
Identity and Access Management Guideline_v2.0,identity and access management,10.5,Non-privileged Access Administration,"In case a user moves within the organization, all existing access related to the user must be recertified by the new line manager within two weeks. This includes only secondary access that was explicitly requested and not primary access."
Identity and Access Management Guideline_v2.0,identity and access management,11,Shared and non-personal accounts,"Shared and non-personal accounts must be defined, assigned, documented, managed, and controlled to prevent any unauthorized access or breach of access controls."
Identity and Access Management Guideline_v2.0,identity and access management,11.1,Shared and non-personal accounts,"Non-personal accounts and shared user accounts must be limited, inventoried and the traceability to responsible persons must be ensured."
Identity and Access Management Guideline_v2.0,identity and access management,11.2,Shared and non-personal accounts,"Each shared account is assigned to an Account Owner, who is responsible for maintaining an inventory of all individuals that have access to the shared accounts."
Identity and Access Management Guideline_v2.0,identity and access management,11.3,Shared and non-personal accounts,"Login-credentials of shared / non-personal accounts as well as all secret authentications must be securely created, stored in a vault and handled."
Identity and Access Management Guideline_v2.0,identity and access management,11.4,Shared and non-personal accounts,"Login-credentials for shared user IDs remaining active should be changed upon termination or change of employment, contract, or agreement."
Identity and Access Management Guideline_v2.0,identity and access management,11.5,Shared and non-personal accounts,"In case identity / personal account is decommissioned, ownership of corresponding shared accounts must be reviewed and updated, if necessary."
Identity and Access Management Guideline_v2.0,identity and access management,11.6,Shared and non-personal accounts,Interactive shared accounts must be traceable for all actions to an individual person and limited to actions by one individual at any given time.
Identity and Access Management Guideline_v2.0,identity and access management,12,Privileged account administration,"Privileged accounts (PAM) must be defined, assigned, documented, managed, monitored and controlled to avoid unauthorized usage and harm to IT Assets."
Identity and Access Management Guideline_v2.0,identity and access management,12.1,Privileged account administration,"Privileged, emergency and administration access rights must be assigned on a need-to-use or ad-hoc basis for all ICT Systems. Where feasible, for administration, dedicated accounts must be used and automated privileged access management procedures must be implemented."
Identity and Access Management Guideline_v2.0,identity and access management,12.2,Privileged account administration,"The interactive use of privileged built-in accounts must be prevented and if applicable, the entitlements of these accounts must be transferred to dedicated user IDs."
Identity and Access Management Guideline_v2.0,identity and access management,12.3,Privileged account administration,Privileged access must always be marked as such in Authorization Concept.
Identity and Access Management Guideline_v2.0,identity and access management,12.4,Privileged account administration,Privileged access must be classified and controlled according to their level of criticality on a risk-based approach.
Identity and Access Management Guideline_v2.0,identity and access management,12.5,Privileged account administration,Privileged built-in accounts must be classified and documented in the Authorization Concept.
Identity and Access Management Guideline_v2.0,identity and access management,12.6,Privileged account administration,All privileged accounts must be inventoried in a privileged account inventory.
Identity and Access Management Guideline_v2.0,identity and access management,12.7,Privileged account administration,Onboarded and managed in PAM: Privileged accounts must be secured in the vault of a Privileged Access Management (PAM) solution.
Identity and Access Management Guideline_v2.0,identity and access management,12.8,Privileged account administration,"Completeness, currentness, and accuracy of the privileged account inventory must be ensured."
Identity and Access Management Guideline_v2.0,identity and access management,13,Mechanisms to secure privileged accounts,"Measures and criteria to manage and handle privileged accounts must be defined, implemented, monitored and controlled to avoid unauthorized usage and harm to IT Assets."
Identity and Access Management Guideline_v2.0,identity and access management,13.1,Mechanisms to secure privileged accounts,Idle Session Timeout: The use of privileged access must be time-limited based on their level of criticality.
Identity and Access Management Guideline_v2.0,identity and access management,13.2,Mechanisms to secure privileged accounts,Separate privileged from non-privileged account: Dedicated user IDs must be created and used for privileged access. Dedicated user IDs must be marked and identifiable for privileged access. Privileged access must not be assigned to user IDs with regular business / IT roles and must be provided based on the function using the least privilege principle.
Identity and Access Management Guideline_v2.0,identity and access management,13.3,Mechanisms to secure privileged accounts,Release of locked privileged accounts must be detected and justified.
Identity and Access Management Guideline_v2.0,identity and access management,14,Privileged account monitoring,Privileged accounts must be monitored and logged. The details must be made available to the Security Information and Event Management (SIEM) for analysis and detection of unauthorized privileged accesses.
Identity and Access Management Guideline_v2.0,identity and access management,14.1,Privileged account monitoring,Logging and Monitoring: Logs must be made available for Security Information and Event Management (SIEM) in a structured way to allow the detection of unauthorized privileged accesses.
Identity and Access Management Guideline_v2.0,identity and access management,14.2,Privileged account monitoring,"Access to privileged accounts must be technically enforced to require a valid approved change request, ICT incident ticket, or a reference to a catalog of recurring routine activities."
Identity and Access Management Guideline_v2.0,identity and access management,14.3,Privileged account monitoring,Video Session Recording / Text / Key stroke Logging: Any interactive use of privileged accounts by individuals must be recorded through the PAM solution and regularly reviewed on a risk basis.
Identity and Access Management Guideline_v2.0,identity and access management,14.4,Privileged account monitoring,"Credentials Obfuscation (Disable Password View / Copy): The passwords for privileged accounts must remain hidden and must not be subject to copying. De-obfuscation for Emergency Accounts and Break Glass Accounts is allowed, provided that: all other Privileged Access Management (PAM) control requirements in ID: 11, 12 and 13 are implemented (including traceability to individuals); passwords must be automatically rotated after being retrieved from the secure storage and utilized; any use of emergency access must be documented, and a Security Information and Event Management (SIEM) alert must be sent in the event of account usage."
Identity and Access Management Guideline_v2.0,identity and access management,15,Recertification,"The recertification of access rights and role compositions must be defined, integrated in the access procedure, monitored and controlled."
Identity and Access Management Guideline_v2.0,identity and access management,15.1,Recertification,The following types of recertification must be performed and documented:
Identity and Access Management Guideline_v2.0,identity and access management,15.1.1,Recertification,User access recertification must take place every 6 months for business-critical access and for privileged access of all levels by the responsible Line Manager and respective Role Owners.
Identity and Access Management Guideline_v2.0,identity and access management,15.1.2,Recertification,User access recertification must take place every 12 months for all other accesses by the responsible Line Manager.
Identity and Access Management Guideline_v2.0,identity and access management,15.1.3,Recertification,The following types of recertification must be performed and documented: Role composition recertification by the Role Owner and Asset Owner must take place every 12 months and must include birth right roles.
Identity and Access Management Guideline_v2.0,identity and access management,15.2,Recertification,"All unauthorized access, which has been identified during the recertification process, must be revoked after the recertifier’s sign-off."
Identity and Access Management Guideline_v2.0,identity and access management,15.3,Recertification,Dedicated access to legal entity data must be reviewed at least once every 12 months by an employee of the respective legal entity.
Identity and Access Management Guideline_v2.0,identity and access management,16,Requirements for Tier-0 accounts,"Tier-0 access must be managed, secured and kept safe."
Identity and Access Management Guideline_v2.0,identity and access management,16.1,Requirements for Tier-0 accounts,Tier-0 access must additionally comply with the following control requirements:
Identity and Access Management Guideline_v2.0,identity and access management,16.1.1,Requirements for Tier-0 accounts,Threat Analytics SIEM / PAM: Session monitoring solution must allow for data analysis / logging of actions made by privileged access.
Identity and Access Management Guideline_v2.0,identity and access management,16.1.2,Requirements for Tier-0 accounts,Maximum Session Time / Time-limited Access: Use of privileged access must be time-limited to the necessary minimum.
Identity and Access Management Guideline_v2.0,identity and access management,16.1.3,Requirements for Tier-0 accounts,"In emergency situations, the approval for privileged access must occur through the responsible Manager on Duty. The Ticket Owner must ensure that the ICT incident documentation including approval is provided within 24 hours."
Identity and Access Management Guideline_v2.0,identity and access management,17,IAM for Cloud,"A procedure for Cloud Identity Access Management must be defined, implemented, monitored and controlled to protect against unauthorized usage or privilege escalation of Cloud-related accounts."
Identity and Access Management Guideline_v2.0,identity and access management,17.1,IAM for Cloud,"Federated identities should be used, controlled, and traceability of access must be ensured."
Identity and Access Management Guideline_v2.0,identity and access management,17.2,IAM for Cloud,Federated identities must be technically linked to a valid MyUserID or Account Owner Workgroup.
Identity and Access Management Guideline_v2.0,identity and access management,17.3,IAM for Cloud,Access event logs to IT Assets must be available and monitored.
Identity and Access Management Guideline_v2.0,identity and access management,17.4,IAM for Cloud,CSP must only be able to access legal entity data and ICT Systems in the cloud after prior and explicit approval for each individual case.
Identity and Access Management Guideline_v2.0,identity and access management,17.5,IAM for Cloud,Access requests by CSPs personnel to legal entity’s data must go through an access request process that requires explicit approval by the respective information owner.
Identity and Access Management Guideline_v2.0,identity and access management,17.6,IAM for Cloud,The CSP must only be able to use “just in time” (temporary) credentials when technically feasible rather than persistent credentials based on the service models.
Identity and Access Management Guideline_v2.0,identity and access management,17.7,IAM for Cloud,"Access to cloud environments must be restricted and, where possible, only via the programmatic call of APIs (""infrastructure-as-code"")."
Identity and Access Management Guideline_v2.0,identity and access management,17.8,IAM for Cloud,Cloud assets must use accounts which are centrally managed by the IAM process.
Network Security Guideline_v2.0,network security,1,Network and cloud architecture,It must be ensured that networks are designed in line with the established IT security requirements.
Network Security Guideline_v2.0,network security,1.1,Network and cloud architecture,Relevant established requirements as well as best practices or standards within the industry must be taken into account when designing networks.
Network Security Guideline_v2.0,network security,1.2,Network and cloud architecture,The network architecture and the network security design must be reviewed annually to identify potential vulnerabilities.
Network Security Guideline_v2.0,network security,1.3,Network and cloud architecture,"The network topologies with all network connections and data flows must be documented, including but not limited to the clear specification of relevant elements like network security zones, network segments and their classification based on the assigned IT applications in the respective segment."
Network Security Guideline_v2.0,network security,1.4,Network and cloud architecture,The documentation on network topology must be reviewed and updated after major network changes or at least annually.
Network Security Guideline_v2.0,network security,1.5,Network and cloud architecture,Architecture guidance and best practices for the use of cloud services must be established to get the right balance between usage of cloud native services and avoidance of lock-in by providing the required interoperability and portability where needed.
Network Security Guideline_v2.0,network security,2,Network configuration,It must be ensured through appropriate network configuration that all network and infrastructure components are securely configured and hardened.
Network Security Guideline_v2.0,network security,2.1,Network configuration,"Secure configuration and hardening baselines for all network and infrastructure components must be defined, documented, implemented and, for components in the Red and Yellow Segregation Areas regularly be reviewed in line with the ICT Operations Guideline."
Network Security Guideline_v2.0,network security,2.1.1,Network configuration,"All instructions from vendors as well as best practices and standards within the industry, that can serve as a robust benchmark, must be followed."
Network Security Guideline_v2.0,network security,2.2,Network configuration,Hardening baselines must be implemented and verified before using a new or changed infrastructure component in the Red Segregation Area in line with the ICT Operations Guideline.
Network Security Guideline_v2.0,network security,2.3,Network configuration,"Procedures must be in place to limit, lock and terminate ICT systems and remote sessions after a specific period of inactivity."
Network Security Guideline_v2.0,network security,2.4,Network configuration,Configuration files of security-relevant network components must be secured against tampering (running configuration files and start-up configuration files).
Network Security Guideline_v2.0,network security,3,Network services,"It must be ensured that network services are managed, and security features are documented in a way that ensures consistent and secure service delivery."
Network Security Guideline_v2.0,network security,3.1,Network services,"A regular process must be defined and implemented to identify, specify, document, and monitor IT and information security measures and features (typically in a service catalogue, or Asset Security Documentation (ASD)), service levels and management requirements of all network services with their defined scope and applicability."
Network Security Guideline_v2.0,network security,3.1.1,Network services,It must be specified whether the services are provided by an ICT third-party service provider or an internal service provider.
Network Security Guideline_v2.0,network security,3.2,Network services,"A regular process for managing network services must be defined as part of the network operational documentation and include responsibilities, standard and emergency operation procedures, defined implementation rules and related communication as part of change management process."
Network Security Guideline_v2.0,network security,3.3,Network services,The scope of documentation must be in accordance with the asset specifications documented in an asset inventory.
Network Security Guideline_v2.0,network security,3.4,Network services,Each network segment must have a defined list of allowed access protocols.
Network Security Guideline_v2.0,network security,4,Access to network-connected IT Assets,"It must be ensured that access to network-connected IT Assets, especially networks and network services, are controlled through stringent access controls and authentication mechanisms to ensure only authorized entities can connect and access the resources."
Network Security Guideline_v2.0,network security,4.1,Access to network-connected IT Assets,Secure access to IT Assets from devices used for remote work must be ensured.
Network Security Guideline_v2.0,network security,4.2,Access to network-connected IT Assets,"Network access controls must be identified and implemented to prevent and detect network connections by unauthorized devices or ICT systems, including endpoints not meeting the defined security requirements."
Network Security Guideline_v2.0,network security,4.3,Access to network-connected IT Assets,The network connection between external and internal ICT Systems must only be established after authentication and must be encrypted.
Network Security Guideline_v2.0,network security,4.4,Access to network-connected IT Assets,All IT Assets connecting to the corporate network of the legal entity’s internal wireless infrastructure must be authenticated.
Network Security Guideline_v2.0,network security,4.5,Access to network-connected IT Assets,Access to internal legal entity ICT systems and networks from external/non-legal entity networks must only be possible after two-factor-authentication via approved legal entity environments.
Network Security Guideline_v2.0,network security,4.6,Access to network-connected IT Assets,"All ICT Systems, including IT Applications, and users must only have access to networks and network services that they have been specifically authorized to use based on the need-to-know principle."
Network Security Guideline_v2.0,network security,5,Protection of network connections and data in transit,"Network connections, including data in transit, must be protected in a way that preserves their integrity and ensures confidentiality."
Network Security Guideline_v2.0,network security,5.1,Protection of network connections and data in transit,"Network connections, with the respective communication protocols used, as well as data in transit passing over all types of networks must be encrypted to preserve confidentiality, integrity, availability, and authenticity in line with the Encryption and Key Management Guideline by using standardized, secure cryptographic protocols (e.g., TLS) with legal entity approved cryptographic measures and a secure configuration to prevent man-in-the-middle attacks. The following must be ensured:"
Network Security Guideline_v2.0,network security,5.1.1,Protection of network connections and data in transit,Procedures must be established to assess compliance with the requirements on the protection of data during network transmission.
Network Security Guideline_v2.0,network security,5.1.2,Protection of network connections and data in transit,Network traffic between internal networks and the Internet as well as other external connections must be secured.
Network Security Guideline_v2.0,network security,6,Separation of environments,Dedicated environments must be provided in accordance with their intended use.
Network Security Guideline_v2.0,network security,6.1,Separation of environments,"Red, Yellow, Blue and Green segregation areas must be segregated at least logically."
Network Security Guideline_v2.0,network security,6.2,Separation of environments,A physically separate network test lab must be provided for testing and acceptance testing of on-premises network services.
Network Security Guideline_v2.0,network security,7,Segregation in networks,It must be ensured that networks are segregated appropriately.
Network Security Guideline_v2.0,network security,7.1,Segregation in networks,Groups of network connected IT Assets must be segmented and segregated into different types of network security zones according to their purpose:
Network Security Guideline_v2.0,network security,7.1.1,Segregation in networks,The network security zones types must at least be logically segregated from each other.
Network Security Guideline_v2.0,network security,7.1.2,Segregation in networks,Within the network security zone types the network-connected IT Assets must be segregated on a risk-based approach.
Network Security Guideline_v2.0,network security,7.1.3,Segregation in networks,"Within the Internet and Partner network security zone types, the network-connected IT Assets must be assigned to their own DMZ on a risk-based approach."
Network Security Guideline_v2.0,network security,7.2,Segregation in networks,"The following must be considered in the risk-based approach for segregation: The criticality or importance of the function those ICT Systems, including networks, support The established classification The overall risk profile of IT Assets using those ICT Systems, including networks"
Network Security Guideline_v2.0,network security,7.3,Segregation in networks,All network-connected IT Assets must be assigned to a network security zone that corresponds to their use case.
Network Security Guideline_v2.0,network security,7.4,Segregation in networks,The perimeter of each network security zone must be defined.
Network Security Guideline_v2.0,network security,7.5,Segregation in networks,Connections from external networks must be terminated in designated DMZ and must be protected by two-stage firewall (inner and outer) which are from different vendors.
Network Security Guideline_v2.0,network security,7.5.1,Segregation in networks,"For SaaS, equivalent protection level should be applied."
Network Security Guideline_v2.0,network security,7.5.2,Segregation in networks,"For IaaS and PaaS where network controls are harmonized with internal networks, PaaS and IaaS can be treated as internal networks. Otherwise, the same protections for external networks must be applied."
Network Security Guideline_v2.0,network security,7.6,Segregation in networks,"If a DMZ is not used, whether due to business model limitations or other valid reasons, a justification must be documented and an equivalent solutions with an adequate verified level of protection must be implemented."
Network Security Guideline_v2.0,network security,7.7,Segregation in networks,"For the administration of IT Assets, a separate and dedicated network must be used."
Network Security Guideline_v2.0,network security,7.8,Segregation in networks,"Automated mechanisms must be in place and the network connection infrastructure must be designed in a way that allows to temporarily isolate, where necessary, subnetworks, network components and network connected IT Assets instantaneously."
Network Security Guideline_v2.0,network security,8,Firewalls and connection filters,Firewalls and connection filters must be implemented and managed to ensure reliable and strict control of data traffic between networks on an ongoing basis.
Network Security Guideline_v2.0,network security,8.1,Firewalls and connection filters,Firewall configurations must prevent any unauthorized connections between network security zones.
Network Security Guideline_v2.0,network security,8.2,Firewalls and connection filters,Firewall rules must be implemented according to defined criteria for network connectivity.
Network Security Guideline_v2.0,network security,8.3,Firewalls and connection filters,"Implementation and removal of firewall rules must follow defined procedures, if possible, with an automatic workflow."
Network Security Guideline_v2.0,network security,8.4,Firewalls and connection filters,"If provisioning is done manually, additional controls (four-eyes-principle) must be established."
Network Security Guideline_v2.0,network security,8.5,Firewalls and connection filters,"Roles, responsibilities and steps for the specification, implementation, approval, change and review of firewall rules and connection filters must be identified in defined procedures."
Network Security Guideline_v2.0,network security,8.6,Firewalls and connection filters,Firewall rules and connection filters must be recertified regularly and adhere to all of the following:
Network Security Guideline_v2.0,network security,8.6.1,Firewalls and connection filters,The recertification must be performed in accordance with the established classification and the overall risk profile of ICT Systems involved.
Network Security Guideline_v2.0,network security,8.6.2,Firewalls and connection filters,"For ICT Systems supporting critical or important functions, the adequacy of existing firewall rules and connection filters must be recertified at least every 6 months."
Network Security Guideline_v2.0,network security,8.7,Firewalls and connection filters,All requests - including the justification for the firewall rule - must be documented (to ensure traceability).
Network Security Guideline_v2.0,network security,8.8,Firewalls and connection filters,Deviations from the Network Adequacy Matrix must be approved.
Network Security Guideline_v2.0,network security,8.9,Firewalls and connection filters,Web-application firewalls must be installed in front of internet-facing web-based applications.
Network Security Guideline_v2.0,network security,8.10,Firewalls and connection filters,The desktop firewall and/or application firewall must ensure that only authorized traffic enters or leaves the ICT System.
Network Security Guideline_v2.0,network security,9,Protection of perimeters,It must be ensured that perimeters are secured in such a way that unauthorized access and connections are prevented.
Network Security Guideline_v2.0,network security,9.1,Protection of perimeters,Protective mechanisms must be implemented at each network security zone transition.
Network Security Guideline_v2.0,network security,9.2,Protection of perimeters,Only necessary and allowed connectivity (according to applicable Security Documentation (SD) /Network Adequacy Matrix) between network security zones must be implemented.
Network Security Guideline_v2.0,network security,9.3,Protection of perimeters,"All inbound and outbound network traffic must be controlled, monitored based on the confidentiality class of the IT Assets, and denied by default by the principle of explicit allowance."
Network Security Guideline_v2.0,network security,9.4,Protection of perimeters,IDS and IPS must be in place to analyze all network traffic between network security zones to ensure that attacks or misuse are actively prevented.
Network Security Guideline_v2.0,network security,9.5,Protection of perimeters,IDS and IPS must be updated at defined intervals on a risk-based approach.
Network Security Guideline_v2.0,network security,9.6,Protection of perimeters,"Risk-based technical security measures must be implemented that are capable of detecting and responding to network-based attacks based on anomalous input or output traffic patterns and/or distributed denial of service (DDoS) and denial of service (DoS), including corresponding filtering capabilities."
Network Security Guideline_v2.0,network security,9.7,Protection of perimeters,"When using cloud services, the CSP must allow for controls to minimize and protect the perimeter of Publicly Accessible Endpoints."
Network Security Guideline_v2.0,network security,9.8,Protection of perimeters,"It must be ensured that no network traffic could bypass perimeter security (e.g. firewalls, SDN). The protection used at the perimeter must be stateful."
Network Security Guideline_v2.0,network security,10,Web filtering,It must be ensured that suitable web filtering is in place to prevent access to unauthorized or insecure resources.
Network Security Guideline_v2.0,network security,10.1,Web filtering,"Proxies must check all unencrypted and encrypted communications. To do this, for all encrypted connections between external and internal networks, interception and inspection must be possible at the proxy, in both directions."
Network Security Guideline_v2.0,network security,10.2,Web filtering,The management of blacklisted (denied) or whitelisted (allowed) destinations on proxies must be defined.
Network Security Guideline_v2.0,network security,10.3,Web filtering,"Proxies must be able to protect from prohibited targets, detect malware and protect users and ICT systems from malicious content."
Network Security Guideline_v2.0,network security,10.4,Web filtering,Bypassing the proxies must be prevented by appropriate configuration.
Network Security Guideline_v2.0,network security,10.5,Web filtering,"All proxy rules, including exceptions (whitelisting), must be revalidated at defined intervals."
Network Security Guideline_v2.0,network security,10.6,Web filtering,"Access to external websites must be managed based on defined processes for website white- and blacklisting, covering the following aspects: Roles and responsibilities Baseline of proxy rules Management of exceptional approvals process Management of proxy rule recertifications at defined intervals Monitoring activities"
Network Security Guideline_v2.0,network security,10.7,Web filtering,Access to the following types of websites must be blocked: Known or suspected malicious websites Command and control servers Malicious websites acquired from threat intelligence Websites sharing illegal content
Network Security Guideline_v2.0,network security,10.8,Web filtering,Websites that have an information upload function unless permitted for valid business reasons must be blocked following a risk-based approach.
Network Security Guideline_v2.0,network security,11,Event logging,"For network and cloud-related events, event logging must be established so that security-related events are logged and made available for later analysis."
Network Security Guideline_v2.0,network security,11.1,Event logging,Access to networks and network services must be logged and regularly evaluated for anomalies/attack scenarios.
Network Security Guideline_v2.0,network security,11.2,Event logging,Log management must be implemented to ensure that all security-relevant logs of IT Assets managed by Legal entity are persisted in a central space.
Network Security Guideline_v2.0,network security,11.3,Event logging,At least the following events must be logged and reported to SIEM or equivalent or network performance monitoring solution at the legal entity in accordance with the ICT Incident & Operational Event Management Guideline: Network traffic activities Network performance
Network Security Guideline_v2.0,network security,11.4,Event logging,"Unauthorized attempts to access the legal entity network must be banned, monitored, investigated, and reported to SIEM or equivalent at the legal entity."
Network Security Guideline_v2.0,network security,12,Security concept,"It must be ensured that a security concept is in place, maintained and submitted to the Bundesnetzagentur in relevant cases."
Network Security Guideline_v2.0,network security,12.1,Security concept,A security concept which describes the threats and implemented security measures for the telecommunication network and/or offered telecommunication services and regularly verify their effectiveness must be created and maintained.
Network Security Guideline_v2.0,network security,12.2,Security concept,The security concept must be submitted to the Bundesnetzagentur when starting the operation and in case of significant changes.
Network Security Guideline_v2.0,network security,13,Cloud-specific requirements,It must be ensured that robust cloud-specific security measures are in place.
Network Security Guideline_v2.0,network security,13.1,Cloud-specific requirements,It must be ensured that appropriate controls to ensure isolation of tenants are implemented.
Network Security Guideline_v2.0,network security,13.2,Cloud-specific requirements,"Services of CSPs must be evaluated and tested, and it must be ensured that the services, including APIs, can be used to retrieve own data."
Network Security Guideline_v2.0,network security,13.3,Cloud-specific requirements,"The legal entity must ensure that provisions included in the contract with the CSP to access the data upon termination of the contract, to download all relevant data, and to permanently delete the data upon request by legal entity."
Network Security Guideline_v2.0,network security,13.4,Cloud-specific requirements,Transfer legal entity information/data to storage provided by cloud infrastructure is allowed only for authorized and approved suppliers. Other control requirements for suppliers are incorporated in the Third-Party ICT Risk Management Guideline. Measures must be implemented to prevent and detect the use of such non-authorized and non-approved suppliers.
Network Security Guideline_v2.0,network security,13.5,Cloud-specific requirements,"It must be ensured host and guest OS, hypervisor or infrastructure control plane are hardened according to their respective industry best practices, and supported by technical controls, as part of a security baseline."
Network Security Guideline_v2.0,network security,13.6,Cloud-specific requirements,Application and infrastructure architecture must be set up in such a way that intrusion or expansion of unauthorized access is made as difficult as possible.
Network Security Guideline_v2.0,network security,13.7,Cloud-specific requirements,"As part of ensuring an adequate level of cyber and information security, measures must be taken to secure network connections against disruption and unauthorized monitoring."
Software Development and ICT Change Management Guideline_v2.0,software development and ict change management,1,General Change Management Requirements,It must be ensured that an ICT Change management process is in place to manage changes to IT Assets and non-IT Assets.
Software Development and ICT Change Management Guideline_v2.0,software development and ict change management,1.1,General Change Management Requirements,"An ICT Change management process must be in place to ensure the controlled and systematic handling of ICT Changes and must cover at least the IT Assets software, hardware, network, firmware components, systems, security parameters, roles, and responsibilities."
Software Development and ICT Change Management Guideline_v2.0,software development and ict change management,1.2,General Change Management Requirements,The ICT Change management process must contain at least the following steps: Formal documentation Classification Prioritization Authorization Approval Testing Implementation Validation Reporting
Software Development and ICT Change Management Guideline_v2.0,software development and ict change management,1.3,General Change Management Requirements,During the ICT Change management process the following measures and mechanisms must be applied:
Software Development and ICT Change Management Guideline_v2.0,software development and ict change management,1.3.1,General Change Management Requirements,The identification of the potential impact of ICT Changes on existing ICT security measures and an assessment of whether such change requires the adoption of additional ICT security measures.
Software Development and ICT Change Management Guideline_v2.0,software development and ict change management,1.3.2,General Change Management Requirements,Mechanism to ensure the segregation between the function to approve changes and the functions responsible for requesting and implementing those changes.
Software Development and ICT Change Management Guideline_v2.0,software development and ict change management,1.3.3,General Change Management Requirements,Clear description and segregation of duties of roles and responsibilities.
Software Development and ICT Change Management Guideline_v2.0,software development and ict change management,1.3.4,General Change Management Requirements,"Fallback procedures and responsibilities including procedures, triggering conditions and responsibilities for aborting changes or recovering from unsuccessful implementation."
Software Development and ICT Change Management Guideline_v2.0,software development and ict change management,1.3.5,General Change Management Requirements,"Documentation and communication of ICT Change details including the purpose, scope, timeline of implementation and expected outcomes of the change."
Software Development and ICT Change Management Guideline_v2.0,software development and ict change management,1.4,General Change Management Requirements,"Documented processes must be implemented to ensure that ICT Changes are controlled and deployed in Red Segregation Area securely. This includes changes to organizational structure, ICT security-relevant processes, and changes that have an impact on information security processes."
Software Development and ICT Change Management Guideline_v2.0,software development and ict change management,2,ICT Change Types,It must be ensured that each change is classified and handled accordingly.
Software Development and ICT Change Management Guideline_v2.0,software development and ict change management,2.1,ICT Change Types,Each change must be assigned to the following two change types:
Software Development and ICT Change Management Guideline_v2.0,software development and ict change management,2.1.1,ICT Change Types,Normal ICT Change: Normal ICT Changes adhere to every step outlined in the ICT-Change Management Processes.
Software Development and ICT Change Management Guideline_v2.0,software development and ict change management,2.1.2,ICT Change Types,Emergency ICT Change: Emergency ICT Changes are ICT Changes that require immediate implementation due to a high risk of service failure or prevention of an imminent service impact.
Software Development and ICT Change Management Guideline_v2.0,software development and ict change management,2.2,ICT Change Types,There may also be additional subordinate change types. These must comply with the specifications of this Guideline but may contain deviations in the order of process steps.
Software Development and ICT Change Management Guideline_v2.0,software development and ict change management,2.3,ICT Change Types,"An ICT Change is significant if it affects the security of assets supporting critical or important functions, decreases the security level, affects security features of IT Assets, or impacts any security-relevant components of the system."
Software Development and ICT Change Management Guideline_v2.0,software development and ict change management,3,Emergency Changes,It must be ensured that emergency changes are handled according to the defined process.
Software Development and ICT Change Management Guideline_v2.0,software development and ict change management,3.1,Emergency Changes,"As part of the ICT Change management process, procedures, protocols, and tools that provide adequate safeguards must be defined and established to manage Emergency ICT Changes."
Software Development and ICT Change Management Guideline_v2.0,software development and ict change management,3.2,Emergency Changes,"Emergency ICT Changes that meet the defined criteria may be implemented without an implementation plan, testing, documentation, or risk assessment. Following implementation, these changes must undergo a retrospective review, risk assessment, testing, documentation, and formal approval to the same extent as normal ICT Changes if not already existing."
Software Development and ICT Change Management Guideline_v2.0,software development and ict change management,3.3,Emergency Changes,The implementation of Emergency ICT Change must be guided by the professional assessment of the team overseeing production systems and the business.
Software Development and ICT Change Management Guideline_v2.0,software development and ict change management,4,Change Documentation,It must be ensured that every change has formal documentation.
Software Development and ICT Change Management Guideline_v2.0,software development and ict change management,4.1,Change Documentation,"All upcoming changes must be recorded and processed in the form of an ICT Change ticket including at least the following information: Unique ID and time stamp Reason and description Affected IT Assets, processes, units Target date Category Priority Possible effects of implementation and non-implementation and the resulting risks Where applicable, resources and budget owner required Fall-back procedure or other mitigation measures Applicant, approver Change Record Request Status Where applicable, link to related changes or incident"
Software Development and ICT Change Management Guideline_v2.0,software development and ict change management,4.2,Change Documentation,"If no fall-back procedures or recovery mechanisms are available, a risk-based approach and associated mitigating measures must be performed."
Software Development and ICT Change Management Guideline_v2.0,software development and ict change management,4.3,Change Documentation,"All steps of the change management process must be documented to achieve a comprehensive and detailed record of activities, decisions, communications, approvals, and actions taken."
Software Development and ICT Change Management Guideline_v2.0,software development and ict change management,4.4,Change Documentation,Documentation impacted by the change must be updated.
Software Development and ICT Change Management Guideline_v2.0,software development and ict change management,5,Change verification and assessment,It must be ensured that the feasibility and associated risks of the change are evaluated.
Software Development and ICT Change Management Guideline_v2.0,software development and ict change management,5.1,Change verification and assessment,It must be ensured that the desired solution is feasible and aligned with business needs.
Software Development and ICT Change Management Guideline_v2.0,software development and ict change management,5.2,Change verification and assessment,"It must be ensured that the risks, security requirements and impacts of ICT Changes are assessed and appropriately documented including assignment to a change type."
Software Development and ICT Change Management Guideline_v2.0,software development and ict change management,5.3,Change verification and assessment,A risk assessment must be performed for significant changes and the regular risk assessment process must be followed.
Software Development and ICT Change Management Guideline_v2.0,software development and ict change management,6,Change approval,It must be ensured that every ICT Change is approved.
Software Development and ICT Change Management Guideline_v2.0,software development and ict change management,6.1,Change approval,The approval level for every ICT Change must be defined and executed based on the results of the risk assessment.
Software Development and ICT Change Management Guideline_v2.0,software development and ict change management,6.2,Change approval,A Change Advisory Board (CAB) must approve changes to IT Assets in production or impacting production data and emergency changes.
Software Development and ICT Change Management Guideline_v2.0,software development and ict change management,7,Change Testing,It must be ensured that ICT Changes are tested sufficiently.
Software Development and ICT Change Management Guideline_v2.0,software development and ict change management,7.1,Change Testing,All ICT Changes must be tested to ensure they meet acceptance criteria.
Software Development and ICT Change Management Guideline_v2.0,software development and ict change management,7.2,Change Testing,"ICT Changes must be tested in the Yellow, Blue or Green Segregation Area before promotion to Red Segregation Area."
Software Development and ICT Change Management Guideline_v2.0,software development and ict change management,7.3,Change Testing,The Yellow Segregation Area must be (nearly) identical to the Red Segregation Area.
Software Development and ICT Change Management Guideline_v2.0,software development and ict change management,7.4,Change Testing,Significant changes on IT Assets must be tested by simulating stressed conditions.
Software Development and ICT Change Management Guideline_v2.0,software development and ict change management,7.5,Change Testing,"For significant changes, the following potential stakeholders must be involved appropriately in the design and conduction of tests: Clearing members and clients Interoperable central counterparties Users Critical utilities Critical service providers Other central securities depositories Other market infrastructures Other institutions with which central securities depositories have identified interdependencies in their ICT business continuity policy Other interested parties"
Software Development and ICT Change Management Guideline_v2.0,software development and ict change management,7.6,Change Testing,Tests and their results must be documented.
Software Development and ICT Change Management Guideline_v2.0,software development and ict change management,8,Change Implementation,It must be ensured that changes are implemented effectively.
Software Development and ICT Change Management Guideline_v2.0,software development and ict change management,8.1,Change Implementation,"The following steps must be carried out during change implementation, where feasible with the support of a change implementation plan: Describe the sequence of implementation steps and timing of the roll-out. Describe resource requirements (if specific, requirements should be considered). Describe identified inter-dependencies and the interaction with other changes and how they are managed. Describe the criteria for successful production implementation. Describe installation verification requirements (if necessary and applicable). Describe fallback procedures. Identify and update all relevant documents impacted by the change implementation (e.g. business processes, system documentation, configuration details, and security concepts). Address key risks in the plan and formally review them including technical and business risks. Include an appropriate test plan. Include approval by affected Application Owners, if not already approved during change approval in ID 6."
Software Development and ICT Change Management Guideline_v2.0,software development and ict change management,8.2,Change Implementation,It must be ensured that changes are implemented within the agreed time frames (as defined in procedural or process level documents.
Software Development and ICT Change Management Guideline_v2.0,software development and ict change management,8.3,Change Implementation,"Where appropriate after change implementation, training regarding the change must be provided."
Software Development and ICT Change Management Guideline_v2.0,software development and ict change management,9,Change Review,"It must be ensured that the documentation on the changes is reviewed, and a post-implementation review is carried out."
Software Development and ICT Change Management Guideline_v2.0,software development and ict change management,9.1,Change Review,A post-implementation review must be conducted to evaluate whether the change met its objectives and to identify areas for improvement and included in the change ticket.
Software Development and ICT Change Management Guideline_v2.0,software development and ict change management,9.2,Change Review,All documentation must be reviewed and checked against the ICT Change requirements.
Software Development and ICT Change Management Guideline_v2.0,software development and ict change management,10,Change Reporting,It must be ensured that relevant stakeholders are regularly informed about change activities.
Software Development and ICT Change Management Guideline_v2.0,software development and ict change management,10.1,Change Reporting,Communication regarding the change must be made to all relevant stakeholders or potentially impacted entities in a timely manner.
Software Development and ICT Change Management Guideline_v2.0,software development and ict change management,10.2,Change Reporting,"Regular reports must be generated and distributed, covering change management activities, process performance, compliance, and, where appropriate, relevant KPIs and metrics."
Software Development and ICT Change Management Guideline_v2.0,software development and ict change management,11,Change Logging,It must be ensured that ICT Change management relevant events are logged.
Software Development and ICT Change Management Guideline_v2.0,software development and ict change management,11.1,Change Logging,All ICT Change management events must be logged in accordance with the ICT Incident & Operational Event Management Guideline.
Software Development and ICT Change Management Guideline_v2.0,software development and ict change management,12,Change Management System,It must be ensured that tools and software are used to support the process wherever possible.
Software Development and ICT Change Management Guideline_v2.0,software development and ict change management,12.1,Change Management System,Tools must be used to ensure control and transparency of the whole ICT Change Management process.
Software Development and ICT Change Management Guideline_v2.0,software development and ict change management,13,General software development process,"It must be ensured that the software development process is systematically managed, controlled and is aligned with business, technical, and regulatory requirements throughout its lifecycle."
Software Development and ICT Change Management Guideline_v2.0,software development and ict change management,13.1,General software development process,A structured secure software development process must be in place to manage and control the development of software successfully.
Software Development and ICT Change Management Guideline_v2.0,software development and ict change management,13.2,General software development process,"The process must at least cover specifications for: Requirements determination Development objective (Technical) implementation (incl. programming Guidelines) Quality assurance Testing, acceptance, and approval Secure repositories for source code and configuration Roles and responsibilities in line with Segregation of Duties The process should cover specifications for: Generation and update of Software Bill of Materials (SBOM) and Cryptography Bill Of Materials ● (31.01.2027)"
Software Development and ICT Change Management Guideline_v2.0,software development and ict change management,13.3,General software development process,Developers must not deploy software to the Red and Yellow Segregation Area in their function as a developer.
Software Development and ICT Change Management Guideline_v2.0,software development and ict change management,13.4,General software development process,"Depending on the protection need, it must be ensured that the confidentiality, the integrity, the availability, and the authenticity of all assets, whether directly involved or indirectly affected through dependencies, are maintained during development and after go-live."
Software Development and ICT Change Management Guideline_v2.0,software development and ict change management,13.5,General software development process,Functional and non-functional requirements must be used and treated identically during the software development process.
Software Development and ICT Change Management Guideline_v2.0,software development and ict change management,13.6,General software development process,"Quality and security thresholds and corresponding controls must be defined, implemented, and assessed before IT Assets can be promoted to the next Segregation Area, e.g. Development (Green) to Test (Yellow/Blue) to Production (Red). These controls and thresholds are mandatory to be fulfilled."
Software Development and ICT Change Management Guideline_v2.0,software development and ict change management,13.7,General software development process,"ICT Systems in all Segregation Areas should be labelled, to reflect the respective Segregation Area (e.g. in window title or GUI)."
Software Development and ICT Change Management Guideline_v2.0,software development and ict change management,14,Secure system architecture and secure engineering principles,"It must be ensured that secure system architecture, secure engineering principles and secure coding are in place."
Software Development and ICT Change Management Guideline_v2.0,software development and ict change management,14.1,Secure system architecture and secure engineering principles,"Secure engineering principles must be established, documented, and applied."
Software Development and ICT Change Management Guideline_v2.0,software development and ict change management,14.2,Secure system architecture and secure engineering principles,"Processes and principles for secure coding as part of secure engineering must be established and at least cover: Protection of source code against unauthorized access and tampering (e.g. versioning of source code) Measures to mitigate risk from unintentional alteration or intentional manipulation Use of security architecture principles (e.g. “security by design”, “least privilege”)"
Software Development and ICT Change Management Guideline_v2.0,software development and ict change management,14.3,Secure system architecture and secure engineering principles,Planning and prerequisites before coding which should be in place include: Secure design and architecture Secure coding standards DBG-specific expectations and approved principles for secure coding
Software Development and ICT Change Management Guideline_v2.0,software development and ict change management,14.4,Secure system architecture and secure engineering principles,Considerations during coding which should be in place include: Secure coding practices specific to the programming language Secure and structured programming techniques Documenting code Removing programming defects
Software Development and ICT Change Management Guideline_v2.0,software development and ict change management,14.5,Secure system architecture and secure engineering principles,Review and maintenance after coding which should be in place include: Updates should be securely packaged and deployed Vulnerability scanning and mitigation of source code and third-party libraries in accordance with the ICT Patch and Vulnerability Management Guideline
Software Development and ICT Change Management Guideline_v2.0,software development and ict change management,14.6,Secure system architecture and secure engineering principles,"If AI-assisted coding is used, additional source code analysis should be performed to detect AI based functions."
Software Development and ICT Change Management Guideline_v2.0,software development and ict change management,14.7,Secure system architecture and secure engineering principles,"AI-generated code should be explicitly marked to enable review by the developer. Reviewed code should be marked, if feasible."
Software Development and ICT Change Management Guideline_v2.0,software development and ict change management,14.8,Secure system architecture and secure engineering principles,Developers should document the prompts used for AI generated code (where feasible).
Software Development and ICT Change Management Guideline_v2.0,software development and ict change management,14.9,Secure system architecture and secure engineering principles,Peer review must be performed on all AI generated code sections.
Software Development and ICT Change Management Guideline_v2.0,software development and ict change management,14.10,Secure system architecture and secure engineering principles,"AI-generated code must not bypass mandatory secure software development process and must be checked for hidden or unused functions and remote calls or external libraries,"
Software Development and ICT Change Management Guideline_v2.0,software development and ict change management,15,Source code testing and verification,It must be ensured that source code is tested and verified.
Software Development and ICT Change Management Guideline_v2.0,software development and ict change management,15.1,Source code testing and verification,"In-house developed software and, where feasible, ICT third-party source code must be tested before implementing in the Red Segregation Area."
Software Development and ICT Change Management Guideline_v2.0,software development and ict change management,15.2,Source code testing and verification,Source code checks that must be carried out using both static and dynamic tests.
Software Development and ICT Change Management Guideline_v2.0,software development and ict change management,16,Test management process,It must be ensured that the tests and their processes are fully designed and carried out so that all relevant aspects are sufficiently tested.
Software Development and ICT Change Management Guideline_v2.0,software development and ict change management,16.1,Test management process,A test management process must be in place for testing ICT Systems before use and after maintenance.
Software Development and ICT Change Management Guideline_v2.0,software development and ict change management,16.2,Test management process,The tests must be designed as following:
Software Development and ICT Change Management Guideline_v2.0,software development and ict change management,16.2.1,Test management process,The extent of tests must be based on the criticality of the IT Assets and related business processes.
Software Development and ICT Change Management Guideline_v2.0,software development and ict change management,16.2.2,Test management process,"The tests must be designed to verify that new ICT Systems perform as intended, including the quality of internally developed software."
Software Development and ICT Change Management Guideline_v2.0,software development and ict change management,16.2.3,Test management process,The tests must include security testing of software packages before implementing in Red Segregation Area.
Software Development and ICT Change Management Guideline_v2.0,software development and ict change management,16.3,Test management process,The scope of tests must at least consider: Functionality of the software (Re-)Testing of security functions (ID 17) Selection and protection of test data (ID 20)
Software Development and ICT Change Management Guideline_v2.0,software development and ict change management,16.4,Test management process,"Appropriate test types must be developed, documented, and used for testing."
Software Development and ICT Change Management Guideline_v2.0,software development and ict change management,16.5,Test management process,Access controls for Blue and Yellow Segregation Areas must be defined according to the Identity and Access Management Guideline.
Software Development and ICT Change Management Guideline_v2.0,software development and ict change management,17,Testing security functions,It must be ensured that security functions are thoroughly tested and validated.
Software Development and ICT Change Management Guideline_v2.0,software development and ict change management,17.1,Testing security functions,"Security functions must be tested, including (if relevant): Authentication mechanisms Access functions Logging & Monitoring Cryptographic mechanisms Validation of input data Audit-Logs Handling of exceptions"
Software Development and ICT Change Management Guideline_v2.0,software development and ict change management,18,Test and development documentation,It must be ensured that the testing and development activities are properly documented.
Software Development and ICT Change Management Guideline_v2.0,software development and ict change management,18.1,Test and development documentation,The IT Application and its development must be documented in a way that is comprehensible for competent third parties. The documentation must include at least: User documentation Technical system documentation Operating procedures and processes
Software Development and ICT Change Management Guideline_v2.0,software development and ict change management,18.2,Test and development documentation,Test management documentation must at least contain the following: Test case description Test data Expected test results Realized test results Actions derived from tests
Software Development and ICT Change Management Guideline_v2.0,software development and ict change management,18.3,Test and development documentation,The operating procedures and processes must be defined for each IT Application and be available to the respective operators of the IT Application.
Software Development and ICT Change Management Guideline_v2.0,software development and ict change management,19,Defect handling,It must be ensured that discovered defects are recorded and that the methods for addressing them are clearly defined.
Software Development and ICT Change Management Guideline_v2.0,software development and ict change management,19.1,Defect handling,"Defects are identified, recorded, and eliminated prior to go live."
Software Development and ICT Change Management Guideline_v2.0,software development and ict change management,19.2,Defect handling,Defects must be documented.
Software Development and ICT Change Management Guideline_v2.0,software development and ict change management,19.3,Defect handling,Defect handling and emergency defect handling must be defined.
Software Development and ICT Change Management Guideline_v2.0,software development and ict change management,20,Data Management,It must be ensured that data is adequately protected.
Software Development and ICT Change Management Guideline_v2.0,software development and ict change management,20.1,Data Management,Data must be protected according to its integrity and confidentiality in all Segregation Areas.
Software Development and ICT Change Management Guideline_v2.0,software development and ict change management,20.2,Data Management,"Sensitive data must always be stored in the Red Segregation Area or the Yellow Segregation Area, provided the protection level meets or exceeds that of the Red Segregation Area."
Software Development and ICT Change Management Guideline_v2.0,software development and ict change management,20.3,Data Management,"Sensitive data must be anonymized, pseudonymized or randomized before it is copied to or stored in Green or Blue Segregation Area and must be approved by the Information Owner."
Software Development and ICT Change Management Guideline_v2.0,software development and ict change management,20.4,Data Management,"Exceptions may be required where sensitive production data is needed for specific test occasions. For this, the following requirements must be fulfilled: Approval by the responsible Information Owner Alignment with Group Data Protection for personal data Reporting and explanation when using sensitive production data for testing must be ensured Data storage as well as user access must be time limited and removed afterwards"
Software Development and ICT Change Management Guideline_v2.0,software development and ict change management,20.5,Data Management,Test data must be classified in accordance with the information classification scheme and should be protected accordingly.
Software Development and ICT Change Management Guideline_v2.0,software development and ict change management,20.6,Data Management,Processes and procedures for data exchange between the respective Segregation Areas must be defined and followed.
Software Development and ICT Change Management Guideline_v2.0,software development and ict change management,21,ICT Project Management,It must be ensured that the ICT projects are handled in an appropriate manner.
Software Development and ICT Change Management Guideline_v2.0,software development and ict change management,21.1,ICT Project Management,"The ICT Project Management procedures must include: ICT project objectives ICT project governance ICT project planning, timeframe, steps, and relevant milestones ICT project risk assessment Roles and responsibilities Change management requirements Testing of all requirements Approval process for deploying IT Assets in Red Segregation Area"
Software Development and ICT Change Management Guideline_v2.0,software development and ict change management,21.2,ICT Project Management,"ICT Project Management procedures that ensured effective management of ICT projects related to the acquisition, maintenance and development of ICT Systems must be developed, implemented, and documented."
Software Development and ICT Change Management Guideline_v2.0,software development and ict change management,21.3,ICT Project Management,Risks across ICT projects must be captured and remediated.
Software Development and ICT Change Management Guideline_v2.0,software development and ict change management,21.4,ICT Project Management,"ICT projects affecting critical or important functions, and their risks must be reported to the management body either individually or in aggregate, based on the project's importance and size, and on a regular or event-driven basis."
Software Development and ICT Change Management Guideline_v2.0,software development and ict change management,21.5,ICT Project Management,Any information or expertise required from the business areas or functions must be provided for the secure implementation of ICT projects.
Third Party ICT Risk Management Guideline_v2.0,third party ict risk management,1,Establishment of ICT third-party security management,ICT third-party relationship management must be documented and in place.
Third Party ICT Risk Management Guideline_v2.0,third party ict risk management,1.1,Establishment of ICT third-party security management,ICT third-party relationship management including documented processes and procedures must be established. The ICT third-party relationship management must address Information Security requirements and ensure protection of information assets of the legal entity.
Third Party ICT Risk Management Guideline_v2.0,third party ict risk management,1.2,Establishment of ICT third-party security management,ICT third-party relationship management must be integrated in the overall security measures and reflected in the risk assessment process; relevant ICT Risk Assessment and ICT Risk Management requirements are to be found in the ICT Risk Management Guideline.
Third Party ICT Risk Management Guideline_v2.0,third party ict risk management,1.3,Establishment of ICT third-party security management,"The ICT third-party relationship management must consider: Categories of ICT third-parties according to critical or important functions of the services/ products they provide to the legal entity, linked to the ICT Risk Management requirements The inventory of the ICT third-party relationships in a register of all ICT Risk Management relevant ICT third-party relationships with the respective categories of services/ products as well as classification of the ICT third-party relationships. The register inventory should be aligned or merged with the register of information The classification of criticality of information assets accessed by ICT third-party in the context of an ICT third-party relationship must be based on how information assets are accessed and handled (for more details – refer to the Third Party Risk Policy)"
Third Party ICT Risk Management Guideline_v2.0,third party ict risk management,1.4,Establishment of ICT third-party security management,All processes with ICT third-party linkage including dependencies to critical and important functions must be identified and documented.
Third Party ICT Risk Management Guideline_v2.0,third party ict risk management,1.5,Establishment of ICT third-party security management,Information Security requirements must be contractually agreed with each ICT third-party based on the type of ICT third-party relationship.
Third Party ICT Risk Management Guideline_v2.0,third party ict risk management,1.6,Establishment of ICT third-party security management,"Information Security requirements must reflect the whole lifecycle of the ICT third-party relationship – initiating, contracting, renewing, and renegotiating relationships as well as terminating the respective relationships."
Third Party ICT Risk Management Guideline_v2.0,third party ict risk management,1.7,Establishment of ICT third-party security management,It must be contractually agreed and monitored that the Information Security requirements apply throughout the whole lifecycle of the ICT third-party relationship and to the whole supply chain.
Third Party ICT Risk Management Guideline_v2.0,third party ict risk management,1.8,Establishment of ICT third-party security management,"In cases where it is not possible for the legal entity to place requirements on an ICT third-party, the legal entity must implement compensating controls as necessary based on an ICT third-party risk assessment."
Third Party ICT Risk Management Guideline_v2.0,third party ict risk management,1.9,Establishment of ICT third-party security management,All relevant information security requirements must be established and agreed with each ICT third-party according to the specifically identified ICT third-party risk classification.
Third Party ICT Risk Management Guideline_v2.0,third party ict risk management,1.10,Establishment of ICT third-party security management,The information security requirements must reflect the legal entity internal information security controls and may vary according to the respective service or product type.
Third Party ICT Risk Management Guideline_v2.0,third party ict risk management,1.11,Establishment of ICT third-party security management,ICT third-parties must be classified and registered according to critical or important functions and the following criteria based on a maximum principle across all services: Critical: All regulatory outsourcing management relevant ICT third-parties and services or ICT third-parties with access to critical information Major: All third-party management relevant ICT third-parties or ICT third-parties with access to information which is classified as major Minor: All ICT third-parties with access to information which is classified as minor Negligible: All other ICT third-parties or information
Third Party ICT Risk Management Guideline_v2.0,third party ict risk management,2,ICT third-party agreements,ICT third-party agreements must be documented and in place.
Third Party ICT Risk Management Guideline_v2.0,third party ict risk management,2.1,ICT third-party agreements,"Contracts with ICT third-parties in scope with access to information assets of the legal entity must contain effective and enforceable control requirements for Information Security, based on ICT Risk Framework (for more details – refer to the ICT Risk Management Guideline) – based on Information Security Classification of ICT third-parties."
Third Party ICT Risk Management Guideline_v2.0,third party ict risk management,2.2,ICT third-party agreements,"Relevant contacts must be defined by both the ICT third-party and the legal entity, including a contact person for information security issues. For KRITIS-relevant assets the service provider must provide a 24x7 security contact for ICT-related Incidents."
Third Party ICT Risk Management Guideline_v2.0,third party ict risk management,2.3,ICT third-party agreements,"Contracts with ICT third-parties must be regularly reviewed (at least once a year), and reviewed if one of the following cases occurs and updated, if required: In case of significant change of the ICT third-party relationship and/or ICT third-party organization and/or ICT third-party service In case of significant change of ICT Risk Management Framework if required In case of special request of relevant stakeholders (e.g. regulators, auditors)"
Third Party ICT Risk Management Guideline_v2.0,third party ict risk management,2.4,ICT third-party agreements,"If no update to agreements based on the review is needed, a confirmation must be documented."
Third Party ICT Risk Management Guideline_v2.0,third party ict risk management,2.5,ICT third-party agreements,"The Information Security requirements must be contractually agreed with the ICT third-party and documented, particularly including: Security mechanisms, service levels descriptions (including updates and revisions thereof) and management requirements for all outsourced services Description of the information to be provided or accessed and methods of providing or accessing the information Mapping between the legal entity’s information classification scheme and the information classification scheme of the ICT third-party Applicable legal, statutory, regulatory, and contractual requirements, including a description of how it will be ensured that they are met Relevant provisions for sub-contracting, including controls that need to be established, such as agreement on the use of sub-ICT third-parties Indemnities and remediation for failure of contractor to meet requirements (except contracts between DBG entities) Secure transfer of business information (for details refer to the Data Leakage Prevention Guideline) Outsourced development requirement for an Asset Security Documentation for third-party developed applications, for a risk assessment for all third-party developed applications, for source code scans for third-party developed code following the same requirements as for internally developed source code. Vulnerability reporting, handling and disclosure Defect resolution and conflict resolution processes Defined change management process that covers intervention possibility for the affected legal entity Non-disclosure and confidentiality provisions as stated in ID 8 ICT third-party employee screening requirements as stated in ID 5 Training, awareness, and education measures of ICT third-party employees as stated in ID 6 Comprehensive monitoring and review instruments including metrics for measuring adherence to information security requirements Right to conduct periodic and ad hoc ICT third-party security audits based on the criticality of the ICT third-party (can be performed by a third-party or waived if the ICT third-party provides proof of applicable certification) The implementation of a framework based on ICT Security Policies and Standards as well as best practices that comply with applicable ICT Security regulations and international standards, including the governance structure for ICT Security, roles & responsibilities, resources, policies, and processes Compliance with state-of-the-art security standards for critical or important functions supporting ICT services The implementation of effective controls to protect its assets associated with information and information processing facilities over its lifecycle The implementation of management responsibilities and procedures for an effective and orderly response to ICT-related Incidents as well as the implementation of a Business Continuity Management Definition and implementation of an Information Security framework Locations of data processing and storage of ICT services and access to data and premises relating to ICT services supporting critical or important functions Clauses to guarantee access, recovery and return in an easily obtainable format of personal and non-personal processed data in the event of insolvency, resolution or termination of the ICT third-party Termination clauses upon conclusion of the agreement including records management, return of assets, secure disposal of information and other associated assets, handover support to another ICT third-party or to the legal entity itself, and any ongoing confidentiality obligation"
Third Party ICT Risk Management Guideline_v2.0,third party ict risk management,2.6,ICT third-party agreements,"A mechanism must be in place to govern the accessibility of contractually agreed information and evidences by both the ICT third-party and the legal entity, including evidences and assurance mechanisms of third-party attestations for relevant information security requirements related to the ICT third-party processes."
Third Party ICT Risk Management Guideline_v2.0,third party ict risk management,2.7,ICT third-party agreements,Critical ICT third-parties must contractually agree to perform services in accordance with the legal entity’s internal Information Security requirements for the framework based on ICT Security Policies and Standards.
Third Party ICT Risk Management Guideline_v2.0,third party ict risk management,2.8,ICT third-party agreements,It must be ensured that evidences that are required by contract for the provided services are collected.
Third Party ICT Risk Management Guideline_v2.0,third party ict risk management,2.9,ICT third-party agreements,Access rights for employees of ICT third-parties must be aligned with their services/ products and data access required in line with minimal needs or need-to-know principles; for logical access – refer to the Identity and Access Management Guideline).
Third Party ICT Risk Management Guideline_v2.0,third party ict risk management,2.10,ICT third-party agreements,Access rights for employees of ICT third-parties must be reviewed at least every 12 months and every 6 months for ICT Systems supporting critical or important functions. Access rights must be adjusted in case of changes in the role and/or accessed information.
Third Party ICT Risk Management Guideline_v2.0,third party ict risk management,3,ICT third-party supply chain,The ICT third-party supply chain must be protected.
Third Party ICT Risk Management Guideline_v2.0,third party ict risk management,3.1,ICT third-party supply chain,Information Security requirements and appropriate security practices must be defined for ICT product or service acquisition that are binding for the entire supply chain.
Third Party ICT Risk Management Guideline_v2.0,third party ict risk management,3.2,ICT third-party supply chain,Assurance must be obtained that delivered ICT products achieve the required security levels and are functioning as expected.
Third Party ICT Risk Management Guideline_v2.0,third party ict risk management,3.3,ICT third-party supply chain,"Processes must be established for managing ICT component life cycle and the protection criteria (CIA) confidentiality, integrity, and availability."
Third Party ICT Risk Management Guideline_v2.0,third party ict risk management,3.4,ICT third-party supply chain,Processes must be established for managing security risks associated with components not being longer available or ICT third-parties no longer providing these components.
Third Party ICT Risk Management Guideline_v2.0,third party ict risk management,4,"Monitoring, review and change management of ICT third-party services","Monitoring, review and change management procedures for ICT third-party services must be documented and in place."
Third Party ICT Risk Management Guideline_v2.0,third party ict risk management,4.1,"Monitoring, review and change management of ICT third-party services",ICT third-parties and their provided services must be monitored with agreed instruments implemented within the entire ICT third-party lifecycle management process.
Third Party ICT Risk Management Guideline_v2.0,third party ict risk management,4.2,"Monitoring, review and change management of ICT third-party services",It must be ensured that ICT third-parties and services are reviewed according to their criticality based on the information security classification of ICT third-parties.
Third Party ICT Risk Management Guideline_v2.0,third party ict risk management,4.3,"Monitoring, review and change management of ICT third-party services","ICT third-party service delivery regarding the contractually agreed information security requirements must be reviewed and documented at least every 12 months and in if the following events occur: In case of significant change of the ICT third-party relationship and/or ICT third-party organization and/or ICT third-party service In case of significant change of ICT Risk Framework if required In case of special request of relevant stakeholders (e.g. regulators, auditors) In case of major ICT-related Incident (for more details – refer to the ICT Incident & Operational Event Management Guideline)"
Third Party ICT Risk Management Guideline_v2.0,third party ict risk management,4.4,"Monitoring, review and change management of ICT third-party services","Responsibility for managing ICT third-party relationships must be assigned to a dedicated individual or team with sufficient professional and technical skills and resources to monitor that the requirements, in particular the information security requirements, are being met."
Third Party ICT Risk Management Guideline_v2.0,third party ict risk management,4.5,"Monitoring, review and change management of ICT third-party services","It must be ensured that the ICT third-parties’ and sub-ICT third-parties’ services and security capabilities can be audited or at least assessed through ICT third-parties’ self-assessments, based on a risk-based approach."
Third Party ICT Risk Management Guideline_v2.0,third party ict risk management,4.6,"Monitoring, review and change management of ICT third-party services",Risk mitigation procedures and audit procedures must be defined and implemented if one criterion does not fit.
Third Party ICT Risk Management Guideline_v2.0,third party ict risk management,4.7,"Monitoring, review and change management of ICT third-party services","It must be ensured, on an ongoing basis, that ICT third-party arrangements meet appropriate performance and quality standards in line with the agreed framework."
Third Party ICT Risk Management Guideline_v2.0,third party ict risk management,4.8,"Monitoring, review and change management of ICT third-party services","Regarding controlling and monitoring of ICT third-parties, it must be ensured to monitor compliance with applicable legal and regulatory requirements as stated."
Third Party ICT Risk Management Guideline_v2.0,third party ict risk management,4.9,"Monitoring, review and change management of ICT third-party services","It must be ensured to include the results of the monitoring in the review of the third-party's risk assessment. Identified violations and deviations are subjected to analysis, evaluation, and treatment in accordance with the risk management procedure."
Third Party ICT Risk Management Guideline_v2.0,third party ict risk management,4.10,"Monitoring, review and change management of ICT third-party services",Key Performance Indicators reporting that are delivered by the ICT third-party must be reviewed depending on their contractually agreed KPI delivery (Assessment if the Information Security provisions of the agreements are being adhered to and that ICT-related Incidents and problems are managed properly).
Third Party ICT Risk Management Guideline_v2.0,third party ict risk management,4.11,"Monitoring, review and change management of ICT third-party services",Assurance of the ICT third-party’s cyber resilience capabilities must be obtained if relevant for services/criticality.
Third Party ICT Risk Management Guideline_v2.0,third party ict risk management,4.12,"Monitoring, review and change management of ICT third-party services","A process to manage the relationship between the legal entity and the ICT third-party must be established to ensure that ICT-related Incidents and problems are managed properly, including: Provision of information about ICT events or ICT-related Incidents and review of this information Identification and management of information security vulnerabilities Conduction of penetration tests to assess the effectiveness of implemented cyber and internal ICT security measures if relevant for services/criticality Sufficient service capability together with workable plans designed to ensure that agreed service continuity levels are maintained following major service failures or disaster"
Third Party ICT Risk Management Guideline_v2.0,third party ict risk management,4.13,"Monitoring, review and change management of ICT third-party services","Changes to the provision of services by ICT third-parties, including maintaining and improving existing Information Security policies, procedures, and controls, must be managed, taking account of the criticality of business information, ICT Systems and processes involved and the re-assessment of risks."
Third Party ICT Risk Management Guideline_v2.0,third party ict risk management,4.14,"Monitoring, review and change management of ICT third-party services","It must be ensured that any changes in ICT third-parties services initiate a classification review (as stated in ID 1) of the ICT third-party and classification is adjusted, if needed."
Third Party ICT Risk Management Guideline_v2.0,third party ict risk management,5,ICT third-party screening,Screening of ICT third-parties must be documented and in place.
Third Party ICT Risk Management Guideline_v2.0,third party ict risk management,5.1,ICT third-party screening,Contractual arrangements between the legal entity and the ICT third-party must specify the responsibilities of the ICT third-party for conducting background checks for all employees who have access to the legal entity's data and ICT Systems.
Third Party ICT Risk Management Guideline_v2.0,third party ict risk management,5.2,ICT third-party screening,It must be documented in writing that a background check has been performed for the employees assigned by the ICT third-party (incl. sub-ICT third-parties) prior to the start of their work for the legal entity.
Third Party ICT Risk Management Guideline_v2.0,third party ict risk management,5.3,ICT third-party screening,Information Security responsibilities of the legal entity must be communicated to all ICT third-parties prior to the commencement of their respective contract.
Third Party ICT Risk Management Guideline_v2.0,third party ict risk management,6,"Information security awareness, education, and training of ICT third-parties","Information security awareness, education and trainings for ICT third-parties must be documented and in place."
Third Party ICT Risk Management Guideline_v2.0,third party ict risk management,6.1,"Information security awareness, education, and training of ICT third-parties",It must be contractually agreed that the ICT third-party must only assign professionally qualified employee to the legal entity.
Third Party ICT Risk Management Guideline_v2.0,third party ict risk management,6.2,"Information security awareness, education, and training of ICT third-parties",It must be documented in writing that the employees assigned by the ICT third-party have appropriate qualifications before starting their work for the legal entity.
Third Party ICT Risk Management Guideline_v2.0,third party ict risk management,6.3,"Information security awareness, education, and training of ICT third-parties",It must be contractually agreed that the ICT third-party must train its assigned employees regularly in relation to the requirements of Information Security and must inform them about special Information Security requirements of the legal entity prior to employment. The communicated information security controls to the respective employees must be at least those contractually agreed upon.
Third Party ICT Risk Management Guideline_v2.0,third party ict risk management,6.4,"Information security awareness, education, and training of ICT third-parties",It must be contractually agreed that the ICT third-party participates in the legal entity’s ICT security awareness programs and digital operational resilience training.
Third Party ICT Risk Management Guideline_v2.0,third party ict risk management,7,Offboarding or change of Third-Party,A secure procedure for offboarding of third-party or change of third-party must be documented and in place.
Third Party ICT Risk Management Guideline_v2.0,third party ict risk management,7.1,Offboarding or change of Third-Party,It must be contractually agreed upon the possibility of terminating the arrangement in the following cases:
Third Party ICT Risk Management Guideline_v2.0,third party ict risk management,7.1.1,Offboarding or change of Third-Party,"Substantial violation of relevant laws, rules, or contractual provisions by the ICT third-party."
Third Party ICT Risk Management Guideline_v2.0,third party ict risk management,7.1.2,Offboarding or change of Third-Party,"Events found during the monitoring of ICT third-party risk that have the potential to change how the functions provided by the contractual arrangement are performed, such as significant modifications that impact the arrangement or the circumstances of the ICT third-party."
Third Party ICT Risk Management Guideline_v2.0,third party ict risk management,7.1.3,Offboarding or change of Third-Party,"Weaknesses regarding the management and security (availability, authenticity, integrity and, confidentiality) of confidential, personal, or otherwise sensitive data or information on the part of the ICT third-party."
Third Party ICT Risk Management Guideline_v2.0,third party ict risk management,7.1.4,Offboarding or change of Third-Party,The competent authority is no longer capable of properly supervising the legal entity due to the circumstances of the contractual obligations with the ICT third-party.
Third Party ICT Risk Management Guideline_v2.0,third party ict risk management,7.2,Offboarding or change of Third-Party,Contractual obligations with ICT third-parties must ensure that Information Security requirements are followed for a defined period after the termination of their contract to ensure orderly transfer of the function in the event of the termination.
Third Party ICT Risk Management Guideline_v2.0,third party ict risk management,7.3,Offboarding or change of Third-Party,Access management processes must ensure a rapid off-boarding of employees of ICT third-parties as soon as possible (for logical access – refer to the Identity and Access Management Guideline).
Third Party ICT Risk Management Guideline_v2.0,third party ict risk management,8,Confidentiality or non-disclosure agreements,Confidentiality or non-disclosure agreements must be documented and in place.
Third Party ICT Risk Management Guideline_v2.0,third party ict risk management,8.1,Confidentiality or non-disclosure agreements,"All information, based on its confidentiality, which are exchanged with a ICT third-party within the legal entity’s internal network and leaving the legal entity’s internal network must be protected in transit, either physically or logically, by both the ICT third-party and the legal entity using legal entity approved Cryptographic Measures; for more details – refer to the Encryption and Key Management Guideline."
Third Party ICT Risk Management Guideline_v2.0,third party ict risk management,8.2,Confidentiality or non-disclosure agreements,"It must be ensured that the ICT third-party complies with the requirements for the secure exchange of information between the ICT third-party and the legal entity, both within the legal entity’s internal network and leaving the legal entity’s internal network; for more details – refer to the Identity and Access Management Guideline."
Third Party ICT Risk Management Guideline_v2.0,third party ict risk management,8.3,Confidentiality or non-disclosure agreements,"Information Security requirements on confidentiality and non-disclosure reflecting the organisation’s needs for the protection of information must be reviewed and updated at least once every 12 months and ad hoc, if necessary."
Third Party ICT Risk Management Guideline_v2.0,third party ict risk management,8.4,Confidentiality or non-disclosure agreements,ICT third-party non-disclosure provisions containing Information Security requirements must be in place prior to being given access for the ICT third-party to information and other associated assets. The requirements to protect confidential information must be addressed using legally enforceable terms.
Third Party ICT Risk Management Guideline_v2.0,third party ict risk management,8.5,Confidentiality or non-disclosure agreements,Contracts with ICT third-parties who have access to information assets of the legal entity must contain effective and enforceable confidentiality provisions containing Information Security requirements. These confidentiality terms must be in place throughout the whole ICT third-party relationship lifecycle and must be reviewed at least once every 12 months.
Third Party ICT Risk Management Guideline_v2.0,third party ict risk management,8.6,Confidentiality or non-disclosure agreements,Information Security requirements on confidentiality and non-disclosure must be defined according to: Necessary level of confidentiality of documents accessed by the respective ICT third-party; the determination of confidentiality is to be found in the Data Leakage Prevention Guideline Criticality of information assets accessed by the respective ICT third-party. The determination of criticality is to be found in the ICT Risk Management Access permission to documents and information assets; for more details - refer to the Identity and Access Management Guideline
Third Party ICT Risk Management Guideline_v2.0,third party ict risk management,9,Additional control requirements applicable for CSSF regulated legal entities,Additional control requirements for CCSF regulated legal entities must be documented and in place.
Third Party ICT Risk Management Guideline_v2.0,third party ict risk management,9.1,Additional control requirements applicable for CSSF regulated legal entities,"When a CSSF regulated legal entity intends to outsource a critical or important function, the competent authority must be notified at least three (3) months before the planned outsourcing comes into effect. If the CSP and the resource operation are authorized according to CSSF, the competent authority must be notified at least one (1) month before."
Third Party ICT Risk Management Guideline_v2.0,third party ict risk management,9.2,Additional control requirements applicable for CSSF regulated legal entities,The competent authority must be notified in case of changes to the outsourcing of critical or important functions as well as when terminating outsourcing of critical or important functions.
Third Party ICT Risk Management Guideline_v2.0,third party ict risk management,9.3,Additional control requirements applicable for CSSF regulated legal entities,Any notification to the competent authority must be submitted by using the forms available on the CSSF website.
Third Party ICT Risk Management Guideline_v2.0,third party ict risk management,9.4,Additional control requirements applicable for CSSF regulated legal entities,"Before entering into any outsourcing arrangement, legal entities must undertake appropriate due diligence on the prospective ICT third-party."
Third Party ICT Risk Management Guideline_v2.0,third party ict risk management,10,Third Party ICT Risk Management for Cloud Service Providers,Additional control requirements for Cloud Service Providers must be documented and in place.
Third Party ICT Risk Management Guideline_v2.0,third party ict risk management,10.1,Third Party ICT Risk Management for Cloud Service Providers,"The legal entity must maintain an inventory for controlling and monitoring the service providers and ICT third-parties who contribute services to the delivery of the cloud service. The following information must be maintained in the inventory: Company name Address Locations of data processing and storage Responsible contact person at the CSP and roles and contact details of individuals responsible for supporting the cloud service within the organisation (e.g. business owners and individuals responsible for administering and securing the cloud service) and the CSP (e.g. commercial and technical advisors) Classification based on the risk assessment The criticality of the business processes they support Description of the services and main cloud features used (e.g. private or public cloud; IaaS, PaaS or SaaS; and type of cloud management console) Beginning of service usage Proof of compliance with contractually agreed requirements"
Third Party ICT Risk Management Guideline_v2.0,third party ict risk management,10.2,Third Party ICT Risk Management for Cloud Service Providers,"Roles and responsibilities for protecting the cloud environment must be agreed, including shared responsibilities and the need for collaboration, which may be the responsibility of: CSPs, such as securing the underlying cloud infrastructure, the backend services and physical infrastructure The organisation itself, such as for securing its personal data, performing user management, and securely configuring ICT Systems Other external ICT third-parties (e.g. Cloud Access Security Brokers (CASBs), Identity as a Service (IDaaS) ICT third-parties or network service providers), such as for providing specific cloud or generic network services"
Third Party ICT Risk Management Guideline_v2.0,third party ict risk management,10.3,Third Party ICT Risk Management for Cloud Service Providers,Mandatory onsite inspection must be carried out in regular intervals depending on the existence of material workload or not.
Third Party ICT Risk Management Guideline_v2.0,third party ict risk management,10.4,Third Party ICT Risk Management for Cloud Service Providers,"The legal entity must have access to the staff of the cloud computing service provider, subject to prior notification within a reasonable time frame. This is for queries, interviews, or audit."
Third Party ICT Risk Management Guideline_v2.0,third party ict risk management,10.5,Third Party ICT Risk Management for Cloud Service Providers,"The legal entity must have access to the relevant documentation of the cloud computing service provider (this documentation must notably include audit reports, certification reports, policies and procedures)."
Third Party ICT Risk Management Guideline_v2.0,third party ict risk management,10.6,Third Party ICT Risk Management for Cloud Service Providers,The legal entity must have the possibility to communicate observations to the supervised institution (ISCR and resource operator).
Third Party ICT Risk Management Guideline_v2.0,third party ict risk management,10.7,Third Party ICT Risk Management for Cloud Service Providers,The legal entity must establish architecture Guidelines and best practices for the use of cloud services to get the right balance between usage of cloud native services and avoidance of lock in by providing the required interoperability and portability where needed.
Third Party ICT Risk Management Guideline_v2.0,third party ict risk management,10.8,Third Party ICT Risk Management for Cloud Service Providers,"The CSP must communicate to the legal entity about changes that could have a significant impact on the IT Asset functionality used by the legal entity (exception: the changes relating to corrective maintenance), prior to its implementation, so that the legal entity may take the necessary measures in case of material change or discontinuity."
Third Party ICT Risk Management Guideline_v2.0,third party ict risk management,10.9,Third Party ICT Risk Management for Cloud Service Providers,The legal entity must have access to the institution’s data and ICT Systems hosted on a cloud computing infrastructure. This access must be managed by the resource operator. Access should be provided during an audit performed by the legal entity or regulator but not on an ongoing basis.
Third Party ICT Risk Management Guideline_v2.0,third party ict risk management,10.10,Third Party ICT Risk Management for Cloud Service Providers,"The legal entity must ensure interoperability and portability of IT Assets, namely their capacity to exchange information and mutually use the information."
Third Party ICT Risk Management Guideline_v2.0,third party ict risk management,10.11,Third Party ICT Risk Management for Cloud Service Providers,The legal entity must take the necessary measures to be in a position to adequately transfer the outsourced activities into a cloud computing infrastructure to a different provider or to perform those activities itself whenever the continuity or quality of the service provision is likely to be affected.
Third Party ICT Risk Management Guideline_v2.0,third party ict risk management,10.12,Third Party ICT Risk Management for Cloud Service Providers,Deletion of legal entity owned data and IT Assets must be possible.
Third Party ICT Risk Management Guideline_v2.0,third party ict risk management,10.13,Third Party ICT Risk Management for Cloud Service Providers,"The legal entity must ensure protection of the data concerned by outsourcing in accordance with the General Data Protection Regulation (GDPR) and with the requirements of the authority competent in this matter, e.g. the National Commission for Data Protection (CNPD)."
Third Party ICT Risk Management Guideline_v2.0,third party ict risk management,10.14,Third Party ICT Risk Management for Cloud Service Providers,"The legal entity must ensure that its data is only stored and processed in countries in line with legal entity and legal requirements (for details regarding enforcing and monitoring regulatory requirements, please refer to the Outsourcing & Third Party Risk Policy)."
Third Party ICT Risk Management Guideline_v2.0,third party ict risk management,10.15,Third Party ICT Risk Management for Cloud Service Providers,"A process must be implemented that ensures for third-party information requests (e.g. governmental information requests or requests in case of legal causes), that any request is assessed against a valid legal basis, only data that is required for the specific investigation is made accessible and that the legal entity will be informed in such cases when legally permitted."
Third Party ICT Risk Management Guideline_v2.0,third party ict risk management,10.16,Third Party ICT Risk Management for Cloud Service Providers,"Based on the different service models of the cloud services, the legal entity must implement the appropriate security controls, vendor recommended settings and assign an appropriate owner and document them as a basis for the risk assessment."
Third Party ICT Risk Management Guideline_v2.0,third party ict risk management,10.17,Third Party ICT Risk Management for Cloud Service Providers,There must be controls for secure procurement of resources in line with requirements of the legal entity.
Third Party ICT Risk Management Guideline_v2.0,third party ict risk management,10.18,Third Party ICT Risk Management for Cloud Service Providers,"For critical cloud components like virtualization software etc., which cannot be validated by the legal entity according to baselines (since they are managed by the CSP), it must be contractually agreed that the CSP has to ensure appropriate patching and hardening."
Third Party ICT Risk Management Guideline_v2.0,third party ict risk management,10.19,Third Party ICT Risk Management for Cloud Service Providers,The legal entity must ensure through contractually agreed reports provided by the CSP to verify the procedures for monitoring compliance with the requirements relating to the following aspects: Configuration of ICT System components Performance and availability of ICT System components Response time to malfunctions and ICT-related Incidents Recovery time (time until completion of error handling)
Third Party ICT Risk Management Guideline_v2.0,third party ict risk management,10.20,Third Party ICT Risk Management for Cloud Service Providers,"The legal entity must ensure that all cloud resources (owning and using assets) are automatically and regularly monitored in accordance with business objectives, security requirements, and compliance obligations. If a baseline deviation is identified the Asset Owner must be notified. All baseline deviations must be remediated by the Asset Owner. Monitoring must include: Managing vulnerabilities by performing vulnerability scanning, conducting regular penetration tests, considering crowdsourced penetration testing and carrying out code reviews Extending security event management into the cloud environment by using a cloud-based security information and event management (SIEM) platform, connecting the cloud environment to an on-premises SIEM and/or leveraging a managed security service provider (MSSP) Integrating the use of cloud services into an appropriate ICT-related Incident management process through creating a cloud ICT-related Incident management capability, establishing a cloud ICT-related Incident management process, and developing cloud service-specific ICT-related Incident Management plans Accordance with the contractual agreements, for example regarding compliance with SLAs"
Third Party ICT Risk Management Guideline_v2.0,third party ict risk management,11,Additional cloud-related control requirements applicable for CSSF regulated legal entities,Additional control requirements for CSSF regulated legal entities must be documented and in place.
Third Party ICT Risk Management Guideline_v2.0,third party ict risk management,11.1,Additional cloud-related control requirements applicable for CSSF regulated legal entities,Legal entities using cloud services must designate a qualified Cloud Officer.
Third Party ICT Risk Management Guideline_v2.0,third party ict risk management,11.2,Additional cloud-related control requirements applicable for CSSF regulated legal entities,Outsourced activities must be specified as material or non-material within the cloud computing infrastructure outsourcing register / inventory.
Third Party ICT Risk Management Guideline_v2.0,third party ict risk management,11.3,Additional cloud-related control requirements applicable for CSSF regulated legal entities,The cloud computing infrastructure outsourcing register / inventory must be transmitted to the competent authority upon request.
Third Party ICT Risk Management Guideline_v2.0,third party ict risk management,12,Additional control requirements on Outsourcing to Cloud Service Providers.,Additional control requirements must be documented and in place for outsourcing to Cloud Service Providers.
Third Party ICT Risk Management Guideline_v2.0,third party ict risk management,12.1,Additional control requirements on Outsourcing to Cloud Service Providers.,"It should be decided individually, which information from those layers that are the responsibility of the cloud provider should also be included in the CMDB of the supervised entity."
Third Party ICT Risk Management Guideline_v2.0,third party ict risk management,12.2,Additional control requirements on Outsourcing to Cloud Service Providers.,The legal entity must put in place policies on the use of cloud services that span both overarching requirements applicable to all service providers and associated services as well as provisions applicable to specific providers and services.
Third Party ICT Risk Management Guideline_v2.0,third party ict risk management,12.3,Additional control requirements on Outsourcing to Cloud Service Providers.,"The policies for cloud use must at least cover the topics of cloud compliance, identity and access management, encryption and key management, development and operation, hardening of applications, interfaces and environments, control of subcontractors and IT emergency management."
Third Party ICT Risk Management Guideline_v2.0,third party ict risk management,12.4,Additional control requirements on Outsourcing to Cloud Service Providers.,"The legal entity must maintain sufficient quantitative and qualitative resources for the use of the cloud and anchor them organizationally (human, financial and other resources). This applies in particular to governance, risk management and outsourcing management."
Third Party ICT Risk Management Guideline_v2.0,third party ict risk management,12.5,Additional control requirements on Outsourcing to Cloud Service Providers.,"The legal entity must ensure that employees in charge of tasks related to cloud have appropriate and relevant skills and knowledge of how the cloud works, the risks associated with it and the technical and organizational peculiarities of cloud operation. The more technical the tasks, the more specific the knowledge of the cloud provider and the cloud services should be."
Third Party ICT Risk Management Guideline_v2.0,third party ict risk management,12.6,Additional control requirements on Outsourcing to Cloud Service Providers.,The legal entity must specify (architectural) requirements in the cloud to be able to implement them technically when developing cloud applications and configuring cloud environments.
Third Party ICT Risk Management Guideline_v2.0,third party ict risk management,12.7,Additional control requirements on Outsourcing to Cloud Service Providers.,"Backups of business-critical data and configurations must be documented and also be stored outside the affected cloud at regular intervals, e.g. on-premise or with another cloud provider."
Third Party ICT Risk Management Guideline_v2.0,third party ict risk management,12.8,Additional control requirements on Outsourcing to Cloud Service Providers.,"If a joint test of the ICT continuity plans with the cloud provider is not possible, it must be ensured that all affected components are adequately covered by own tests or by appropriate test evidence."
Third Party ICT Risk Management Guideline_v2.0,third party ict risk management,12.9,Additional control requirements on Outsourcing to Cloud Service Providers.,"In the information domain where all primary and secondary assets are mapped, all layers that under the shared responsibility model fall under the responsibility of the covered legal entity must be displayed."
Third Party ICT Risk Management Guideline_v2.0,third party ict risk management,12.10,Additional control requirements on Outsourcing to Cloud Service Providers.,The covered legal entity must define and document tasks and responsibilities in relation to the operational functions and activities in its information domain for all cloud services used.
Third Party ICT Risk Management Guideline_v2.0,third party ict risk management,12.11,Additional control requirements on Outsourcing to Cloud Service Providers.,Service agreements with cloud service providers must include provisions limiting changes directly impacting covered legal entity owned environments/tenants to explicitly authorized requests within service level agreements between CSPs and the covered legal entity.
Third Party ICT Risk Management Guideline_v2.0,third party ict risk management,12.12,Additional control requirements on Outsourcing to Cloud Service Providers.,"Policies and procedures must be in place for interoperability and portability of application interfaces, information processing, application development, data exchange and include requirements for: Communications between application interfaces Information processing interoperability Application development portability Information/Data exchange, usage, portability, integrity, and persistence"
Third Party ICT Risk Management Guideline_v2.0,third party ict risk management,12.13,Additional control requirements on Outsourcing to Cloud Service Providers.,It must be contractually ensured that covered legal entity has access to data upon contract termination with the cloud service provider. Provisions must include at least: Data format Length of time the data will be stored Scope of the data retained and made available to the CSCs Data deletion policy
Third Party ICT Risk Management Guideline_v2.0,third party ict risk management,13,ICT Third-Party Software Development,It must be ensured that measures are documented and in place for ICT Third-Party Software Development.
Third Party ICT Risk Management Guideline_v2.0,third party ict risk management,13.1,ICT Third-Party Software Development,Equivalent security measures must be applied to outsourced software development as to legal entity software development (for more details – refer to the Software Development and ICT Change Management Guideline).
Third Party ICT Risk Management Guideline_v2.0,third party ict risk management,13.2,ICT Third-Party Software Development,Ensure that outsourced development must be adequately evaluated and handled.
